territory_id,variable_name,source_type,source_file,derivation_method,original_value,final_value,transformation,notes
ke-garissa,insurance_coverage_rate,MODEL_INPUT,pre_hybrid_phase_2_1/maternal_health_context.csv,retained: DHS indicator unavailable,0.11199999999999999,0.11199999999999999,identity,No DHS replacement applied.
ke-turkana,insurance_coverage_rate,MODEL_INPUT,pre_hybrid_phase_2_1/maternal_health_context.csv,retained: DHS indicator unavailable,0.085,0.085,identity,No DHS replacement applied.
ke-kilifi,insurance_coverage_rate,MODEL_INPUT,pre_hybrid_phase_2_1/maternal_health_context.csv,retained: DHS indicator unavailable,0.21,0.21,identity,No DHS replacement applied.
ke-kisumu,insurance_coverage_rate,MODEL_INPUT,pre_hybrid_phase_2_1/maternal_health_context.csv,retained: DHS indicator unavailable,0.295,0.295,identity,No DHS replacement applied.
ke-kakamega,insurance_coverage_rate,MODEL_INPUT,pre_hybrid_phase_2_1/maternal_health_context.csv,retained: DHS indicator unavailable,0.242,0.242,identity,No DHS replacement applied.
et-somali,anc1_rate,EMPIRICALLY_ANCHORED,data/dhs/ETIR8AFL.dta,DHS national weighted estimate (anc1_rate); annual_births-weighted logit-intercept shift,0.48,0.5894182258581863,expit(logit(original)+country_shift),DHS file provenance not externally verified in repository.
et-afar,anc1_rate,EMPIRICALLY_ANCHORED,data/dhs/ETIR8AFL.dta,DHS national weighted estimate (anc1_rate); annual_births-weighted logit-intercept shift,0.445,0.5549545368325735,expit(logit(original)+country_shift),DHS file provenance not externally verified in repository.
et-oromia,anc1_rate,EMPIRICALLY_ANCHORED,data/dhs/ETIR8AFL.dta,DHS national weighted estimate (anc1_rate); annual_births-weighted logit-intercept shift,0.84,0.8908868161255235,expit(logit(original)+country_shift),DHS file provenance not externally verified in repository.
et-amhara,anc1_rate,EMPIRICALLY_ANCHORED,data/dhs/ETIR8AFL.dta,DHS national weighted estimate (anc1_rate); annual_births-weighted logit-intercept shift,0.815,0.8726322751190309,expit(logit(original)+country_shift),DHS file provenance not externally verified in repository.
et-tigray,anc1_rate,EMPIRICALLY_ANCHORED,data/dhs/ETIR8AFL.dta,DHS national weighted estimate (anc1_rate); annual_births-weighted logit-intercept shift,0.76,0.8312178514756489,expit(logit(original)+country_shift),DHS file provenance not externally verified in repository.
et-somali,anc4_rate,EMPIRICALLY_ANCHORED,data/dhs/ETIR8AFL.dta,DHS national weighted estimate (anc4_rate); annual_births-weighted logit-intercept shift,0.265,0.37128021977397113,expit(logit(original)+country_shift),DHS file provenance not externally verified in repository.
et-afar,anc4_rate,EMPIRICALLY_ANCHORED,data/dhs/ETIR8AFL.dta,DHS national weighted estimate (anc4_rate); annual_births-weighted logit-intercept shift,0.24,0.34090419763465807,expit(logit(original)+country_shift),DHS file provenance not externally verified in repository.
et-oromia,anc4_rate,EMPIRICALLY_ANCHORED,data/dhs/ETIR8AFL.dta,DHS national weighted estimate (anc4_rate); annual_births-weighted logit-intercept shift,0.515,0.6349310366378893,expit(logit(original)+country_shift),DHS file provenance not externally verified in repository.
et-amhara,anc4_rate,EMPIRICALLY_ANCHORED,data/dhs/ETIR8AFL.dta,DHS national weighted estimate (anc4_rate); annual_births-weighted logit-intercept shift,0.48,0.6018955208121519,expit(logit(original)+country_shift),DHS file provenance not externally verified in repository.
et-tigray,anc4_rate,EMPIRICALLY_ANCHORED,data/dhs/ETIR8AFL.dta,DHS national weighted estimate (anc4_rate); annual_births-weighted logit-intercept shift,0.42,0.5425564660468792,expit(logit(original)+country_shift),DHS file provenance not externally verified in repository.
et-somali,institutional_delivery_rate,EMPIRICALLY_ANCHORED,data/dhs/ETIR8AFL.dta,DHS national weighted estimate (institutional_delivery_rate); annual_births-weighted logit-intercept shift,0.32,0.4203133484164738,expit(logit(original)+country_shift),DHS file provenance not externally verified in repository.
et-afar,institutional_delivery_rate,EMPIRICALLY_ANCHORED,data/dhs/ETIR8AFL.dta,DHS national weighted estimate (institutional_delivery_rate); annual_births-weighted logit-intercept shift,0.295,0.391994088612357,expit(logit(original)+country_shift),DHS file provenance not externally verified in repository.
et-oromia,institutional_delivery_rate,EMPIRICALLY_ANCHORED,data/dhs/ETIR8AFL.dta,DHS national weighted estimate (institutional_delivery_rate); annual_births-weighted logit-intercept shift,0.62,0.7154154095584553,expit(logit(original)+country_shift),DHS file provenance not externally verified in repository.
et-amhara,institutional_delivery_rate,EMPIRICALLY_ANCHORED,data/dhs/ETIR8AFL.dta,DHS national weighted estimate (institutional_delivery_rate); annual_births-weighted logit-intercept shift,0.585,0.6847349096319924,expit(logit(original)+country_shift),DHS file provenance not externally verified in repository.
et-tigray,institutional_delivery_rate,EMPIRICALLY_ANCHORED,data/dhs/ETIR8AFL.dta,DHS national weighted estimate (institutional_delivery_rate); annual_births-weighted logit-intercept shift,0.52,0.62535189139345,expit(logit(original)+country_shift),DHS file provenance not externally verified in repository.
et-somali,cesarean_rate,EMPIRICALLY_ANCHORED,data/dhs/ETIR8AFL.dta,DHS national weighted estimate (cesarean_rate); annual_births-weighted logit-intercept shift,0.023,0.04008423516957396,expit(logit(original)+country_shift),DHS file provenance not externally verified in repository.
et-afar,cesarean_rate,EMPIRICALLY_ANCHORED,data/dhs/ETIR8AFL.dta,DHS national weighted estimate (cesarean_rate); annual_births-weighted logit-intercept shift,0.018000000000000002,0.03148997688331281,expit(logit(original)+country_shift),DHS file provenance not externally verified in repository.
et-oromia,cesarean_rate,EMPIRICALLY_ANCHORED,data/dhs/ETIR8AFL.dta,DHS national weighted estimate (cesarean_rate); annual_births-weighted logit-intercept shift,0.064,0.10816701858295327,expit(logit(original)+country_shift),DHS file provenance not externally verified in repository.
et-amhara,cesarean_rate,EMPIRICALLY_ANCHORED,data/dhs/ETIR8AFL.dta,DHS national weighted estimate (cesarean_rate); annual_births-weighted logit-intercept shift,0.057,0.09683602908504295,expit(logit(original)+country_shift),DHS file provenance not externally verified in repository.
et-tigray,cesarean_rate,EMPIRICALLY_ANCHORED,data/dhs/ETIR8AFL.dta,DHS national weighted estimate (cesarean_rate); annual_births-weighted logit-intercept shift,0.048,0.08209370252832392,expit(logit(original)+country_shift),DHS file provenance not externally verified in repository.
et-somali,tba_prevalence,EMPIRICALLY_ANCHORED,data/dhs/ETIR8AFL.dta,DHS national weighted estimate (tba_rate); annual_births-weighted logit-intercept shift,0.58,0.4392681989201056,expit(logit(original)+country_shift),DHS file provenance not externally verified in repository.
et-afar,tba_prevalence,EMPIRICALLY_ANCHORED,data/dhs/ETIR8AFL.dta,DHS national weighted estimate (tba_rate); annual_births-weighted logit-intercept shift,0.62,0.48067020671365274,expit(logit(original)+country_shift),DHS file provenance not externally verified in repository.
et-oromia,tba_prevalence,EMPIRICALLY_ANCHORED,data/dhs/ETIR8AFL.dta,DHS national weighted estimate (tba_rate); annual_births-weighted logit-intercept shift,0.31,0.2031008868100856,expit(logit(original)+country_shift),DHS file provenance not externally verified in repository.
et-amhara,tba_prevalence,EMPIRICALLY_ANCHORED,data/dhs/ETIR8AFL.dta,DHS national weighted estimate (tba_rate); annual_births-weighted logit-intercept shift,0.35,0.23398492474443774,expit(logit(original)+country_shift),DHS file provenance not externally verified in repository.
et-tigray,tba_prevalence,EMPIRICALLY_ANCHORED,data/dhs/ETIR8AFL.dta,DHS national weighted estimate (tba_rate); annual_births-weighted logit-intercept shift,0.38,0.2579876488204993,expit(logit(original)+country_shift),DHS file provenance not externally verified in repository.
et-somali,insurance_coverage_rate,EMPIRICALLY_ANCHORED,data/dhs/ETIR8AFL.dta,DHS national weighted estimate (insurance_coverage_rate); population-weighted logit-intercept shift,0.12,0.22529234634905712,expit(logit(original)+country_shift),DHS file provenance not externally verified in repository.
et-afar,insurance_coverage_rate,EMPIRICALLY_ANCHORED,data/dhs/ETIR8AFL.dta,DHS national weighted estimate (insurance_coverage_rate); population-weighted logit-intercept shift,0.09,0.17417941876388504,expit(logit(original)+country_shift),DHS file provenance not externally verified in repository.
et-oromia,insurance_coverage_rate,EMPIRICALLY_ANCHORED,data/dhs/ETIR8AFL.dta,DHS national weighted estimate (insurance_coverage_rate); population-weighted logit-intercept shift,0.38,0.5665515200100338,expit(logit(original)+country_shift),DHS file provenance not externally verified in repository.
et-amhara,insurance_coverage_rate,EMPIRICALLY_ANCHORED,data/dhs/ETIR8AFL.dta,DHS national weighted estimate (insurance_coverage_rate); population-weighted logit-intercept shift,0.42,0.6069643914183797,expit(logit(original)+country_shift),DHS file provenance not externally verified in repository.
et-tigray,insurance_coverage_rate,EMPIRICALLY_ANCHORED,data/dhs/ETIR8AFL.dta,DHS national weighted estimate (insurance_coverage_rate); population-weighted logit-intercept shift,0.28,0.4533564395785827,expit(logit(original)+country_shift),DHS file provenance not externally verified in repository.
et-somali,female_education_rate,EMPIRICALLY_ANCHORED,data/dhs/ETIR8AFL.dta,DHS national weighted estimate (female_secondary_plus_rate); population-weighted logit-intercept shift,0.18,0.17980639952101649,expit(logit(original)+country_shift),DHS file provenance not externally verified in repository.
et-afar,female_education_rate,EMPIRICALLY_ANCHORED,data/dhs/ETIR8AFL.dta,DHS national weighted estimate (female_secondary_plus_rate); population-weighted logit-intercept shift,0.14,0.13984208485927008,expit(logit(original)+country_shift),DHS file provenance not externally verified in repository.
et-oromia,female_education_rate,EMPIRICALLY_ANCHORED,data/dhs/ETIR8AFL.dta,DHS national weighted estimate (female_secondary_plus_rate); population-weighted logit-intercept shift,0.36,0.35969772300723235,expit(logit(original)+country_shift),DHS file provenance not externally verified in repository.
et-amhara,female_education_rate,EMPIRICALLY_ANCHORED,data/dhs/ETIR8AFL.dta,DHS national weighted estimate (female_secondary_plus_rate); population-weighted logit-intercept shift,0.32,0.31971453115451537,expit(logit(original)+country_shift),DHS file provenance not externally verified in repository.
et-tigray,female_education_rate,EMPIRICALLY_ANCHORED,data/dhs/ETIR8AFL.dta,DHS national weighted estimate (female_secondary_plus_rate); population-weighted logit-intercept shift,0.29,0.28972989098320767,expit(logit(original)+country_shift),DHS file provenance not externally verified in repository.
gh-northern,anc1_rate,EMPIRICALLY_ANCHORED,data/dhs/GHIR8CFL.DTA,DHS national weighted estimate (anc1_rate); annual_births-weighted logit-intercept shift,0.94,0.9576197469106604,expit(logit(original)+country_shift),DHS file provenance not externally verified in repository.
gh-upper-east,anc1_rate,EMPIRICALLY_ANCHORED,data/dhs/GHIR8CFL.DTA,DHS national weighted estimate (anc1_rate); annual_births-weighted logit-intercept shift,0.925,0.9467752670628629,expit(logit(original)+country_shift),DHS file provenance not externally verified in repository.
gh-volta,anc1_rate,EMPIRICALLY_ANCHORED,data/dhs/GHIR8CFL.DTA,DHS national weighted estimate (anc1_rate); annual_births-weighted logit-intercept shift,0.96,0.9719219335519844,expit(logit(original)+country_shift),DHS file provenance not externally verified in repository.
gh-ashanti,anc1_rate,EMPIRICALLY_ANCHORED,data/dhs/GHIR8CFL.DTA,DHS national weighted estimate (anc1_rate); annual_births-weighted logit-intercept shift,0.98,0.9860476019646736,expit(logit(original)+country_shift),DHS file provenance not externally verified in repository.
gh-accra,anc1_rate,EMPIRICALLY_ANCHORED,data/dhs/GHIR8CFL.DTA,DHS national weighted estimate (anc1_rate); annual_births-weighted logit-intercept shift,0.985,0.9895518204610324,expit(logit(original)+country_shift),DHS file provenance not externally verified in repository.
gh-northern,anc4_rate,EMPIRICALLY_ANCHORED,data/dhs/GHIR8CFL.DTA,DHS national weighted estimate (anc4_rate); annual_births-weighted logit-intercept shift,0.68,0.7957768321542225,expit(logit(original)+country_shift),DHS file provenance not externally verified in repository.
gh-upper-east,anc4_rate,EMPIRICALLY_ANCHORED,data/dhs/GHIR8CFL.DTA,DHS national weighted estimate (anc4_rate); annual_births-weighted logit-intercept shift,0.62,0.7494876937246251,expit(logit(original)+country_shift),DHS file provenance not externally verified in repository.
gh-volta,anc4_rate,EMPIRICALLY_ANCHORED,data/dhs/GHIR8CFL.DTA,DHS national weighted estimate (anc4_rate); annual_births-weighted logit-intercept shift,0.74,0.8392019541666231,expit(logit(original)+country_shift),DHS file provenance not externally verified in repository.
gh-ashanti,anc4_rate,EMPIRICALLY_ANCHORED,data/dhs/GHIR8CFL.DTA,DHS national weighted estimate (anc4_rate); annual_births-weighted logit-intercept shift,0.825,0.8963146823570974,expit(logit(original)+country_shift),DHS file provenance not externally verified in repository.
gh-accra,anc4_rate,EMPIRICALLY_ANCHORED,data/dhs/GHIR8CFL.DTA,DHS national weighted estimate (anc4_rate); annual_births-weighted logit-intercept shift,0.86,0.9184614181438403,expit(logit(original)+country_shift),DHS file provenance not externally verified in repository.
gh-northern,institutional_delivery_rate,EMPIRICALLY_ANCHORED,data/dhs/GHIR8CFL.DTA,DHS national weighted estimate (institutional_delivery_rate); annual_births-weighted logit-intercept shift,0.74,0.7302876473200555,expit(logit(original)+country_shift),DHS file provenance not externally verified in repository.
gh-upper-east,institutional_delivery_rate,EMPIRICALLY_ANCHORED,data/dhs/GHIR8CFL.DTA,DHS national weighted estimate (institutional_delivery_rate); annual_births-weighted logit-intercept shift,0.71,0.6996218838924797,expit(logit(original)+country_shift),DHS file provenance not externally verified in repository.
gh-volta,institutional_delivery_rate,EMPIRICALLY_ANCHORED,data/dhs/GHIR8CFL.DTA,DHS national weighted estimate (institutional_delivery_rate); annual_births-weighted logit-intercept shift,0.81,0.8022035780174689,expit(logit(original)+country_shift),DHS file provenance not externally verified in repository.
gh-ashanti,institutional_delivery_rate,EMPIRICALLY_ANCHORED,data/dhs/GHIR8CFL.DTA,DHS national weighted estimate (institutional_delivery_rate); annual_births-weighted logit-intercept shift,0.885,0.87982451515883,expit(logit(original)+country_shift),DHS file provenance not externally verified in repository.
gh-accra,institutional_delivery_rate,EMPIRICALLY_ANCHORED,data/dhs/GHIR8CFL.DTA,DHS national weighted estimate (institutional_delivery_rate); annual_births-weighted logit-intercept shift,0.91,0.905829901591557,expit(logit(original)+country_shift),DHS file provenance not externally verified in repository.
gh-northern,cesarean_rate,EMPIRICALLY_ANCHORED,data/dhs/GHIR8CFL.DTA,DHS national weighted estimate (cesarean_rate); annual_births-weighted logit-intercept shift,0.08,0.1090767846074162,expit(logit(original)+country_shift),DHS file provenance not externally verified in repository.
gh-upper-east,cesarean_rate,EMPIRICALLY_ANCHORED,data/dhs/GHIR8CFL.DTA,DHS national weighted estimate (cesarean_rate); annual_births-weighted logit-intercept shift,0.069,0.09448935052037107,expit(logit(original)+country_shift),DHS file provenance not externally verified in repository.
gh-volta,cesarean_rate,EMPIRICALLY_ANCHORED,data/dhs/GHIR8CFL.DTA,DHS national weighted estimate (cesarean_rate); annual_births-weighted logit-intercept shift,0.11199999999999999,0.1508010593541175,expit(logit(original)+country_shift),DHS file provenance not externally verified in repository.
gh-ashanti,cesarean_rate,EMPIRICALLY_ANCHORED,data/dhs/GHIR8CFL.DTA,DHS national weighted estimate (cesarean_rate); annual_births-weighted logit-intercept shift,0.158,0.20898670938630748,expit(logit(original)+country_shift),DHS file provenance not externally verified in repository.
gh-accra,cesarean_rate,EMPIRICALLY_ANCHORED,data/dhs/GHIR8CFL.DTA,DHS national weighted estimate (cesarean_rate); annual_births-weighted logit-intercept shift,0.185,0.24219343836823576,expit(logit(original)+country_shift),DHS file provenance not externally verified in repository.
gh-northern,tba_prevalence,EMPIRICALLY_ANCHORED,data/dhs/GHIR8CFL.DTA,DHS national weighted estimate (tba_rate); annual_births-weighted logit-intercept shift,0.2,0.17119165625272537,expit(logit(original)+country_shift),DHS file provenance not externally verified in repository.
gh-upper-east,tba_prevalence,EMPIRICALLY_ANCHORED,data/dhs/GHIR8CFL.DTA,DHS national weighted estimate (tba_rate); annual_births-weighted logit-intercept shift,0.225,0.19346144199099108,expit(logit(original)+country_shift),DHS file provenance not externally verified in repository.
gh-volta,tba_prevalence,EMPIRICALLY_ANCHORED,data/dhs/GHIR8CFL.DTA,DHS national weighted estimate (tba_rate); annual_births-weighted logit-intercept shift,0.14,0.11855341158935341,expit(logit(original)+country_shift),DHS file provenance not externally verified in repository.
gh-ashanti,tba_prevalence,EMPIRICALLY_ANCHORED,data/dhs/GHIR8CFL.DTA,DHS national weighted estimate (tba_rate); annual_births-weighted logit-intercept shift,0.085,0.071280519675967,expit(logit(original)+country_shift),DHS file provenance not externally verified in repository.
gh-accra,tba_prevalence,EMPIRICALLY_ANCHORED,data/dhs/GHIR8CFL.DTA,DHS national weighted estimate (tba_rate); annual_births-weighted logit-intercept shift,0.06,0.05009474360629364,expit(logit(original)+country_shift),DHS file provenance not externally verified in repository.
gh-northern,insurance_coverage_rate,EMPIRICALLY_ANCHORED,data/dhs/GHIR8CFL.DTA,DHS national weighted estimate (insurance_coverage_rate); population-weighted logit-intercept shift,0.68,0.8181657902803167,expit(logit(original)+country_shift),DHS file provenance not externally verified in repository.
gh-upper-east,insurance_coverage_rate,EMPIRICALLY_ANCHORED,data/dhs/GHIR8CFL.DTA,DHS national weighted estimate (insurance_coverage_rate); population-weighted logit-intercept shift,0.715,0.8415746502033704,expit(logit(original)+country_shift),DHS file provenance not externally verified in repository.
gh-volta,insurance_coverage_rate,EMPIRICALLY_ANCHORED,data/dhs/GHIR8CFL.DTA,DHS national weighted estimate (insurance_coverage_rate); population-weighted logit-intercept shift,0.76,0.870216840083383,expit(logit(original)+country_shift),DHS file provenance not externally verified in repository.
gh-ashanti,insurance_coverage_rate,EMPIRICALLY_ANCHORED,data/dhs/GHIR8CFL.DTA,DHS national weighted estimate (insurance_coverage_rate); population-weighted logit-intercept shift,0.82,0.9060681789123906,expit(logit(original)+country_shift),DHS file provenance not externally verified in repository.
gh-accra,insurance_coverage_rate,EMPIRICALLY_ANCHORED,data/dhs/GHIR8CFL.DTA,DHS national weighted estimate (insurance_coverage_rate); population-weighted logit-intercept shift,0.85,0.923069272591715,expit(logit(original)+country_shift),DHS file provenance not externally verified in repository.
gh-northern,female_education_rate,EMPIRICALLY_ANCHORED,data/dhs/GHIR8CFL.DTA,DHS national weighted estimate (female_secondary_plus_rate); population-weighted logit-intercept shift,0.42,0.4655699950449871,expit(logit(original)+country_shift),DHS file provenance not externally verified in repository.
gh-upper-east,female_education_rate,EMPIRICALLY_ANCHORED,data/dhs/GHIR8CFL.DTA,DHS national weighted estimate (female_secondary_plus_rate); population-weighted logit-intercept shift,0.38,0.424405720737099,expit(logit(original)+country_shift),DHS file provenance not externally verified in repository.
gh-volta,female_education_rate,EMPIRICALLY_ANCHORED,data/dhs/GHIR8CFL.DTA,DHS national weighted estimate (female_secondary_plus_rate); population-weighted logit-intercept shift,0.56,0.6049174165682352,expit(logit(original)+country_shift),DHS file provenance not externally verified in repository.
gh-ashanti,female_education_rate,EMPIRICALLY_ANCHORED,data/dhs/GHIR8CFL.DTA,DHS national weighted estimate (female_secondary_plus_rate); population-weighted logit-intercept shift,0.68,0.7188181673302014,expit(logit(original)+country_shift),DHS file provenance not externally verified in repository.
gh-accra,female_education_rate,EMPIRICALLY_ANCHORED,data/dhs/GHIR8CFL.DTA,DHS national weighted estimate (female_secondary_plus_rate); population-weighted logit-intercept shift,0.74,0.7739591974530462,expit(logit(original)+country_shift),DHS file provenance not externally verified in repository.
ke-garissa,anc1_rate,EMPIRICALLY_ANCHORED,data/dhs/KEIR8CFL.DTA,DHS national weighted estimate (anc1_rate); annual_births-weighted logit-intercept shift,0.624,0.9646761814453592,expit(logit(original)+country_shift),DHS file provenance not externally verified in repository.
ke-turkana,anc1_rate,EMPIRICALLY_ANCHORED,data/dhs/KEIR8CFL.DTA,DHS national weighted estimate (anc1_rate); annual_births-weighted logit-intercept shift,0.58,0.9578496229508395,expit(logit(original)+country_shift),DHS file provenance not externally verified in repository.
ke-kilifi,anc1_rate,EMPIRICALLY_ANCHORED,data/dhs/KEIR8CFL.DTA,DHS national weighted estimate (anc1_rate); annual_births-weighted logit-intercept shift,0.812,0.986125515674288,expit(logit(original)+country_shift),DHS file provenance not externally verified in repository.
ke-kisumu,anc1_rate,EMPIRICALLY_ANCHORED,data/dhs/KEIR8CFL.DTA,DHS national weighted estimate (anc1_rate); annual_births-weighted logit-intercept shift,0.885,0.992165316707269,expit(logit(original)+country_shift),DHS file provenance not externally verified in repository.
ke-kakamega,anc1_rate,EMPIRICALLY_ANCHORED,data/dhs/KEIR8CFL.DTA,DHS national weighted estimate (anc1_rate); annual_births-weighted logit-intercept shift,0.841,0.9886414530080203,expit(logit(original)+country_shift),DHS file provenance not externally verified in repository.
ke-garissa,anc4_rate,EMPIRICALLY_ANCHORED,data/dhs/KEIR8CFL.DTA,DHS national weighted estimate (anc4_rate); annual_births-weighted logit-intercept shift,0.381,0.5728263273169042,expit(logit(original)+country_shift),DHS file provenance not externally verified in repository.
ke-turkana,anc4_rate,EMPIRICALLY_ANCHORED,data/dhs/KEIR8CFL.DTA,DHS national weighted estimate (anc4_rate); annual_births-weighted logit-intercept shift,0.325,0.5119503007200206,expit(logit(original)+country_shift),DHS file provenance not externally verified in repository.
ke-kilifi,anc4_rate,EMPIRICALLY_ANCHORED,data/dhs/KEIR8CFL.DTA,DHS national weighted estimate (anc4_rate); annual_births-weighted logit-intercept shift,0.514,0.6973504313072472,expit(logit(original)+country_shift),DHS file provenance not externally verified in repository.
ke-kisumu,anc4_rate,EMPIRICALLY_ANCHORED,data/dhs/KEIR8CFL.DTA,DHS national weighted estimate (anc4_rate); annual_births-weighted logit-intercept shift,0.62,0.7804423513553301,expit(logit(original)+country_shift),DHS file provenance not externally verified in repository.
ke-kakamega,anc4_rate,EMPIRICALLY_ANCHORED,data/dhs/KEIR8CFL.DTA,DHS national weighted estimate (anc4_rate); annual_births-weighted logit-intercept shift,0.5479999999999999,0.7253767314602577,expit(logit(original)+country_shift),DHS file provenance not externally verified in repository.
ke-garissa,institutional_delivery_rate,EMPIRICALLY_ANCHORED,data/dhs/KEIR8CFL.DTA,DHS national weighted estimate (institutional_delivery_rate); annual_births-weighted logit-intercept shift,0.465,0.83898778940876,expit(logit(original)+country_shift),DHS file provenance not externally verified in repository.
ke-turkana,institutional_delivery_rate,EMPIRICALLY_ANCHORED,data/dhs/KEIR8CFL.DTA,DHS national weighted estimate (institutional_delivery_rate); annual_births-weighted logit-intercept shift,0.39799999999999996,0.7985312547223117,expit(logit(original)+country_shift),DHS file provenance not externally verified in repository.
ke-kilifi,institutional_delivery_rate,EMPIRICALLY_ANCHORED,data/dhs/KEIR8CFL.DTA,DHS national weighted estimate (institutional_delivery_rate); annual_births-weighted logit-intercept shift,0.593,0.8972768089101187,expit(logit(original)+country_shift),DHS file provenance not externally verified in repository.
ke-kisumu,institutional_delivery_rate,EMPIRICALLY_ANCHORED,data/dhs/KEIR8CFL.DTA,DHS national weighted estimate (institutional_delivery_rate); annual_births-weighted logit-intercept shift,0.682,0.9278366614094311,expit(logit(original)+country_shift),DHS file provenance not externally verified in repository.
ke-kakamega,institutional_delivery_rate,EMPIRICALLY_ANCHORED,data/dhs/KEIR8CFL.DTA,DHS national weighted estimate (institutional_delivery_rate); annual_births-weighted logit-intercept shift,0.625,0.9090235991058421,expit(logit(original)+country_shift),DHS file provenance not externally verified in repository.
ke-garissa,cesarean_rate,EMPIRICALLY_ANCHORED,data/dhs/KEIR8CFL.DTA,DHS national weighted estimate (cesarean_rate); annual_births-weighted logit-intercept shift,0.032,0.11416702743912466,expit(logit(original)+country_shift),DHS file provenance not externally verified in repository.
ke-turkana,cesarean_rate,EMPIRICALLY_ANCHORED,data/dhs/KEIR8CFL.DTA,DHS national weighted estimate (cesarean_rate); annual_births-weighted logit-intercept shift,0.021,0.07717394179713531,expit(logit(original)+country_shift),DHS file provenance not externally verified in repository.
ke-kilifi,cesarean_rate,EMPIRICALLY_ANCHORED,data/dhs/KEIR8CFL.DTA,DHS national weighted estimate (cesarean_rate); annual_births-weighted logit-intercept shift,0.054000000000000006,0.1820338607689678,expit(logit(original)+country_shift),DHS file provenance not externally verified in repository.
ke-kisumu,cesarean_rate,EMPIRICALLY_ANCHORED,data/dhs/KEIR8CFL.DTA,DHS national weighted estimate (cesarean_rate); annual_births-weighted logit-intercept shift,0.07200000000000001,0.2322347489894108,expit(logit(original)+country_shift),DHS file provenance not externally verified in repository.
ke-kakamega,cesarean_rate,EMPIRICALLY_ANCHORED,data/dhs/KEIR8CFL.DTA,DHS national weighted estimate (cesarean_rate); annual_births-weighted logit-intercept shift,0.057999999999999996,0.19357716981906403,expit(logit(original)+country_shift),DHS file provenance not externally verified in repository.
ke-garissa,tba_prevalence,EMPIRICALLY_ANCHORED,data/dhs/KEIR8CFL.DTA,DHS national weighted estimate (tba_rate); annual_births-weighted logit-intercept shift,0.48,0.10216164131757496,expit(logit(original)+country_shift),DHS file provenance not externally verified in repository.
ke-turkana,tba_prevalence,EMPIRICALLY_ANCHORED,data/dhs/KEIR8CFL.DTA,DHS national weighted estimate (tba_rate); annual_births-weighted logit-intercept shift,0.565,0.1380107326021412,expit(logit(original)+country_shift),DHS file provenance not externally verified in repository.
ke-kilifi,tba_prevalence,EMPIRICALLY_ANCHORED,data/dhs/KEIR8CFL.DTA,DHS national weighted estimate (tba_rate); annual_births-weighted logit-intercept shift,0.32,0.05482815761915157,expit(logit(original)+country_shift),DHS file provenance not externally verified in repository.
ke-kisumu,tba_prevalence,EMPIRICALLY_ANCHORED,data/dhs/KEIR8CFL.DTA,DHS national weighted estimate (tba_rate); annual_births-weighted logit-intercept shift,0.245,0.03846247119972135,expit(logit(original)+country_shift),DHS file provenance not externally verified in repository.
ke-kakamega,tba_prevalence,EMPIRICALLY_ANCHORED,data/dhs/KEIR8CFL.DTA,DHS national weighted estimate (tba_rate); annual_births-weighted logit-intercept shift,0.29,0.047935560016288514,expit(logit(original)+country_shift),DHS file provenance not externally verified in repository.
ke-garissa,female_education_rate,EMPIRICALLY_ANCHORED,data/dhs/KEIR8CFL.DTA,DHS national weighted estimate (female_secondary_plus_rate); population-weighted logit-intercept shift,0.22399999999999998,0.4538920299419448,expit(logit(original)+country_shift),DHS file provenance not externally verified in repository.
ke-turkana,female_education_rate,EMPIRICALLY_ANCHORED,data/dhs/KEIR8CFL.DTA,DHS national weighted estimate (female_secondary_plus_rate); population-weighted logit-intercept shift,0.168,0.3676482083181809,expit(logit(original)+country_shift),DHS file provenance not externally verified in repository.
ke-kilifi,female_education_rate,EMPIRICALLY_ANCHORED,data/dhs/KEIR8CFL.DTA,DHS national weighted estimate (female_secondary_plus_rate); population-weighted logit-intercept shift,0.345,0.6026354414624713,expit(logit(original)+country_shift),DHS file provenance not externally verified in repository.
ke-kisumu,female_education_rate,EMPIRICALLY_ANCHORED,data/dhs/KEIR8CFL.DTA,DHS national weighted estimate (female_secondary_plus_rate); population-weighted logit-intercept shift,0.462,0.7120282999069121,expit(logit(original)+country_shift),DHS file provenance not externally verified in repository.
ke-kakamega,female_education_rate,EMPIRICALLY_ANCHORED,data/dhs/KEIR8CFL.DTA,DHS national weighted estimate (female_secondary_plus_rate); population-weighted logit-intercept shift,0.39,0.6479948395895592,expit(logit(original)+country_shift),DHS file provenance not externally verified in repository.
tz-mwanza,anc1_rate,EMPIRICALLY_ANCHORED,data/dhs/TZIR82FL.DTA,DHS national weighted estimate (anc1_rate); annual_births-weighted logit-intercept shift,0.82,0.8924838215318227,expit(logit(original)+country_shift),DHS file provenance not externally verified in repository.
tz-kigoma,anc1_rate,EMPIRICALLY_ANCHORED,data/dhs/TZIR82FL.DTA,DHS national weighted estimate (anc1_rate); annual_births-weighted logit-intercept shift,0.745,0.8418609616872174,expit(logit(original)+country_shift),DHS file provenance not externally verified in repository.
tz-dodoma,anc1_rate,EMPIRICALLY_ANCHORED,data/dhs/TZIR82FL.DTA,DHS national weighted estimate (anc1_rate); annual_births-weighted logit-intercept shift,0.89,0.9364792452292434,expit(logit(original)+country_shift),DHS file provenance not externally verified in repository.
tz-arusha,anc1_rate,EMPIRICALLY_ANCHORED,data/dhs/TZIR82FL.DTA,DHS national weighted estimate (anc1_rate); annual_births-weighted logit-intercept shift,0.852,0.9129655250960417,expit(logit(original)+country_shift),DHS file provenance not externally verified in repository.
tz-morogoro,anc1_rate,EMPIRICALLY_ANCHORED,data/dhs/TZIR82FL.DTA,DHS national weighted estimate (anc1_rate); annual_births-weighted logit-intercept shift,0.835,0.9021641853602449,expit(logit(original)+country_shift),DHS file provenance not externally verified in repository.
tz-mwanza,anc4_rate,EMPIRICALLY_ANCHORED,data/dhs/TZIR82FL.DTA,DHS national weighted estimate (anc4_rate); annual_births-weighted logit-intercept shift,0.462,0.6380496488532043,expit(logit(original)+country_shift),DHS file provenance not externally verified in repository.
tz-kigoma,anc4_rate,EMPIRICALLY_ANCHORED,data/dhs/TZIR82FL.DTA,DHS national weighted estimate (anc4_rate); annual_births-weighted logit-intercept shift,0.368,0.5444811594567421,expit(logit(original)+country_shift),DHS file provenance not externally verified in repository.
tz-dodoma,anc4_rate,EMPIRICALLY_ANCHORED,data/dhs/TZIR82FL.DTA,DHS national weighted estimate (anc4_rate); annual_births-weighted logit-intercept shift,0.584,0.7423881912555805,expit(logit(original)+country_shift),DHS file provenance not externally verified in repository.
tz-arusha,anc4_rate,EMPIRICALLY_ANCHORED,data/dhs/TZIR82FL.DTA,DHS national weighted estimate (anc4_rate); annual_births-weighted logit-intercept shift,0.53,0.6983276751261419,expit(logit(original)+country_shift),DHS file provenance not externally verified in repository.
tz-morogoro,anc4_rate,EMPIRICALLY_ANCHORED,data/dhs/TZIR82FL.DTA,DHS national weighted estimate (anc4_rate); annual_births-weighted logit-intercept shift,0.48,0.6545635551235239,expit(logit(original)+country_shift),DHS file provenance not externally verified in repository.
tz-mwanza,institutional_delivery_rate,EMPIRICALLY_ANCHORED,data/dhs/TZIR82FL.DTA,DHS national weighted estimate (institutional_delivery_rate); annual_births-weighted logit-intercept shift,0.64,0.8198080742695254,expit(logit(original)+country_shift),DHS file provenance not externally verified in repository.
tz-kigoma,institutional_delivery_rate,EMPIRICALLY_ANCHORED,data/dhs/TZIR82FL.DTA,DHS national weighted estimate (institutional_delivery_rate); annual_births-weighted logit-intercept shift,0.48200000000000004,0.7042569863907328,expit(logit(original)+country_shift),DHS file provenance not externally verified in repository.
tz-dodoma,institutional_delivery_rate,EMPIRICALLY_ANCHORED,data/dhs/TZIR82FL.DTA,DHS national weighted estimate (institutional_delivery_rate); annual_births-weighted logit-intercept shift,0.72,0.8680865257430818,expit(logit(original)+country_shift),DHS file provenance not externally verified in repository.
tz-arusha,institutional_delivery_rate,EMPIRICALLY_ANCHORED,data/dhs/TZIR82FL.DTA,DHS national weighted estimate (institutional_delivery_rate); annual_births-weighted logit-intercept shift,0.665,0.8355302766031978,expit(logit(original)+country_shift),DHS file provenance not externally verified in repository.
tz-morogoro,institutional_delivery_rate,EMPIRICALLY_ANCHORED,data/dhs/TZIR82FL.DTA,DHS national weighted estimate (institutional_delivery_rate); annual_births-weighted logit-intercept shift,0.61,0.8001122055377888,expit(logit(original)+country_shift),DHS file provenance not externally verified in repository.
tz-mwanza,cesarean_rate,EMPIRICALLY_ANCHORED,data/dhs/TZIR82FL.DTA,DHS national weighted estimate (cesarean_rate); annual_births-weighted logit-intercept shift,0.049,0.10017766273772692,expit(logit(original)+country_shift),DHS file provenance not externally verified in repository.
tz-kigoma,cesarean_rate,EMPIRICALLY_ANCHORED,data/dhs/TZIR82FL.DTA,DHS national weighted estimate (cesarean_rate); annual_births-weighted logit-intercept shift,0.034,0.07067532601431918,expit(logit(original)+country_shift),DHS file provenance not externally verified in repository.
tz-dodoma,cesarean_rate,EMPIRICALLY_ANCHORED,data/dhs/TZIR82FL.DTA,DHS national weighted estimate (cesarean_rate); annual_births-weighted logit-intercept shift,0.068,0.1361804028851854,expit(logit(original)+country_shift),DHS file provenance not externally verified in repository.
tz-arusha,cesarean_rate,EMPIRICALLY_ANCHORED,data/dhs/TZIR82FL.DTA,DHS national weighted estimate (cesarean_rate); annual_births-weighted logit-intercept shift,0.061,0.12308877112582951,expit(logit(original)+country_shift),DHS file provenance not externally verified in repository.
tz-morogoro,cesarean_rate,EMPIRICALLY_ANCHORED,data/dhs/TZIR82FL.DTA,DHS national weighted estimate (cesarean_rate); annual_births-weighted logit-intercept shift,0.052000000000000005,0.10596186903830483,expit(logit(original)+country_shift),DHS file provenance not externally verified in repository.
tz-mwanza,tba_prevalence,EMPIRICALLY_ANCHORED,data/dhs/TZIR82FL.DTA,DHS national weighted estimate (tba_rate); annual_births-weighted logit-intercept shift,0.33,0.05752712444985693,expit(logit(original)+country_shift),DHS file provenance not externally verified in repository.
tz-kigoma,tba_prevalence,EMPIRICALLY_ANCHORED,data/dhs/TZIR82FL.DTA,DHS national weighted estimate (tba_rate); annual_births-weighted logit-intercept shift,0.46,0.09548686173005956,expit(logit(original)+country_shift),DHS file provenance not externally verified in repository.
tz-dodoma,tba_prevalence,EMPIRICALLY_ANCHORED,data/dhs/TZIR82FL.DTA,DHS national weighted estimate (tba_rate); annual_births-weighted logit-intercept shift,0.22,0.03377317101489243,expit(logit(original)+country_shift),DHS file provenance not externally verified in repository.
tz-arusha,tba_prevalence,EMPIRICALLY_ANCHORED,data/dhs/TZIR82FL.DTA,DHS national weighted estimate (tba_rate); annual_births-weighted logit-intercept shift,0.28,0.045977850263022084,expit(logit(original)+country_shift),DHS file provenance not externally verified in repository.
tz-morogoro,tba_prevalence,EMPIRICALLY_ANCHORED,data/dhs/TZIR82FL.DTA,DHS national weighted estimate (tba_rate); annual_births-weighted logit-intercept shift,0.34,0.060009903479433205,expit(logit(original)+country_shift),DHS file provenance not externally verified in repository.
tz-mwanza,insurance_coverage_rate,EMPIRICALLY_ANCHORED,data/dhs/TZIR82FL.DTA,DHS national weighted estimate (insurance_coverage_rate); population-weighted logit-intercept shift,0.14800000000000002,0.04459139683754202,expit(logit(original)+country_shift),DHS file provenance not externally verified in repository.
tz-kigoma,insurance_coverage_rate,EMPIRICALLY_ANCHORED,data/dhs/TZIR82FL.DTA,DHS national weighted estimate (insurance_coverage_rate); population-weighted logit-intercept shift,0.092,0.02650189315735911,expit(logit(original)+country_shift),DHS file provenance not externally verified in repository.
tz-dodoma,insurance_coverage_rate,EMPIRICALLY_ANCHORED,data/dhs/TZIR82FL.DTA,DHS national weighted estimate (insurance_coverage_rate); population-weighted logit-intercept shift,0.26,0.08625902362914625,expit(logit(original)+country_shift),DHS file provenance not externally verified in repository.
tz-arusha,insurance_coverage_rate,EMPIRICALLY_ANCHORED,data/dhs/TZIR82FL.DTA,DHS national weighted estimate (insurance_coverage_rate); population-weighted logit-intercept shift,0.285,0.09673704681660975,expit(logit(original)+country_shift),DHS file provenance not externally verified in repository.
tz-morogoro,insurance_coverage_rate,EMPIRICALLY_ANCHORED,data/dhs/TZIR82FL.DTA,DHS national weighted estimate (insurance_coverage_rate); population-weighted logit-intercept shift,0.16,0.04868603184440717,expit(logit(original)+country_shift),DHS file provenance not externally verified in repository.
tz-mwanza,female_education_rate,EMPIRICALLY_ANCHORED,data/dhs/TZIR82FL.DTA,DHS national weighted estimate (female_secondary_plus_rate); population-weighted logit-intercept shift,0.295,0.29404977867478743,expit(logit(original)+country_shift),DHS file provenance not externally verified in repository.
tz-kigoma,female_education_rate,EMPIRICALLY_ANCHORED,data/dhs/TZIR82FL.DTA,DHS national weighted estimate (female_secondary_plus_rate); population-weighted logit-intercept shift,0.21,0.2092423102769396,expit(logit(original)+country_shift),DHS file provenance not externally verified in repository.
tz-dodoma,female_education_rate,EMPIRICALLY_ANCHORED,data/dhs/TZIR82FL.DTA,DHS national weighted estimate (female_secondary_plus_rate); population-weighted logit-intercept shift,0.38,0.378923144028858,expit(logit(original)+country_shift),DHS file provenance not externally verified in repository.
tz-arusha,female_education_rate,EMPIRICALLY_ANCHORED,data/dhs/TZIR82FL.DTA,DHS national weighted estimate (female_secondary_plus_rate); population-weighted logit-intercept shift,0.35,0.34896030922954846,expit(logit(original)+country_shift),DHS file provenance not externally verified in repository.
tz-morogoro,female_education_rate,EMPIRICALLY_ANCHORED,data/dhs/TZIR82FL.DTA,DHS national weighted estimate (female_secondary_plus_rate); population-weighted logit-intercept shift,0.31,0.30902264083627473,expit(logit(original)+country_shift),DHS file provenance not externally verified in repository.
ug-gulu,anc1_rate,EMPIRICALLY_ANCHORED,data/dhs/UGIR7BFL.DTA,DHS national weighted estimate (anc1_rate); annual_births-weighted logit-intercept shift,0.8640000000000001,0.9839162968321581,expit(logit(original)+country_shift),DHS file provenance not externally verified in repository.
ug-arua,anc1_rate,EMPIRICALLY_ANCHORED,data/dhs/UGIR7BFL.DTA,DHS national weighted estimate (anc1_rate); annual_births-weighted logit-intercept shift,0.792,0.9734505946841242,expit(logit(original)+country_shift),DHS file provenance not externally verified in repository.
ug-moroto,anc1_rate,EMPIRICALLY_ANCHORED,data/dhs/UGIR7BFL.DTA,DHS national weighted estimate (anc1_rate); annual_births-weighted logit-intercept shift,0.605,0.9365029429698675,expit(logit(original)+country_shift),DHS file provenance not externally verified in repository.
ug-jinja,anc1_rate,EMPIRICALLY_ANCHORED,data/dhs/UGIR7BFL.DTA,DHS national weighted estimate (anc1_rate); annual_births-weighted logit-intercept shift,0.91,0.989833626752641,expit(logit(original)+country_shift),DHS file provenance not externally verified in repository.
ug-mbarara,anc1_rate,EMPIRICALLY_ANCHORED,data/dhs/UGIR7BFL.DTA,DHS national weighted estimate (anc1_rate); annual_births-weighted logit-intercept shift,0.925,0.9916501105643132,expit(logit(original)+country_shift),DHS file provenance not externally verified in repository.
ug-gulu,anc4_rate,EMPIRICALLY_ANCHORED,data/dhs/UGIR7BFL.DTA,DHS national weighted estimate (anc4_rate); annual_births-weighted logit-intercept shift,0.521,0.5863337877333132,expit(logit(original)+country_shift),DHS file provenance not externally verified in repository.
ug-arua,anc4_rate,EMPIRICALLY_ANCHORED,data/dhs/UGIR7BFL.DTA,DHS national weighted estimate (anc4_rate); annual_births-weighted logit-intercept shift,0.44,0.5059043084951655,expit(logit(original)+country_shift),DHS file provenance not externally verified in repository.
ug-moroto,anc4_rate,EMPIRICALLY_ANCHORED,data/dhs/UGIR7BFL.DTA,DHS national weighted estimate (anc4_rate); annual_births-weighted logit-intercept shift,0.28,0.33633245465844736,expit(logit(original)+country_shift),DHS file provenance not externally verified in repository.
ug-jinja,anc4_rate,EMPIRICALLY_ANCHORED,data/dhs/UGIR7BFL.DTA,DHS national weighted estimate (anc4_rate); annual_births-weighted logit-intercept shift,0.645,0.7030601623124016,expit(logit(original)+country_shift),DHS file provenance not externally verified in repository.
ug-mbarara,anc4_rate,EMPIRICALLY_ANCHORED,data/dhs/UGIR7BFL.DTA,DHS national weighted estimate (anc4_rate); annual_births-weighted logit-intercept shift,0.66,0.7166845015938679,expit(logit(original)+country_shift),DHS file provenance not externally verified in repository.
ug-gulu,institutional_delivery_rate,EMPIRICALLY_ANCHORED,data/dhs/UGIR7BFL.DTA,DHS national weighted estimate (institutional_delivery_rate); annual_births-weighted logit-intercept shift,0.695,0.7614332109359552,expit(logit(original)+country_shift),DHS file provenance not externally verified in repository.
ug-arua,institutional_delivery_rate,EMPIRICALLY_ANCHORED,data/dhs/UGIR7BFL.DTA,DHS national weighted estimate (institutional_delivery_rate); annual_births-weighted logit-intercept shift,0.58,0.659198942273201,expit(logit(original)+country_shift),DHS file provenance not externally verified in repository.
ug-moroto,institutional_delivery_rate,EMPIRICALLY_ANCHORED,data/dhs/UGIR7BFL.DTA,DHS national weighted estimate (institutional_delivery_rate); annual_births-weighted logit-intercept shift,0.415,0.4984049444508137,expit(logit(original)+country_shift),DHS file provenance not externally verified in repository.
ug-jinja,institutional_delivery_rate,EMPIRICALLY_ANCHORED,data/dhs/UGIR7BFL.DTA,DHS national weighted estimate (institutional_delivery_rate); annual_births-weighted logit-intercept shift,0.76,0.8160231204118574,expit(logit(original)+country_shift),DHS file provenance not externally verified in repository.
ug-mbarara,institutional_delivery_rate,EMPIRICALLY_ANCHORED,data/dhs/UGIR7BFL.DTA,DHS national weighted estimate (institutional_delivery_rate); annual_births-weighted logit-intercept shift,0.782,0.8340092958789989,expit(logit(original)+country_shift),DHS file provenance not externally verified in repository.
ug-gulu,cesarean_rate,EMPIRICALLY_ANCHORED,data/dhs/UGIR7BFL.DTA,DHS national weighted estimate (cesarean_rate); annual_births-weighted logit-intercept shift,0.065,0.05962847510661164,expit(logit(original)+country_shift),DHS file provenance not externally verified in repository.
ug-arua,cesarean_rate,EMPIRICALLY_ANCHORED,data/dhs/UGIR7BFL.DTA,DHS national weighted estimate (cesarean_rate); annual_births-weighted logit-intercept shift,0.048,0.04396727356000915,expit(logit(original)+country_shift),DHS file provenance not externally verified in repository.
ug-moroto,cesarean_rate,EMPIRICALLY_ANCHORED,data/dhs/UGIR7BFL.DTA,DHS national weighted estimate (cesarean_rate); annual_births-weighted logit-intercept shift,0.022000000000000002,0.020105534277166943,expit(logit(original)+country_shift),DHS file provenance not externally verified in repository.
ug-jinja,cesarean_rate,EMPIRICALLY_ANCHORED,data/dhs/UGIR7BFL.DTA,DHS national weighted estimate (cesarean_rate); annual_births-weighted logit-intercept shift,0.085,0.07811377805289207,expit(logit(original)+country_shift),DHS file provenance not externally verified in repository.
ug-mbarara,cesarean_rate,EMPIRICALLY_ANCHORED,data/dhs/UGIR7BFL.DTA,DHS national weighted estimate (cesarean_rate); annual_births-weighted logit-intercept shift,0.091,0.08367214193783475,expit(logit(original)+country_shift),DHS file provenance not externally verified in repository.
ug-gulu,tba_prevalence,EMPIRICALLY_ANCHORED,data/dhs/UGIR7BFL.DTA,DHS national weighted estimate (tba_rate); annual_births-weighted logit-intercept shift,0.26,0.09836310675883232,expit(logit(original)+country_shift),DHS file provenance not externally verified in repository.
ug-arua,tba_prevalence,EMPIRICALLY_ANCHORED,data/dhs/UGIR7BFL.DTA,DHS national weighted estimate (tba_rate); annual_births-weighted logit-intercept shift,0.37,0.15423105953232388,expit(logit(original)+country_shift),DHS file provenance not externally verified in repository.
ug-moroto,tba_prevalence,EMPIRICALLY_ANCHORED,data/dhs/UGIR7BFL.DTA,DHS national weighted estimate (tba_rate); annual_births-weighted logit-intercept shift,0.54,0.2671296138582159,expit(logit(original)+country_shift),DHS file provenance not externally verified in repository.
ug-jinja,tba_prevalence,EMPIRICALLY_ANCHORED,data/dhs/UGIR7BFL.DTA,DHS national weighted estimate (tba_rate); annual_births-weighted logit-intercept shift,0.18,0.0638090152856176,expit(logit(original)+country_shift),DHS file provenance not externally verified in repository.
ug-mbarara,tba_prevalence,EMPIRICALLY_ANCHORED,data/dhs/UGIR7BFL.DTA,DHS national weighted estimate (tba_rate); annual_births-weighted logit-intercept shift,0.165,0.05780898726831547,expit(logit(original)+country_shift),DHS file provenance not externally verified in repository.
ug-gulu,insurance_coverage_rate,EMPIRICALLY_ANCHORED,data/dhs/UGIR7BFL.DTA,DHS national weighted estimate (insurance_coverage_rate); population-weighted logit-intercept shift,0.065,0.009634023527689084,expit(logit(original)+country_shift),DHS file provenance not externally verified in repository.
ug-arua,insurance_coverage_rate,EMPIRICALLY_ANCHORED,data/dhs/UGIR7BFL.DTA,DHS national weighted estimate (insurance_coverage_rate); population-weighted logit-intercept shift,0.05,0.007310884184178849,expit(logit(original)+country_shift),DHS file provenance not externally verified in repository.
ug-moroto,insurance_coverage_rate,EMPIRICALLY_ANCHORED,data/dhs/UGIR7BFL.DTA,DHS national weighted estimate (insurance_coverage_rate); population-weighted logit-intercept shift,0.021,0.002992576352789932,expit(logit(original)+country_shift),DHS file provenance not externally verified in repository.
ug-jinja,insurance_coverage_rate,EMPIRICALLY_ANCHORED,data/dhs/UGIR7BFL.DTA,DHS national weighted estimate (insurance_coverage_rate); population-weighted logit-intercept shift,0.12,0.018724057677201693,expit(logit(original)+country_shift),DHS file provenance not externally verified in repository.
ug-mbarara,insurance_coverage_rate,EMPIRICALLY_ANCHORED,data/dhs/UGIR7BFL.DTA,DHS national weighted estimate (insurance_coverage_rate); population-weighted logit-intercept shift,0.145,0.023180690496729852,expit(logit(original)+country_shift),DHS file provenance not externally verified in repository.
ug-gulu,female_education_rate,EMPIRICALLY_ANCHORED,data/dhs/UGIR7BFL.DTA,DHS national weighted estimate (female_secondary_plus_rate); population-weighted logit-intercept shift,0.32,0.2775975946125077,expit(logit(original)+country_shift),DHS file provenance not externally verified in repository.
ug-arua,female_education_rate,EMPIRICALLY_ANCHORED,data/dhs/UGIR7BFL.DTA,DHS national weighted estimate (female_secondary_plus_rate); population-weighted logit-intercept shift,0.26,0.22294144992303608,expit(logit(original)+country_shift),DHS file provenance not externally verified in repository.
ug-moroto,female_education_rate,EMPIRICALLY_ANCHORED,data/dhs/UGIR7BFL.DTA,DHS national weighted estimate (female_secondary_plus_rate); population-weighted logit-intercept shift,0.145,0.12163839492483049,expit(logit(original)+country_shift),DHS file provenance not externally verified in repository.
ug-jinja,female_education_rate,EMPIRICALLY_ANCHORED,data/dhs/UGIR7BFL.DTA,DHS national weighted estimate (female_secondary_plus_rate); population-weighted logit-intercept shift,0.48,0.42979669614231386,expit(logit(original)+country_shift),DHS file provenance not externally verified in repository.
ug-mbarara,female_education_rate,EMPIRICALLY_ANCHORED,data/dhs/UGIR7BFL.DTA,DHS national weighted estimate (female_secondary_plus_rate); population-weighted logit-intercept shift,0.505,0.4544671724590516,expit(logit(original)+country_shift),DHS file provenance not externally verified in repository.
ke-garissa,territory_name,MODEL_INPUT,pre_hybrid_phase_2_1/territorial_demographics.csv,retained structured model input,Garissa District,Garissa District,identity,Not directly derived from current DHS microdata.
ke-garissa,country,MODEL_INPUT,pre_hybrid_phase_2_1/territorial_demographics.csv,retained structured model input,Kenya,Kenya,identity,Not directly derived from current DHS microdata.
ke-garissa,region,MODEL_INPUT,pre_hybrid_phase_2_1/territorial_demographics.csv,retained structured model input,North Eastern,North Eastern,identity,Not directly derived from current DHS microdata.
ke-garissa,latitude,MODEL_INPUT,pre_hybrid_phase_2_1/territorial_demographics.csv,retained structured model input,-0.4532,-0.4532,identity,Not directly derived from current DHS microdata.
ke-garissa,longitude,MODEL_INPUT,pre_hybrid_phase_2_1/territorial_demographics.csv,retained structured model input,39.6461,39.6461,identity,Not directly derived from current DHS microdata.
ke-garissa,population,MODEL_INPUT,pre_hybrid_phase_2_1/territorial_demographics.csv,retained structured model input,841353,841353,identity,Not directly derived from current DHS microdata.
ke-garissa,annual_births,MODEL_INPUT,pre_hybrid_phase_2_1/territorial_demographics.csv,retained structured model input,29400,29400,identity,Not directly derived from current DHS microdata.
ke-garissa,baseline_mmr,EMPIRICALLY_ANCHORED,data/mortality/MDG_0000000026.csv,annual-birth-weighted national multiplicative anchoring,646.00,440.829809793,territory_mmr * (WHO national MMR / prior annual-birth-weighted country MMR),"WHO national MMR estimate for Kenya, 2023: 379 [267-547]. Not a territory-level observation."
ke-turkana,territory_name,MODEL_INPUT,pre_hybrid_phase_2_1/territorial_demographics.csv,retained structured model input,Turkana Central,Turkana Central,identity,Not directly derived from current DHS microdata.
ke-turkana,country,MODEL_INPUT,pre_hybrid_phase_2_1/territorial_demographics.csv,retained structured model input,Kenya,Kenya,identity,Not directly derived from current DHS microdata.
ke-turkana,region,MODEL_INPUT,pre_hybrid_phase_2_1/territorial_demographics.csv,retained structured model input,Rift Valley,Rift Valley,identity,Not directly derived from current DHS microdata.
ke-turkana,latitude,MODEL_INPUT,pre_hybrid_phase_2_1/territorial_demographics.csv,retained structured model input,3.1191,3.1191,identity,Not directly derived from current DHS microdata.
ke-turkana,longitude,MODEL_INPUT,pre_hybrid_phase_2_1/territorial_demographics.csv,retained structured model input,35.5966,35.5966,identity,Not directly derived from current DHS microdata.
ke-turkana,population,MODEL_INPUT,pre_hybrid_phase_2_1/territorial_demographics.csv,retained structured model input,926976,926976,identity,Not directly derived from current DHS microdata.
ke-turkana,annual_births,MODEL_INPUT,pre_hybrid_phase_2_1/territorial_demographics.csv,retained structured model input,34200,34200,identity,Not directly derived from current DHS microdata.
ke-turkana,baseline_mmr,EMPIRICALLY_ANCHORED,data/mortality/MDG_0000000026.csv,annual-birth-weighted national multiplicative anchoring,720.00,491.327342184,territory_mmr * (WHO national MMR / prior annual-birth-weighted country MMR),"WHO national MMR estimate for Kenya, 2023: 379 [267-547]. Not a territory-level observation."
ke-kilifi,territory_name,MODEL_INPUT,pre_hybrid_phase_2_1/territorial_demographics.csv,retained structured model input,Kilifi South,Kilifi South,identity,Not directly derived from current DHS microdata.
ke-kilifi,country,MODEL_INPUT,pre_hybrid_phase_2_1/territorial_demographics.csv,retained structured model input,Kenya,Kenya,identity,Not directly derived from current DHS microdata.
ke-kilifi,region,MODEL_INPUT,pre_hybrid_phase_2_1/territorial_demographics.csv,retained structured model input,Coast,Coast,identity,Not directly derived from current DHS microdata.
ke-kilifi,latitude,MODEL_INPUT,pre_hybrid_phase_2_1/territorial_demographics.csv,retained structured model input,-3.6305,-3.6305,identity,Not directly derived from current DHS microdata.
ke-kilifi,longitude,MODEL_INPUT,pre_hybrid_phase_2_1/territorial_demographics.csv,retained structured model input,39.8499,39.8499,identity,Not directly derived from current DHS microdata.
ke-kilifi,population,MODEL_INPUT,pre_hybrid_phase_2_1/territorial_demographics.csv,retained structured model input,1453787,1453787,identity,Not directly derived from current DHS microdata.
ke-kilifi,annual_births,MODEL_INPUT,pre_hybrid_phase_2_1/territorial_demographics.csv,retained structured model input,48500,48500,identity,Not directly derived from current DHS microdata.
ke-kilifi,baseline_mmr,EMPIRICALLY_ANCHORED,data/mortality/MDG_0000000026.csv,annual-birth-weighted national multiplicative anchoring,478.00,326.186763283,territory_mmr * (WHO national MMR / prior annual-birth-weighted country MMR),"WHO national MMR estimate for Kenya, 2023: 379 [267-547]. Not a territory-level observation."
ke-kisumu,territory_name,MODEL_INPUT,pre_hybrid_phase_2_1/territorial_demographics.csv,retained structured model input,Kisumu West,Kisumu West,identity,Not directly derived from current DHS microdata.
ke-kisumu,country,MODEL_INPUT,pre_hybrid_phase_2_1/territorial_demographics.csv,retained structured model input,Kenya,Kenya,identity,Not directly derived from current DHS microdata.
ke-kisumu,region,MODEL_INPUT,pre_hybrid_phase_2_1/territorial_demographics.csv,retained structured model input,Nyanza,Nyanza,identity,Not directly derived from current DHS microdata.
ke-kisumu,latitude,MODEL_INPUT,pre_hybrid_phase_2_1/territorial_demographics.csv,retained structured model input,-0.0917,-0.0917,identity,Not directly derived from current DHS microdata.
ke-kisumu,longitude,MODEL_INPUT,pre_hybrid_phase_2_1/territorial_demographics.csv,retained structured model input,34.7680,34.7680,identity,Not directly derived from current DHS microdata.
ke-kisumu,population,MODEL_INPUT,pre_hybrid_phase_2_1/territorial_demographics.csv,retained structured model input,1155574,1155574,identity,Not directly derived from current DHS microdata.
ke-kisumu,annual_births,MODEL_INPUT,pre_hybrid_phase_2_1/territorial_demographics.csv,retained structured model input,37200,37200,identity,Not directly derived from current DHS microdata.
ke-kisumu,baseline_mmr,EMPIRICALLY_ANCHORED,data/mortality/MDG_0000000026.csv,annual-birth-weighted national multiplicative anchoring,495.00,337.787547752,territory_mmr * (WHO national MMR / prior annual-birth-weighted country MMR),"WHO national MMR estimate for Kenya, 2023: 379 [267-547]. Not a territory-level observation."
ke-kakamega,territory_name,MODEL_INPUT,pre_hybrid_phase_2_1/territorial_demographics.csv,retained structured model input,Kakamega Central,Kakamega Central,identity,Not directly derived from current DHS microdata.
ke-kakamega,country,MODEL_INPUT,pre_hybrid_phase_2_1/territorial_demographics.csv,retained structured model input,Kenya,Kenya,identity,Not directly derived from current DHS microdata.
ke-kakamega,region,MODEL_INPUT,pre_hybrid_phase_2_1/territorial_demographics.csv,retained structured model input,Western,Western,identity,Not directly derived from current DHS microdata.
ke-kakamega,latitude,MODEL_INPUT,pre_hybrid_phase_2_1/territorial_demographics.csv,retained structured model input,0.2827,0.2827,identity,Not directly derived from current DHS microdata.
ke-kakamega,longitude,MODEL_INPUT,pre_hybrid_phase_2_1/territorial_demographics.csv,retained structured model input,34.7519,34.7519,identity,Not directly derived from current DHS microdata.
ke-kakamega,population,MODEL_INPUT,pre_hybrid_phase_2_1/territorial_demographics.csv,retained structured model input,1867579,1867579,identity,Not directly derived from current DHS microdata.
ke-kakamega,annual_births,MODEL_INPUT,pre_hybrid_phase_2_1/territorial_demographics.csv,retained structured model input,59800,59800,identity,Not directly derived from current DHS microdata.
ke-kakamega,baseline_mmr,EMPIRICALLY_ANCHORED,data/mortality/MDG_0000000026.csv,annual-birth-weighted national multiplicative anchoring,516.00,352.117928565,territory_mmr * (WHO national MMR / prior annual-birth-weighted country MMR),"WHO national MMR estimate for Kenya, 2023: 379 [267-547]. Not a territory-level observation."
tz-mwanza,territory_name,MODEL_INPUT,pre_hybrid_phase_2_1/territorial_demographics.csv,retained structured model input,Mwanza Rural (Ilemela/Magu),Mwanza Rural (Ilemela/Magu),identity,Not directly derived from current DHS microdata.
tz-mwanza,country,MODEL_INPUT,pre_hybrid_phase_2_1/territorial_demographics.csv,retained structured model input,Tanzania,Tanzania,identity,Not directly derived from current DHS microdata.
tz-mwanza,region,MODEL_INPUT,pre_hybrid_phase_2_1/territorial_demographics.csv,retained structured model input,Lake Victoria,Lake Victoria,identity,Not directly derived from current DHS microdata.
tz-mwanza,latitude,MODEL_INPUT,pre_hybrid_phase_2_1/territorial_demographics.csv,retained structured model input,-2.5164,-2.5164,identity,Not directly derived from current DHS microdata.
tz-mwanza,longitude,MODEL_INPUT,pre_hybrid_phase_2_1/territorial_demographics.csv,retained structured model input,32.9000,32.9000,identity,Not directly derived from current DHS microdata.
tz-mwanza,population,MODEL_INPUT,pre_hybrid_phase_2_1/territorial_demographics.csv,retained structured model input,1245000,1245000,identity,Not directly derived from current DHS microdata.
tz-mwanza,annual_births,MODEL_INPUT,pre_hybrid_phase_2_1/territorial_demographics.csv,retained structured model input,43500,43500,identity,Not directly derived from current DHS microdata.
tz-mwanza,baseline_mmr,EMPIRICALLY_ANCHORED,data/mortality/MDG_0000000026.csv,annual-birth-weighted national multiplicative anchoring,532.00,283.875432705,territory_mmr * (WHO national MMR / prior annual-birth-weighted country MMR),"WHO national MMR estimate for Tanzania, 2023: 276 [192-429]. Not a territory-level observation."
tz-kigoma,territory_name,MODEL_INPUT,pre_hybrid_phase_2_1/territorial_demographics.csv,retained structured model input,Kigoma Rural,Kigoma Rural,identity,Not directly derived from current DHS microdata.
tz-kigoma,country,MODEL_INPUT,pre_hybrid_phase_2_1/territorial_demographics.csv,retained structured model input,Tanzania,Tanzania,identity,Not directly derived from current DHS microdata.
tz-kigoma,region,MODEL_INPUT,pre_hybrid_phase_2_1/territorial_demographics.csv,retained structured model input,Western Tanganyika,Western Tanganyika,identity,Not directly derived from current DHS microdata.
tz-kigoma,latitude,MODEL_INPUT,pre_hybrid_phase_2_1/territorial_demographics.csv,retained structured model input,-4.8769,-4.8769,identity,Not directly derived from current DHS microdata.
tz-kigoma,longitude,MODEL_INPUT,pre_hybrid_phase_2_1/territorial_demographics.csv,retained structured model input,29.6267,29.6267,identity,Not directly derived from current DHS microdata.
tz-kigoma,population,MODEL_INPUT,pre_hybrid_phase_2_1/territorial_demographics.csv,retained structured model input,685000,685000,identity,Not directly derived from current DHS microdata.
tz-kigoma,annual_births,MODEL_INPUT,pre_hybrid_phase_2_1/territorial_demographics.csv,retained structured model input,26800,26800,identity,Not directly derived from current DHS microdata.
tz-kigoma,baseline_mmr,EMPIRICALLY_ANCHORED,data/mortality/MDG_0000000026.csv,annual-birth-weighted national multiplicative anchoring,618.00,329.765070323,territory_mmr * (WHO national MMR / prior annual-birth-weighted country MMR),"WHO national MMR estimate for Tanzania, 2023: 276 [192-429]. Not a territory-level observation."
tz-dodoma,territory_name,MODEL_INPUT,pre_hybrid_phase_2_1/territorial_demographics.csv,retained structured model input,Dodoma Urban & Bahi,Dodoma Urban & Bahi,identity,Not directly derived from current DHS microdata.
tz-dodoma,country,MODEL_INPUT,pre_hybrid_phase_2_1/territorial_demographics.csv,retained structured model input,Tanzania,Tanzania,identity,Not directly derived from current DHS microdata.
tz-dodoma,region,MODEL_INPUT,pre_hybrid_phase_2_1/territorial_demographics.csv,retained structured model input,Central,Central,identity,Not directly derived from current DHS microdata.
tz-dodoma,latitude,MODEL_INPUT,pre_hybrid_phase_2_1/territorial_demographics.csv,retained structured model input,-6.1630,-6.1630,identity,Not directly derived from current DHS microdata.
tz-dodoma,longitude,MODEL_INPUT,pre_hybrid_phase_2_1/territorial_demographics.csv,retained structured model input,35.7516,35.7516,identity,Not directly derived from current DHS microdata.
tz-dodoma,population,MODEL_INPUT,pre_hybrid_phase_2_1/territorial_demographics.csv,retained structured model input,765000,765000,identity,Not directly derived from current DHS microdata.
tz-dodoma,annual_births,MODEL_INPUT,pre_hybrid_phase_2_1/territorial_demographics.csv,retained structured model input,27100,27100,identity,Not directly derived from current DHS microdata.
tz-dodoma,baseline_mmr,EMPIRICALLY_ANCHORED,data/mortality/MDG_0000000026.csv,annual-birth-weighted national multiplicative anchoring,445.00,237.45219465,territory_mmr * (WHO national MMR / prior annual-birth-weighted country MMR),"WHO national MMR estimate for Tanzania, 2023: 276 [192-429]. Not a territory-level observation."
tz-arusha,territory_name,MODEL_INPUT,pre_hybrid_phase_2_1/territorial_demographics.csv,retained structured model input,Arusha Rural (Monduli),Arusha Rural (Monduli),identity,Not directly derived from current DHS microdata.
tz-arusha,country,MODEL_INPUT,pre_hybrid_phase_2_1/territorial_demographics.csv,retained structured model input,Tanzania,Tanzania,identity,Not directly derived from current DHS microdata.
tz-arusha,region,MODEL_INPUT,pre_hybrid_phase_2_1/territorial_demographics.csv,retained structured model input,Northern,Northern,identity,Not directly derived from current DHS microdata.
tz-arusha,latitude,MODEL_INPUT,pre_hybrid_phase_2_1/territorial_demographics.csv,retained structured model input,-3.3869,-3.3869,identity,Not directly derived from current DHS microdata.
tz-arusha,longitude,MODEL_INPUT,pre_hybrid_phase_2_1/territorial_demographics.csv,retained structured model input,36.6830,36.6830,identity,Not directly derived from current DHS microdata.
tz-arusha,population,MODEL_INPUT,pre_hybrid_phase_2_1/territorial_demographics.csv,retained structured model input,620000,620000,identity,Not directly derived from current DHS microdata.
tz-arusha,annual_births,MODEL_INPUT,pre_hybrid_phase_2_1/territorial_demographics.csv,retained structured model input,21500,21500,identity,Not directly derived from current DHS microdata.
tz-arusha,baseline_mmr,EMPIRICALLY_ANCHORED,data/mortality/MDG_0000000026.csv,annual-birth-weighted national multiplicative anchoring,462.00,246.523402086,territory_mmr * (WHO national MMR / prior annual-birth-weighted country MMR),"WHO national MMR estimate for Tanzania, 2023: 276 [192-429]. Not a territory-level observation."
tz-morogoro,territory_name,MODEL_INPUT,pre_hybrid_phase_2_1/territorial_demographics.csv,retained structured model input,Morogoro Rural (Kilosa),Morogoro Rural (Kilosa),identity,Not directly derived from current DHS microdata.
tz-morogoro,country,MODEL_INPUT,pre_hybrid_phase_2_1/territorial_demographics.csv,retained structured model input,Tanzania,Tanzania,identity,Not directly derived from current DHS microdata.
tz-morogoro,region,MODEL_INPUT,pre_hybrid_phase_2_1/territorial_demographics.csv,retained structured model input,Eastern,Eastern,identity,Not directly derived from current DHS microdata.
tz-morogoro,latitude,MODEL_INPUT,pre_hybrid_phase_2_1/territorial_demographics.csv,retained structured model input,-6.8278,-6.8278,identity,Not directly derived from current DHS microdata.
tz-morogoro,longitude,MODEL_INPUT,pre_hybrid_phase_2_1/territorial_demographics.csv,retained structured model input,37.6591,37.6591,identity,Not directly derived from current DHS microdata.
tz-morogoro,population,MODEL_INPUT,pre_hybrid_phase_2_1/territorial_demographics.csv,retained structured model input,710000,710000,identity,Not directly derived from current DHS microdata.
tz-morogoro,annual_births,MODEL_INPUT,pre_hybrid_phase_2_1/territorial_demographics.csv,retained structured model input,25900,25900,identity,Not directly derived from current DHS microdata.
tz-morogoro,baseline_mmr,EMPIRICALLY_ANCHORED,data/mortality/MDG_0000000026.csv,annual-birth-weighted national multiplicative anchoring,508.00,271.069022207,territory_mmr * (WHO national MMR / prior annual-birth-weighted country MMR),"WHO national MMR estimate for Tanzania, 2023: 276 [192-429]. Not a territory-level observation."
ug-gulu,territory_name,MODEL_INPUT,pre_hybrid_phase_2_1/territorial_demographics.csv,retained structured model input,Gulu District,Gulu District,identity,Not directly derived from current DHS microdata.
ug-gulu,country,MODEL_INPUT,pre_hybrid_phase_2_1/territorial_demographics.csv,retained structured model input,Uganda,Uganda,identity,Not directly derived from current DHS microdata.
ug-gulu,region,MODEL_INPUT,pre_hybrid_phase_2_1/territorial_demographics.csv,retained structured model input,Northern Acholi,Northern Acholi,identity,Not directly derived from current DHS microdata.
ug-gulu,latitude,MODEL_INPUT,pre_hybrid_phase_2_1/territorial_demographics.csv,retained structured model input,2.7747,2.7747,identity,Not directly derived from current DHS microdata.
ug-gulu,longitude,MODEL_INPUT,pre_hybrid_phase_2_1/territorial_demographics.csv,retained structured model input,32.2990,32.2990,identity,Not directly derived from current DHS microdata.
ug-gulu,population,MODEL_INPUT,pre_hybrid_phase_2_1/territorial_demographics.csv,retained structured model input,460000,460000,identity,Not directly derived from current DHS microdata.
ug-gulu,annual_births,MODEL_INPUT,pre_hybrid_phase_2_1/territorial_demographics.csv,retained structured model input,18400,18400,identity,Not directly derived from current DHS microdata.
ug-gulu,baseline_mmr,EMPIRICALLY_ANCHORED,data/mortality/MDG_0000000026.csv,annual-birth-weighted national multiplicative anchoring,440.00,166.260292355,territory_mmr * (WHO national MMR / prior annual-birth-weighted country MMR),"WHO national MMR estimate for Uganda, 2023: 170 [116-298]. Not a territory-level observation."
ug-arua,territory_name,MODEL_INPUT,pre_hybrid_phase_2_1/territorial_demographics.csv,retained structured model input,Arua District,Arua District,identity,Not directly derived from current DHS microdata.
ug-arua,country,MODEL_INPUT,pre_hybrid_phase_2_1/territorial_demographics.csv,retained structured model input,Uganda,Uganda,identity,Not directly derived from current DHS microdata.
ug-arua,region,MODEL_INPUT,pre_hybrid_phase_2_1/territorial_demographics.csv,retained structured model input,West Nile,West Nile,identity,Not directly derived from current DHS microdata.
ug-arua,latitude,MODEL_INPUT,pre_hybrid_phase_2_1/territorial_demographics.csv,retained structured model input,3.0303,3.0303,identity,Not directly derived from current DHS microdata.
ug-arua,longitude,MODEL_INPUT,pre_hybrid_phase_2_1/territorial_demographics.csv,retained structured model input,30.9073,30.9073,identity,Not directly derived from current DHS microdata.
ug-arua,population,MODEL_INPUT,pre_hybrid_phase_2_1/territorial_demographics.csv,retained structured model input,580000,580000,identity,Not directly derived from current DHS microdata.
ug-arua,annual_births,MODEL_INPUT,pre_hybrid_phase_2_1/territorial_demographics.csv,retained structured model input,23200,23200,identity,Not directly derived from current DHS microdata.
ug-arua,baseline_mmr,EMPIRICALLY_ANCHORED,data/mortality/MDG_0000000026.csv,annual-birth-weighted national multiplicative anchoring,512.00,193.466522014,territory_mmr * (WHO national MMR / prior annual-birth-weighted country MMR),"WHO national MMR estimate for Uganda, 2023: 170 [116-298]. Not a territory-level observation."
ug-moroto,territory_name,MODEL_INPUT,pre_hybrid_phase_2_1/territorial_demographics.csv,retained structured model input,Moroto District (Karamoja),Moroto District (Karamoja),identity,Not directly derived from current DHS microdata.
ug-moroto,country,MODEL_INPUT,pre_hybrid_phase_2_1/territorial_demographics.csv,retained structured model input,Uganda,Uganda,identity,Not directly derived from current DHS microdata.
ug-moroto,region,MODEL_INPUT,pre_hybrid_phase_2_1/territorial_demographics.csv,retained structured model input,Karamoja,Karamoja,identity,Not directly derived from current DHS microdata.
ug-moroto,latitude,MODEL_INPUT,pre_hybrid_phase_2_1/territorial_demographics.csv,retained structured model input,2.5345,2.5345,identity,Not directly derived from current DHS microdata.
ug-moroto,longitude,MODEL_INPUT,pre_hybrid_phase_2_1/territorial_demographics.csv,retained structured model input,34.6666,34.6666,identity,Not directly derived from current DHS microdata.
ug-moroto,population,MODEL_INPUT,pre_hybrid_phase_2_1/territorial_demographics.csv,retained structured model input,135000,135000,identity,Not directly derived from current DHS microdata.
ug-moroto,annual_births,MODEL_INPUT,pre_hybrid_phase_2_1/territorial_demographics.csv,retained structured model input,5800,5800,identity,Not directly derived from current DHS microdata.
ug-moroto,baseline_mmr,EMPIRICALLY_ANCHORED,data/mortality/MDG_0000000026.csv,annual-birth-weighted national multiplicative anchoring,690.00,260.726367557,territory_mmr * (WHO national MMR / prior annual-birth-weighted country MMR),"WHO national MMR estimate for Uganda, 2023: 170 [116-298]. Not a territory-level observation."
ug-jinja,territory_name,MODEL_INPUT,pre_hybrid_phase_2_1/territorial_demographics.csv,retained structured model input,Jinja District,Jinja District,identity,Not directly derived from current DHS microdata.
ug-jinja,country,MODEL_INPUT,pre_hybrid_phase_2_1/territorial_demographics.csv,retained structured model input,Uganda,Uganda,identity,Not directly derived from current DHS microdata.
ug-jinja,region,MODEL_INPUT,pre_hybrid_phase_2_1/territorial_demographics.csv,retained structured model input,Eastern Busoga,Eastern Busoga,identity,Not directly derived from current DHS microdata.
ug-jinja,latitude,MODEL_INPUT,pre_hybrid_phase_2_1/territorial_demographics.csv,retained structured model input,0.4479,0.4479,identity,Not directly derived from current DHS microdata.
ug-jinja,longitude,MODEL_INPUT,pre_hybrid_phase_2_1/territorial_demographics.csv,retained structured model input,33.2026,33.2026,identity,Not directly derived from current DHS microdata.
ug-jinja,population,MODEL_INPUT,pre_hybrid_phase_2_1/territorial_demographics.csv,retained structured model input,520000,520000,identity,Not directly derived from current DHS microdata.
ug-jinja,annual_births,MODEL_INPUT,pre_hybrid_phase_2_1/territorial_demographics.csv,retained structured model input,19800,19800,identity,Not directly derived from current DHS microdata.
ug-jinja,baseline_mmr,EMPIRICALLY_ANCHORED,data/mortality/MDG_0000000026.csv,annual-birth-weighted national multiplicative anchoring,388.00,146.611348713,territory_mmr * (WHO national MMR / prior annual-birth-weighted country MMR),"WHO national MMR estimate for Uganda, 2023: 170 [116-298]. Not a territory-level observation."
ug-mbarara,territory_name,MODEL_INPUT,pre_hybrid_phase_2_1/territorial_demographics.csv,retained structured model input,Mbarara District,Mbarara District,identity,Not directly derived from current DHS microdata.
ug-mbarara,country,MODEL_INPUT,pre_hybrid_phase_2_1/territorial_demographics.csv,retained structured model input,Uganda,Uganda,identity,Not directly derived from current DHS microdata.
ug-mbarara,region,MODEL_INPUT,pre_hybrid_phase_2_1/territorial_demographics.csv,retained structured model input,Western Ankole,Western Ankole,identity,Not directly derived from current DHS microdata.
ug-mbarara,latitude,MODEL_INPUT,pre_hybrid_phase_2_1/territorial_demographics.csv,retained structured model input,-0.6072,-0.6072,identity,Not directly derived from current DHS microdata.
ug-mbarara,longitude,MODEL_INPUT,pre_hybrid_phase_2_1/territorial_demographics.csv,retained structured model input,30.6545,30.6545,identity,Not directly derived from current DHS microdata.
ug-mbarara,population,MODEL_INPUT,pre_hybrid_phase_2_1/territorial_demographics.csv,retained structured model input,490000,490000,identity,Not directly derived from current DHS microdata.
ug-mbarara,annual_births,MODEL_INPUT,pre_hybrid_phase_2_1/territorial_demographics.csv,retained structured model input,18100,18100,identity,Not directly derived from current DHS microdata.
ug-mbarara,baseline_mmr,EMPIRICALLY_ANCHORED,data/mortality/MDG_0000000026.csv,annual-birth-weighted national multiplicative anchoring,375.00,141.699112803,territory_mmr * (WHO national MMR / prior annual-birth-weighted country MMR),"WHO national MMR estimate for Uganda, 2023: 170 [116-298]. Not a territory-level observation."
gh-northern,territory_name,MODEL_INPUT,pre_hybrid_phase_2_1/territorial_demographics.csv,retained structured model input,Tamale Metro & Sagnarigu,Tamale Metro & Sagnarigu,identity,Not directly derived from current DHS microdata.
gh-northern,country,MODEL_INPUT,pre_hybrid_phase_2_1/territorial_demographics.csv,retained structured model input,Ghana,Ghana,identity,Not directly derived from current DHS microdata.
gh-northern,region,MODEL_INPUT,pre_hybrid_phase_2_1/territorial_demographics.csv,retained structured model input,Northern,Northern,identity,Not directly derived from current DHS microdata.
gh-northern,latitude,MODEL_INPUT,pre_hybrid_phase_2_1/territorial_demographics.csv,retained structured model input,9.4008,9.4008,identity,Not directly derived from current DHS microdata.
gh-northern,longitude,MODEL_INPUT,pre_hybrid_phase_2_1/territorial_demographics.csv,retained structured model input,-0.8393,-0.8393,identity,Not directly derived from current DHS microdata.
gh-northern,population,MODEL_INPUT,pre_hybrid_phase_2_1/territorial_demographics.csv,retained structured model input,620000,620000,identity,Not directly derived from current DHS microdata.
gh-northern,annual_births,MODEL_INPUT,pre_hybrid_phase_2_1/territorial_demographics.csv,retained structured model input,21000,21000,identity,Not directly derived from current DHS microdata.
gh-northern,baseline_mmr,EMPIRICALLY_ANCHORED,data/mortality/MDG_0000000026.csv,annual-birth-weighted national multiplicative anchoring,420.00,324.012647997,territory_mmr * (WHO national MMR / prior annual-birth-weighted country MMR),"WHO national MMR estimate for Ghana, 2023: 234 [155-344]. Not a territory-level observation."
gh-upper-east,territory_name,MODEL_INPUT,pre_hybrid_phase_2_1/territorial_demographics.csv,retained structured model input,Bolgatanga & Bongo,Bolgatanga & Bongo,identity,Not directly derived from current DHS microdata.
gh-upper-east,country,MODEL_INPUT,pre_hybrid_phase_2_1/territorial_demographics.csv,retained structured model input,Ghana,Ghana,identity,Not directly derived from current DHS microdata.
gh-upper-east,region,MODEL_INPUT,pre_hybrid_phase_2_1/territorial_demographics.csv,retained structured model input,Upper East,Upper East,identity,Not directly derived from current DHS microdata.
gh-upper-east,latitude,MODEL_INPUT,pre_hybrid_phase_2_1/territorial_demographics.csv,retained structured model input,10.7856,10.7856,identity,Not directly derived from current DHS microdata.
gh-upper-east,longitude,MODEL_INPUT,pre_hybrid_phase_2_1/territorial_demographics.csv,retained structured model input,-0.8514,-0.8514,identity,Not directly derived from current DHS microdata.
gh-upper-east,population,MODEL_INPUT,pre_hybrid_phase_2_1/territorial_demographics.csv,retained structured model input,410000,410000,identity,Not directly derived from current DHS microdata.
gh-upper-east,annual_births,MODEL_INPUT,pre_hybrid_phase_2_1/territorial_demographics.csv,retained structured model input,13900,13900,identity,Not directly derived from current DHS microdata.
gh-upper-east,baseline_mmr,EMPIRICALLY_ANCHORED,data/mortality/MDG_0000000026.csv,annual-birth-weighted national multiplicative anchoring,448.00,345.613491197,territory_mmr * (WHO national MMR / prior annual-birth-weighted country MMR),"WHO national MMR estimate for Ghana, 2023: 234 [155-344]. Not a territory-level observation."
gh-volta,territory_name,MODEL_INPUT,pre_hybrid_phase_2_1/territorial_demographics.csv,retained structured model input,Ho Municipal & Central,Ho Municipal & Central,identity,Not directly derived from current DHS microdata.
gh-volta,country,MODEL_INPUT,pre_hybrid_phase_2_1/territorial_demographics.csv,retained structured model input,Ghana,Ghana,identity,Not directly derived from current DHS microdata.
gh-volta,region,MODEL_INPUT,pre_hybrid_phase_2_1/territorial_demographics.csv,retained structured model input,Volta,Volta,identity,Not directly derived from current DHS microdata.
gh-volta,latitude,MODEL_INPUT,pre_hybrid_phase_2_1/territorial_demographics.csv,retained structured model input,6.6108,6.6108,identity,Not directly derived from current DHS microdata.
gh-volta,longitude,MODEL_INPUT,pre_hybrid_phase_2_1/territorial_demographics.csv,retained structured model input,0.4786,0.4786,identity,Not directly derived from current DHS microdata.
gh-volta,population,MODEL_INPUT,pre_hybrid_phase_2_1/territorial_demographics.csv,retained structured model input,360000,360000,identity,Not directly derived from current DHS microdata.
gh-volta,annual_births,MODEL_INPUT,pre_hybrid_phase_2_1/territorial_demographics.csv,retained structured model input,11200,11200,identity,Not directly derived from current DHS microdata.
gh-volta,baseline_mmr,EMPIRICALLY_ANCHORED,data/mortality/MDG_0000000026.csv,annual-birth-weighted national multiplicative anchoring,355.00,273.867833426,territory_mmr * (WHO national MMR / prior annual-birth-weighted country MMR),"WHO national MMR estimate for Ghana, 2023: 234 [155-344]. Not a territory-level observation."
gh-ashanti,territory_name,MODEL_INPUT,pre_hybrid_phase_2_1/territorial_demographics.csv,retained structured model input,Kumasi Metro,Kumasi Metro,identity,Not directly derived from current DHS microdata.
gh-ashanti,country,MODEL_INPUT,pre_hybrid_phase_2_1/territorial_demographics.csv,retained structured model input,Ghana,Ghana,identity,Not directly derived from current DHS microdata.
gh-ashanti,region,MODEL_INPUT,pre_hybrid_phase_2_1/territorial_demographics.csv,retained structured model input,Ashanti,Ashanti,identity,Not directly derived from current DHS microdata.
gh-ashanti,latitude,MODEL_INPUT,pre_hybrid_phase_2_1/territorial_demographics.csv,retained structured model input,6.6885,6.6885,identity,Not directly derived from current DHS microdata.
gh-ashanti,longitude,MODEL_INPUT,pre_hybrid_phase_2_1/territorial_demographics.csv,retained structured model input,-1.6244,-1.6244,identity,Not directly derived from current DHS microdata.
gh-ashanti,population,MODEL_INPUT,pre_hybrid_phase_2_1/territorial_demographics.csv,retained structured model input,2800000,2800000,identity,Not directly derived from current DHS microdata.
gh-ashanti,annual_births,MODEL_INPUT,pre_hybrid_phase_2_1/territorial_demographics.csv,retained structured model input,84000,84000,identity,Not directly derived from current DHS microdata.
gh-ashanti,baseline_mmr,EMPIRICALLY_ANCHORED,data/mortality/MDG_0000000026.csv,annual-birth-weighted national multiplicative anchoring,295.00,227.580312284,territory_mmr * (WHO national MMR / prior annual-birth-weighted country MMR),"WHO national MMR estimate for Ghana, 2023: 234 [155-344]. Not a territory-level observation."
gh-accra,territory_name,MODEL_INPUT,pre_hybrid_phase_2_1/territorial_demographics.csv,retained structured model input,Greater Accra East,Greater Accra East,identity,Not directly derived from current DHS microdata.
gh-accra,country,MODEL_INPUT,pre_hybrid_phase_2_1/territorial_demographics.csv,retained structured model input,Ghana,Ghana,identity,Not directly derived from current DHS microdata.
gh-accra,region,MODEL_INPUT,pre_hybrid_phase_2_1/territorial_demographics.csv,retained structured model input,Greater Accra,Greater Accra,identity,Not directly derived from current DHS microdata.
gh-accra,latitude,MODEL_INPUT,pre_hybrid_phase_2_1/territorial_demographics.csv,retained structured model input,5.6037,5.6037,identity,Not directly derived from current DHS microdata.
gh-accra,longitude,MODEL_INPUT,pre_hybrid_phase_2_1/territorial_demographics.csv,retained structured model input,-0.1870,-0.1870,identity,Not directly derived from current DHS microdata.
gh-accra,population,MODEL_INPUT,pre_hybrid_phase_2_1/territorial_demographics.csv,retained structured model input,3400000,3400000,identity,Not directly derived from current DHS microdata.
gh-accra,annual_births,MODEL_INPUT,pre_hybrid_phase_2_1/territorial_demographics.csv,retained structured model input,98000,98000,identity,Not directly derived from current DHS microdata.
gh-accra,baseline_mmr,EMPIRICALLY_ANCHORED,data/mortality/MDG_0000000026.csv,annual-birth-weighted national multiplicative anchoring,260.00,200.579258284,territory_mmr * (WHO national MMR / prior annual-birth-weighted country MMR),"WHO national MMR estimate for Ghana, 2023: 234 [155-344]. Not a territory-level observation."
et-somali,territory_name,MODEL_INPUT,pre_hybrid_phase_2_1/territorial_demographics.csv,retained structured model input,Jigjiga Zone & Godey,Jigjiga Zone & Godey,identity,Not directly derived from current DHS microdata.
et-somali,country,MODEL_INPUT,pre_hybrid_phase_2_1/territorial_demographics.csv,retained structured model input,Ethiopia,Ethiopia,identity,Not directly derived from current DHS microdata.
et-somali,region,MODEL_INPUT,pre_hybrid_phase_2_1/territorial_demographics.csv,retained structured model input,Somali,Somali,identity,Not directly derived from current DHS microdata.
et-somali,latitude,MODEL_INPUT,pre_hybrid_phase_2_1/territorial_demographics.csv,retained structured model input,9.3533,9.3533,identity,Not directly derived from current DHS microdata.
et-somali,longitude,MODEL_INPUT,pre_hybrid_phase_2_1/territorial_demographics.csv,retained structured model input,42.7950,42.7950,identity,Not directly derived from current DHS microdata.
et-somali,population,MODEL_INPUT,pre_hybrid_phase_2_1/territorial_demographics.csv,retained structured model input,1100000,1100000,identity,Not directly derived from current DHS microdata.
et-somali,annual_births,MODEL_INPUT,pre_hybrid_phase_2_1/territorial_demographics.csv,retained structured model input,41800,41800,identity,Not directly derived from current DHS microdata.
et-somali,baseline_mmr,EMPIRICALLY_ANCHORED,data/mortality/MDG_0000000026.csv,annual-birth-weighted national multiplicative anchoring,685.00,252.135856279,territory_mmr * (WHO national MMR / prior annual-birth-weighted country MMR),"WHO national MMR estimate for Ethiopia, 2023: 195 [128-332]. Not a territory-level observation."
et-afar,territory_name,MODEL_INPUT,pre_hybrid_phase_2_1/territorial_demographics.csv,retained structured model input,Awash & Semera Zone,Awash & Semera Zone,identity,Not directly derived from current DHS microdata.
et-afar,country,MODEL_INPUT,pre_hybrid_phase_2_1/territorial_demographics.csv,retained structured model input,Ethiopia,Ethiopia,identity,Not directly derived from current DHS microdata.
et-afar,region,MODEL_INPUT,pre_hybrid_phase_2_1/territorial_demographics.csv,retained structured model input,Afar,Afar,identity,Not directly derived from current DHS microdata.
et-afar,latitude,MODEL_INPUT,pre_hybrid_phase_2_1/territorial_demographics.csv,retained structured model input,11.7925,11.7925,identity,Not directly derived from current DHS microdata.
et-afar,longitude,MODEL_INPUT,pre_hybrid_phase_2_1/territorial_demographics.csv,retained structured model input,41.0089,41.0089,identity,Not directly derived from current DHS microdata.
et-afar,population,MODEL_INPUT,pre_hybrid_phase_2_1/territorial_demographics.csv,retained structured model input,620000,620000,identity,Not directly derived from current DHS microdata.
et-afar,annual_births,MODEL_INPUT,pre_hybrid_phase_2_1/territorial_demographics.csv,retained structured model input,23500,23500,identity,Not directly derived from current DHS microdata.
et-afar,baseline_mmr,EMPIRICALLY_ANCHORED,data/mortality/MDG_0000000026.csv,annual-birth-weighted national multiplicative anchoring,710.00,261.337894829,territory_mmr * (WHO national MMR / prior annual-birth-weighted country MMR),"WHO national MMR estimate for Ethiopia, 2023: 195 [128-332]. Not a territory-level observation."
et-oromia,territory_name,MODEL_INPUT,pre_hybrid_phase_2_1/territorial_demographics.csv,retained structured model input,East Shewa (Adama),East Shewa (Adama),identity,Not directly derived from current DHS microdata.
et-oromia,country,MODEL_INPUT,pre_hybrid_phase_2_1/territorial_demographics.csv,retained structured model input,Ethiopia,Ethiopia,identity,Not directly derived from current DHS microdata.
et-oromia,region,MODEL_INPUT,pre_hybrid_phase_2_1/territorial_demographics.csv,retained structured model input,Oromia,Oromia,identity,Not directly derived from current DHS microdata.
et-oromia,latitude,MODEL_INPUT,pre_hybrid_phase_2_1/territorial_demographics.csv,retained structured model input,8.5414,8.5414,identity,Not directly derived from current DHS microdata.
et-oromia,longitude,MODEL_INPUT,pre_hybrid_phase_2_1/territorial_demographics.csv,retained structured model input,39.2689,39.2689,identity,Not directly derived from current DHS microdata.
et-oromia,population,MODEL_INPUT,pre_hybrid_phase_2_1/territorial_demographics.csv,retained structured model input,1750000,1750000,identity,Not directly derived from current DHS microdata.
et-oromia,annual_births,MODEL_INPUT,pre_hybrid_phase_2_1/territorial_demographics.csv,retained structured model input,57700,57700,identity,Not directly derived from current DHS microdata.
et-oromia,baseline_mmr,EMPIRICALLY_ANCHORED,data/mortality/MDG_0000000026.csv,annual-birth-weighted national multiplicative anchoring,430.00,158.275063066,territory_mmr * (WHO national MMR / prior annual-birth-weighted country MMR),"WHO national MMR estimate for Ethiopia, 2023: 195 [128-332]. Not a territory-level observation."
et-amhara,territory_name,MODEL_INPUT,pre_hybrid_phase_2_1/territorial_demographics.csv,retained structured model input,West Gojjam (Bahir Dar),West Gojjam (Bahir Dar),identity,Not directly derived from current DHS microdata.
et-amhara,country,MODEL_INPUT,pre_hybrid_phase_2_1/territorial_demographics.csv,retained structured model input,Ethiopia,Ethiopia,identity,Not directly derived from current DHS microdata.
et-amhara,region,MODEL_INPUT,pre_hybrid_phase_2_1/territorial_demographics.csv,retained structured model input,Amhara,Amhara,identity,Not directly derived from current DHS microdata.
et-amhara,latitude,MODEL_INPUT,pre_hybrid_phase_2_1/territorial_demographics.csv,retained structured model input,11.5936,11.5936,identity,Not directly derived from current DHS microdata.
et-amhara,longitude,MODEL_INPUT,pre_hybrid_phase_2_1/territorial_demographics.csv,retained structured model input,37.3908,37.3908,identity,Not directly derived from current DHS microdata.
et-amhara,population,MODEL_INPUT,pre_hybrid_phase_2_1/territorial_demographics.csv,retained structured model input,1600000,1600000,identity,Not directly derived from current DHS microdata.
et-amhara,annual_births,MODEL_INPUT,pre_hybrid_phase_2_1/territorial_demographics.csv,retained structured model input,51200,51200,identity,Not directly derived from current DHS microdata.
et-amhara,baseline_mmr,EMPIRICALLY_ANCHORED,data/mortality/MDG_0000000026.csv,annual-birth-weighted national multiplicative anchoring,455.00,167.477101616,territory_mmr * (WHO national MMR / prior annual-birth-weighted country MMR),"WHO national MMR estimate for Ethiopia, 2023: 195 [128-332]. Not a territory-level observation."
et-tigray,territory_name,MODEL_INPUT,pre_hybrid_phase_2_1/territorial_demographics.csv,retained structured model input,Central Tigray (Mekelle),Central Tigray (Mekelle),identity,Not directly derived from current DHS microdata.
et-tigray,country,MODEL_INPUT,pre_hybrid_phase_2_1/territorial_demographics.csv,retained structured model input,Ethiopia,Ethiopia,identity,Not directly derived from current DHS microdata.
et-tigray,region,MODEL_INPUT,pre_hybrid_phase_2_1/territorial_demographics.csv,retained structured model input,Tigray,Tigray,identity,Not directly derived from current DHS microdata.
et-tigray,latitude,MODEL_INPUT,pre_hybrid_phase_2_1/territorial_demographics.csv,retained structured model input,13.4967,13.4967,identity,Not directly derived from current DHS microdata.
et-tigray,longitude,MODEL_INPUT,pre_hybrid_phase_2_1/territorial_demographics.csv,retained structured model input,39.4767,39.4767,identity,Not directly derived from current DHS microdata.
et-tigray,population,MODEL_INPUT,pre_hybrid_phase_2_1/territorial_demographics.csv,retained structured model input,950000,950000,identity,Not directly derived from current DHS microdata.
et-tigray,annual_births,MODEL_INPUT,pre_hybrid_phase_2_1/territorial_demographics.csv,retained structured model input,29500,29500,identity,Not directly derived from current DHS microdata.
et-tigray,baseline_mmr,EMPIRICALLY_ANCHORED,data/mortality/MDG_0000000026.csv,annual-birth-weighted national multiplicative anchoring,490.00,180.359955587,territory_mmr * (WHO national MMR / prior annual-birth-weighted country MMR),"WHO national MMR estimate for Ethiopia, 2023: 195 [128-332]. Not a territory-level observation."
ke-garissa,poverty_rate,MODEL_INPUT,pre_hybrid_phase_2_1/maternal_health_context.csv,retained structured model input,0.655,0.655,identity,Not directly derived from current DHS microdata.
ke-turkana,poverty_rate,MODEL_INPUT,pre_hybrid_phase_2_1/maternal_health_context.csv,retained structured model input,0.794,0.794,identity,Not directly derived from current DHS microdata.
ke-kilifi,poverty_rate,MODEL_INPUT,pre_hybrid_phase_2_1/maternal_health_context.csv,retained structured model input,0.542,0.542,identity,Not directly derived from current DHS microdata.
ke-kisumu,poverty_rate,MODEL_INPUT,pre_hybrid_phase_2_1/maternal_health_context.csv,retained structured model input,0.39799999999999996,0.39799999999999996,identity,Not directly derived from current DHS microdata.
ke-kakamega,poverty_rate,MODEL_INPUT,pre_hybrid_phase_2_1/maternal_health_context.csv,retained structured model input,0.49200000000000005,0.49200000000000005,identity,Not directly derived from current DHS microdata.
tz-mwanza,poverty_rate,MODEL_INPUT,pre_hybrid_phase_2_1/maternal_health_context.csv,retained structured model input,0.48,0.48,identity,Not directly derived from current DHS microdata.
tz-kigoma,poverty_rate,MODEL_INPUT,pre_hybrid_phase_2_1/maternal_health_context.csv,retained structured model input,0.586,0.586,identity,Not directly derived from current DHS microdata.
tz-dodoma,poverty_rate,MODEL_INPUT,pre_hybrid_phase_2_1/maternal_health_context.csv,retained structured model input,0.365,0.365,identity,Not directly derived from current DHS microdata.
tz-arusha,poverty_rate,MODEL_INPUT,pre_hybrid_phase_2_1/maternal_health_context.csv,retained structured model input,0.41200000000000003,0.41200000000000003,identity,Not directly derived from current DHS microdata.
tz-morogoro,poverty_rate,MODEL_INPUT,pre_hybrid_phase_2_1/maternal_health_context.csv,retained structured model input,0.465,0.465,identity,Not directly derived from current DHS microdata.
ug-gulu,poverty_rate,MODEL_INPUT,pre_hybrid_phase_2_1/maternal_health_context.csv,retained structured model input,0.47,0.47,identity,Not directly derived from current DHS microdata.
ug-arua,poverty_rate,MODEL_INPUT,pre_hybrid_phase_2_1/maternal_health_context.csv,retained structured model input,0.55,0.55,identity,Not directly derived from current DHS microdata.
ug-moroto,poverty_rate,MODEL_INPUT,pre_hybrid_phase_2_1/maternal_health_context.csv,retained structured model input,0.742,0.742,identity,Not directly derived from current DHS microdata.
ug-jinja,poverty_rate,MODEL_INPUT,pre_hybrid_phase_2_1/maternal_health_context.csv,retained structured model input,0.31,0.31,identity,Not directly derived from current DHS microdata.
ug-mbarara,poverty_rate,MODEL_INPUT,pre_hybrid_phase_2_1/maternal_health_context.csv,retained structured model input,0.285,0.285,identity,Not directly derived from current DHS microdata.
gh-northern,poverty_rate,MODEL_INPUT,pre_hybrid_phase_2_1/maternal_health_context.csv,retained structured model input,0.38,0.38,identity,Not directly derived from current DHS microdata.
gh-upper-east,poverty_rate,MODEL_INPUT,pre_hybrid_phase_2_1/maternal_health_context.csv,retained structured model input,0.445,0.445,identity,Not directly derived from current DHS microdata.
gh-volta,poverty_rate,MODEL_INPUT,pre_hybrid_phase_2_1/maternal_health_context.csv,retained structured model input,0.26,0.26,identity,Not directly derived from current DHS microdata.
gh-ashanti,poverty_rate,MODEL_INPUT,pre_hybrid_phase_2_1/maternal_health_context.csv,retained structured model input,0.165,0.165,identity,Not directly derived from current DHS microdata.
gh-accra,poverty_rate,MODEL_INPUT,pre_hybrid_phase_2_1/maternal_health_context.csv,retained structured model input,0.12,0.12,identity,Not directly derived from current DHS microdata.
et-somali,poverty_rate,MODEL_INPUT,pre_hybrid_phase_2_1/maternal_health_context.csv,retained structured model input,0.62,0.62,identity,Not directly derived from current DHS microdata.
et-afar,poverty_rate,MODEL_INPUT,pre_hybrid_phase_2_1/maternal_health_context.csv,retained structured model input,0.68,0.68,identity,Not directly derived from current DHS microdata.
et-oromia,poverty_rate,MODEL_INPUT,pre_hybrid_phase_2_1/maternal_health_context.csv,retained structured model input,0.34,0.34,identity,Not directly derived from current DHS microdata.
et-amhara,poverty_rate,MODEL_INPUT,pre_hybrid_phase_2_1/maternal_health_context.csv,retained structured model input,0.385,0.385,identity,Not directly derived from current DHS microdata.
et-tigray,poverty_rate,MODEL_INPUT,pre_hybrid_phase_2_1/maternal_health_context.csv,retained structured model input,0.46,0.46,identity,Not directly derived from current DHS microdata.
ke-garissa,skilled_staff_per_10k,MODEL_INPUT,pre_hybrid_phase_2_1/health_system_capacity.csv,retained structured model input,1.10,1.10,identity,Not directly derived from current DHS microdata.
ke-garissa,blood_availability,SPA_NATIONAL_PROXY,data/clinical/spa_country_indicators.csv,country aggregate assigned identically to five modeled territories,0.42,0.14,"country lookup, no territorial estimation",KSPA 2010; Table A-6.36; p.222; 2010-2010; universe: Delivery facilities; denominator: All normal delivery facilities; None
ke-garissa,essential_drugs_availability,SPA_NATIONAL_PROXY,data/clinical/spa_country_indicators.csv,country aggregate assigned identically to five modeled territories,0.68,0.71,"country lookup, no territorial estimation",KSPA 2010; Table A-6.35; p.115; 2010-2010; universe: Delivery facilities; denominator: All normal delivery facilities; None
ke-garissa,health_facilities_count,MODEL_INPUT,pre_hybrid_phase_2_1/health_system_capacity.csv,retained structured model input,50,50,identity,Not directly derived from current DHS microdata.
ke-turkana,skilled_staff_per_10k,MODEL_INPUT,pre_hybrid_phase_2_1/health_system_capacity.csv,retained structured model input,0.80,0.80,identity,Not directly derived from current DHS microdata.
ke-turkana,blood_availability,SPA_NATIONAL_PROXY,data/clinical/spa_country_indicators.csv,country aggregate assigned identically to five modeled territories,0.35,0.14,"country lookup, no territorial estimation",KSPA 2010; Table A-6.36; p.222; 2010-2010; universe: Delivery facilities; denominator: All normal delivery facilities; None
ke-turkana,essential_drugs_availability,SPA_NATIONAL_PROXY,data/clinical/spa_country_indicators.csv,country aggregate assigned identically to five modeled territories,0.54,0.71,"country lookup, no territorial estimation",KSPA 2010; Table A-6.35; p.115; 2010-2010; universe: Delivery facilities; denominator: All normal delivery facilities; None
ke-turkana,health_facilities_count,MODEL_INPUT,pre_hybrid_phase_2_1/health_system_capacity.csv,retained structured model input,50,50,identity,Not directly derived from current DHS microdata.
ke-kilifi,skilled_staff_per_10k,MODEL_INPUT,pre_hybrid_phase_2_1/health_system_capacity.csv,retained structured model input,1.60,1.60,identity,Not directly derived from current DHS microdata.
ke-kilifi,blood_availability,SPA_NATIONAL_PROXY,data/clinical/spa_country_indicators.csv,country aggregate assigned identically to five modeled territories,0.61,0.14,"country lookup, no territorial estimation",KSPA 2010; Table A-6.36; p.222; 2010-2010; universe: Delivery facilities; denominator: All normal delivery facilities; None
ke-kilifi,essential_drugs_availability,SPA_NATIONAL_PROXY,data/clinical/spa_country_indicators.csv,country aggregate assigned identically to five modeled territories,0.76,0.71,"country lookup, no territorial estimation",KSPA 2010; Table A-6.35; p.115; 2010-2010; universe: Delivery facilities; denominator: All normal delivery facilities; None
ke-kilifi,health_facilities_count,MODEL_INPUT,pre_hybrid_phase_2_1/health_system_capacity.csv,retained structured model input,50,50,identity,Not directly derived from current DHS microdata.
ke-kisumu,skilled_staff_per_10k,MODEL_INPUT,pre_hybrid_phase_2_1/health_system_capacity.csv,retained structured model input,2.30,2.30,identity,Not directly derived from current DHS microdata.
ke-kisumu,blood_availability,SPA_NATIONAL_PROXY,data/clinical/spa_country_indicators.csv,country aggregate assigned identically to five modeled territories,0.72,0.14,"country lookup, no territorial estimation",KSPA 2010; Table A-6.36; p.222; 2010-2010; universe: Delivery facilities; denominator: All normal delivery facilities; None
ke-kisumu,essential_drugs_availability,SPA_NATIONAL_PROXY,data/clinical/spa_country_indicators.csv,country aggregate assigned identically to five modeled territories,0.81,0.71,"country lookup, no territorial estimation",KSPA 2010; Table A-6.35; p.115; 2010-2010; universe: Delivery facilities; denominator: All normal delivery facilities; None
ke-kisumu,health_facilities_count,MODEL_INPUT,pre_hybrid_phase_2_1/health_system_capacity.csv,retained structured model input,50,50,identity,Not directly derived from current DHS microdata.
ke-kakamega,skilled_staff_per_10k,MODEL_INPUT,pre_hybrid_phase_2_1/health_system_capacity.csv,retained structured model input,1.80,1.80,identity,Not directly derived from current DHS microdata.
ke-kakamega,blood_availability,SPA_NATIONAL_PROXY,data/clinical/spa_country_indicators.csv,country aggregate assigned identically to five modeled territories,0.58,0.14,"country lookup, no territorial estimation",KSPA 2010; Table A-6.36; p.222; 2010-2010; universe: Delivery facilities; denominator: All normal delivery facilities; None
ke-kakamega,essential_drugs_availability,SPA_NATIONAL_PROXY,data/clinical/spa_country_indicators.csv,country aggregate assigned identically to five modeled territories,0.74,0.71,"country lookup, no territorial estimation",KSPA 2010; Table A-6.35; p.115; 2010-2010; universe: Delivery facilities; denominator: All normal delivery facilities; None
ke-kakamega,health_facilities_count,MODEL_INPUT,pre_hybrid_phase_2_1/health_system_capacity.csv,retained structured model input,50,50,identity,Not directly derived from current DHS microdata.
tz-mwanza,skilled_staff_per_10k,MODEL_INPUT,pre_hybrid_phase_2_1/health_system_capacity.csv,retained structured model input,1.50,1.50,identity,Not directly derived from current DHS microdata.
tz-mwanza,blood_availability,SPA_NATIONAL_PROXY,data/clinical/spa_country_indicators.csv,country aggregate assigned identically to five modeled territories,0.52,0.05,"country lookup, no territorial estimation",TSPA 2014-15; Table 3.1; p.31; 2014-2015; universe: All facilities; denominator: All surveyed facilities; None
tz-mwanza,essential_drugs_availability,SPA_NATIONAL_PROXY,data/clinical/spa_country_indicators.csv,country aggregate assigned identically to five modeled territories,0.69,0.79,"country lookup, no territorial estimation",TSPA 2014-15; Table 7.3; p.139; 2014-2015; universe: Delivery facilities; denominator: All normal delivery facilities; None
tz-mwanza,health_facilities_count,MODEL_INPUT,pre_hybrid_phase_2_1/health_system_capacity.csv,retained structured model input,50,50,identity,Not directly derived from current DHS microdata.
tz-kigoma,skilled_staff_per_10k,MODEL_INPUT,pre_hybrid_phase_2_1/health_system_capacity.csv,retained structured model input,1.00,1.00,identity,Not directly derived from current DHS microdata.
tz-kigoma,blood_availability,SPA_NATIONAL_PROXY,data/clinical/spa_country_indicators.csv,country aggregate assigned identically to five modeled territories,0.38,0.05,"country lookup, no territorial estimation",TSPA 2014-15; Table 3.1; p.31; 2014-2015; universe: All facilities; denominator: All surveyed facilities; None
tz-kigoma,essential_drugs_availability,SPA_NATIONAL_PROXY,data/clinical/spa_country_indicators.csv,country aggregate assigned identically to five modeled territories,0.59,0.79,"country lookup, no territorial estimation",TSPA 2014-15; Table 7.3; p.139; 2014-2015; universe: Delivery facilities; denominator: All normal delivery facilities; None
tz-kigoma,health_facilities_count,MODEL_INPUT,pre_hybrid_phase_2_1/health_system_capacity.csv,retained structured model input,50,50,identity,Not directly derived from current DHS microdata.
tz-dodoma,skilled_staff_per_10k,MODEL_INPUT,pre_hybrid_phase_2_1/health_system_capacity.csv,retained structured model input,2.10,2.10,identity,Not directly derived from current DHS microdata.
tz-dodoma,blood_availability,SPA_NATIONAL_PROXY,data/clinical/spa_country_indicators.csv,country aggregate assigned identically to five modeled territories,0.68,0.05,"country lookup, no territorial estimation",TSPA 2014-15; Table 3.1; p.31; 2014-2015; universe: All facilities; denominator: All surveyed facilities; None
tz-dodoma,essential_drugs_availability,SPA_NATIONAL_PROXY,data/clinical/spa_country_indicators.csv,country aggregate assigned identically to five modeled territories,0.8,0.79,"country lookup, no territorial estimation",TSPA 2014-15; Table 7.3; p.139; 2014-2015; universe: Delivery facilities; denominator: All normal delivery facilities; None
tz-dodoma,health_facilities_count,MODEL_INPUT,pre_hybrid_phase_2_1/health_system_capacity.csv,retained structured model input,50,50,identity,Not directly derived from current DHS microdata.
tz-arusha,skilled_staff_per_10k,MODEL_INPUT,pre_hybrid_phase_2_1/health_system_capacity.csv,retained structured model input,1.90,1.90,identity,Not directly derived from current DHS microdata.
tz-arusha,blood_availability,SPA_NATIONAL_PROXY,data/clinical/spa_country_indicators.csv,country aggregate assigned identically to five modeled territories,0.64,0.05,"country lookup, no territorial estimation",TSPA 2014-15; Table 3.1; p.31; 2014-2015; universe: All facilities; denominator: All surveyed facilities; None
tz-arusha,essential_drugs_availability,SPA_NATIONAL_PROXY,data/clinical/spa_country_indicators.csv,country aggregate assigned identically to five modeled territories,0.78,0.79,"country lookup, no territorial estimation",TSPA 2014-15; Table 7.3; p.139; 2014-2015; universe: Delivery facilities; denominator: All normal delivery facilities; None
tz-arusha,health_facilities_count,MODEL_INPUT,pre_hybrid_phase_2_1/health_system_capacity.csv,retained structured model input,50,50,identity,Not directly derived from current DHS microdata.
tz-morogoro,skilled_staff_per_10k,MODEL_INPUT,pre_hybrid_phase_2_1/health_system_capacity.csv,retained structured model input,1.40,1.40,identity,Not directly derived from current DHS microdata.
tz-morogoro,blood_availability,SPA_NATIONAL_PROXY,data/clinical/spa_country_indicators.csv,country aggregate assigned identically to five modeled territories,0.49,0.05,"country lookup, no territorial estimation",TSPA 2014-15; Table 3.1; p.31; 2014-2015; universe: All facilities; denominator: All surveyed facilities; None
tz-morogoro,essential_drugs_availability,SPA_NATIONAL_PROXY,data/clinical/spa_country_indicators.csv,country aggregate assigned identically to five modeled territories,0.71,0.79,"country lookup, no territorial estimation",TSPA 2014-15; Table 7.3; p.139; 2014-2015; universe: Delivery facilities; denominator: All normal delivery facilities; None
tz-morogoro,health_facilities_count,MODEL_INPUT,pre_hybrid_phase_2_1/health_system_capacity.csv,retained structured model input,50,50,identity,Not directly derived from current DHS microdata.
ug-gulu,skilled_staff_per_10k,MODEL_INPUT,pre_hybrid_phase_2_1/health_system_capacity.csv,retained structured model input,2.00,2.00,identity,Not directly derived from current DHS microdata.
ug-gulu,blood_availability,SPA_NATIONAL_PROXY,data/clinical/spa_country_indicators.csv,country aggregate assigned identically to five modeled territories,0.67,0.15,"country lookup, no territorial estimation",USPA 2007; Table A-6.36.2; p.121; 2007-2007; universe: Hospitals HC-IVs and HC-IIIs offering delivery services; denominator: Hospitals HC-IVs and HC-IIIs offering delivery services; None
ug-gulu,essential_drugs_availability,SPA_NATIONAL_PROXY,data/clinical/spa_country_indicators.csv,country aggregate assigned identically to five modeled territories,0.79,0.73,"country lookup, no territorial estimation",USPA 2007; Figure 6.11; p.117; 2007-2007; universe: Delivery facilities; denominator: All normal delivery facilities; Used ergometrine proxy (oxytocin was 17%)
ug-gulu,health_facilities_count,MODEL_INPUT,pre_hybrid_phase_2_1/health_system_capacity.csv,retained structured model input,50,50,identity,Not directly derived from current DHS microdata.
ug-arua,skilled_staff_per_10k,MODEL_INPUT,pre_hybrid_phase_2_1/health_system_capacity.csv,retained structured model input,1.30,1.30,identity,Not directly derived from current DHS microdata.
ug-arua,blood_availability,SPA_NATIONAL_PROXY,data/clinical/spa_country_indicators.csv,country aggregate assigned identically to five modeled territories,0.46,0.15,"country lookup, no territorial estimation",USPA 2007; Table A-6.36.2; p.121; 2007-2007; universe: Hospitals HC-IVs and HC-IIIs offering delivery services; denominator: Hospitals HC-IVs and HC-IIIs offering delivery services; None
ug-arua,essential_drugs_availability,SPA_NATIONAL_PROXY,data/clinical/spa_country_indicators.csv,country aggregate assigned identically to five modeled territories,0.67,0.73,"country lookup, no territorial estimation",USPA 2007; Figure 6.11; p.117; 2007-2007; universe: Delivery facilities; denominator: All normal delivery facilities; Used ergometrine proxy (oxytocin was 17%)
ug-arua,health_facilities_count,MODEL_INPUT,pre_hybrid_phase_2_1/health_system_capacity.csv,retained structured model input,50,50,identity,Not directly derived from current DHS microdata.
ug-moroto,skilled_staff_per_10k,MODEL_INPUT,pre_hybrid_phase_2_1/health_system_capacity.csv,retained structured model input,0.90,0.90,identity,Not directly derived from current DHS microdata.
ug-moroto,blood_availability,SPA_NATIONAL_PROXY,data/clinical/spa_country_indicators.csv,country aggregate assigned identically to five modeled territories,0.32,0.15,"country lookup, no territorial estimation",USPA 2007; Table A-6.36.2; p.121; 2007-2007; universe: Hospitals HC-IVs and HC-IIIs offering delivery services; denominator: Hospitals HC-IVs and HC-IIIs offering delivery services; None
ug-moroto,essential_drugs_availability,SPA_NATIONAL_PROXY,data/clinical/spa_country_indicators.csv,country aggregate assigned identically to five modeled territories,0.51,0.73,"country lookup, no territorial estimation",USPA 2007; Figure 6.11; p.117; 2007-2007; universe: Delivery facilities; denominator: All normal delivery facilities; Used ergometrine proxy (oxytocin was 17%)
ug-moroto,health_facilities_count,MODEL_INPUT,pre_hybrid_phase_2_1/health_system_capacity.csv,retained structured model input,50,50,identity,Not directly derived from current DHS microdata.
ug-jinja,skilled_staff_per_10k,MODEL_INPUT,pre_hybrid_phase_2_1/health_system_capacity.csv,retained structured model input,2.60,2.60,identity,Not directly derived from current DHS microdata.
ug-jinja,blood_availability,SPA_NATIONAL_PROXY,data/clinical/spa_country_indicators.csv,country aggregate assigned identically to five modeled territories,0.78,0.15,"country lookup, no territorial estimation",USPA 2007; Table A-6.36.2; p.121; 2007-2007; universe: Hospitals HC-IVs and HC-IIIs offering delivery services; denominator: Hospitals HC-IVs and HC-IIIs offering delivery services; None
ug-jinja,essential_drugs_availability,SPA_NATIONAL_PROXY,data/clinical/spa_country_indicators.csv,country aggregate assigned identically to five modeled territories,0.85,0.73,"country lookup, no territorial estimation",USPA 2007; Figure 6.11; p.117; 2007-2007; universe: Delivery facilities; denominator: All normal delivery facilities; Used ergometrine proxy (oxytocin was 17%)
ug-jinja,health_facilities_count,MODEL_INPUT,pre_hybrid_phase_2_1/health_system_capacity.csv,retained structured model input,50,50,identity,Not directly derived from current DHS microdata.
ug-mbarara,skilled_staff_per_10k,MODEL_INPUT,pre_hybrid_phase_2_1/health_system_capacity.csv,retained structured model input,2.70,2.70,identity,Not directly derived from current DHS microdata.
ug-mbarara,blood_availability,SPA_NATIONAL_PROXY,data/clinical/spa_country_indicators.csv,country aggregate assigned identically to five modeled territories,0.81,0.15,"country lookup, no territorial estimation",USPA 2007; Table A-6.36.2; p.121; 2007-2007; universe: Hospitals HC-IVs and HC-IIIs offering delivery services; denominator: Hospitals HC-IVs and HC-IIIs offering delivery services; None
ug-mbarara,essential_drugs_availability,SPA_NATIONAL_PROXY,data/clinical/spa_country_indicators.csv,country aggregate assigned identically to five modeled territories,0.87,0.73,"country lookup, no territorial estimation",USPA 2007; Figure 6.11; p.117; 2007-2007; universe: Delivery facilities; denominator: All normal delivery facilities; Used ergometrine proxy (oxytocin was 17%)
ug-mbarara,health_facilities_count,MODEL_INPUT,pre_hybrid_phase_2_1/health_system_capacity.csv,retained structured model input,50,50,identity,Not directly derived from current DHS microdata.
gh-northern,skilled_staff_per_10k,MODEL_INPUT,pre_hybrid_phase_2_1/health_system_capacity.csv,retained structured model input,2.40,2.40,identity,Not directly derived from current DHS microdata.
gh-northern,blood_availability,SPA_NATIONAL_PROXY,data/clinical/spa_country_indicators.csv,country aggregate assigned identically to five modeled territories,0.75,0.15,"country lookup, no territorial estimation",GSPA 2002; Table A-6.18; p.100; 2002-2002; universe: Delivery facilities; denominator: All normal delivery facilities; None
gh-northern,essential_drugs_availability,SPA_NATIONAL_PROXY,data/clinical/spa_country_indicators.csv,country aggregate assigned identically to five modeled territories,0.83,0.92,"country lookup, no territorial estimation",GSPA 2002; Table A-6.17; p.98; 2002-2002; universe: Delivery facilities; denominator: All normal delivery facilities; None
gh-northern,health_facilities_count,MODEL_INPUT,pre_hybrid_phase_2_1/health_system_capacity.csv,retained structured model input,50,50,identity,Not directly derived from current DHS microdata.
gh-upper-east,skilled_staff_per_10k,MODEL_INPUT,pre_hybrid_phase_2_1/health_system_capacity.csv,retained structured model input,2.10,2.10,identity,Not directly derived from current DHS microdata.
gh-upper-east,blood_availability,SPA_NATIONAL_PROXY,data/clinical/spa_country_indicators.csv,country aggregate assigned identically to five modeled territories,0.69,0.15,"country lookup, no territorial estimation",GSPA 2002; Table A-6.18; p.100; 2002-2002; universe: Delivery facilities; denominator: All normal delivery facilities; None
gh-upper-east,essential_drugs_availability,SPA_NATIONAL_PROXY,data/clinical/spa_country_indicators.csv,country aggregate assigned identically to five modeled territories,0.79,0.92,"country lookup, no territorial estimation",GSPA 2002; Table A-6.17; p.98; 2002-2002; universe: Delivery facilities; denominator: All normal delivery facilities; None
gh-upper-east,health_facilities_count,MODEL_INPUT,pre_hybrid_phase_2_1/health_system_capacity.csv,retained structured model input,50,50,identity,Not directly derived from current DHS microdata.
gh-volta,skilled_staff_per_10k,MODEL_INPUT,pre_hybrid_phase_2_1/health_system_capacity.csv,retained structured model input,2.80,2.80,identity,Not directly derived from current DHS microdata.
gh-volta,blood_availability,SPA_NATIONAL_PROXY,data/clinical/spa_country_indicators.csv,country aggregate assigned identically to five modeled territories,0.82,0.15,"country lookup, no territorial estimation",GSPA 2002; Table A-6.18; p.100; 2002-2002; universe: Delivery facilities; denominator: All normal delivery facilities; None
gh-volta,essential_drugs_availability,SPA_NATIONAL_PROXY,data/clinical/spa_country_indicators.csv,country aggregate assigned identically to five modeled territories,0.88,0.92,"country lookup, no territorial estimation",GSPA 2002; Table A-6.17; p.98; 2002-2002; universe: Delivery facilities; denominator: All normal delivery facilities; None
gh-volta,health_facilities_count,MODEL_INPUT,pre_hybrid_phase_2_1/health_system_capacity.csv,retained structured model input,50,50,identity,Not directly derived from current DHS microdata.
gh-ashanti,skilled_staff_per_10k,MODEL_INPUT,pre_hybrid_phase_2_1/health_system_capacity.csv,retained structured model input,3.80,3.80,identity,Not directly derived from current DHS microdata.
gh-ashanti,blood_availability,SPA_NATIONAL_PROXY,data/clinical/spa_country_indicators.csv,country aggregate assigned identically to five modeled territories,0.91,0.15,"country lookup, no territorial estimation",GSPA 2002; Table A-6.18; p.100; 2002-2002; universe: Delivery facilities; denominator: All normal delivery facilities; None
gh-ashanti,essential_drugs_availability,SPA_NATIONAL_PROXY,data/clinical/spa_country_indicators.csv,country aggregate assigned identically to five modeled territories,0.94,0.92,"country lookup, no territorial estimation",GSPA 2002; Table A-6.17; p.98; 2002-2002; universe: Delivery facilities; denominator: All normal delivery facilities; None
gh-ashanti,health_facilities_count,MODEL_INPUT,pre_hybrid_phase_2_1/health_system_capacity.csv,retained structured model input,50,50,identity,Not directly derived from current DHS microdata.
gh-accra,skilled_staff_per_10k,MODEL_INPUT,pre_hybrid_phase_2_1/health_system_capacity.csv,retained structured model input,4.20,4.20,identity,Not directly derived from current DHS microdata.
gh-accra,blood_availability,SPA_NATIONAL_PROXY,data/clinical/spa_country_indicators.csv,country aggregate assigned identically to five modeled territories,0.94,0.15,"country lookup, no territorial estimation",GSPA 2002; Table A-6.18; p.100; 2002-2002; universe: Delivery facilities; denominator: All normal delivery facilities; None
gh-accra,essential_drugs_availability,SPA_NATIONAL_PROXY,data/clinical/spa_country_indicators.csv,country aggregate assigned identically to five modeled territories,0.96,0.92,"country lookup, no territorial estimation",GSPA 2002; Table A-6.17; p.98; 2002-2002; universe: Delivery facilities; denominator: All normal delivery facilities; None
gh-accra,health_facilities_count,MODEL_INPUT,pre_hybrid_phase_2_1/health_system_capacity.csv,retained structured model input,50,50,identity,Not directly derived from current DHS microdata.
et-somali,skilled_staff_per_10k,MODEL_INPUT,pre_hybrid_phase_2_1/health_system_capacity.csv,retained structured model input,0.90,0.90,identity,Not directly derived from current DHS microdata.
et-somali,blood_availability,SPA_NATIONAL_PROXY,data/clinical/spa_country_indicators.csv,country aggregate assigned identically to five modeled territories,0.36,0.1,"country lookup, no territorial estimation",ESPA 2021-22 Final Report; Table 7.5; p.163; 2021-2022; universe: Facilities excluding health posts; denominator: All surveyed facilities excluding health posts; None
et-somali,essential_drugs_availability,SPA_NATIONAL_PROXY,data/clinical/spa_country_indicators.csv,country aggregate assigned identically to five modeled territories,0.58,0.91,"country lookup, no territorial estimation",ESPA 2021-22 Final Report; Table 7.3.1; p.166; 2021-2022; universe: Delivery facilities; denominator: All normal delivery facilities; None
et-somali,health_facilities_count,MODEL_INPUT,pre_hybrid_phase_2_1/health_system_capacity.csv,retained structured model input,50,50,identity,Not directly derived from current DHS microdata.
et-afar,skilled_staff_per_10k,MODEL_INPUT,pre_hybrid_phase_2_1/health_system_capacity.csv,retained structured model input,0.70,0.70,identity,Not directly derived from current DHS microdata.
et-afar,blood_availability,SPA_NATIONAL_PROXY,data/clinical/spa_country_indicators.csv,country aggregate assigned identically to five modeled territories,0.3,0.1,"country lookup, no territorial estimation",ESPA 2021-22 Final Report; Table 7.5; p.163; 2021-2022; universe: Facilities excluding health posts; denominator: All surveyed facilities excluding health posts; None
et-afar,essential_drugs_availability,SPA_NATIONAL_PROXY,data/clinical/spa_country_indicators.csv,country aggregate assigned identically to five modeled territories,0.52,0.91,"country lookup, no territorial estimation",ESPA 2021-22 Final Report; Table 7.3.1; p.166; 2021-2022; universe: Delivery facilities; denominator: All normal delivery facilities; None
et-afar,health_facilities_count,MODEL_INPUT,pre_hybrid_phase_2_1/health_system_capacity.csv,retained structured model input,50,50,identity,Not directly derived from current DHS microdata.
et-oromia,skilled_staff_per_10k,MODEL_INPUT,pre_hybrid_phase_2_1/health_system_capacity.csv,retained structured model input,1.90,1.90,identity,Not directly derived from current DHS microdata.
et-oromia,blood_availability,SPA_NATIONAL_PROXY,data/clinical/spa_country_indicators.csv,country aggregate assigned identically to five modeled territories,0.64,0.1,"country lookup, no territorial estimation",ESPA 2021-22 Final Report; Table 7.5; p.163; 2021-2022; universe: Facilities excluding health posts; denominator: All surveyed facilities excluding health posts; None
et-oromia,essential_drugs_availability,SPA_NATIONAL_PROXY,data/clinical/spa_country_indicators.csv,country aggregate assigned identically to five modeled territories,0.77,0.91,"country lookup, no territorial estimation",ESPA 2021-22 Final Report; Table 7.3.1; p.166; 2021-2022; universe: Delivery facilities; denominator: All normal delivery facilities; None
et-oromia,health_facilities_count,MODEL_INPUT,pre_hybrid_phase_2_1/health_system_capacity.csv,retained structured model input,50,50,identity,Not directly derived from current DHS microdata.
et-amhara,skilled_staff_per_10k,MODEL_INPUT,pre_hybrid_phase_2_1/health_system_capacity.csv,retained structured model input,1.70,1.70,identity,Not directly derived from current DHS microdata.
et-amhara,blood_availability,SPA_NATIONAL_PROXY,data/clinical/spa_country_indicators.csv,country aggregate assigned identically to five modeled territories,0.58,0.1,"country lookup, no territorial estimation",ESPA 2021-22 Final Report; Table 7.5; p.163; 2021-2022; universe: Facilities excluding health posts; denominator: All surveyed facilities excluding health posts; None
et-amhara,essential_drugs_availability,SPA_NATIONAL_PROXY,data/clinical/spa_country_indicators.csv,country aggregate assigned identically to five modeled territories,0.73,0.91,"country lookup, no territorial estimation",ESPA 2021-22 Final Report; Table 7.3.1; p.166; 2021-2022; universe: Delivery facilities; denominator: All normal delivery facilities; None
et-amhara,health_facilities_count,MODEL_INPUT,pre_hybrid_phase_2_1/health_system_capacity.csv,retained structured model input,50,50,identity,Not directly derived from current DHS microdata.
et-tigray,skilled_staff_per_10k,MODEL_INPUT,pre_hybrid_phase_2_1/health_system_capacity.csv,retained structured model input,1.40,1.40,identity,Not directly derived from current DHS microdata.
et-tigray,blood_availability,SPA_NATIONAL_PROXY,data/clinical/spa_country_indicators.csv,country aggregate assigned identically to five modeled territories,0.48,0.1,"country lookup, no territorial estimation",ESPA 2021-22 Final Report; Table 7.5; p.163; 2021-2022; universe: Facilities excluding health posts; denominator: All surveyed facilities excluding health posts; None
et-tigray,essential_drugs_availability,SPA_NATIONAL_PROXY,data/clinical/spa_country_indicators.csv,country aggregate assigned identically to five modeled territories,0.66,0.91,"country lookup, no territorial estimation",ESPA 2021-22 Final Report; Table 7.3.1; p.166; 2021-2022; universe: Delivery facilities; denominator: All normal delivery facilities; None
et-tigray,health_facilities_count,MODEL_INPUT,pre_hybrid_phase_2_1/health_system_capacity.csv,retained structured model input,50,50,identity,Not directly derived from current DHS microdata.
ke-garissa,avg_distance_to_emonc_km,DERIVED_MODEL_INPUT,data/derived/geospatial_access_empirical.csv,population-weighted shortest modeled road path,38.50,2.514995058110399,OSM PBF + WorldPop + GADM,OSM hospital destination proxy; speed profile is parametric; not observed travel time or verified EmONC.
ke-garissa,avg_travel_time_hours,DERIVED_MODEL_INPUT,data/derived/geospatial_access_empirical.csv,population-weighted shortest modeled road path,3.90,0.12574975290551982,OSM PBF + WorldPop + GADM,OSM hospital destination proxy; speed profile is parametric; not observed travel time or verified EmONC.
ke-garissa,road_quality_index,MODEL_INPUT,pre_hybrid_phase_2_1/geographic_access.csv,retained structured model input,0.51875,0.51875,identity,Not directly derived from current DHS microdata.
ke-garissa,transport_cost_usd,MODEL_INPUT,pre_hybrid_phase_2_1/geographic_access.csv,retained structured model input,17.3,17.3,identity,Not directly derived from current DHS microdata.
ke-turkana,avg_distance_to_emonc_km,DERIVED_MODEL_INPUT,data/derived/geospatial_access_empirical.csv,population-weighted shortest modeled road path,52.00,43.69243996297903,OSM PBF + WorldPop + GADM,OSM hospital destination proxy; speed profile is parametric; not observed travel time or verified EmONC.
ke-turkana,avg_travel_time_hours,DERIVED_MODEL_INPUT,data/derived/geospatial_access_empirical.csv,population-weighted shortest modeled road path,4.80,1.3130079504872905,OSM PBF + WorldPop + GADM,OSM hospital destination proxy; speed profile is parametric; not observed travel time or verified EmONC.
ke-turkana,road_quality_index,MODEL_INPUT,pre_hybrid_phase_2_1/geographic_access.csv,retained structured model input,0.35,0.35,identity,Not directly derived from current DHS microdata.
ke-turkana,transport_cost_usd,MODEL_INPUT,pre_hybrid_phase_2_1/geographic_access.csv,retained structured model input,23.4,23.4,identity,Not directly derived from current DHS microdata.
ke-kilifi,avg_distance_to_emonc_km,DERIVED_MODEL_INPUT,data/derived/geospatial_access_empirical.csv,population-weighted shortest modeled road path,18.20,13.22309097212595,OSM PBF + WorldPop + GADM,OSM hospital destination proxy; speed profile is parametric; not observed travel time or verified EmONC.
ke-kilifi,avg_travel_time_hours,DERIVED_MODEL_INPUT,data/derived/geospatial_access_empirical.csv,population-weighted shortest modeled road path,2.10,0.6357662712155459,OSM PBF + WorldPop + GADM,OSM hospital destination proxy; speed profile is parametric; not observed travel time or verified EmONC.
ke-kilifi,road_quality_index,MODEL_INPUT,pre_hybrid_phase_2_1/geographic_access.csv,retained structured model input,0.7725,0.7725,identity,Not directly derived from current DHS microdata.
ke-kilifi,transport_cost_usd,MODEL_INPUT,pre_hybrid_phase_2_1/geographic_access.csv,retained structured model input,8.2,8.2,identity,Not directly derived from current DHS microdata.
ke-kisumu,avg_distance_to_emonc_km,DERIVED_MODEL_INPUT,data/derived/geospatial_access_empirical.csv,population-weighted shortest modeled road path,14.50,2.3284085488180133,OSM PBF + WorldPop + GADM,OSM hospital destination proxy; speed profile is parametric; not observed travel time or verified EmONC.
ke-kisumu,avg_travel_time_hours,DERIVED_MODEL_INPUT,data/derived/geospatial_access_empirical.csv,population-weighted shortest modeled road path,1.60,0.0838441347777372,OSM PBF + WorldPop + GADM,OSM hospital destination proxy; speed profile is parametric; not observed travel time or verified EmONC.
ke-kisumu,road_quality_index,MODEL_INPUT,pre_hybrid_phase_2_1/geographic_access.csv,retained structured model input,0.81875,0.81875,identity,Not directly derived from current DHS microdata.
ke-kisumu,transport_cost_usd,MODEL_INPUT,pre_hybrid_phase_2_1/geographic_access.csv,retained structured model input,6.5,6.5,identity,Not directly derived from current DHS microdata.
ke-kakamega,avg_distance_to_emonc_km,DERIVED_MODEL_INPUT,data/derived/geospatial_access_empirical.csv,population-weighted shortest modeled road path,16.80,13.978556838760127,OSM PBF + WorldPop + GADM,OSM hospital destination proxy; speed profile is parametric; not observed travel time or verified EmONC.
ke-kakamega,avg_travel_time_hours,DERIVED_MODEL_INPUT,data/derived/geospatial_access_empirical.csv,population-weighted shortest modeled road path,1.90,0.611204135430544,OSM PBF + WorldPop + GADM,OSM hospital destination proxy; speed profile is parametric; not observed travel time or verified EmONC.
ke-kakamega,road_quality_index,MODEL_INPUT,pre_hybrid_phase_2_1/geographic_access.csv,retained structured model input,0.79,0.79,identity,Not directly derived from current DHS microdata.
ke-kakamega,transport_cost_usd,MODEL_INPUT,pre_hybrid_phase_2_1/geographic_access.csv,retained structured model input,7.6,7.6,identity,Not directly derived from current DHS microdata.
tz-mwanza,avg_distance_to_emonc_km,DERIVED_MODEL_INPUT,data/derived/geospatial_access_empirical.csv,population-weighted shortest modeled road path,22.40,3.6936034993359432,OSM PBF + WorldPop + GADM,OSM hospital destination proxy; speed profile is parametric; not observed travel time or verified EmONC.
tz-mwanza,avg_travel_time_hours,DERIVED_MODEL_INPUT,data/derived/geospatial_access_empirical.csv,population-weighted shortest modeled road path,2.50,0.16794534596474975,OSM PBF + WorldPop + GADM,OSM hospital destination proxy; speed profile is parametric; not observed travel time or verified EmONC.
tz-mwanza,road_quality_index,MODEL_INPUT,pre_hybrid_phase_2_1/geographic_access.csv,retained structured model input,0.72,0.72,identity,Not directly derived from current DHS microdata.
tz-mwanza,transport_cost_usd,MODEL_INPUT,pre_hybrid_phase_2_1/geographic_access.csv,retained structured model input,10.1,10.1,identity,Not directly derived from current DHS microdata.
tz-kigoma,avg_distance_to_emonc_km,DERIVED_MODEL_INPUT,data/derived/geospatial_access_empirical.csv,population-weighted shortest modeled road path,34.00,2.459373958487185,OSM PBF + WorldPop + GADM,OSM hospital destination proxy; speed profile is parametric; not observed travel time or verified EmONC.
tz-kigoma,avg_travel_time_hours,DERIVED_MODEL_INPUT,data/derived/geospatial_access_empirical.csv,population-weighted shortest modeled road path,3.60,0.10278796040178104,OSM PBF + WorldPop + GADM,OSM hospital destination proxy; speed profile is parametric; not observed travel time or verified EmONC.
tz-kigoma,road_quality_index,MODEL_INPUT,pre_hybrid_phase_2_1/geographic_access.csv,retained structured model input,0.575,0.575,identity,Not directly derived from current DHS microdata.
tz-kigoma,transport_cost_usd,MODEL_INPUT,pre_hybrid_phase_2_1/geographic_access.csv,retained structured model input,15.3,15.3,identity,Not directly derived from current DHS microdata.
tz-dodoma,avg_distance_to_emonc_km,DERIVED_MODEL_INPUT,data/derived/geospatial_access_empirical.csv,population-weighted shortest modeled road path,15.00,10.307719317840712,OSM PBF + WorldPop + GADM,OSM hospital destination proxy; speed profile is parametric; not observed travel time or verified EmONC.
tz-dodoma,avg_travel_time_hours,DERIVED_MODEL_INPUT,data/derived/geospatial_access_empirical.csv,population-weighted shortest modeled road path,1.70,0.5018994242500544,OSM PBF + WorldPop + GADM,OSM hospital destination proxy; speed profile is parametric; not observed travel time or verified EmONC.
tz-dodoma,road_quality_index,MODEL_INPUT,pre_hybrid_phase_2_1/geographic_access.csv,retained structured model input,0.8125,0.8125,identity,Not directly derived from current DHS microdata.
tz-dodoma,transport_cost_usd,MODEL_INPUT,pre_hybrid_phase_2_1/geographic_access.csv,retained structured model input,6.8,6.8,identity,Not directly derived from current DHS microdata.
tz-arusha,avg_distance_to_emonc_km,DERIVED_MODEL_INPUT,data/derived/geospatial_access_empirical.csv,population-weighted shortest modeled road path,24.50,4.6727261508764375,OSM PBF + WorldPop + GADM,OSM hospital destination proxy; speed profile is parametric; not observed travel time or verified EmONC.
tz-arusha,avg_travel_time_hours,DERIVED_MODEL_INPUT,data/derived/geospatial_access_empirical.csv,population-weighted shortest modeled road path,2.40,0.19645140384197696,OSM PBF + WorldPop + GADM,OSM hospital destination proxy; speed profile is parametric; not observed travel time or verified EmONC.
tz-arusha,road_quality_index,MODEL_INPUT,pre_hybrid_phase_2_1/geographic_access.csv,retained structured model input,0.69375,0.69375,identity,Not directly derived from current DHS microdata.
tz-arusha,transport_cost_usd,MODEL_INPUT,pre_hybrid_phase_2_1/geographic_access.csv,retained structured model input,11.0,11.0,identity,Not directly derived from current DHS microdata.
tz-morogoro,avg_distance_to_emonc_km,DERIVED_MODEL_INPUT,data/derived/geospatial_access_empirical.csv,population-weighted shortest modeled road path,28.00,2.984439508791061,OSM PBF + WorldPop + GADM,OSM hospital destination proxy; speed profile is parametric; not observed travel time or verified EmONC.
tz-morogoro,avg_travel_time_hours,DERIVED_MODEL_INPUT,data/derived/geospatial_access_empirical.csv,population-weighted shortest modeled road path,2.90,0.13708431021239473,OSM PBF + WorldPop + GADM,OSM hospital destination proxy; speed profile is parametric; not observed travel time or verified EmONC.
tz-morogoro,road_quality_index,MODEL_INPUT,pre_hybrid_phase_2_1/geographic_access.csv,retained structured model input,0.65,0.65,identity,Not directly derived from current DHS microdata.
tz-morogoro,transport_cost_usd,MODEL_INPUT,pre_hybrid_phase_2_1/geographic_access.csv,retained structured model input,12.6,12.6,identity,Not directly derived from current DHS microdata.
ug-gulu,avg_distance_to_emonc_km,DERIVED_MODEL_INPUT,data/derived/geospatial_access_empirical.csv,population-weighted shortest modeled road path,17.50,1.8228959643646445,OSM PBF + WorldPop + GADM,OSM hospital destination proxy; speed profile is parametric; not observed travel time or verified EmONC.
ug-gulu,avg_travel_time_hours,DERIVED_MODEL_INPUT,data/derived/geospatial_access_empirical.csv,population-weighted shortest modeled road path,1.80,0.06253200845519169,OSM PBF + WorldPop + GADM,OSM hospital destination proxy; speed profile is parametric; not observed travel time or verified EmONC.
ug-gulu,road_quality_index,MODEL_INPUT,pre_hybrid_phase_2_1/geographic_access.csv,retained structured model input,0.78125,0.78125,identity,Not directly derived from current DHS microdata.
ug-gulu,transport_cost_usd,MODEL_INPUT,pre_hybrid_phase_2_1/geographic_access.csv,retained structured model input,7.9,7.9,identity,Not directly derived from current DHS microdata.
ug-arua,avg_distance_to_emonc_km,DERIVED_MODEL_INPUT,data/derived/geospatial_access_empirical.csv,population-weighted shortest modeled road path,25.00,0.9325913167482697,OSM PBF + WorldPop + GADM,OSM hospital destination proxy; speed profile is parametric; not observed travel time or verified EmONC.
ug-arua,avg_travel_time_hours,DERIVED_MODEL_INPUT,data/derived/geospatial_access_empirical.csv,population-weighted shortest modeled road path,2.70,0.032606620921408605,OSM PBF + WorldPop + GADM,OSM hospital destination proxy; speed profile is parametric; not observed travel time or verified EmONC.
ug-arua,road_quality_index,MODEL_INPUT,pre_hybrid_phase_2_1/geographic_access.csv,retained structured model input,0.6875,0.6875,identity,Not directly derived from current DHS microdata.
ug-arua,transport_cost_usd,MODEL_INPUT,pre_hybrid_phase_2_1/geographic_access.csv,retained structured model input,11.2,11.2,identity,Not directly derived from current DHS microdata.
ug-moroto,avg_distance_to_emonc_km,DERIVED_MODEL_INPUT,data/derived/geospatial_access_empirical.csv,population-weighted shortest modeled road path,44.00,1.0723650028306848,OSM PBF + WorldPop + GADM,OSM hospital destination proxy; speed profile is parametric; not observed travel time or verified EmONC.
ug-moroto,avg_travel_time_hours,DERIVED_MODEL_INPUT,data/derived/geospatial_access_empirical.csv,population-weighted shortest modeled road path,4.20,0.03908346541911437,OSM PBF + WorldPop + GADM,OSM hospital destination proxy; speed profile is parametric; not observed travel time or verified EmONC.
ug-moroto,road_quality_index,MODEL_INPUT,pre_hybrid_phase_2_1/geographic_access.csv,retained structured model input,0.44999999999999996,0.44999999999999996,identity,Not directly derived from current DHS microdata.
ug-moroto,transport_cost_usd,MODEL_INPUT,pre_hybrid_phase_2_1/geographic_access.csv,retained structured model input,19.8,19.8,identity,Not directly derived from current DHS microdata.
ug-jinja,avg_distance_to_emonc_km,DERIVED_MODEL_INPUT,data/derived/geospatial_access_empirical.csv,population-weighted shortest modeled road path,11.50,1.5948211659824743,OSM PBF + WorldPop + GADM,OSM hospital destination proxy; speed profile is parametric; not observed travel time or verified EmONC.
ug-jinja,avg_travel_time_hours,DERIVED_MODEL_INPUT,data/derived/geospatial_access_empirical.csv,population-weighted shortest modeled road path,1.20,0.07542745770217583,OSM PBF + WorldPop + GADM,OSM hospital destination proxy; speed profile is parametric; not observed travel time or verified EmONC.
ug-jinja,road_quality_index,MODEL_INPUT,pre_hybrid_phase_2_1/geographic_access.csv,retained structured model input,0.85625,0.85625,identity,Not directly derived from current DHS microdata.
ug-jinja,transport_cost_usd,MODEL_INPUT,pre_hybrid_phase_2_1/geographic_access.csv,retained structured model input,5.2,5.2,identity,Not directly derived from current DHS microdata.
ug-mbarara,avg_distance_to_emonc_km,DERIVED_MODEL_INPUT,data/derived/geospatial_access_empirical.csv,population-weighted shortest modeled road path,12.00,0.9630124924118124,OSM PBF + WorldPop + GADM,OSM hospital destination proxy; speed profile is parametric; not observed travel time or verified EmONC.
ug-mbarara,avg_travel_time_hours,DERIVED_MODEL_INPUT,data/derived/geospatial_access_empirical.csv,population-weighted shortest modeled road path,1.30,0.037878873267171854,OSM PBF + WorldPop + GADM,OSM hospital destination proxy; speed profile is parametric; not observed travel time or verified EmONC.
ug-mbarara,road_quality_index,MODEL_INPUT,pre_hybrid_phase_2_1/geographic_access.csv,retained structured model input,0.85,0.85,identity,Not directly derived from current DHS microdata.
ug-mbarara,transport_cost_usd,MODEL_INPUT,pre_hybrid_phase_2_1/geographic_access.csv,retained structured model input,5.4,5.4,identity,Not directly derived from current DHS microdata.
gh-northern,avg_distance_to_emonc_km,DERIVED_MODEL_INPUT,data/derived/geospatial_access_empirical.csv,population-weighted shortest modeled road path,14.00,7.925952009422679,OSM PBF + WorldPop + GADM,OSM hospital destination proxy; speed profile is parametric; not observed travel time or verified EmONC.
gh-northern,avg_travel_time_hours,DERIVED_MODEL_INPUT,data/derived/geospatial_access_empirical.csv,population-weighted shortest modeled road path,1.50,0.3363275267682793,OSM PBF + WorldPop + GADM,OSM hospital destination proxy; speed profile is parametric; not observed travel time or verified EmONC.
gh-northern,road_quality_index,MODEL_INPUT,pre_hybrid_phase_2_1/geographic_access.csv,retained structured model input,0.825,0.825,identity,Not directly derived from current DHS microdata.
gh-northern,transport_cost_usd,MODEL_INPUT,pre_hybrid_phase_2_1/geographic_access.csv,retained structured model input,6.3,6.3,identity,Not directly derived from current DHS microdata.
gh-upper-east,avg_distance_to_emonc_km,DERIVED_MODEL_INPUT,data/derived/geospatial_access_empirical.csv,population-weighted shortest modeled road path,18.00,142.18511124720067,OSM PBF + WorldPop + GADM,OSM hospital destination proxy; speed profile is parametric; not observed travel time or verified EmONC.
gh-upper-east,avg_travel_time_hours,DERIVED_MODEL_INPUT,data/derived/geospatial_access_empirical.csv,population-weighted shortest modeled road path,1.90,4.955583800318613,OSM PBF + WorldPop + GADM,OSM hospital destination proxy; speed profile is parametric; not observed travel time or verified EmONC.
gh-upper-east,road_quality_index,MODEL_INPUT,pre_hybrid_phase_2_1/geographic_access.csv,retained structured model input,0.775,0.775,identity,Not directly derived from current DHS microdata.
gh-upper-east,transport_cost_usd,MODEL_INPUT,pre_hybrid_phase_2_1/geographic_access.csv,retained structured model input,8.1,8.1,identity,Not directly derived from current DHS microdata.
gh-volta,avg_distance_to_emonc_km,DERIVED_MODEL_INPUT,data/derived/geospatial_access_empirical.csv,population-weighted shortest modeled road path,12.00,10.10656340991234,OSM PBF + WorldPop + GADM,OSM hospital destination proxy; speed profile is parametric; not observed travel time or verified EmONC.
gh-volta,avg_travel_time_hours,DERIVED_MODEL_INPUT,data/derived/geospatial_access_empirical.csv,population-weighted shortest modeled road path,1.30,0.2632253944973933,OSM PBF + WorldPop + GADM,OSM hospital destination proxy; speed profile is parametric; not observed travel time or verified EmONC.
gh-volta,road_quality_index,MODEL_INPUT,pre_hybrid_phase_2_1/geographic_access.csv,retained structured model input,0.85,0.85,identity,Not directly derived from current DHS microdata.
gh-volta,transport_cost_usd,MODEL_INPUT,pre_hybrid_phase_2_1/geographic_access.csv,retained structured model input,5.4,5.4,identity,Not directly derived from current DHS microdata.
gh-ashanti,avg_distance_to_emonc_km,DERIVED_MODEL_INPUT,data/derived/geospatial_access_empirical.csv,population-weighted shortest modeled road path,6.50,3.5372811500198535,OSM PBF + WorldPop + GADM,OSM hospital destination proxy; speed profile is parametric; not observed travel time or verified EmONC.
gh-ashanti,avg_travel_time_hours,DERIVED_MODEL_INPUT,data/derived/geospatial_access_empirical.csv,population-weighted shortest modeled road path,0.80,0.11457533820765277,OSM PBF + WorldPop + GADM,OSM hospital destination proxy; speed profile is parametric; not observed travel time or verified EmONC.
gh-ashanti,road_quality_index,MODEL_INPUT,pre_hybrid_phase_2_1/geographic_access.csv,retained structured model input,0.91875,0.91875,identity,Not directly derived from current DHS microdata.
gh-ashanti,transport_cost_usd,MODEL_INPUT,pre_hybrid_phase_2_1/geographic_access.csv,retained structured model input,2.9,2.9,identity,Not directly derived from current DHS microdata.
gh-accra,avg_distance_to_emonc_km,DERIVED_MODEL_INPUT,data/derived/geospatial_access_empirical.csv,population-weighted shortest modeled road path,5.20,3.641043562443432,OSM PBF + WorldPop + GADM,OSM hospital destination proxy; speed profile is parametric; not observed travel time or verified EmONC.
gh-accra,avg_travel_time_hours,DERIVED_MODEL_INPUT,data/derived/geospatial_access_empirical.csv,population-weighted shortest modeled road path,0.70,0.12162492330488614,OSM PBF + WorldPop + GADM,OSM hospital destination proxy; speed profile is parametric; not observed travel time or verified EmONC.
gh-accra,road_quality_index,MODEL_INPUT,pre_hybrid_phase_2_1/geographic_access.csv,retained structured model input,0.935,0.935,identity,Not directly derived from current DHS microdata.
gh-accra,transport_cost_usd,MODEL_INPUT,pre_hybrid_phase_2_1/geographic_access.csv,retained structured model input,2.3,2.3,identity,Not directly derived from current DHS microdata.
et-somali,avg_distance_to_emonc_km,DERIVED_MODEL_INPUT,data/derived/geospatial_access_empirical.csv,population-weighted shortest modeled road path,48.00,43.85399940673593,OSM PBF + WorldPop + GADM,OSM hospital destination proxy; speed profile is parametric; not observed travel time or verified EmONC.
et-somali,avg_travel_time_hours,DERIVED_MODEL_INPUT,data/derived/geospatial_access_empirical.csv,population-weighted shortest modeled road path,4.50,1.7071238287964372,OSM PBF + WorldPop + GADM,OSM hospital destination proxy; speed profile is parametric; not observed travel time or verified EmONC.
et-somali,road_quality_index,MODEL_INPUT,pre_hybrid_phase_2_1/geographic_access.csv,retained structured model input,0.4,0.4,identity,Not directly derived from current DHS microdata.
et-somali,transport_cost_usd,MODEL_INPUT,pre_hybrid_phase_2_1/geographic_access.csv,retained structured model input,21.6,21.6,identity,Not directly derived from current DHS microdata.
et-afar,avg_distance_to_emonc_km,DERIVED_MODEL_INPUT,data/derived/geospatial_access_empirical.csv,population-weighted shortest modeled road path,56.00,174.47066836979337,OSM PBF + WorldPop + GADM,OSM hospital destination proxy; speed profile is parametric; not observed travel time or verified EmONC.
et-afar,avg_travel_time_hours,DERIVED_MODEL_INPUT,data/derived/geospatial_access_empirical.csv,population-weighted shortest modeled road path,5.10,5.228273592748402,OSM PBF + WorldPop + GADM,OSM hospital destination proxy; speed profile is parametric; not observed travel time or verified EmONC.
et-afar,road_quality_index,MODEL_INPUT,pre_hybrid_phase_2_1/geographic_access.csv,retained structured model input,0.30000000000000004,0.30000000000000004,identity,Not directly derived from current DHS microdata.
et-afar,transport_cost_usd,MODEL_INPUT,pre_hybrid_phase_2_1/geographic_access.csv,retained structured model input,25.2,25.2,identity,Not directly derived from current DHS microdata.
et-oromia,avg_distance_to_emonc_km,DERIVED_MODEL_INPUT,data/derived/geospatial_access_empirical.csv,population-weighted shortest modeled road path,18.00,70.03254012267391,OSM PBF + WorldPop + GADM,OSM hospital destination proxy; speed profile is parametric; not observed travel time or verified EmONC.
et-oromia,avg_travel_time_hours,DERIVED_MODEL_INPUT,data/derived/geospatial_access_empirical.csv,population-weighted shortest modeled road path,1.90,1.8309286906351363,OSM PBF + WorldPop + GADM,OSM hospital destination proxy; speed profile is parametric; not observed travel time or verified EmONC.
et-oromia,road_quality_index,MODEL_INPUT,pre_hybrid_phase_2_1/geographic_access.csv,retained structured model input,0.775,0.775,identity,Not directly derived from current DHS microdata.
et-oromia,transport_cost_usd,MODEL_INPUT,pre_hybrid_phase_2_1/geographic_access.csv,retained structured model input,8.1,8.1,identity,Not directly derived from current DHS microdata.
et-amhara,avg_distance_to_emonc_km,DERIVED_MODEL_INPUT,data/derived/geospatial_access_empirical.csv,population-weighted shortest modeled road path,22.00,2.607415203979381,OSM PBF + WorldPop + GADM,OSM hospital destination proxy; speed profile is parametric; not observed travel time or verified EmONC.
et-amhara,avg_travel_time_hours,DERIVED_MODEL_INPUT,data/derived/geospatial_access_empirical.csv,population-weighted shortest modeled road path,2.30,0.07589379946779583,OSM PBF + WorldPop + GADM,OSM hospital destination proxy; speed profile is parametric; not observed travel time or verified EmONC.
et-amhara,road_quality_index,MODEL_INPUT,pre_hybrid_phase_2_1/geographic_access.csv,retained structured model input,0.725,0.725,identity,Not directly derived from current DHS microdata.
et-amhara,transport_cost_usd,MODEL_INPUT,pre_hybrid_phase_2_1/geographic_access.csv,retained structured model input,9.9,9.9,identity,Not directly derived from current DHS microdata.
et-tigray,avg_distance_to_emonc_km,DERIVED_MODEL_INPUT,data/derived/geospatial_access_empirical.csv,population-weighted shortest modeled road path,24.00,96.5021677649367,OSM PBF + WorldPop + GADM,OSM hospital destination proxy; speed profile is parametric; not observed travel time or verified EmONC.
et-tigray,avg_travel_time_hours,DERIVED_MODEL_INPUT,data/derived/geospatial_access_empirical.csv,population-weighted shortest modeled road path,2.60,2.735163791260586,OSM PBF + WorldPop + GADM,OSM hospital destination proxy; speed profile is parametric; not observed travel time or verified EmONC.
et-tigray,road_quality_index,MODEL_INPUT,pre_hybrid_phase_2_1/geographic_access.csv,retained structured model input,0.7,0.7,identity,Not directly derived from current DHS microdata.
et-tigray,transport_cost_usd,MODEL_INPUT,pre_hybrid_phase_2_1/geographic_access.csv,retained structured model input,10.8,10.8,identity,Not directly derived from current DHS microdata.
ke-garissa,community_trust_baseline,MODEL_INPUT,pre_hybrid_phase_2_1/model_context.csv,retained structured model input,0.72,0.72,identity,Not directly derived from current DHS microdata.
ke-garissa,facility_delivery_fee_usd,MODEL_INPUT,pre_hybrid_phase_2_1/model_context.csv,retained structured model input,18,18,identity,Not directly derived from current DHS microdata.
ke-garissa,baseline_complication_rate,MODEL_INPUT,pre_hybrid_phase_2_1/model_context.csv,retained structured model input,0.15,0.15,identity,Not directly derived from current DHS microdata.
ke-garissa,wealth_quintiles_mmr,MODEL_INPUT,pre_hybrid_phase_2_1/model_context.csv,retained structured model input,"{""q1_poorest"": 890, ""q2_poor"": 760, ""q3_middle"": 610, ""q4_richer"": 490, ""q5_richest"": 340}","{""q1_poorest"": 890, ""q2_poor"": 760, ""q3_middle"": 610, ""q4_richer"": 490, ""q5_richest"": 340}",identity,Not directly derived from current DHS microdata.
ke-turkana,community_trust_baseline,MODEL_INPUT,pre_hybrid_phase_2_1/model_context.csv,retained structured model input,0.72,0.72,identity,Not directly derived from current DHS microdata.
ke-turkana,facility_delivery_fee_usd,MODEL_INPUT,pre_hybrid_phase_2_1/model_context.csv,retained structured model input,18,18,identity,Not directly derived from current DHS microdata.
ke-turkana,baseline_complication_rate,MODEL_INPUT,pre_hybrid_phase_2_1/model_context.csv,retained structured model input,0.15,0.15,identity,Not directly derived from current DHS microdata.
ke-turkana,wealth_quintiles_mmr,MODEL_INPUT,pre_hybrid_phase_2_1/model_context.csv,retained structured model input,"{""q1_poorest"": 980, ""q2_poor"": 840, ""q3_middle"": 690, ""q4_richer"": 520, ""q5_richest"": 380}","{""q1_poorest"": 980, ""q2_poor"": 840, ""q3_middle"": 690, ""q4_richer"": 520, ""q5_richest"": 380}",identity,Not directly derived from current DHS microdata.
ke-kilifi,community_trust_baseline,MODEL_INPUT,pre_hybrid_phase_2_1/model_context.csv,retained structured model input,0.72,0.72,identity,Not directly derived from current DHS microdata.
ke-kilifi,facility_delivery_fee_usd,MODEL_INPUT,pre_hybrid_phase_2_1/model_context.csv,retained structured model input,18,18,identity,Not directly derived from current DHS microdata.
ke-kilifi,baseline_complication_rate,MODEL_INPUT,pre_hybrid_phase_2_1/model_context.csv,retained structured model input,0.15,0.15,identity,Not directly derived from current DHS microdata.
ke-kilifi,wealth_quintiles_mmr,MODEL_INPUT,pre_hybrid_phase_2_1/model_context.csv,retained structured model input,"{""q1_poorest"": 650, ""q2_poor"": 540, ""q3_middle"": 450, ""q4_richer"": 360, ""q5_richest"": 260}","{""q1_poorest"": 650, ""q2_poor"": 540, ""q3_middle"": 450, ""q4_richer"": 360, ""q5_richest"": 260}",identity,Not directly derived from current DHS microdata.
ke-kisumu,community_trust_baseline,MODEL_INPUT,pre_hybrid_phase_2_1/model_context.csv,retained structured model input,0.72,0.72,identity,Not directly derived from current DHS microdata.
ke-kisumu,facility_delivery_fee_usd,MODEL_INPUT,pre_hybrid_phase_2_1/model_context.csv,retained structured model input,18,18,identity,Not directly derived from current DHS microdata.
ke-kisumu,baseline_complication_rate,MODEL_INPUT,pre_hybrid_phase_2_1/model_context.csv,retained structured model input,0.15,0.15,identity,Not directly derived from current DHS microdata.
ke-kisumu,wealth_quintiles_mmr,MODEL_INPUT,pre_hybrid_phase_2_1/model_context.csv,retained structured model input,"{""q1_poorest"": 680, ""q2_poor"": 560, ""q3_middle"": 460, ""q4_richer"": 380, ""q5_richest"": 240}","{""q1_poorest"": 680, ""q2_poor"": 560, ""q3_middle"": 460, ""q4_richer"": 380, ""q5_richest"": 240}",identity,Not directly derived from current DHS microdata.
ke-kakamega,community_trust_baseline,MODEL_INPUT,pre_hybrid_phase_2_1/model_context.csv,retained structured model input,0.72,0.72,identity,Not directly derived from current DHS microdata.
ke-kakamega,facility_delivery_fee_usd,MODEL_INPUT,pre_hybrid_phase_2_1/model_context.csv,retained structured model input,18,18,identity,Not directly derived from current DHS microdata.
ke-kakamega,baseline_complication_rate,MODEL_INPUT,pre_hybrid_phase_2_1/model_context.csv,retained structured model input,0.15,0.15,identity,Not directly derived from current DHS microdata.
ke-kakamega,wealth_quintiles_mmr,MODEL_INPUT,pre_hybrid_phase_2_1/model_context.csv,retained structured model input,"{""q1_poorest"": 710, ""q2_poor"": 590, ""q3_middle"": 480, ""q4_richer"": 390, ""q5_richest"": 270}","{""q1_poorest"": 710, ""q2_poor"": 590, ""q3_middle"": 480, ""q4_richer"": 390, ""q5_richest"": 270}",identity,Not directly derived from current DHS microdata.
tz-mwanza,community_trust_baseline,MODEL_INPUT,pre_hybrid_phase_2_1/model_context.csv,retained structured model input,0.72,0.72,identity,Not directly derived from current DHS microdata.
tz-mwanza,facility_delivery_fee_usd,MODEL_INPUT,pre_hybrid_phase_2_1/model_context.csv,retained structured model input,18,18,identity,Not directly derived from current DHS microdata.
tz-mwanza,baseline_complication_rate,MODEL_INPUT,pre_hybrid_phase_2_1/model_context.csv,retained structured model input,0.15,0.15,identity,Not directly derived from current DHS microdata.
tz-mwanza,wealth_quintiles_mmr,MODEL_INPUT,pre_hybrid_phase_2_1/model_context.csv,retained structured model input,"{""q1_poorest"": 740, ""q2_poor"": 620, ""q3_middle"": 505, ""q4_richer"": 410, ""q5_richest"": 290}","{""q1_poorest"": 740, ""q2_poor"": 620, ""q3_middle"": 505, ""q4_richer"": 410, ""q5_richest"": 290}",identity,Not directly derived from current DHS microdata.
tz-kigoma,community_trust_baseline,MODEL_INPUT,pre_hybrid_phase_2_1/model_context.csv,retained structured model input,0.72,0.72,identity,Not directly derived from current DHS microdata.
tz-kigoma,facility_delivery_fee_usd,MODEL_INPUT,pre_hybrid_phase_2_1/model_context.csv,retained structured model input,18,18,identity,Not directly derived from current DHS microdata.
tz-kigoma,baseline_complication_rate,MODEL_INPUT,pre_hybrid_phase_2_1/model_context.csv,retained structured model input,0.15,0.15,identity,Not directly derived from current DHS microdata.
tz-kigoma,wealth_quintiles_mmr,MODEL_INPUT,pre_hybrid_phase_2_1/model_context.csv,retained structured model input,"{""q1_poorest"": 860, ""q2_poor"": 720, ""q3_middle"": 590, ""q4_richer"": 470, ""q5_richest"": 330}","{""q1_poorest"": 860, ""q2_poor"": 720, ""q3_middle"": 590, ""q4_richer"": 470, ""q5_richest"": 330}",identity,Not directly derived from current DHS microdata.
tz-dodoma,community_trust_baseline,MODEL_INPUT,pre_hybrid_phase_2_1/model_context.csv,retained structured model input,0.72,0.72,identity,Not directly derived from current DHS microdata.
tz-dodoma,facility_delivery_fee_usd,MODEL_INPUT,pre_hybrid_phase_2_1/model_context.csv,retained structured model input,18,18,identity,Not directly derived from current DHS microdata.
tz-dodoma,baseline_complication_rate,MODEL_INPUT,pre_hybrid_phase_2_1/model_context.csv,retained structured model input,0.15,0.15,identity,Not directly derived from current DHS microdata.
tz-dodoma,wealth_quintiles_mmr,MODEL_INPUT,pre_hybrid_phase_2_1/model_context.csv,retained structured model input,"{""q1_poorest"": 610, ""q2_poor"": 510, ""q3_middle"": 420, ""q4_richer"": 340, ""q5_richest"": 230}","{""q1_poorest"": 610, ""q2_poor"": 510, ""q3_middle"": 420, ""q4_richer"": 340, ""q5_richest"": 230}",identity,Not directly derived from current DHS microdata.
tz-arusha,community_trust_baseline,MODEL_INPUT,pre_hybrid_phase_2_1/model_context.csv,retained structured model input,0.72,0.72,identity,Not directly derived from current DHS microdata.
tz-arusha,facility_delivery_fee_usd,MODEL_INPUT,pre_hybrid_phase_2_1/model_context.csv,retained structured model input,18,18,identity,Not directly derived from current DHS microdata.
tz-arusha,baseline_complication_rate,MODEL_INPUT,pre_hybrid_phase_2_1/model_context.csv,retained structured model input,0.15,0.15,identity,Not directly derived from current DHS microdata.
tz-arusha,wealth_quintiles_mmr,MODEL_INPUT,pre_hybrid_phase_2_1/model_context.csv,retained structured model input,"{""q1_poorest"": 640, ""q2_poor"": 530, ""q3_middle"": 440, ""q4_richer"": 350, ""q5_richest"": 240}","{""q1_poorest"": 640, ""q2_poor"": 530, ""q3_middle"": 440, ""q4_richer"": 350, ""q5_richest"": 240}",identity,Not directly derived from current DHS microdata.
tz-morogoro,community_trust_baseline,MODEL_INPUT,pre_hybrid_phase_2_1/model_context.csv,retained structured model input,0.72,0.72,identity,Not directly derived from current DHS microdata.
tz-morogoro,facility_delivery_fee_usd,MODEL_INPUT,pre_hybrid_phase_2_1/model_context.csv,retained structured model input,18,18,identity,Not directly derived from current DHS microdata.
tz-morogoro,baseline_complication_rate,MODEL_INPUT,pre_hybrid_phase_2_1/model_context.csv,retained structured model input,0.15,0.15,identity,Not directly derived from current DHS microdata.
tz-morogoro,wealth_quintiles_mmr,MODEL_INPUT,pre_hybrid_phase_2_1/model_context.csv,retained structured model input,"{""q1_poorest"": 710, ""q2_poor"": 585, ""q3_middle"": 480, ""q4_richer"": 395, ""q5_richest"": 280}","{""q1_poorest"": 710, ""q2_poor"": 585, ""q3_middle"": 480, ""q4_richer"": 395, ""q5_richest"": 280}",identity,Not directly derived from current DHS microdata.
ug-gulu,community_trust_baseline,MODEL_INPUT,pre_hybrid_phase_2_1/model_context.csv,retained structured model input,0.72,0.72,identity,Not directly derived from current DHS microdata.
ug-gulu,facility_delivery_fee_usd,MODEL_INPUT,pre_hybrid_phase_2_1/model_context.csv,retained structured model input,18,18,identity,Not directly derived from current DHS microdata.
ug-gulu,baseline_complication_rate,MODEL_INPUT,pre_hybrid_phase_2_1/model_context.csv,retained structured model input,0.15,0.15,identity,Not directly derived from current DHS microdata.
ug-gulu,wealth_quintiles_mmr,MODEL_INPUT,pre_hybrid_phase_2_1/model_context.csv,retained structured model input,"{""q1_poorest"": 620, ""q2_poor"": 505, ""q3_middle"": 415, ""q4_richer"": 335, ""q5_richest"": 230}","{""q1_poorest"": 620, ""q2_poor"": 505, ""q3_middle"": 415, ""q4_richer"": 335, ""q5_richest"": 230}",identity,Not directly derived from current DHS microdata.
ug-arua,community_trust_baseline,MODEL_INPUT,pre_hybrid_phase_2_1/model_context.csv,retained structured model input,0.72,0.72,identity,Not directly derived from current DHS microdata.
ug-arua,facility_delivery_fee_usd,MODEL_INPUT,pre_hybrid_phase_2_1/model_context.csv,retained structured model input,18,18,identity,Not directly derived from current DHS microdata.
ug-arua,baseline_complication_rate,MODEL_INPUT,pre_hybrid_phase_2_1/model_context.csv,retained structured model input,0.15,0.15,identity,Not directly derived from current DHS microdata.
ug-arua,wealth_quintiles_mmr,MODEL_INPUT,pre_hybrid_phase_2_1/model_context.csv,retained structured model input,"{""q1_poorest"": 715, ""q2_poor"": 590, ""q3_middle"": 485, ""q4_richer"": 390, ""q5_richest"": 275}","{""q1_poorest"": 715, ""q2_poor"": 590, ""q3_middle"": 485, ""q4_richer"": 390, ""q5_richest"": 275}",identity,Not directly derived from current DHS microdata.
ug-moroto,community_trust_baseline,MODEL_INPUT,pre_hybrid_phase_2_1/model_context.csv,retained structured model input,0.72,0.72,identity,Not directly derived from current DHS microdata.
ug-moroto,facility_delivery_fee_usd,MODEL_INPUT,pre_hybrid_phase_2_1/model_context.csv,retained structured model input,18,18,identity,Not directly derived from current DHS microdata.
ug-moroto,baseline_complication_rate,MODEL_INPUT,pre_hybrid_phase_2_1/model_context.csv,retained structured model input,0.15,0.15,identity,Not directly derived from current DHS microdata.
ug-moroto,wealth_quintiles_mmr,MODEL_INPUT,pre_hybrid_phase_2_1/model_context.csv,retained structured model input,"{""q1_poorest"": 950, ""q2_poor"": 810, ""q3_middle"": 660, ""q4_richer"": 500, ""q5_richest"": 360}","{""q1_poorest"": 950, ""q2_poor"": 810, ""q3_middle"": 660, ""q4_richer"": 500, ""q5_richest"": 360}",identity,Not directly derived from current DHS microdata.
ug-jinja,community_trust_baseline,MODEL_INPUT,pre_hybrid_phase_2_1/model_context.csv,retained structured model input,0.72,0.72,identity,Not directly derived from current DHS microdata.
ug-jinja,facility_delivery_fee_usd,MODEL_INPUT,pre_hybrid_phase_2_1/model_context.csv,retained structured model input,18,18,identity,Not directly derived from current DHS microdata.
ug-jinja,baseline_complication_rate,MODEL_INPUT,pre_hybrid_phase_2_1/model_context.csv,retained structured model input,0.15,0.15,identity,Not directly derived from current DHS microdata.
ug-jinja,wealth_quintiles_mmr,MODEL_INPUT,pre_hybrid_phase_2_1/model_context.csv,retained structured model input,"{""q1_poorest"": 540, ""q2_poor"": 440, ""q3_middle"": 360, ""q4_richer"": 290, ""q5_richest"": 200}","{""q1_poorest"": 540, ""q2_poor"": 440, ""q3_middle"": 360, ""q4_richer"": 290, ""q5_richest"": 200}",identity,Not directly derived from current DHS microdata.
ug-mbarara,community_trust_baseline,MODEL_INPUT,pre_hybrid_phase_2_1/model_context.csv,retained structured model input,0.72,0.72,identity,Not directly derived from current DHS microdata.
ug-mbarara,facility_delivery_fee_usd,MODEL_INPUT,pre_hybrid_phase_2_1/model_context.csv,retained structured model input,18,18,identity,Not directly derived from current DHS microdata.
ug-mbarara,baseline_complication_rate,MODEL_INPUT,pre_hybrid_phase_2_1/model_context.csv,retained structured model input,0.15,0.15,identity,Not directly derived from current DHS microdata.
ug-mbarara,wealth_quintiles_mmr,MODEL_INPUT,pre_hybrid_phase_2_1/model_context.csv,retained structured model input,"{""q1_poorest"": 520, ""q2_poor"": 425, ""q3_middle"": 350, ""q4_richer"": 280, ""q5_richest"": 195}","{""q1_poorest"": 520, ""q2_poor"": 425, ""q3_middle"": 350, ""q4_richer"": 280, ""q5_richest"": 195}",identity,Not directly derived from current DHS microdata.
gh-northern,community_trust_baseline,MODEL_INPUT,pre_hybrid_phase_2_1/model_context.csv,retained structured model input,0.72,0.72,identity,Not directly derived from current DHS microdata.
gh-northern,facility_delivery_fee_usd,MODEL_INPUT,pre_hybrid_phase_2_1/model_context.csv,retained structured model input,2.5,2.5,identity,Not directly derived from current DHS microdata.
gh-northern,baseline_complication_rate,MODEL_INPUT,pre_hybrid_phase_2_1/model_context.csv,retained structured model input,0.15,0.15,identity,Not directly derived from current DHS microdata.
gh-northern,wealth_quintiles_mmr,MODEL_INPUT,pre_hybrid_phase_2_1/model_context.csv,retained structured model input,"{""q1_poorest"": 580, ""q2_poor"": 480, ""q3_middle"": 395, ""q4_richer"": 315, ""q5_richest"": 215}","{""q1_poorest"": 580, ""q2_poor"": 480, ""q3_middle"": 395, ""q4_richer"": 315, ""q5_richest"": 215}",identity,Not directly derived from current DHS microdata.
gh-upper-east,community_trust_baseline,MODEL_INPUT,pre_hybrid_phase_2_1/model_context.csv,retained structured model input,0.72,0.72,identity,Not directly derived from current DHS microdata.
gh-upper-east,facility_delivery_fee_usd,MODEL_INPUT,pre_hybrid_phase_2_1/model_context.csv,retained structured model input,2.5,2.5,identity,Not directly derived from current DHS microdata.
gh-upper-east,baseline_complication_rate,MODEL_INPUT,pre_hybrid_phase_2_1/model_context.csv,retained structured model input,0.15,0.15,identity,Not directly derived from current DHS microdata.
gh-upper-east,wealth_quintiles_mmr,MODEL_INPUT,pre_hybrid_phase_2_1/model_context.csv,retained structured model input,"{""q1_poorest"": 620, ""q2_poor"": 510, ""q3_middle"": 420, ""q4_richer"": 335, ""q5_richest"": 235}","{""q1_poorest"": 620, ""q2_poor"": 510, ""q3_middle"": 420, ""q4_richer"": 335, ""q5_richest"": 235}",identity,Not directly derived from current DHS microdata.
gh-volta,community_trust_baseline,MODEL_INPUT,pre_hybrid_phase_2_1/model_context.csv,retained structured model input,0.72,0.72,identity,Not directly derived from current DHS microdata.
gh-volta,facility_delivery_fee_usd,MODEL_INPUT,pre_hybrid_phase_2_1/model_context.csv,retained structured model input,2.5,2.5,identity,Not directly derived from current DHS microdata.
gh-volta,baseline_complication_rate,MODEL_INPUT,pre_hybrid_phase_2_1/model_context.csv,retained structured model input,0.15,0.15,identity,Not directly derived from current DHS microdata.
gh-volta,wealth_quintiles_mmr,MODEL_INPUT,pre_hybrid_phase_2_1/model_context.csv,retained structured model input,"{""q1_poorest"": 490, ""q2_poor"": 405, ""q3_middle"": 330, ""q4_richer"": 265, ""q5_richest"": 180}","{""q1_poorest"": 490, ""q2_poor"": 405, ""q3_middle"": 330, ""q4_richer"": 265, ""q5_richest"": 180}",identity,Not directly derived from current DHS microdata.
gh-ashanti,community_trust_baseline,MODEL_INPUT,pre_hybrid_phase_2_1/model_context.csv,retained structured model input,0.72,0.72,identity,Not directly derived from current DHS microdata.
gh-ashanti,facility_delivery_fee_usd,MODEL_INPUT,pre_hybrid_phase_2_1/model_context.csv,retained structured model input,2.5,2.5,identity,Not directly derived from current DHS microdata.
gh-ashanti,baseline_complication_rate,MODEL_INPUT,pre_hybrid_phase_2_1/model_context.csv,retained structured model input,0.15,0.15,identity,Not directly derived from current DHS microdata.
gh-ashanti,wealth_quintiles_mmr,MODEL_INPUT,pre_hybrid_phase_2_1/model_context.csv,retained structured model input,"{""q1_poorest"": 410, ""q2_poor"": 340, ""q3_middle"": 275, ""q4_richer"": 220, ""q5_richest"": 150}","{""q1_poorest"": 410, ""q2_poor"": 340, ""q3_middle"": 275, ""q4_richer"": 220, ""q5_richest"": 150}",identity,Not directly derived from current DHS microdata.
gh-accra,community_trust_baseline,MODEL_INPUT,pre_hybrid_phase_2_1/model_context.csv,retained structured model input,0.72,0.72,identity,Not directly derived from current DHS microdata.
gh-accra,facility_delivery_fee_usd,MODEL_INPUT,pre_hybrid_phase_2_1/model_context.csv,retained structured model input,2.5,2.5,identity,Not directly derived from current DHS microdata.
gh-accra,baseline_complication_rate,MODEL_INPUT,pre_hybrid_phase_2_1/model_context.csv,retained structured model input,0.15,0.15,identity,Not directly derived from current DHS microdata.
gh-accra,wealth_quintiles_mmr,MODEL_INPUT,pre_hybrid_phase_2_1/model_context.csv,retained structured model input,"{""q1_poorest"": 360, ""q2_poor"": 295, ""q3_middle"": 240, ""q4_richer"": 195, ""q5_richest"": 135}","{""q1_poorest"": 360, ""q2_poor"": 295, ""q3_middle"": 240, ""q4_richer"": 195, ""q5_richest"": 135}",identity,Not directly derived from current DHS microdata.
et-somali,community_trust_baseline,MODEL_INPUT,pre_hybrid_phase_2_1/model_context.csv,retained structured model input,0.72,0.72,identity,Not directly derived from current DHS microdata.
et-somali,facility_delivery_fee_usd,MODEL_INPUT,pre_hybrid_phase_2_1/model_context.csv,retained structured model input,18,18,identity,Not directly derived from current DHS microdata.
et-somali,baseline_complication_rate,MODEL_INPUT,pre_hybrid_phase_2_1/model_context.csv,retained structured model input,0.15,0.15,identity,Not directly derived from current DHS microdata.
et-somali,wealth_quintiles_mmr,MODEL_INPUT,pre_hybrid_phase_2_1/model_context.csv,retained structured model input,"{""q1_poorest"": 940, ""q2_poor"": 805, ""q3_middle"": 655, ""q4_richer"": 495, ""q5_richest"": 350}","{""q1_poorest"": 940, ""q2_poor"": 805, ""q3_middle"": 655, ""q4_richer"": 495, ""q5_richest"": 350}",identity,Not directly derived from current DHS microdata.
et-afar,community_trust_baseline,MODEL_INPUT,pre_hybrid_phase_2_1/model_context.csv,retained structured model input,0.72,0.72,identity,Not directly derived from current DHS microdata.
et-afar,facility_delivery_fee_usd,MODEL_INPUT,pre_hybrid_phase_2_1/model_context.csv,retained structured model input,18,18,identity,Not directly derived from current DHS microdata.
et-afar,baseline_complication_rate,MODEL_INPUT,pre_hybrid_phase_2_1/model_context.csv,retained structured model input,0.15,0.15,identity,Not directly derived from current DHS microdata.
et-afar,wealth_quintiles_mmr,MODEL_INPUT,pre_hybrid_phase_2_1/model_context.csv,retained structured model input,"{""q1_poorest"": 975, ""q2_poor"": 835, ""q3_middle"": 680, ""q4_richer"": 515, ""q5_richest"": 365}","{""q1_poorest"": 975, ""q2_poor"": 835, ""q3_middle"": 680, ""q4_richer"": 515, ""q5_richest"": 365}",identity,Not directly derived from current DHS microdata.
et-oromia,community_trust_baseline,MODEL_INPUT,pre_hybrid_phase_2_1/model_context.csv,retained structured model input,0.72,0.72,identity,Not directly derived from current DHS microdata.
et-oromia,facility_delivery_fee_usd,MODEL_INPUT,pre_hybrid_phase_2_1/model_context.csv,retained structured model input,18,18,identity,Not directly derived from current DHS microdata.
et-oromia,baseline_complication_rate,MODEL_INPUT,pre_hybrid_phase_2_1/model_context.csv,retained structured model input,0.15,0.15,identity,Not directly derived from current DHS microdata.
et-oromia,wealth_quintiles_mmr,MODEL_INPUT,pre_hybrid_phase_2_1/model_context.csv,retained structured model input,"{""q1_poorest"": 595, ""q2_poor"": 490, ""q3_middle"": 410, ""q4_richer"": 325, ""q5_richest"": 225}","{""q1_poorest"": 595, ""q2_poor"": 490, ""q3_middle"": 410, ""q4_richer"": 325, ""q5_richest"": 225}",identity,Not directly derived from current DHS microdata.
et-amhara,community_trust_baseline,MODEL_INPUT,pre_hybrid_phase_2_1/model_context.csv,retained structured model input,0.72,0.72,identity,Not directly derived from current DHS microdata.
et-amhara,facility_delivery_fee_usd,MODEL_INPUT,pre_hybrid_phase_2_1/model_context.csv,retained structured model input,18,18,identity,Not directly derived from current DHS microdata.
et-amhara,baseline_complication_rate,MODEL_INPUT,pre_hybrid_phase_2_1/model_context.csv,retained structured model input,0.15,0.15,identity,Not directly derived from current DHS microdata.
et-amhara,wealth_quintiles_mmr,MODEL_INPUT,pre_hybrid_phase_2_1/model_context.csv,retained structured model input,"{""q1_poorest"": 630, ""q2_poor"": 520, ""q3_middle"": 435, ""q4_richer"": 340, ""q5_richest"": 240}","{""q1_poorest"": 630, ""q2_poor"": 520, ""q3_middle"": 435, ""q4_richer"": 340, ""q5_richest"": 240}",identity,Not directly derived from current DHS microdata.
et-tigray,community_trust_baseline,MODEL_INPUT,pre_hybrid_phase_2_1/model_context.csv,retained structured model input,0.72,0.72,identity,Not directly derived from current DHS microdata.
et-tigray,facility_delivery_fee_usd,MODEL_INPUT,pre_hybrid_phase_2_1/model_context.csv,retained structured model input,18,18,identity,Not directly derived from current DHS microdata.
et-tigray,baseline_complication_rate,MODEL_INPUT,pre_hybrid_phase_2_1/model_context.csv,retained structured model input,0.15,0.15,identity,Not directly derived from current DHS microdata.
et-tigray,wealth_quintiles_mmr,MODEL_INPUT,pre_hybrid_phase_2_1/model_context.csv,retained structured model input,"{""q1_poorest"": 680, ""q2_poor"": 560, ""q3_middle"": 465, ""q4_richer"": 370, ""q5_richest"": 260}","{""q1_poorest"": 680, ""q2_poor"": 560, ""q3_middle"": 465, ""q4_richer"": 370, ""q5_richest"": 260}",identity,Not directly derived from current DHS microdata.
ke-garissa,staff_247_availability_rate,SPA_NATIONAL_PROXY,data/clinical/spa_country_indicators.csv,country aggregate assigned identically to five modeled territories,,0.46,"country lookup, no territorial estimation",KSPA 2010; Table A-6.34; p.219; 2010-2010; universe: Delivery facilities; denominator: All normal delivery facilities; None
ke-turkana,staff_247_availability_rate,SPA_NATIONAL_PROXY,data/clinical/spa_country_indicators.csv,country aggregate assigned identically to five modeled territories,,0.46,"country lookup, no territorial estimation",KSPA 2010; Table A-6.34; p.219; 2010-2010; universe: Delivery facilities; denominator: All normal delivery facilities; None
ke-kilifi,staff_247_availability_rate,SPA_NATIONAL_PROXY,data/clinical/spa_country_indicators.csv,country aggregate assigned identically to five modeled territories,,0.46,"country lookup, no territorial estimation",KSPA 2010; Table A-6.34; p.219; 2010-2010; universe: Delivery facilities; denominator: All normal delivery facilities; None
ke-kisumu,staff_247_availability_rate,SPA_NATIONAL_PROXY,data/clinical/spa_country_indicators.csv,country aggregate assigned identically to five modeled territories,,0.46,"country lookup, no territorial estimation",KSPA 2010; Table A-6.34; p.219; 2010-2010; universe: Delivery facilities; denominator: All normal delivery facilities; None
ke-kakamega,staff_247_availability_rate,SPA_NATIONAL_PROXY,data/clinical/spa_country_indicators.csv,country aggregate assigned identically to five modeled territories,,0.46,"country lookup, no territorial estimation",KSPA 2010; Table A-6.34; p.219; 2010-2010; universe: Delivery facilities; denominator: All normal delivery facilities; None
tz-mwanza,staff_247_availability_rate,SPA_NATIONAL_PROXY,data/clinical/spa_country_indicators.csv,country aggregate assigned identically to five modeled territories,,0.3,"country lookup, no territorial estimation",TSPA 2014-15; Table 7.2; p.139; 2014-2015; universe: Delivery facilities; denominator: All normal delivery facilities; None
tz-kigoma,staff_247_availability_rate,SPA_NATIONAL_PROXY,data/clinical/spa_country_indicators.csv,country aggregate assigned identically to five modeled territories,,0.3,"country lookup, no territorial estimation",TSPA 2014-15; Table 7.2; p.139; 2014-2015; universe: Delivery facilities; denominator: All normal delivery facilities; None
tz-dodoma,staff_247_availability_rate,SPA_NATIONAL_PROXY,data/clinical/spa_country_indicators.csv,country aggregate assigned identically to five modeled territories,,0.3,"country lookup, no territorial estimation",TSPA 2014-15; Table 7.2; p.139; 2014-2015; universe: Delivery facilities; denominator: All normal delivery facilities; None
tz-arusha,staff_247_availability_rate,SPA_NATIONAL_PROXY,data/clinical/spa_country_indicators.csv,country aggregate assigned identically to five modeled territories,,0.3,"country lookup, no territorial estimation",TSPA 2014-15; Table 7.2; p.139; 2014-2015; universe: Delivery facilities; denominator: All normal delivery facilities; None
tz-morogoro,staff_247_availability_rate,SPA_NATIONAL_PROXY,data/clinical/spa_country_indicators.csv,country aggregate assigned identically to five modeled territories,,0.3,"country lookup, no territorial estimation",TSPA 2014-15; Table 7.2; p.139; 2014-2015; universe: Delivery facilities; denominator: All normal delivery facilities; None
ug-gulu,staff_247_availability_rate,SPA_NATIONAL_PROXY,data/clinical/spa_country_indicators.csv,country aggregate assigned identically to five modeled territories,,0.55,"country lookup, no territorial estimation",USPA 2007; Table A-6.34; p.115; 2007-2007; universe: Delivery facilities; denominator: All normal delivery facilities; None
ug-arua,staff_247_availability_rate,SPA_NATIONAL_PROXY,data/clinical/spa_country_indicators.csv,country aggregate assigned identically to five modeled territories,,0.55,"country lookup, no territorial estimation",USPA 2007; Table A-6.34; p.115; 2007-2007; universe: Delivery facilities; denominator: All normal delivery facilities; None
ug-moroto,staff_247_availability_rate,SPA_NATIONAL_PROXY,data/clinical/spa_country_indicators.csv,country aggregate assigned identically to five modeled territories,,0.55,"country lookup, no territorial estimation",USPA 2007; Table A-6.34; p.115; 2007-2007; universe: Delivery facilities; denominator: All normal delivery facilities; None
ug-jinja,staff_247_availability_rate,SPA_NATIONAL_PROXY,data/clinical/spa_country_indicators.csv,country aggregate assigned identically to five modeled territories,,0.55,"country lookup, no territorial estimation",USPA 2007; Table A-6.34; p.115; 2007-2007; universe: Delivery facilities; denominator: All normal delivery facilities; None
ug-mbarara,staff_247_availability_rate,SPA_NATIONAL_PROXY,data/clinical/spa_country_indicators.csv,country aggregate assigned identically to five modeled territories,,0.55,"country lookup, no territorial estimation",USPA 2007; Table A-6.34; p.115; 2007-2007; universe: Delivery facilities; denominator: All normal delivery facilities; None
gh-northern,staff_247_availability_rate,SPA_NATIONAL_PROXY,data/clinical/spa_country_indicators.csv,country aggregate assigned identically to five modeled territories,,0.52,"country lookup, no territorial estimation",GSPA 2002; Table 6.9; p.98; 2002-2002; universe: Delivery facilities; denominator: All normal delivery facilities; None
gh-upper-east,staff_247_availability_rate,SPA_NATIONAL_PROXY,data/clinical/spa_country_indicators.csv,country aggregate assigned identically to five modeled territories,,0.52,"country lookup, no territorial estimation",GSPA 2002; Table 6.9; p.98; 2002-2002; universe: Delivery facilities; denominator: All normal delivery facilities; None
gh-volta,staff_247_availability_rate,SPA_NATIONAL_PROXY,data/clinical/spa_country_indicators.csv,country aggregate assigned identically to five modeled territories,,0.52,"country lookup, no territorial estimation",GSPA 2002; Table 6.9; p.98; 2002-2002; universe: Delivery facilities; denominator: All normal delivery facilities; None
gh-ashanti,staff_247_availability_rate,SPA_NATIONAL_PROXY,data/clinical/spa_country_indicators.csv,country aggregate assigned identically to five modeled territories,,0.52,"country lookup, no territorial estimation",GSPA 2002; Table 6.9; p.98; 2002-2002; universe: Delivery facilities; denominator: All normal delivery facilities; None
gh-accra,staff_247_availability_rate,SPA_NATIONAL_PROXY,data/clinical/spa_country_indicators.csv,country aggregate assigned identically to five modeled territories,,0.52,"country lookup, no territorial estimation",GSPA 2002; Table 6.9; p.98; 2002-2002; universe: Delivery facilities; denominator: All normal delivery facilities; None
et-somali,staff_247_availability_rate,SPA_NATIONAL_PROXY,data/clinical/spa_country_indicators.csv,country aggregate assigned identically to five modeled territories,,0.85,"country lookup, no territorial estimation",ESPA 2021-22 Final Report; Table 7.2; p.163; 2021-2022; universe: Delivery facilities; denominator: All normal delivery facilities; None
et-afar,staff_247_availability_rate,SPA_NATIONAL_PROXY,data/clinical/spa_country_indicators.csv,country aggregate assigned identically to five modeled territories,,0.85,"country lookup, no territorial estimation",ESPA 2021-22 Final Report; Table 7.2; p.163; 2021-2022; universe: Delivery facilities; denominator: All normal delivery facilities; None
et-oromia,staff_247_availability_rate,SPA_NATIONAL_PROXY,data/clinical/spa_country_indicators.csv,country aggregate assigned identically to five modeled territories,,0.85,"country lookup, no territorial estimation",ESPA 2021-22 Final Report; Table 7.2; p.163; 2021-2022; universe: Delivery facilities; denominator: All normal delivery facilities; None
et-amhara,staff_247_availability_rate,SPA_NATIONAL_PROXY,data/clinical/spa_country_indicators.csv,country aggregate assigned identically to five modeled territories,,0.85,"country lookup, no territorial estimation",ESPA 2021-22 Final Report; Table 7.2; p.163; 2021-2022; universe: Delivery facilities; denominator: All normal delivery facilities; None
et-tigray,staff_247_availability_rate,SPA_NATIONAL_PROXY,data/clinical/spa_country_indicators.csv,country aggregate assigned identically to five modeled territories,,0.85,"country lookup, no territorial estimation",ESPA 2021-22 Final Report; Table 7.2; p.163; 2021-2022; universe: Delivery facilities; denominator: All normal delivery facilities; None
ke-garissa,quintile_coverage.q1_poorest.anc1_rate,EMPIRICAL_DHS_STRATIFIED,data/dhs/KEIR8CFL.DTA,"district anc1_rate x DHS national quintile gradient (v005-weighted, births <60 months)",0.9646761814,0.9381043217,"value * (dhs_country_quintile / dhs_country_overall), clamped to [0,1]","District level preserved; wealth gradient imported from DHS microdata. Run after build_final_hybrid_inputs.py, which rewrites this file."
ke-garissa,quintile_coverage.q1_poorest.anc4_rate,EMPIRICAL_DHS_STRATIFIED,data/dhs/KEIR8CFL.DTA,"district anc4_rate x DHS national quintile gradient (v005-weighted, births <60 months)",0.5728263273,0.4645195207,"value * (dhs_country_quintile / dhs_country_overall), clamped to [0,1]","District level preserved; wealth gradient imported from DHS microdata. Run after build_final_hybrid_inputs.py, which rewrites this file."
ke-garissa,quintile_coverage.q1_poorest.institutional_delivery_rate,EMPIRICAL_DHS_STRATIFIED,data/dhs/KEIR8CFL.DTA,"district institutional_delivery_rate x DHS national quintile gradient (v005-weighted, births <60 months)",0.8389877894,0.6270341521,"value * (dhs_country_quintile / dhs_country_overall), clamped to [0,1]","District level preserved; wealth gradient imported from DHS microdata. Run after build_final_hybrid_inputs.py, which rewrites this file."
ke-garissa,quintile_coverage.q2_poor.anc1_rate,EMPIRICAL_DHS_STRATIFIED,data/dhs/KEIR8CFL.DTA,"district anc1_rate x DHS national quintile gradient (v005-weighted, births <60 months)",0.9646761814,0.9641536147,"value * (dhs_country_quintile / dhs_country_overall), clamped to [0,1]","District level preserved; wealth gradient imported from DHS microdata. Run after build_final_hybrid_inputs.py, which rewrites this file."
ke-garissa,quintile_coverage.q2_poor.anc4_rate,EMPIRICAL_DHS_STRATIFIED,data/dhs/KEIR8CFL.DTA,"district anc4_rate x DHS national quintile gradient (v005-weighted, births <60 months)",0.5728263273,0.5150882934,"value * (dhs_country_quintile / dhs_country_overall), clamped to [0,1]","District level preserved; wealth gradient imported from DHS microdata. Run after build_final_hybrid_inputs.py, which rewrites this file."
ke-garissa,quintile_coverage.q2_poor.institutional_delivery_rate,EMPIRICAL_DHS_STRATIFIED,data/dhs/KEIR8CFL.DTA,"district institutional_delivery_rate x DHS national quintile gradient (v005-weighted, births <60 months)",0.8389877894,0.8369048133,"value * (dhs_country_quintile / dhs_country_overall), clamped to [0,1]","District level preserved; wealth gradient imported from DHS microdata. Run after build_final_hybrid_inputs.py, which rewrites this file."
ke-garissa,quintile_coverage.q3_middle.anc1_rate,EMPIRICAL_DHS_STRATIFIED,data/dhs/KEIR8CFL.DTA,"district anc1_rate x DHS national quintile gradient (v005-weighted, births <60 months)",0.9646761814,0.9694556559,"value * (dhs_country_quintile / dhs_country_overall), clamped to [0,1]","District level preserved; wealth gradient imported from DHS microdata. Run after build_final_hybrid_inputs.py, which rewrites this file."
ke-garissa,quintile_coverage.q3_middle.anc4_rate,EMPIRICAL_DHS_STRATIFIED,data/dhs/KEIR8CFL.DTA,"district anc4_rate x DHS national quintile gradient (v005-weighted, births <60 months)",0.5728263273,0.5637120197,"value * (dhs_country_quintile / dhs_country_overall), clamped to [0,1]","District level preserved; wealth gradient imported from DHS microdata. Run after build_final_hybrid_inputs.py, which rewrites this file."
ke-garissa,quintile_coverage.q3_middle.institutional_delivery_rate,EMPIRICAL_DHS_STRATIFIED,data/dhs/KEIR8CFL.DTA,"district institutional_delivery_rate x DHS national quintile gradient (v005-weighted, births <60 months)",0.8389877894,0.8922768208,"value * (dhs_country_quintile / dhs_country_overall), clamped to [0,1]","District level preserved; wealth gradient imported from DHS microdata. Run after build_final_hybrid_inputs.py, which rewrites this file."
ke-garissa,quintile_coverage.q4_richer.anc1_rate,EMPIRICAL_DHS_STRATIFIED,data/dhs/KEIR8CFL.DTA,"district anc1_rate x DHS national quintile gradient (v005-weighted, births <60 months)",0.9646761814,0.9710112203,"value * (dhs_country_quintile / dhs_country_overall), clamped to [0,1]","District level preserved; wealth gradient imported from DHS microdata. Run after build_final_hybrid_inputs.py, which rewrites this file."
ke-garissa,quintile_coverage.q4_richer.anc4_rate,EMPIRICAL_DHS_STRATIFIED,data/dhs/KEIR8CFL.DTA,"district anc4_rate x DHS national quintile gradient (v005-weighted, births <60 months)",0.5728263273,0.5981346019,"value * (dhs_country_quintile / dhs_country_overall), clamped to [0,1]","District level preserved; wealth gradient imported from DHS microdata. Run after build_final_hybrid_inputs.py, which rewrites this file."
ke-garissa,quintile_coverage.q4_richer.institutional_delivery_rate,EMPIRICAL_DHS_STRATIFIED,data/dhs/KEIR8CFL.DTA,"district institutional_delivery_rate x DHS national quintile gradient (v005-weighted, births <60 months)",0.8389877894,0.9211205011,"value * (dhs_country_quintile / dhs_country_overall), clamped to [0,1]","District level preserved; wealth gradient imported from DHS microdata. Run after build_final_hybrid_inputs.py, which rewrites this file."
ke-garissa,quintile_coverage.q5_richest.anc1_rate,EMPIRICAL_DHS_STRATIFIED,data/dhs/KEIR8CFL.DTA,"district anc1_rate x DHS national quintile gradient (v005-weighted, births <60 months)",0.9646761814,0.9815072973,"value * (dhs_country_quintile / dhs_country_overall), clamped to [0,1]","District level preserved; wealth gradient imported from DHS microdata. Run after build_final_hybrid_inputs.py, which rewrites this file."
ke-garissa,quintile_coverage.q5_richest.anc4_rate,EMPIRICAL_DHS_STRATIFIED,data/dhs/KEIR8CFL.DTA,"district anc4_rate x DHS national quintile gradient (v005-weighted, births <60 months)",0.5728263273,0.7108791328,"value * (dhs_country_quintile / dhs_country_overall), clamped to [0,1]","District level preserved; wealth gradient imported from DHS microdata. Run after build_final_hybrid_inputs.py, which rewrites this file."
ke-garissa,quintile_coverage.q5_richest.institutional_delivery_rate,EMPIRICAL_DHS_STRATIFIED,data/dhs/KEIR8CFL.DTA,"district institutional_delivery_rate x DHS national quintile gradient (v005-weighted, births <60 months)",0.8389877894,0.9372121714,"value * (dhs_country_quintile / dhs_country_overall), clamped to [0,1]","District level preserved; wealth gradient imported from DHS microdata. Run after build_final_hybrid_inputs.py, which rewrites this file."
ke-turkana,quintile_coverage.q1_poorest.anc1_rate,EMPIRICAL_DHS_STRATIFIED,data/dhs/KEIR8CFL.DTA,"district anc1_rate x DHS national quintile gradient (v005-weighted, births <60 months)",0.9578496230,0.9314657997,"value * (dhs_country_quintile / dhs_country_overall), clamped to [0,1]","District level preserved; wealth gradient imported from DHS microdata. Run after build_final_hybrid_inputs.py, which rewrites this file."
ke-turkana,quintile_coverage.q1_poorest.anc4_rate,EMPIRICAL_DHS_STRATIFIED,data/dhs/KEIR8CFL.DTA,"district anc4_rate x DHS national quintile gradient (v005-weighted, births <60 months)",0.5119503007,0.4151535937,"value * (dhs_country_quintile / dhs_country_overall), clamped to [0,1]","District level preserved; wealth gradient imported from DHS microdata. Run after build_final_hybrid_inputs.py, which rewrites this file."
ke-turkana,quintile_coverage.q1_poorest.institutional_delivery_rate,EMPIRICAL_DHS_STRATIFIED,data/dhs/KEIR8CFL.DTA,"district institutional_delivery_rate x DHS national quintile gradient (v005-weighted, births <60 months)",0.7985312547,0.5967981591,"value * (dhs_country_quintile / dhs_country_overall), clamped to [0,1]","District level preserved; wealth gradient imported from DHS microdata. Run after build_final_hybrid_inputs.py, which rewrites this file."
ke-turkana,quintile_coverage.q2_poor.anc1_rate,EMPIRICAL_DHS_STRATIFIED,data/dhs/KEIR8CFL.DTA,"district anc1_rate x DHS national quintile gradient (v005-weighted, births <60 months)",0.9578496230,0.9573307541,"value * (dhs_country_quintile / dhs_country_overall), clamped to [0,1]","District level preserved; wealth gradient imported from DHS microdata. Run after build_final_hybrid_inputs.py, which rewrites this file."
ke-turkana,quintile_coverage.q2_poor.anc4_rate,EMPIRICAL_DHS_STRATIFIED,data/dhs/KEIR8CFL.DTA,"district anc4_rate x DHS national quintile gradient (v005-weighted, births <60 months)",0.5119503007,0.4603482664,"value * (dhs_country_quintile / dhs_country_overall), clamped to [0,1]","District level preserved; wealth gradient imported from DHS microdata. Run after build_final_hybrid_inputs.py, which rewrites this file."
ke-turkana,quintile_coverage.q2_poor.institutional_delivery_rate,EMPIRICAL_DHS_STRATIFIED,data/dhs/KEIR8CFL.DTA,"district institutional_delivery_rate x DHS national quintile gradient (v005-weighted, births <60 months)",0.7985312547,0.7965487211,"value * (dhs_country_quintile / dhs_country_overall), clamped to [0,1]","District level preserved; wealth gradient imported from DHS microdata. Run after build_final_hybrid_inputs.py, which rewrites this file."
ke-turkana,quintile_coverage.q3_middle.anc1_rate,EMPIRICAL_DHS_STRATIFIED,data/dhs/KEIR8CFL.DTA,"district anc1_rate x DHS national quintile gradient (v005-weighted, births <60 months)",0.9578496230,0.9625952753,"value * (dhs_country_quintile / dhs_country_overall), clamped to [0,1]","District level preserved; wealth gradient imported from DHS microdata. Run after build_final_hybrid_inputs.py, which rewrites this file."
ke-turkana,quintile_coverage.q3_middle.anc4_rate,EMPIRICAL_DHS_STRATIFIED,data/dhs/KEIR8CFL.DTA,"district anc4_rate x DHS national quintile gradient (v005-weighted, births <60 months)",0.5119503007,0.5038045988,"value * (dhs_country_quintile / dhs_country_overall), clamped to [0,1]","District level preserved; wealth gradient imported from DHS microdata. Run after build_final_hybrid_inputs.py, which rewrites this file."
ke-turkana,quintile_coverage.q3_middle.institutional_delivery_rate,EMPIRICAL_DHS_STRATIFIED,data/dhs/KEIR8CFL.DTA,"district institutional_delivery_rate x DHS national quintile gradient (v005-weighted, births <60 months)",0.7985312547,0.8492506545,"value * (dhs_country_quintile / dhs_country_overall), clamped to [0,1]","District level preserved; wealth gradient imported from DHS microdata. Run after build_final_hybrid_inputs.py, which rewrites this file."
ke-turkana,quintile_coverage.q4_richer.anc1_rate,EMPIRICAL_DHS_STRATIFIED,data/dhs/KEIR8CFL.DTA,"district anc1_rate x DHS national quintile gradient (v005-weighted, births <60 months)",0.9578496230,0.9641398317,"value * (dhs_country_quintile / dhs_country_overall), clamped to [0,1]","District level preserved; wealth gradient imported from DHS microdata. Run after build_final_hybrid_inputs.py, which rewrites this file."
ke-turkana,quintile_coverage.q4_richer.anc4_rate,EMPIRICAL_DHS_STRATIFIED,data/dhs/KEIR8CFL.DTA,"district anc4_rate x DHS national quintile gradient (v005-weighted, births <60 months)",0.5119503007,0.5345689866,"value * (dhs_country_quintile / dhs_country_overall), clamped to [0,1]","District level preserved; wealth gradient imported from DHS microdata. Run after build_final_hybrid_inputs.py, which rewrites this file."
ke-turkana,quintile_coverage.q4_richer.institutional_delivery_rate,EMPIRICAL_DHS_STRATIFIED,data/dhs/KEIR8CFL.DTA,"district institutional_delivery_rate x DHS national quintile gradient (v005-weighted, births <60 months)",0.7985312547,0.8767034739,"value * (dhs_country_quintile / dhs_country_overall), clamped to [0,1]","District level preserved; wealth gradient imported from DHS microdata. Run after build_final_hybrid_inputs.py, which rewrites this file."
ke-turkana,quintile_coverage.q5_richest.anc1_rate,EMPIRICAL_DHS_STRATIFIED,data/dhs/KEIR8CFL.DTA,"district anc1_rate x DHS national quintile gradient (v005-weighted, births <60 months)",0.9578496230,0.9745616329,"value * (dhs_country_quintile / dhs_country_overall), clamped to [0,1]","District level preserved; wealth gradient imported from DHS microdata. Run after build_final_hybrid_inputs.py, which rewrites this file."
ke-turkana,quintile_coverage.q5_richest.anc4_rate,EMPIRICAL_DHS_STRATIFIED,data/dhs/KEIR8CFL.DTA,"district anc4_rate x DHS national quintile gradient (v005-weighted, births <60 months)",0.5119503007,0.6353318073,"value * (dhs_country_quintile / dhs_country_overall), clamped to [0,1]","District level preserved; wealth gradient imported from DHS microdata. Run after build_final_hybrid_inputs.py, which rewrites this file."
ke-turkana,quintile_coverage.q5_richest.institutional_delivery_rate,EMPIRICAL_DHS_STRATIFIED,data/dhs/KEIR8CFL.DTA,"district institutional_delivery_rate x DHS national quintile gradient (v005-weighted, births <60 months)",0.7985312547,0.8920191934,"value * (dhs_country_quintile / dhs_country_overall), clamped to [0,1]","District level preserved; wealth gradient imported from DHS microdata. Run after build_final_hybrid_inputs.py, which rewrites this file."
ke-kilifi,quintile_coverage.q1_poorest.anc1_rate,EMPIRICAL_DHS_STRATIFIED,data/dhs/KEIR8CFL.DTA,"district anc1_rate x DHS national quintile gradient (v005-weighted, births <60 months)",0.9861255157,0.9589628373,"value * (dhs_country_quintile / dhs_country_overall), clamped to [0,1]","District level preserved; wealth gradient imported from DHS microdata. Run after build_final_hybrid_inputs.py, which rewrites this file."
ke-kilifi,quintile_coverage.q1_poorest.anc4_rate,EMPIRICAL_DHS_STRATIFIED,data/dhs/KEIR8CFL.DTA,"district anc4_rate x DHS national quintile gradient (v005-weighted, births <60 months)",0.6973504313,0.5654993018,"value * (dhs_country_quintile / dhs_country_overall), clamped to [0,1]","District level preserved; wealth gradient imported from DHS microdata. Run after build_final_hybrid_inputs.py, which rewrites this file."
ke-kilifi,quintile_coverage.q1_poorest.institutional_delivery_rate,EMPIRICAL_DHS_STRATIFIED,data/dhs/KEIR8CFL.DTA,"district institutional_delivery_rate x DHS national quintile gradient (v005-weighted, births <60 months)",0.8972768089,0.6705976060,"value * (dhs_country_quintile / dhs_country_overall), clamped to [0,1]","District level preserved; wealth gradient imported from DHS microdata. Run after build_final_hybrid_inputs.py, which rewrites this file."
ke-kilifi,quintile_coverage.q2_poor.anc1_rate,EMPIRICAL_DHS_STRATIFIED,data/dhs/KEIR8CFL.DTA,"district anc1_rate x DHS national quintile gradient (v005-weighted, births <60 months)",0.9861255157,0.9855913297,"value * (dhs_country_quintile / dhs_country_overall), clamped to [0,1]","District level preserved; wealth gradient imported from DHS microdata. Run after build_final_hybrid_inputs.py, which rewrites this file."
ke-kilifi,quintile_coverage.q2_poor.anc4_rate,EMPIRICAL_DHS_STRATIFIED,data/dhs/KEIR8CFL.DTA,"district anc4_rate x DHS national quintile gradient (v005-weighted, births <60 months)",0.6973504313,0.6270609894,"value * (dhs_country_quintile / dhs_country_overall), clamped to [0,1]","District level preserved; wealth gradient imported from DHS microdata. Run after build_final_hybrid_inputs.py, which rewrites this file."
ke-kilifi,quintile_coverage.q2_poor.institutional_delivery_rate,EMPIRICAL_DHS_STRATIFIED,data/dhs/KEIR8CFL.DTA,"district institutional_delivery_rate x DHS national quintile gradient (v005-weighted, births <60 months)",0.8972768089,0.8950491172,"value * (dhs_country_quintile / dhs_country_overall), clamped to [0,1]","District level preserved; wealth gradient imported from DHS microdata. Run after build_final_hybrid_inputs.py, which rewrites this file."
ke-kilifi,quintile_coverage.q3_middle.anc1_rate,EMPIRICAL_DHS_STRATIFIED,data/dhs/KEIR8CFL.DTA,"district anc1_rate x DHS national quintile gradient (v005-weighted, births <60 months)",0.9861255157,0.9910112605,"value * (dhs_country_quintile / dhs_country_overall), clamped to [0,1]","District level preserved; wealth gradient imported from DHS microdata. Run after build_final_hybrid_inputs.py, which rewrites this file."
ke-kilifi,quintile_coverage.q3_middle.anc4_rate,EMPIRICAL_DHS_STRATIFIED,data/dhs/KEIR8CFL.DTA,"district anc4_rate x DHS national quintile gradient (v005-weighted, births <60 months)",0.6973504313,0.6862548059,"value * (dhs_country_quintile / dhs_country_overall), clamped to [0,1]","District level preserved; wealth gradient imported from DHS microdata. Run after build_final_hybrid_inputs.py, which rewrites this file."
ke-kilifi,quintile_coverage.q3_middle.institutional_delivery_rate,EMPIRICAL_DHS_STRATIFIED,data/dhs/KEIR8CFL.DTA,"district institutional_delivery_rate x DHS national quintile gradient (v005-weighted, births <60 months)",0.8972768089,0.9542681175,"value * (dhs_country_quintile / dhs_country_overall), clamped to [0,1]","District level preserved; wealth gradient imported from DHS microdata. Run after build_final_hybrid_inputs.py, which rewrites this file."
ke-kilifi,quintile_coverage.q4_richer.anc1_rate,EMPIRICAL_DHS_STRATIFIED,data/dhs/KEIR8CFL.DTA,"district anc1_rate x DHS national quintile gradient (v005-weighted, births <60 months)",0.9861255157,0.9926014125,"value * (dhs_country_quintile / dhs_country_overall), clamped to [0,1]","District level preserved; wealth gradient imported from DHS microdata. Run after build_final_hybrid_inputs.py, which rewrites this file."
ke-kilifi,quintile_coverage.q4_richer.anc4_rate,EMPIRICAL_DHS_STRATIFIED,data/dhs/KEIR8CFL.DTA,"district anc4_rate x DHS national quintile gradient (v005-weighted, births <60 months)",0.6973504313,0.7281603563,"value * (dhs_country_quintile / dhs_country_overall), clamped to [0,1]","District level preserved; wealth gradient imported from DHS microdata. Run after build_final_hybrid_inputs.py, which rewrites this file."
ke-kilifi,quintile_coverage.q4_richer.institutional_delivery_rate,EMPIRICAL_DHS_STRATIFIED,data/dhs/KEIR8CFL.DTA,"district institutional_delivery_rate x DHS national quintile gradient (v005-weighted, births <60 months)",0.8972768089,0.9851157244,"value * (dhs_country_quintile / dhs_country_overall), clamped to [0,1]","District level preserved; wealth gradient imported from DHS microdata. Run after build_final_hybrid_inputs.py, which rewrites this file."
ke-kilifi,quintile_coverage.q5_richest.anc1_rate,EMPIRICAL_DHS_STRATIFIED,data/dhs/KEIR8CFL.DTA,"district anc1_rate x DHS national quintile gradient (v005-weighted, births <60 months)",0.9861255157,1.0000000000,"value * (dhs_country_quintile / dhs_country_overall), clamped to [0,1]","District level preserved; wealth gradient imported from DHS microdata. Run after build_final_hybrid_inputs.py, which rewrites this file."
ke-kilifi,quintile_coverage.q5_richest.anc4_rate,EMPIRICAL_DHS_STRATIFIED,data/dhs/KEIR8CFL.DTA,"district anc4_rate x DHS national quintile gradient (v005-weighted, births <60 months)",0.6973504313,0.8654139068,"value * (dhs_country_quintile / dhs_country_overall), clamped to [0,1]","District level preserved; wealth gradient imported from DHS microdata. Run after build_final_hybrid_inputs.py, which rewrites this file."
ke-kilifi,quintile_coverage.q5_richest.institutional_delivery_rate,EMPIRICAL_DHS_STRATIFIED,data/dhs/KEIR8CFL.DTA,"district institutional_delivery_rate x DHS national quintile gradient (v005-weighted, births <60 months)",0.8972768089,1.0000000000,"value * (dhs_country_quintile / dhs_country_overall), clamped to [0,1]","District level preserved; wealth gradient imported from DHS microdata. Run after build_final_hybrid_inputs.py, which rewrites this file."
ke-kisumu,quintile_coverage.q1_poorest.anc1_rate,EMPIRICAL_DHS_STRATIFIED,data/dhs/KEIR8CFL.DTA,"district anc1_rate x DHS national quintile gradient (v005-weighted, births <60 months)",0.9921653167,0.9648362729,"value * (dhs_country_quintile / dhs_country_overall), clamped to [0,1]","District level preserved; wealth gradient imported from DHS microdata. Run after build_final_hybrid_inputs.py, which rewrites this file."
ke-kisumu,quintile_coverage.q1_poorest.anc4_rate,EMPIRICAL_DHS_STRATIFIED,data/dhs/KEIR8CFL.DTA,"district anc4_rate x DHS national quintile gradient (v005-weighted, births <60 months)",0.7804423514,0.6328806651,"value * (dhs_country_quintile / dhs_country_overall), clamped to [0,1]","District level preserved; wealth gradient imported from DHS microdata. Run after build_final_hybrid_inputs.py, which rewrites this file."
ke-kisumu,quintile_coverage.q1_poorest.institutional_delivery_rate,EMPIRICAL_DHS_STRATIFIED,data/dhs/KEIR8CFL.DTA,"district institutional_delivery_rate x DHS national quintile gradient (v005-weighted, births <60 months)",0.9278366614,0.6934371175,"value * (dhs_country_quintile / dhs_country_overall), clamped to [0,1]","District level preserved; wealth gradient imported from DHS microdata. Run after build_final_hybrid_inputs.py, which rewrites this file."
ke-kisumu,quintile_coverage.q2_poor.anc1_rate,EMPIRICAL_DHS_STRATIFIED,data/dhs/KEIR8CFL.DTA,"district anc1_rate x DHS national quintile gradient (v005-weighted, births <60 months)",0.9921653167,0.9916278590,"value * (dhs_country_quintile / dhs_country_overall), clamped to [0,1]","District level preserved; wealth gradient imported from DHS microdata. Run after build_final_hybrid_inputs.py, which rewrites this file."
ke-kisumu,quintile_coverage.q2_poor.anc4_rate,EMPIRICAL_DHS_STRATIFIED,data/dhs/KEIR8CFL.DTA,"district anc4_rate x DHS national quintile gradient (v005-weighted, births <60 months)",0.7804423514,0.7017776588,"value * (dhs_country_quintile / dhs_country_overall), clamped to [0,1]","District level preserved; wealth gradient imported from DHS microdata. Run after build_final_hybrid_inputs.py, which rewrites this file."
ke-kisumu,quintile_coverage.q2_poor.institutional_delivery_rate,EMPIRICAL_DHS_STRATIFIED,data/dhs/KEIR8CFL.DTA,"district institutional_delivery_rate x DHS national quintile gradient (v005-weighted, births <60 months)",0.9278366614,0.9255330980,"value * (dhs_country_quintile / dhs_country_overall), clamped to [0,1]","District level preserved; wealth gradient imported from DHS microdata. Run after build_final_hybrid_inputs.py, which rewrites this file."
ke-kisumu,quintile_coverage.q3_middle.anc1_rate,EMPIRICAL_DHS_STRATIFIED,data/dhs/KEIR8CFL.DTA,"district anc1_rate x DHS national quintile gradient (v005-weighted, births <60 months)",0.9921653167,0.9970809857,"value * (dhs_country_quintile / dhs_country_overall), clamped to [0,1]","District level preserved; wealth gradient imported from DHS microdata. Run after build_final_hybrid_inputs.py, which rewrites this file."
ke-kisumu,quintile_coverage.q3_middle.anc4_rate,EMPIRICAL_DHS_STRATIFIED,data/dhs/KEIR8CFL.DTA,"district anc4_rate x DHS national quintile gradient (v005-weighted, births <60 months)",0.7804423514,0.7680246405,"value * (dhs_country_quintile / dhs_country_overall), clamped to [0,1]","District level preserved; wealth gradient imported from DHS microdata. Run after build_final_hybrid_inputs.py, which rewrites this file."
ke-kisumu,quintile_coverage.q3_middle.institutional_delivery_rate,EMPIRICAL_DHS_STRATIFIED,data/dhs/KEIR8CFL.DTA,"district institutional_delivery_rate x DHS national quintile gradient (v005-weighted, births <60 months)",0.9278366614,0.9867690054,"value * (dhs_country_quintile / dhs_country_overall), clamped to [0,1]","District level preserved; wealth gradient imported from DHS microdata. Run after build_final_hybrid_inputs.py, which rewrites this file."
ke-kisumu,quintile_coverage.q4_richer.anc1_rate,EMPIRICAL_DHS_STRATIFIED,data/dhs/KEIR8CFL.DTA,"district anc1_rate x DHS national quintile gradient (v005-weighted, births <60 months)",0.9921653167,0.9986808770,"value * (dhs_country_quintile / dhs_country_overall), clamped to [0,1]","District level preserved; wealth gradient imported from DHS microdata. Run after build_final_hybrid_inputs.py, which rewrites this file."
ke-kisumu,quintile_coverage.q4_richer.anc4_rate,EMPIRICAL_DHS_STRATIFIED,data/dhs/KEIR8CFL.DTA,"district anc4_rate x DHS national quintile gradient (v005-weighted, births <60 months)",0.7804423514,0.8149233945,"value * (dhs_country_quintile / dhs_country_overall), clamped to [0,1]","District level preserved; wealth gradient imported from DHS microdata. Run after build_final_hybrid_inputs.py, which rewrites this file."
ke-kisumu,quintile_coverage.q4_richer.institutional_delivery_rate,EMPIRICAL_DHS_STRATIFIED,data/dhs/KEIR8CFL.DTA,"district institutional_delivery_rate x DHS national quintile gradient (v005-weighted, births <60 months)",0.9278366614,1.0000000000,"value * (dhs_country_quintile / dhs_country_overall), clamped to [0,1]","District level preserved; wealth gradient imported from DHS microdata. Run after build_final_hybrid_inputs.py, which rewrites this file."
ke-kisumu,quintile_coverage.q5_richest.anc1_rate,EMPIRICAL_DHS_STRATIFIED,data/dhs/KEIR8CFL.DTA,"district anc1_rate x DHS national quintile gradient (v005-weighted, births <60 months)",0.9921653167,1.0000000000,"value * (dhs_country_quintile / dhs_country_overall), clamped to [0,1]","District level preserved; wealth gradient imported from DHS microdata. Run after build_final_hybrid_inputs.py, which rewrites this file."
ke-kisumu,quintile_coverage.q5_richest.anc4_rate,EMPIRICAL_DHS_STRATIFIED,data/dhs/KEIR8CFL.DTA,"district anc4_rate x DHS national quintile gradient (v005-weighted, births <60 months)",0.7804423514,0.9685312205,"value * (dhs_country_quintile / dhs_country_overall), clamped to [0,1]","District level preserved; wealth gradient imported from DHS microdata. Run after build_final_hybrid_inputs.py, which rewrites this file."
ke-kisumu,quintile_coverage.q5_richest.institutional_delivery_rate,EMPIRICAL_DHS_STRATIFIED,data/dhs/KEIR8CFL.DTA,"district institutional_delivery_rate x DHS national quintile gradient (v005-weighted, births <60 months)",0.9278366614,1.0000000000,"value * (dhs_country_quintile / dhs_country_overall), clamped to [0,1]","District level preserved; wealth gradient imported from DHS microdata. Run after build_final_hybrid_inputs.py, which rewrites this file."
ke-kakamega,quintile_coverage.q1_poorest.anc1_rate,EMPIRICAL_DHS_STRATIFIED,data/dhs/KEIR8CFL.DTA,"district anc1_rate x DHS national quintile gradient (v005-weighted, births <60 months)",0.9886414530,0.9614094735,"value * (dhs_country_quintile / dhs_country_overall), clamped to [0,1]","District level preserved; wealth gradient imported from DHS microdata. Run after build_final_hybrid_inputs.py, which rewrites this file."
ke-kakamega,quintile_coverage.q1_poorest.anc4_rate,EMPIRICAL_DHS_STRATIFIED,data/dhs/KEIR8CFL.DTA,"district anc4_rate x DHS national quintile gradient (v005-weighted, births <60 months)",0.7253767315,0.5882265454,"value * (dhs_country_quintile / dhs_country_overall), clamped to [0,1]","District level preserved; wealth gradient imported from DHS microdata. Run after build_final_hybrid_inputs.py, which rewrites this file."
ke-kakamega,quintile_coverage.q1_poorest.institutional_delivery_rate,EMPIRICAL_DHS_STRATIFIED,data/dhs/KEIR8CFL.DTA,"district institutional_delivery_rate x DHS national quintile gradient (v005-weighted, births <60 months)",0.9090235991,0.6793768025,"value * (dhs_country_quintile / dhs_country_overall), clamped to [0,1]","District level preserved; wealth gradient imported from DHS microdata. Run after build_final_hybrid_inputs.py, which rewrites this file."
ke-kakamega,quintile_coverage.q2_poor.anc1_rate,EMPIRICAL_DHS_STRATIFIED,data/dhs/KEIR8CFL.DTA,"district anc1_rate x DHS national quintile gradient (v005-weighted, births <60 months)",0.9886414530,0.9881059042,"value * (dhs_country_quintile / dhs_country_overall), clamped to [0,1]","District level preserved; wealth gradient imported from DHS microdata. Run after build_final_hybrid_inputs.py, which rewrites this file."
ke-kakamega,quintile_coverage.q2_poor.anc4_rate,EMPIRICAL_DHS_STRATIFIED,data/dhs/KEIR8CFL.DTA,"district anc4_rate x DHS national quintile gradient (v005-weighted, births <60 months)",0.7253767315,0.6522623785,"value * (dhs_country_quintile / dhs_country_overall), clamped to [0,1]","District level preserved; wealth gradient imported from DHS microdata. Run after build_final_hybrid_inputs.py, which rewrites this file."
ke-kakamega,quintile_coverage.q2_poor.institutional_delivery_rate,EMPIRICAL_DHS_STRATIFIED,data/dhs/KEIR8CFL.DTA,"district institutional_delivery_rate x DHS national quintile gradient (v005-weighted, births <60 months)",0.9090235991,0.9067667433,"value * (dhs_country_quintile / dhs_country_overall), clamped to [0,1]","District level preserved; wealth gradient imported from DHS microdata. Run after build_final_hybrid_inputs.py, which rewrites this file."
ke-kakamega,quintile_coverage.q3_middle.anc1_rate,EMPIRICAL_DHS_STRATIFIED,data/dhs/KEIR8CFL.DTA,"district anc1_rate x DHS national quintile gradient (v005-weighted, births <60 months)",0.9886414530,0.9935396630,"value * (dhs_country_quintile / dhs_country_overall), clamped to [0,1]","District level preserved; wealth gradient imported from DHS microdata. Run after build_final_hybrid_inputs.py, which rewrites this file."
ke-kakamega,quintile_coverage.q3_middle.anc4_rate,EMPIRICAL_DHS_STRATIFIED,data/dhs/KEIR8CFL.DTA,"district anc4_rate x DHS national quintile gradient (v005-weighted, births <60 months)",0.7253767315,0.7138351762,"value * (dhs_country_quintile / dhs_country_overall), clamped to [0,1]","District level preserved; wealth gradient imported from DHS microdata. Run after build_final_hybrid_inputs.py, which rewrites this file."
ke-kakamega,quintile_coverage.q3_middle.institutional_delivery_rate,EMPIRICAL_DHS_STRATIFIED,data/dhs/KEIR8CFL.DTA,"district institutional_delivery_rate x DHS national quintile gradient (v005-weighted, births <60 months)",0.9090235991,0.9667610152,"value * (dhs_country_quintile / dhs_country_overall), clamped to [0,1]","District level preserved; wealth gradient imported from DHS microdata. Run after build_final_hybrid_inputs.py, which rewrites this file."
ke-kakamega,quintile_coverage.q4_richer.anc1_rate,EMPIRICAL_DHS_STRATIFIED,data/dhs/KEIR8CFL.DTA,"district anc1_rate x DHS national quintile gradient (v005-weighted, births <60 months)",0.9886414530,0.9951338720,"value * (dhs_country_quintile / dhs_country_overall), clamped to [0,1]","District level preserved; wealth gradient imported from DHS microdata. Run after build_final_hybrid_inputs.py, which rewrites this file."
ke-kakamega,quintile_coverage.q4_richer.anc4_rate,EMPIRICAL_DHS_STRATIFIED,data/dhs/KEIR8CFL.DTA,"district anc4_rate x DHS national quintile gradient (v005-weighted, births <60 months)",0.7253767315,0.7574248979,"value * (dhs_country_quintile / dhs_country_overall), clamped to [0,1]","District level preserved; wealth gradient imported from DHS microdata. Run after build_final_hybrid_inputs.py, which rewrites this file."
ke-kakamega,quintile_coverage.q4_richer.institutional_delivery_rate,EMPIRICAL_DHS_STRATIFIED,data/dhs/KEIR8CFL.DTA,"district institutional_delivery_rate x DHS national quintile gradient (v005-weighted, births <60 months)",0.9090235991,0.9980124666,"value * (dhs_country_quintile / dhs_country_overall), clamped to [0,1]","District level preserved; wealth gradient imported from DHS microdata. Run after build_final_hybrid_inputs.py, which rewrites this file."
ke-kakamega,quintile_coverage.q5_richest.anc1_rate,EMPIRICAL_DHS_STRATIFIED,data/dhs/KEIR8CFL.DTA,"district anc1_rate x DHS national quintile gradient (v005-weighted, births <60 months)",0.9886414530,1.0000000000,"value * (dhs_country_quintile / dhs_country_overall), clamped to [0,1]","District level preserved; wealth gradient imported from DHS microdata. Run after build_final_hybrid_inputs.py, which rewrites this file."
ke-kakamega,quintile_coverage.q5_richest.anc4_rate,EMPIRICAL_DHS_STRATIFIED,data/dhs/KEIR8CFL.DTA,"district anc4_rate x DHS national quintile gradient (v005-weighted, births <60 months)",0.7253767315,0.9001946266,"value * (dhs_country_quintile / dhs_country_overall), clamped to [0,1]","District level preserved; wealth gradient imported from DHS microdata. Run after build_final_hybrid_inputs.py, which rewrites this file."
ke-kakamega,quintile_coverage.q5_richest.institutional_delivery_rate,EMPIRICAL_DHS_STRATIFIED,data/dhs/KEIR8CFL.DTA,"district institutional_delivery_rate x DHS national quintile gradient (v005-weighted, births <60 months)",0.9090235991,1.0000000000,"value * (dhs_country_quintile / dhs_country_overall), clamped to [0,1]","District level preserved; wealth gradient imported from DHS microdata. Run after build_final_hybrid_inputs.py, which rewrites this file."
tz-mwanza,quintile_coverage.q1_poorest.anc1_rate,EMPIRICAL_DHS_STRATIFIED,data/dhs/TZIR82FL.DTA,"district anc1_rate x DHS national quintile gradient (v005-weighted, births <60 months)",0.8924838215,0.8528730837,"value * (dhs_country_quintile / dhs_country_overall), clamped to [0,1]","District level preserved; wealth gradient imported from DHS microdata. Run after build_final_hybrid_inputs.py, which rewrites this file."
tz-mwanza,quintile_coverage.q1_poorest.anc4_rate,EMPIRICAL_DHS_STRATIFIED,data/dhs/TZIR82FL.DTA,"district anc4_rate x DHS national quintile gradient (v005-weighted, births <60 months)",0.6380496489,0.4960387206,"value * (dhs_country_quintile / dhs_country_overall), clamped to [0,1]","District level preserved; wealth gradient imported from DHS microdata. Run after build_final_hybrid_inputs.py, which rewrites this file."
tz-mwanza,quintile_coverage.q1_poorest.institutional_delivery_rate,EMPIRICAL_DHS_STRATIFIED,data/dhs/TZIR82FL.DTA,"district institutional_delivery_rate x DHS national quintile gradient (v005-weighted, births <60 months)",0.8198080743,0.6352240863,"value * (dhs_country_quintile / dhs_country_overall), clamped to [0,1]","District level preserved; wealth gradient imported from DHS microdata. Run after build_final_hybrid_inputs.py, which rewrites this file."
tz-mwanza,quintile_coverage.q2_poor.anc1_rate,EMPIRICAL_DHS_STRATIFIED,data/dhs/TZIR82FL.DTA,"district anc1_rate x DHS national quintile gradient (v005-weighted, births <60 months)",0.8924838215,0.8764243275,"value * (dhs_country_quintile / dhs_country_overall), clamped to [0,1]","District level preserved; wealth gradient imported from DHS microdata. Run after build_final_hybrid_inputs.py, which rewrites this file."
tz-mwanza,quintile_coverage.q2_poor.anc4_rate,EMPIRICAL_DHS_STRATIFIED,data/dhs/TZIR82FL.DTA,"district anc4_rate x DHS national quintile gradient (v005-weighted, births <60 months)",0.6380496489,0.5712848448,"value * (dhs_country_quintile / dhs_country_overall), clamped to [0,1]","District level preserved; wealth gradient imported from DHS microdata. Run after build_final_hybrid_inputs.py, which rewrites this file."
tz-mwanza,quintile_coverage.q2_poor.institutional_delivery_rate,EMPIRICAL_DHS_STRATIFIED,data/dhs/TZIR82FL.DTA,"district institutional_delivery_rate x DHS national quintile gradient (v005-weighted, births <60 months)",0.8198080743,0.7674531552,"value * (dhs_country_quintile / dhs_country_overall), clamped to [0,1]","District level preserved; wealth gradient imported from DHS microdata. Run after build_final_hybrid_inputs.py, which rewrites this file."
tz-mwanza,quintile_coverage.q3_middle.anc1_rate,EMPIRICAL_DHS_STRATIFIED,data/dhs/TZIR82FL.DTA,"district anc1_rate x DHS national quintile gradient (v005-weighted, births <60 months)",0.8924838215,0.8977962966,"value * (dhs_country_quintile / dhs_country_overall), clamped to [0,1]","District level preserved; wealth gradient imported from DHS microdata. Run after build_final_hybrid_inputs.py, which rewrites this file."
tz-mwanza,quintile_coverage.q3_middle.anc4_rate,EMPIRICAL_DHS_STRATIFIED,data/dhs/TZIR82FL.DTA,"district anc4_rate x DHS national quintile gradient (v005-weighted, births <60 months)",0.6380496489,0.6174870097,"value * (dhs_country_quintile / dhs_country_overall), clamped to [0,1]","District level preserved; wealth gradient imported from DHS microdata. Run after build_final_hybrid_inputs.py, which rewrites this file."
tz-mwanza,quintile_coverage.q3_middle.institutional_delivery_rate,EMPIRICAL_DHS_STRATIFIED,data/dhs/TZIR82FL.DTA,"district institutional_delivery_rate x DHS national quintile gradient (v005-weighted, births <60 months)",0.8198080743,0.8385194824,"value * (dhs_country_quintile / dhs_country_overall), clamped to [0,1]","District level preserved; wealth gradient imported from DHS microdata. Run after build_final_hybrid_inputs.py, which rewrites this file."
tz-mwanza,quintile_coverage.q4_richer.anc1_rate,EMPIRICAL_DHS_STRATIFIED,data/dhs/TZIR82FL.DTA,"district anc1_rate x DHS national quintile gradient (v005-weighted, births <60 months)",0.8924838215,0.9130883999,"value * (dhs_country_quintile / dhs_country_overall), clamped to [0,1]","District level preserved; wealth gradient imported from DHS microdata. Run after build_final_hybrid_inputs.py, which rewrites this file."
tz-mwanza,quintile_coverage.q4_richer.anc4_rate,EMPIRICAL_DHS_STRATIFIED,data/dhs/TZIR82FL.DTA,"district anc4_rate x DHS national quintile gradient (v005-weighted, births <60 months)",0.6380496489,0.7187546648,"value * (dhs_country_quintile / dhs_country_overall), clamped to [0,1]","District level preserved; wealth gradient imported from DHS microdata. Run after build_final_hybrid_inputs.py, which rewrites this file."
tz-mwanza,quintile_coverage.q4_richer.institutional_delivery_rate,EMPIRICAL_DHS_STRATIFIED,data/dhs/TZIR82FL.DTA,"district institutional_delivery_rate x DHS national quintile gradient (v005-weighted, births <60 months)",0.8198080743,0.9087758070,"value * (dhs_country_quintile / dhs_country_overall), clamped to [0,1]","District level preserved; wealth gradient imported from DHS microdata. Run after build_final_hybrid_inputs.py, which rewrites this file."
tz-mwanza,quintile_coverage.q5_richest.anc1_rate,EMPIRICAL_DHS_STRATIFIED,data/dhs/TZIR82FL.DTA,"district anc1_rate x DHS national quintile gradient (v005-weighted, births <60 months)",0.8924838215,0.9284726228,"value * (dhs_country_quintile / dhs_country_overall), clamped to [0,1]","District level preserved; wealth gradient imported from DHS microdata. Run after build_final_hybrid_inputs.py, which rewrites this file."
tz-mwanza,quintile_coverage.q5_richest.anc4_rate,EMPIRICAL_DHS_STRATIFIED,data/dhs/TZIR82FL.DTA,"district anc4_rate x DHS national quintile gradient (v005-weighted, births <60 months)",0.6380496489,0.8108281717,"value * (dhs_country_quintile / dhs_country_overall), clamped to [0,1]","District level preserved; wealth gradient imported from DHS microdata. Run after build_final_hybrid_inputs.py, which rewrites this file."
tz-mwanza,quintile_coverage.q5_richest.institutional_delivery_rate,EMPIRICAL_DHS_STRATIFIED,data/dhs/TZIR82FL.DTA,"district institutional_delivery_rate x DHS national quintile gradient (v005-weighted, births <60 months)",0.8198080743,0.9881916971,"value * (dhs_country_quintile / dhs_country_overall), clamped to [0,1]","District level preserved; wealth gradient imported from DHS microdata. Run after build_final_hybrid_inputs.py, which rewrites this file."
tz-kigoma,quintile_coverage.q1_poorest.anc1_rate,EMPIRICAL_DHS_STRATIFIED,data/dhs/TZIR82FL.DTA,"district anc1_rate x DHS national quintile gradient (v005-weighted, births <60 months)",0.8418609617,0.8044969971,"value * (dhs_country_quintile / dhs_country_overall), clamped to [0,1]","District level preserved; wealth gradient imported from DHS microdata. Run after build_final_hybrid_inputs.py, which rewrites this file."
tz-kigoma,quintile_coverage.q1_poorest.anc4_rate,EMPIRICAL_DHS_STRATIFIED,data/dhs/TZIR82FL.DTA,"district anc4_rate x DHS national quintile gradient (v005-weighted, births <60 months)",0.5444811595,0.4232958019,"value * (dhs_country_quintile / dhs_country_overall), clamped to [0,1]","District level preserved; wealth gradient imported from DHS microdata. Run after build_final_hybrid_inputs.py, which rewrites this file."
tz-kigoma,quintile_coverage.q1_poorest.institutional_delivery_rate,EMPIRICAL_DHS_STRATIFIED,data/dhs/TZIR82FL.DTA,"district institutional_delivery_rate x DHS national quintile gradient (v005-weighted, births <60 months)",0.7042569864,0.5456899178,"value * (dhs_country_quintile / dhs_country_overall), clamped to [0,1]","District level preserved; wealth gradient imported from DHS microdata. Run after build_final_hybrid_inputs.py, which rewrites this file."
tz-kigoma,quintile_coverage.q2_poor.anc1_rate,EMPIRICAL_DHS_STRATIFIED,data/dhs/TZIR82FL.DTA,"district anc1_rate x DHS national quintile gradient (v005-weighted, births <60 months)",0.8418609617,0.8267123834,"value * (dhs_country_quintile / dhs_country_overall), clamped to [0,1]","District level preserved; wealth gradient imported from DHS microdata. Run after build_final_hybrid_inputs.py, which rewrites this file."
tz-kigoma,quintile_coverage.q2_poor.anc4_rate,EMPIRICAL_DHS_STRATIFIED,data/dhs/TZIR82FL.DTA,"district anc4_rate x DHS national quintile gradient (v005-weighted, births <60 months)",0.5444811595,0.4875072579,"value * (dhs_country_quintile / dhs_country_overall), clamped to [0,1]","District level preserved; wealth gradient imported from DHS microdata. Run after build_final_hybrid_inputs.py, which rewrites this file."
tz-kigoma,quintile_coverage.q2_poor.institutional_delivery_rate,EMPIRICAL_DHS_STRATIFIED,data/dhs/TZIR82FL.DTA,"district institutional_delivery_rate x DHS national quintile gradient (v005-weighted, births <60 months)",0.7042569864,0.6592814382,"value * (dhs_country_quintile / dhs_country_overall), clamped to [0,1]","District level preserved; wealth gradient imported from DHS microdata. Run after build_final_hybrid_inputs.py, which rewrites this file."
tz-kigoma,quintile_coverage.q3_middle.anc1_rate,EMPIRICAL_DHS_STRATIFIED,data/dhs/TZIR82FL.DTA,"district anc1_rate x DHS national quintile gradient (v005-weighted, births <60 months)",0.8418609617,0.8468721061,"value * (dhs_country_quintile / dhs_country_overall), clamped to [0,1]","District level preserved; wealth gradient imported from DHS microdata. Run after build_final_hybrid_inputs.py, which rewrites this file."
tz-kigoma,quintile_coverage.q3_middle.anc4_rate,EMPIRICAL_DHS_STRATIFIED,data/dhs/TZIR82FL.DTA,"district anc4_rate x DHS national quintile gradient (v005-weighted, births <60 months)",0.5444811595,0.5269339833,"value * (dhs_country_quintile / dhs_country_overall), clamped to [0,1]","District level preserved; wealth gradient imported from DHS microdata. Run after build_final_hybrid_inputs.py, which rewrites this file."
tz-kigoma,quintile_coverage.q3_middle.institutional_delivery_rate,EMPIRICAL_DHS_STRATIFIED,data/dhs/TZIR82FL.DTA,"district institutional_delivery_rate x DHS national quintile gradient (v005-weighted, births <60 months)",0.7042569864,0.7203310411,"value * (dhs_country_quintile / dhs_country_overall), clamped to [0,1]","District level preserved; wealth gradient imported from DHS microdata. Run after build_final_hybrid_inputs.py, which rewrites this file."
tz-kigoma,quintile_coverage.q4_richer.anc1_rate,EMPIRICAL_DHS_STRATIFIED,data/dhs/TZIR82FL.DTA,"district anc1_rate x DHS national quintile gradient (v005-weighted, births <60 months)",0.8418609617,0.8612968211,"value * (dhs_country_quintile / dhs_country_overall), clamped to [0,1]","District level preserved; wealth gradient imported from DHS microdata. Run after build_final_hybrid_inputs.py, which rewrites this file."
tz-kigoma,quintile_coverage.q4_richer.anc4_rate,EMPIRICAL_DHS_STRATIFIED,data/dhs/TZIR82FL.DTA,"district anc4_rate x DHS national quintile gradient (v005-weighted, births <60 months)",0.5444811595,0.6133509735,"value * (dhs_country_quintile / dhs_country_overall), clamped to [0,1]","District level preserved; wealth gradient imported from DHS microdata. Run after build_final_hybrid_inputs.py, which rewrites this file."
tz-kigoma,quintile_coverage.q4_richer.institutional_delivery_rate,EMPIRICAL_DHS_STRATIFIED,data/dhs/TZIR82FL.DTA,"district institutional_delivery_rate x DHS national quintile gradient (v005-weighted, births <60 months)",0.7042569864,0.7806848105,"value * (dhs_country_quintile / dhs_country_overall), clamped to [0,1]","District level preserved; wealth gradient imported from DHS microdata. Run after build_final_hybrid_inputs.py, which rewrites this file."
tz-kigoma,quintile_coverage.q5_richest.anc1_rate,EMPIRICAL_DHS_STRATIFIED,data/dhs/TZIR82FL.DTA,"district anc1_rate x DHS national quintile gradient (v005-weighted, births <60 months)",0.8418609617,0.8758084307,"value * (dhs_country_quintile / dhs_country_overall), clamped to [0,1]","District level preserved; wealth gradient imported from DHS microdata. Run after build_final_hybrid_inputs.py, which rewrites this file."
tz-kigoma,quintile_coverage.q5_richest.anc4_rate,EMPIRICAL_DHS_STRATIFIED,data/dhs/TZIR82FL.DTA,"district anc4_rate x DHS national quintile gradient (v005-weighted, births <60 months)",0.5444811595,0.6919221158,"value * (dhs_country_quintile / dhs_country_overall), clamped to [0,1]","District level preserved; wealth gradient imported from DHS microdata. Run after build_final_hybrid_inputs.py, which rewrites this file."
tz-kigoma,quintile_coverage.q5_richest.institutional_delivery_rate,EMPIRICAL_DHS_STRATIFIED,data/dhs/TZIR82FL.DTA,"district institutional_delivery_rate x DHS national quintile gradient (v005-weighted, births <60 months)",0.7042569864,0.8489071143,"value * (dhs_country_quintile / dhs_country_overall), clamped to [0,1]","District level preserved; wealth gradient imported from DHS microdata. Run after build_final_hybrid_inputs.py, which rewrites this file."
tz-dodoma,quintile_coverage.q1_poorest.anc1_rate,EMPIRICAL_DHS_STRATIFIED,data/dhs/TZIR82FL.DTA,"district anc1_rate x DHS national quintile gradient (v005-weighted, births <60 months)",0.9364792452,0.8949158768,"value * (dhs_country_quintile / dhs_country_overall), clamped to [0,1]","District level preserved; wealth gradient imported from DHS microdata. Run after build_final_hybrid_inputs.py, which rewrites this file."
tz-dodoma,quintile_coverage.q1_poorest.anc4_rate,EMPIRICAL_DHS_STRATIFIED,data/dhs/TZIR82FL.DTA,"district anc4_rate x DHS national quintile gradient (v005-weighted, births <60 months)",0.7423881913,0.5771545980,"value * (dhs_country_quintile / dhs_country_overall), clamped to [0,1]","District level preserved; wealth gradient imported from DHS microdata. Run after build_final_hybrid_inputs.py, which rewrites this file."
tz-dodoma,quintile_coverage.q1_poorest.institutional_delivery_rate,EMPIRICAL_DHS_STRATIFIED,data/dhs/TZIR82FL.DTA,"district institutional_delivery_rate x DHS national quintile gradient (v005-weighted, births <60 months)",0.8680865257,0.6726323970,"value * (dhs_country_quintile / dhs_country_overall), clamped to [0,1]","District level preserved; wealth gradient imported from DHS microdata. Run after build_final_hybrid_inputs.py, which rewrites this file."
tz-dodoma,quintile_coverage.q2_poor.anc1_rate,EMPIRICAL_DHS_STRATIFIED,data/dhs/TZIR82FL.DTA,"district anc1_rate x DHS national quintile gradient (v005-weighted, births <60 months)",0.9364792452,0.9196280906,"value * (dhs_country_quintile / dhs_country_overall), clamped to [0,1]","District level preserved; wealth gradient imported from DHS microdata. Run after build_final_hybrid_inputs.py, which rewrites this file."
tz-dodoma,quintile_coverage.q2_poor.anc4_rate,EMPIRICAL_DHS_STRATIFIED,data/dhs/TZIR82FL.DTA,"district anc4_rate x DHS national quintile gradient (v005-weighted, births <60 months)",0.7423881913,0.6647055185,"value * (dhs_country_quintile / dhs_country_overall), clamped to [0,1]","District level preserved; wealth gradient imported from DHS microdata. Run after build_final_hybrid_inputs.py, which rewrites this file."
tz-dodoma,quintile_coverage.q2_poor.institutional_delivery_rate,EMPIRICAL_DHS_STRATIFIED,data/dhs/TZIR82FL.DTA,"district institutional_delivery_rate x DHS national quintile gradient (v005-weighted, births <60 months)",0.8680865257,0.8126484284,"value * (dhs_country_quintile / dhs_country_overall), clamped to [0,1]","District level preserved; wealth gradient imported from DHS microdata. Run after build_final_hybrid_inputs.py, which rewrites this file."
tz-dodoma,quintile_coverage.q3_middle.anc1_rate,EMPIRICAL_DHS_STRATIFIED,data/dhs/TZIR82FL.DTA,"district anc1_rate x DHS national quintile gradient (v005-weighted, births <60 months)",0.9364792452,0.9420536013,"value * (dhs_country_quintile / dhs_country_overall), clamped to [0,1]","District level preserved; wealth gradient imported from DHS microdata. Run after build_final_hybrid_inputs.py, which rewrites this file."
tz-dodoma,quintile_coverage.q3_middle.anc4_rate,EMPIRICAL_DHS_STRATIFIED,data/dhs/TZIR82FL.DTA,"district anc4_rate x DHS national quintile gradient (v005-weighted, births <60 months)",0.7423881913,0.7184629990,"value * (dhs_country_quintile / dhs_country_overall), clamped to [0,1]","District level preserved; wealth gradient imported from DHS microdata. Run after build_final_hybrid_inputs.py, which rewrites this file."
tz-dodoma,quintile_coverage.q3_middle.institutional_delivery_rate,EMPIRICAL_DHS_STRATIFIED,data/dhs/TZIR82FL.DTA,"district institutional_delivery_rate x DHS national quintile gradient (v005-weighted, births <60 months)",0.8680865257,0.8878998476,"value * (dhs_country_quintile / dhs_country_overall), clamped to [0,1]","District level preserved; wealth gradient imported from DHS microdata. Run after build_final_hybrid_inputs.py, which rewrites this file."
tz-dodoma,quintile_coverage.q4_richer.anc1_rate,EMPIRICAL_DHS_STRATIFIED,data/dhs/TZIR82FL.DTA,"district anc1_rate x DHS national quintile gradient (v005-weighted, births <60 months)",0.9364792452,0.9580995363,"value * (dhs_country_quintile / dhs_country_overall), clamped to [0,1]","District level preserved; wealth gradient imported from DHS microdata. Run after build_final_hybrid_inputs.py, which rewrites this file."
tz-dodoma,quintile_coverage.q4_richer.anc4_rate,EMPIRICAL_DHS_STRATIFIED,data/dhs/TZIR82FL.DTA,"district anc4_rate x DHS national quintile gradient (v005-weighted, births <60 months)",0.7423881913,0.8362906813,"value * (dhs_country_quintile / dhs_country_overall), clamped to [0,1]","District level preserved; wealth gradient imported from DHS microdata. Run after build_final_hybrid_inputs.py, which rewrites this file."
tz-dodoma,quintile_coverage.q4_richer.institutional_delivery_rate,EMPIRICAL_DHS_STRATIFIED,data/dhs/TZIR82FL.DTA,"district institutional_delivery_rate x DHS national quintile gradient (v005-weighted, births <60 months)",0.8680865257,0.9622935632,"value * (dhs_country_quintile / dhs_country_overall), clamped to [0,1]","District level preserved; wealth gradient imported from DHS microdata. Run after build_final_hybrid_inputs.py, which rewrites this file."
tz-dodoma,quintile_coverage.q5_richest.anc1_rate,EMPIRICAL_DHS_STRATIFIED,data/dhs/TZIR82FL.DTA,"district anc1_rate x DHS national quintile gradient (v005-weighted, births <60 months)",0.9364792452,0.9742421320,"value * (dhs_country_quintile / dhs_country_overall), clamped to [0,1]","District level preserved; wealth gradient imported from DHS microdata. Run after build_final_hybrid_inputs.py, which rewrites this file."
tz-dodoma,quintile_coverage.q5_richest.anc4_rate,EMPIRICAL_DHS_STRATIFIED,data/dhs/TZIR82FL.DTA,"district anc4_rate x DHS national quintile gradient (v005-weighted, births <60 months)",0.7423881913,0.9434207211,"value * (dhs_country_quintile / dhs_country_overall), clamped to [0,1]","District level preserved; wealth gradient imported from DHS microdata. Run after build_final_hybrid_inputs.py, which rewrites this file."
tz-dodoma,quintile_coverage.q5_richest.institutional_delivery_rate,EMPIRICAL_DHS_STRATIFIED,data/dhs/TZIR82FL.DTA,"district institutional_delivery_rate x DHS national quintile gradient (v005-weighted, births <60 months)",0.8680865257,1.0000000000,"value * (dhs_country_quintile / dhs_country_overall), clamped to [0,1]","District level preserved; wealth gradient imported from DHS microdata. Run after build_final_hybrid_inputs.py, which rewrites this file."
tz-arusha,quintile_coverage.q1_poorest.anc1_rate,EMPIRICAL_DHS_STRATIFIED,data/dhs/TZIR82FL.DTA,"district anc1_rate x DHS national quintile gradient (v005-weighted, births <60 months)",0.9129655251,0.8724457563,"value * (dhs_country_quintile / dhs_country_overall), clamped to [0,1]","District level preserved; wealth gradient imported from DHS microdata. Run after build_final_hybrid_inputs.py, which rewrites this file."
tz-arusha,quintile_coverage.q1_poorest.anc4_rate,EMPIRICAL_DHS_STRATIFIED,data/dhs/TZIR82FL.DTA,"district anc4_rate x DHS national quintile gradient (v005-weighted, births <60 months)",0.6983276751,0.5429006460,"value * (dhs_country_quintile / dhs_country_overall), clamped to [0,1]","District level preserved; wealth gradient imported from DHS microdata. Run after build_final_hybrid_inputs.py, which rewrites this file."
tz-arusha,quintile_coverage.q1_poorest.institutional_delivery_rate,EMPIRICAL_DHS_STRATIFIED,data/dhs/TZIR82FL.DTA,"district institutional_delivery_rate x DHS national quintile gradient (v005-weighted, births <60 months)",0.8355302766,0.6474063542,"value * (dhs_country_quintile / dhs_country_overall), clamped to [0,1]","District level preserved; wealth gradient imported from DHS microdata. Run after build_final_hybrid_inputs.py, which rewrites this file."
tz-arusha,quintile_coverage.q2_poor.anc1_rate,EMPIRICAL_DHS_STRATIFIED,data/dhs/TZIR82FL.DTA,"district anc1_rate x DHS national quintile gradient (v005-weighted, births <60 months)",0.9129655251,0.8965374801,"value * (dhs_country_quintile / dhs_country_overall), clamped to [0,1]","District level preserved; wealth gradient imported from DHS microdata. Run after build_final_hybrid_inputs.py, which rewrites this file."
tz-arusha,quintile_coverage.q2_poor.anc4_rate,EMPIRICAL_DHS_STRATIFIED,data/dhs/TZIR82FL.DTA,"district anc4_rate x DHS national quintile gradient (v005-weighted, births <60 months)",0.6983276751,0.6252554456,"value * (dhs_country_quintile / dhs_country_overall), clamped to [0,1]","District level preserved; wealth gradient imported from DHS microdata. Run after build_final_hybrid_inputs.py, which rewrites this file."
tz-arusha,quintile_coverage.q2_poor.institutional_delivery_rate,EMPIRICAL_DHS_STRATIFIED,data/dhs/TZIR82FL.DTA,"district institutional_delivery_rate x DHS national quintile gradient (v005-weighted, births <60 months)",0.8355302766,0.7821712998,"value * (dhs_country_quintile / dhs_country_overall), clamped to [0,1]","District level preserved; wealth gradient imported from DHS microdata. Run after build_final_hybrid_inputs.py, which rewrites this file."
tz-arusha,quintile_coverage.q3_middle.anc1_rate,EMPIRICAL_DHS_STRATIFIED,data/dhs/TZIR82FL.DTA,"district anc1_rate x DHS national quintile gradient (v005-weighted, births <60 months)",0.9129655251,0.9183999167,"value * (dhs_country_quintile / dhs_country_overall), clamped to [0,1]","District level preserved; wealth gradient imported from DHS microdata. Run after build_final_hybrid_inputs.py, which rewrites this file."
tz-arusha,quintile_coverage.q3_middle.anc4_rate,EMPIRICAL_DHS_STRATIFIED,data/dhs/TZIR82FL.DTA,"district anc4_rate x DHS national quintile gradient (v005-weighted, births <60 months)",0.6983276751,0.6758224359,"value * (dhs_country_quintile / dhs_country_overall), clamped to [0,1]","District level preserved; wealth gradient imported from DHS microdata. Run after build_final_hybrid_inputs.py, which rewrites this file."
tz-arusha,quintile_coverage.q3_middle.institutional_delivery_rate,EMPIRICAL_DHS_STRATIFIED,data/dhs/TZIR82FL.DTA,"district institutional_delivery_rate x DHS national quintile gradient (v005-weighted, births <60 months)",0.8355302766,0.8546005303,"value * (dhs_country_quintile / dhs_country_overall), clamped to [0,1]","District level preserved; wealth gradient imported from DHS microdata. Run after build_final_hybrid_inputs.py, which rewrites this file."
tz-arusha,quintile_coverage.q4_richer.anc1_rate,EMPIRICAL_DHS_STRATIFIED,data/dhs/TZIR82FL.DTA,"district anc1_rate x DHS national quintile gradient (v005-weighted, births <60 months)",0.9129655251,0.9340429600,"value * (dhs_country_quintile / dhs_country_overall), clamped to [0,1]","District level preserved; wealth gradient imported from DHS microdata. Run after build_final_hybrid_inputs.py, which rewrites this file."
tz-arusha,quintile_coverage.q4_richer.anc4_rate,EMPIRICAL_DHS_STRATIFIED,data/dhs/TZIR82FL.DTA,"district anc4_rate x DHS national quintile gradient (v005-weighted, births <60 months)",0.6983276751,0.7866570806,"value * (dhs_country_quintile / dhs_country_overall), clamped to [0,1]","District level preserved; wealth gradient imported from DHS microdata. Run after build_final_hybrid_inputs.py, which rewrites this file."
tz-arusha,quintile_coverage.q4_richer.institutional_delivery_rate,EMPIRICAL_DHS_STRATIFIED,data/dhs/TZIR82FL.DTA,"district institutional_delivery_rate x DHS national quintile gradient (v005-weighted, births <60 months)",0.8355302766,0.9262042241,"value * (dhs_country_quintile / dhs_country_overall), clamped to [0,1]","District level preserved; wealth gradient imported from DHS microdata. Run after build_final_hybrid_inputs.py, which rewrites this file."
tz-arusha,quintile_coverage.q5_richest.anc1_rate,EMPIRICAL_DHS_STRATIFIED,data/dhs/TZIR82FL.DTA,"district anc1_rate x DHS national quintile gradient (v005-weighted, births <60 months)",0.9129655251,0.9497802371,"value * (dhs_country_quintile / dhs_country_overall), clamped to [0,1]","District level preserved; wealth gradient imported from DHS microdata. Run after build_final_hybrid_inputs.py, which rewrites this file."
tz-arusha,quintile_coverage.q5_richest.anc4_rate,EMPIRICAL_DHS_STRATIFIED,data/dhs/TZIR82FL.DTA,"district anc4_rate x DHS national quintile gradient (v005-weighted, births <60 months)",0.6983276751,0.8874289847,"value * (dhs_country_quintile / dhs_country_overall), clamped to [0,1]","District level preserved; wealth gradient imported from DHS microdata. Run after build_final_hybrid_inputs.py, which rewrites this file."
tz-arusha,quintile_coverage.q5_richest.institutional_delivery_rate,EMPIRICAL_DHS_STRATIFIED,data/dhs/TZIR82FL.DTA,"district institutional_delivery_rate x DHS national quintile gradient (v005-weighted, births <60 months)",0.8355302766,1.0000000000,"value * (dhs_country_quintile / dhs_country_overall), clamped to [0,1]","District level preserved; wealth gradient imported from DHS microdata. Run after build_final_hybrid_inputs.py, which rewrites this file."
tz-morogoro,quintile_coverage.q1_poorest.anc1_rate,EMPIRICAL_DHS_STRATIFIED,data/dhs/TZIR82FL.DTA,"district anc1_rate x DHS national quintile gradient (v005-weighted, births <60 months)",0.9021641854,0.8621238079,"value * (dhs_country_quintile / dhs_country_overall), clamped to [0,1]","District level preserved; wealth gradient imported from DHS microdata. Run after build_final_hybrid_inputs.py, which rewrites this file."
tz-morogoro,quintile_coverage.q1_poorest.anc4_rate,EMPIRICAL_DHS_STRATIFIED,data/dhs/TZIR82FL.DTA,"district anc4_rate x DHS national quintile gradient (v005-weighted, births <60 months)",0.6545635551,0.5088771211,"value * (dhs_country_quintile / dhs_country_overall), clamped to [0,1]","District level preserved; wealth gradient imported from DHS microdata. Run after build_final_hybrid_inputs.py, which rewrites this file."
tz-morogoro,quintile_coverage.q1_poorest.institutional_delivery_rate,EMPIRICAL_DHS_STRATIFIED,data/dhs/TZIR82FL.DTA,"district institutional_delivery_rate x DHS national quintile gradient (v005-weighted, births <60 months)",0.8001122055,0.6199628433,"value * (dhs_country_quintile / dhs_country_overall), clamped to [0,1]","District level preserved; wealth gradient imported from DHS microdata. Run after build_final_hybrid_inputs.py, which rewrites this file."
tz-morogoro,quintile_coverage.q2_poor.anc1_rate,EMPIRICAL_DHS_STRATIFIED,data/dhs/TZIR82FL.DTA,"district anc1_rate x DHS national quintile gradient (v005-weighted, births <60 months)",0.9021641854,0.8859305013,"value * (dhs_country_quintile / dhs_country_overall), clamped to [0,1]","District level preserved; wealth gradient imported from DHS microdata. Run after build_final_hybrid_inputs.py, which rewrites this file."
tz-morogoro,quintile_coverage.q2_poor.anc4_rate,EMPIRICAL_DHS_STRATIFIED,data/dhs/TZIR82FL.DTA,"district anc4_rate x DHS national quintile gradient (v005-weighted, births <60 months)",0.6545635551,0.5860707544,"value * (dhs_country_quintile / dhs_country_overall), clamped to [0,1]","District level preserved; wealth gradient imported from DHS microdata. Run after build_final_hybrid_inputs.py, which rewrites this file."
tz-morogoro,quintile_coverage.q2_poor.institutional_delivery_rate,EMPIRICAL_DHS_STRATIFIED,data/dhs/TZIR82FL.DTA,"district institutional_delivery_rate x DHS national quintile gradient (v005-weighted, births <60 months)",0.8001122055,0.7490151121,"value * (dhs_country_quintile / dhs_country_overall), clamped to [0,1]","District level preserved; wealth gradient imported from DHS microdata. Run after build_final_hybrid_inputs.py, which rewrites this file."
tz-morogoro,quintile_coverage.q3_middle.anc1_rate,EMPIRICAL_DHS_STRATIFIED,data/dhs/TZIR82FL.DTA,"district anc1_rate x DHS national quintile gradient (v005-weighted, births <60 months)",0.9021641854,0.9075342824,"value * (dhs_country_quintile / dhs_country_overall), clamped to [0,1]","District level preserved; wealth gradient imported from DHS microdata. Run after build_final_hybrid_inputs.py, which rewrites this file."
tz-morogoro,quintile_coverage.q3_middle.anc4_rate,EMPIRICAL_DHS_STRATIFIED,data/dhs/TZIR82FL.DTA,"district anc4_rate x DHS national quintile gradient (v005-weighted, births <60 months)",0.6545635551,0.6334687168,"value * (dhs_country_quintile / dhs_country_overall), clamped to [0,1]","District level preserved; wealth gradient imported from DHS microdata. Run after build_final_hybrid_inputs.py, which rewrites this file."
tz-morogoro,quintile_coverage.q3_middle.institutional_delivery_rate,EMPIRICAL_DHS_STRATIFIED,data/dhs/TZIR82FL.DTA,"district institutional_delivery_rate x DHS national quintile gradient (v005-weighted, births <60 months)",0.8001122055,0.8183740725,"value * (dhs_country_quintile / dhs_country_overall), clamped to [0,1]","District level preserved; wealth gradient imported from DHS microdata. Run after build_final_hybrid_inputs.py, which rewrites this file."
tz-morogoro,quintile_coverage.q4_richer.anc1_rate,EMPIRICAL_DHS_STRATIFIED,data/dhs/TZIR82FL.DTA,"district anc1_rate x DHS national quintile gradient (v005-weighted, births <60 months)",0.9021641854,0.9229922521,"value * (dhs_country_quintile / dhs_country_overall), clamped to [0,1]","District level preserved; wealth gradient imported from DHS microdata. Run after build_final_hybrid_inputs.py, which rewrites this file."
tz-morogoro,quintile_coverage.q4_richer.anc4_rate,EMPIRICAL_DHS_STRATIFIED,data/dhs/TZIR82FL.DTA,"district anc4_rate x DHS national quintile gradient (v005-weighted, births <60 months)",0.6545635551,0.7373573663,"value * (dhs_country_quintile / dhs_country_overall), clamped to [0,1]","District level preserved; wealth gradient imported from DHS microdata. Run after build_final_hybrid_inputs.py, which rewrites this file."
tz-morogoro,quintile_coverage.q4_richer.institutional_delivery_rate,EMPIRICAL_DHS_STRATIFIED,data/dhs/TZIR82FL.DTA,"district institutional_delivery_rate x DHS national quintile gradient (v005-weighted, births <60 months)",0.8001122055,0.8869424907,"value * (dhs_country_quintile / dhs_country_overall), clamped to [0,1]","District level preserved; wealth gradient imported from DHS microdata. Run after build_final_hybrid_inputs.py, which rewrites this file."
tz-morogoro,quintile_coverage.q5_richest.anc1_rate,EMPIRICAL_DHS_STRATIFIED,data/dhs/TZIR82FL.DTA,"district anc1_rate x DHS national quintile gradient (v005-weighted, births <60 months)",0.9021641854,0.9385433407,"value * (dhs_country_quintile / dhs_country_overall), clamped to [0,1]","District level preserved; wealth gradient imported from DHS microdata. Run after build_final_hybrid_inputs.py, which rewrites this file."
tz-morogoro,quintile_coverage.q5_richest.anc4_rate,EMPIRICAL_DHS_STRATIFIED,data/dhs/TZIR82FL.DTA,"district anc4_rate x DHS national quintile gradient (v005-weighted, births <60 months)",0.6545635551,0.8318139060,"value * (dhs_country_quintile / dhs_country_overall), clamped to [0,1]","District level preserved; wealth gradient imported from DHS microdata. Run after build_final_hybrid_inputs.py, which rewrites this file."
tz-morogoro,quintile_coverage.q5_richest.institutional_delivery_rate,EMPIRICAL_DHS_STRATIFIED,data/dhs/TZIR82FL.DTA,"district institutional_delivery_rate x DHS national quintile gradient (v005-weighted, births <60 months)",0.8001122055,0.9644504160,"value * (dhs_country_quintile / dhs_country_overall), clamped to [0,1]","District level preserved; wealth gradient imported from DHS microdata. Run after build_final_hybrid_inputs.py, which rewrites this file."
ug-gulu,quintile_coverage.q1_poorest.anc1_rate,EMPIRICAL_DHS_STRATIFIED,data/dhs/UGIR7BFL.DTA,"district anc1_rate x DHS national quintile gradient (v005-weighted, births <60 months)",0.9839162968,0.9761537396,"value * (dhs_country_quintile / dhs_country_overall), clamped to [0,1]","District level preserved; wealth gradient imported from DHS microdata. Run after build_final_hybrid_inputs.py, which rewrites this file."
ug-gulu,quintile_coverage.q1_poorest.anc4_rate,EMPIRICAL_DHS_STRATIFIED,data/dhs/UGIR7BFL.DTA,"district anc4_rate x DHS national quintile gradient (v005-weighted, births <60 months)",0.5863337877,0.5245405716,"value * (dhs_country_quintile / dhs_country_overall), clamped to [0,1]","District level preserved; wealth gradient imported from DHS microdata. Run after build_final_hybrid_inputs.py, which rewrites this file."
ug-gulu,quintile_coverage.q1_poorest.institutional_delivery_rate,EMPIRICAL_DHS_STRATIFIED,data/dhs/UGIR7BFL.DTA,"district institutional_delivery_rate x DHS national quintile gradient (v005-weighted, births <60 months)",0.7614332109,0.6722369056,"value * (dhs_country_quintile / dhs_country_overall), clamped to [0,1]","District level preserved; wealth gradient imported from DHS microdata. Run after build_final_hybrid_inputs.py, which rewrites this file."
ug-gulu,quintile_coverage.q2_poor.anc1_rate,EMPIRICAL_DHS_STRATIFIED,data/dhs/UGIR7BFL.DTA,"district anc1_rate x DHS national quintile gradient (v005-weighted, births <60 months)",0.9839162968,0.9829813953,"value * (dhs_country_quintile / dhs_country_overall), clamped to [0,1]","District level preserved; wealth gradient imported from DHS microdata. Run after build_final_hybrid_inputs.py, which rewrites this file."
ug-gulu,quintile_coverage.q2_poor.anc4_rate,EMPIRICAL_DHS_STRATIFIED,data/dhs/UGIR7BFL.DTA,"district anc4_rate x DHS national quintile gradient (v005-weighted, births <60 months)",0.5863337877,0.5593253666,"value * (dhs_country_quintile / dhs_country_overall), clamped to [0,1]","District level preserved; wealth gradient imported from DHS microdata. Run after build_final_hybrid_inputs.py, which rewrites this file."
ug-gulu,quintile_coverage.q2_poor.institutional_delivery_rate,EMPIRICAL_DHS_STRATIFIED,data/dhs/UGIR7BFL.DTA,"district institutional_delivery_rate x DHS national quintile gradient (v005-weighted, births <60 months)",0.7614332109,0.6555451311,"value * (dhs_country_quintile / dhs_country_overall), clamped to [0,1]","District level preserved; wealth gradient imported from DHS microdata. Run after build_final_hybrid_inputs.py, which rewrites this file."
ug-gulu,quintile_coverage.q3_middle.anc1_rate,EMPIRICAL_DHS_STRATIFIED,data/dhs/UGIR7BFL.DTA,"district anc1_rate x DHS national quintile gradient (v005-weighted, births <60 months)",0.9839162968,0.9908647616,"value * (dhs_country_quintile / dhs_country_overall), clamped to [0,1]","District level preserved; wealth gradient imported from DHS microdata. Run after build_final_hybrid_inputs.py, which rewrites this file."
ug-gulu,quintile_coverage.q3_middle.anc4_rate,EMPIRICAL_DHS_STRATIFIED,data/dhs/UGIR7BFL.DTA,"district anc4_rate x DHS national quintile gradient (v005-weighted, births <60 months)",0.5863337877,0.5770755720,"value * (dhs_country_quintile / dhs_country_overall), clamped to [0,1]","District level preserved; wealth gradient imported from DHS microdata. Run after build_final_hybrid_inputs.py, which rewrites this file."
ug-gulu,quintile_coverage.q3_middle.institutional_delivery_rate,EMPIRICAL_DHS_STRATIFIED,data/dhs/UGIR7BFL.DTA,"district institutional_delivery_rate x DHS national quintile gradient (v005-weighted, births <60 months)",0.7614332109,0.7335497818,"value * (dhs_country_quintile / dhs_country_overall), clamped to [0,1]","District level preserved; wealth gradient imported from DHS microdata. Run after build_final_hybrid_inputs.py, which rewrites this file."
ug-gulu,quintile_coverage.q4_richer.anc1_rate,EMPIRICAL_DHS_STRATIFIED,data/dhs/UGIR7BFL.DTA,"district anc1_rate x DHS national quintile gradient (v005-weighted, births <60 months)",0.9839162968,0.9803350124,"value * (dhs_country_quintile / dhs_country_overall), clamped to [0,1]","District level preserved; wealth gradient imported from DHS microdata. Run after build_final_hybrid_inputs.py, which rewrites this file."
ug-gulu,quintile_coverage.q4_richer.anc4_rate,EMPIRICAL_DHS_STRATIFIED,data/dhs/UGIR7BFL.DTA,"district anc4_rate x DHS national quintile gradient (v005-weighted, births <60 months)",0.5863337877,0.6153965853,"value * (dhs_country_quintile / dhs_country_overall), clamped to [0,1]","District level preserved; wealth gradient imported from DHS microdata. Run after build_final_hybrid_inputs.py, which rewrites this file."
ug-gulu,quintile_coverage.q4_richer.institutional_delivery_rate,EMPIRICAL_DHS_STRATIFIED,data/dhs/UGIR7BFL.DTA,"district institutional_delivery_rate x DHS national quintile gradient (v005-weighted, births <60 months)",0.7614332109,0.8192735367,"value * (dhs_country_quintile / dhs_country_overall), clamped to [0,1]","District level preserved; wealth gradient imported from DHS microdata. Run after build_final_hybrid_inputs.py, which rewrites this file."
ug-gulu,quintile_coverage.q5_richest.anc1_rate,EMPIRICAL_DHS_STRATIFIED,data/dhs/UGIR7BFL.DTA,"district anc1_rate x DHS national quintile gradient (v005-weighted, births <60 months)",0.9839162968,0.9893836762,"value * (dhs_country_quintile / dhs_country_overall), clamped to [0,1]","District level preserved; wealth gradient imported from DHS microdata. Run after build_final_hybrid_inputs.py, which rewrites this file."
ug-gulu,quintile_coverage.q5_richest.anc4_rate,EMPIRICAL_DHS_STRATIFIED,data/dhs/UGIR7BFL.DTA,"district anc4_rate x DHS national quintile gradient (v005-weighted, births <60 months)",0.5863337877,0.6566639702,"value * (dhs_country_quintile / dhs_country_overall), clamped to [0,1]","District level preserved; wealth gradient imported from DHS microdata. Run after build_final_hybrid_inputs.py, which rewrites this file."
ug-gulu,quintile_coverage.q5_richest.institutional_delivery_rate,EMPIRICAL_DHS_STRATIFIED,data/dhs/UGIR7BFL.DTA,"district institutional_delivery_rate x DHS national quintile gradient (v005-weighted, births <60 months)",0.7614332109,0.9528398777,"value * (dhs_country_quintile / dhs_country_overall), clamped to [0,1]","District level preserved; wealth gradient imported from DHS microdata. Run after build_final_hybrid_inputs.py, which rewrites this file."
ug-arua,quintile_coverage.q1_poorest.anc1_rate,EMPIRICAL_DHS_STRATIFIED,data/dhs/UGIR7BFL.DTA,"district anc1_rate x DHS national quintile gradient (v005-weighted, births <60 months)",0.9734505947,0.9657706061,"value * (dhs_country_quintile / dhs_country_overall), clamped to [0,1]","District level preserved; wealth gradient imported from DHS microdata. Run after build_final_hybrid_inputs.py, which rewrites this file."
ug-arua,quintile_coverage.q1_poorest.anc4_rate,EMPIRICAL_DHS_STRATIFIED,data/dhs/UGIR7BFL.DTA,"district anc4_rate x DHS national quintile gradient (v005-weighted, births <60 months)",0.5059043085,0.4525874863,"value * (dhs_country_quintile / dhs_country_overall), clamped to [0,1]","District level preserved; wealth gradient imported from DHS microdata. Run after build_final_hybrid_inputs.py, which rewrites this file."
ug-arua,quintile_coverage.q1_poorest.institutional_delivery_rate,EMPIRICAL_DHS_STRATIFIED,data/dhs/UGIR7BFL.DTA,"district institutional_delivery_rate x DHS national quintile gradient (v005-weighted, births <60 months)",0.6591989423,0.5819786302,"value * (dhs_country_quintile / dhs_country_overall), clamped to [0,1]","District level preserved; wealth gradient imported from DHS microdata. Run after build_final_hybrid_inputs.py, which rewrites this file."
ug-arua,quintile_coverage.q2_poor.anc1_rate,EMPIRICAL_DHS_STRATIFIED,data/dhs/UGIR7BFL.DTA,"district anc1_rate x DHS national quintile gradient (v005-weighted, births <60 months)",0.9734505947,0.9725256375,"value * (dhs_country_quintile / dhs_country_overall), clamped to [0,1]","District level preserved; wealth gradient imported from DHS microdata. Run after build_final_hybrid_inputs.py, which rewrites this file."
ug-arua,quintile_coverage.q2_poor.anc4_rate,EMPIRICAL_DHS_STRATIFIED,data/dhs/UGIR7BFL.DTA,"district anc4_rate x DHS national quintile gradient (v005-weighted, births <60 months)",0.5059043085,0.4826007280,"value * (dhs_country_quintile / dhs_country_overall), clamped to [0,1]","District level preserved; wealth gradient imported from DHS microdata. Run after build_final_hybrid_inputs.py, which rewrites this file."
ug-arua,quintile_coverage.q2_poor.institutional_delivery_rate,EMPIRICAL_DHS_STRATIFIED,data/dhs/UGIR7BFL.DTA,"district institutional_delivery_rate x DHS national quintile gradient (v005-weighted, births <60 months)",0.6591989423,0.5675279865,"value * (dhs_country_quintile / dhs_country_overall), clamped to [0,1]","District level preserved; wealth gradient imported from DHS microdata. Run after build_final_hybrid_inputs.py, which rewrites this file."
ug-arua,quintile_coverage.q3_middle.anc1_rate,EMPIRICAL_DHS_STRATIFIED,data/dhs/UGIR7BFL.DTA,"district anc1_rate x DHS national quintile gradient (v005-weighted, births <60 months)",0.9734505947,0.9803251501,"value * (dhs_country_quintile / dhs_country_overall), clamped to [0,1]","District level preserved; wealth gradient imported from DHS microdata. Run after build_final_hybrid_inputs.py, which rewrites this file."
ug-arua,quintile_coverage.q3_middle.anc4_rate,EMPIRICAL_DHS_STRATIFIED,data/dhs/UGIR7BFL.DTA,"district anc4_rate x DHS national quintile gradient (v005-weighted, births <60 months)",0.5059043085,0.4979160749,"value * (dhs_country_quintile / dhs_country_overall), clamped to [0,1]","District level preserved; wealth gradient imported from DHS microdata. Run after build_final_hybrid_inputs.py, which rewrites this file."
ug-arua,quintile_coverage.q3_middle.institutional_delivery_rate,EMPIRICAL_DHS_STRATIFIED,data/dhs/UGIR7BFL.DTA,"district institutional_delivery_rate x DHS national quintile gradient (v005-weighted, births <60 months)",0.6591989423,0.6350592978,"value * (dhs_country_quintile / dhs_country_overall), clamped to [0,1]","District level preserved; wealth gradient imported from DHS microdata. Run after build_final_hybrid_inputs.py, which rewrites this file."
ug-arua,quintile_coverage.q4_richer.anc1_rate,EMPIRICAL_DHS_STRATIFIED,data/dhs/UGIR7BFL.DTA,"district anc1_rate x DHS national quintile gradient (v005-weighted, births <60 months)",0.9734505947,0.9699074036,"value * (dhs_country_quintile / dhs_country_overall), clamped to [0,1]","District level preserved; wealth gradient imported from DHS microdata. Run after build_final_hybrid_inputs.py, which rewrites this file."
ug-arua,quintile_coverage.q4_richer.anc4_rate,EMPIRICAL_DHS_STRATIFIED,data/dhs/UGIR7BFL.DTA,"district anc4_rate x DHS national quintile gradient (v005-weighted, births <60 months)",0.5059043085,0.5309804593,"value * (dhs_country_quintile / dhs_country_overall), clamped to [0,1]","District level preserved; wealth gradient imported from DHS microdata. Run after build_final_hybrid_inputs.py, which rewrites this file."
ug-arua,quintile_coverage.q4_richer.institutional_delivery_rate,EMPIRICAL_DHS_STRATIFIED,data/dhs/UGIR7BFL.DTA,"district institutional_delivery_rate x DHS national quintile gradient (v005-weighted, births <60 months)",0.6591989423,0.7092733034,"value * (dhs_country_quintile / dhs_country_overall), clamped to [0,1]","District level preserved; wealth gradient imported from DHS microdata. Run after build_final_hybrid_inputs.py, which rewrites this file."
ug-arua,quintile_coverage.q5_richest.anc1_rate,EMPIRICAL_DHS_STRATIFIED,data/dhs/UGIR7BFL.DTA,"district anc1_rate x DHS national quintile gradient (v005-weighted, births <60 months)",0.9734505947,0.9788598188,"value * (dhs_country_quintile / dhs_country_overall), clamped to [0,1]","District level preserved; wealth gradient imported from DHS microdata. Run after build_final_hybrid_inputs.py, which rewrites this file."
ug-arua,quintile_coverage.q5_richest.anc4_rate,EMPIRICAL_DHS_STRATIFIED,data/dhs/UGIR7BFL.DTA,"district anc4_rate x DHS national quintile gradient (v005-weighted, births <60 months)",0.5059043085,0.5665870511,"value * (dhs_country_quintile / dhs_country_overall), clamped to [0,1]","District level preserved; wealth gradient imported from DHS microdata. Run after build_final_hybrid_inputs.py, which rewrites this file."
ug-arua,quintile_coverage.q5_richest.institutional_delivery_rate,EMPIRICAL_DHS_STRATIFIED,data/dhs/UGIR7BFL.DTA,"district institutional_delivery_rate x DHS national quintile gradient (v005-weighted, births <60 months)",0.6591989423,0.8249062827,"value * (dhs_country_quintile / dhs_country_overall), clamped to [0,1]","District level preserved; wealth gradient imported from DHS microdata. Run after build_final_hybrid_inputs.py, which rewrites this file."
ug-moroto,quintile_coverage.q1_poorest.anc1_rate,EMPIRICAL_DHS_STRATIFIED,data/dhs/UGIR7BFL.DTA,"district anc1_rate x DHS national quintile gradient (v005-weighted, births <60 months)",0.9365029430,0.9291144509,"value * (dhs_country_quintile / dhs_country_overall), clamped to [0,1]","District level preserved; wealth gradient imported from DHS microdata. Run after build_final_hybrid_inputs.py, which rewrites this file."
ug-moroto,quintile_coverage.q1_poorest.anc4_rate,EMPIRICAL_DHS_STRATIFIED,data/dhs/UGIR7BFL.DTA,"district anc4_rate x DHS national quintile gradient (v005-weighted, births <60 months)",0.3363324547,0.3008866651,"value * (dhs_country_quintile / dhs_country_overall), clamped to [0,1]","District level preserved; wealth gradient imported from DHS microdata. Run after build_final_hybrid_inputs.py, which rewrites this file."
ug-moroto,quintile_coverage.q1_poorest.institutional_delivery_rate,EMPIRICAL_DHS_STRATIFIED,data/dhs/UGIR7BFL.DTA,"district institutional_delivery_rate x DHS national quintile gradient (v005-weighted, births <60 months)",0.4984049445,0.4400204677,"value * (dhs_country_quintile / dhs_country_overall), clamped to [0,1]","District level preserved; wealth gradient imported from DHS microdata. Run after build_final_hybrid_inputs.py, which rewrites this file."
ug-moroto,quintile_coverage.q2_poor.anc1_rate,EMPIRICAL_DHS_STRATIFIED,data/dhs/UGIR7BFL.DTA,"district anc1_rate x DHS national quintile gradient (v005-weighted, births <60 months)",0.9365029430,0.9356130928,"value * (dhs_country_quintile / dhs_country_overall), clamped to [0,1]","District level preserved; wealth gradient imported from DHS microdata. Run after build_final_hybrid_inputs.py, which rewrites this file."
ug-moroto,quintile_coverage.q2_poor.anc4_rate,EMPIRICAL_DHS_STRATIFIED,data/dhs/UGIR7BFL.DTA,"district anc4_rate x DHS national quintile gradient (v005-weighted, births <60 months)",0.3363324547,0.3208398994,"value * (dhs_country_quintile / dhs_country_overall), clamped to [0,1]","District level preserved; wealth gradient imported from DHS microdata. Run after build_final_hybrid_inputs.py, which rewrites this file."
ug-moroto,quintile_coverage.q2_poor.institutional_delivery_rate,EMPIRICAL_DHS_STRATIFIED,data/dhs/UGIR7BFL.DTA,"district institutional_delivery_rate x DHS national quintile gradient (v005-weighted, births <60 months)",0.4984049445,0.4290946730,"value * (dhs_country_quintile / dhs_country_overall), clamped to [0,1]","District level preserved; wealth gradient imported from DHS microdata. Run after build_final_hybrid_inputs.py, which rewrites this file."
ug-moroto,quintile_coverage.q3_middle.anc1_rate,EMPIRICAL_DHS_STRATIFIED,data/dhs/UGIR7BFL.DTA,"district anc1_rate x DHS national quintile gradient (v005-weighted, births <60 months)",0.9365029430,0.9431165723,"value * (dhs_country_quintile / dhs_country_overall), clamped to [0,1]","District level preserved; wealth gradient imported from DHS microdata. Run after build_final_hybrid_inputs.py, which rewrites this file."
ug-moroto,quintile_coverage.q3_middle.anc4_rate,EMPIRICAL_DHS_STRATIFIED,data/dhs/UGIR7BFL.DTA,"district anc4_rate x DHS national quintile gradient (v005-weighted, births <60 months)",0.3363324547,0.3310217622,"value * (dhs_country_quintile / dhs_country_overall), clamped to [0,1]","District level preserved; wealth gradient imported from DHS microdata. Run after build_final_hybrid_inputs.py, which rewrites this file."
ug-moroto,quintile_coverage.q3_middle.institutional_delivery_rate,EMPIRICAL_DHS_STRATIFIED,data/dhs/UGIR7BFL.DTA,"district institutional_delivery_rate x DHS national quintile gradient (v005-weighted, births <60 months)",0.4984049445,0.4801535223,"value * (dhs_country_quintile / dhs_country_overall), clamped to [0,1]","District level preserved; wealth gradient imported from DHS microdata. Run after build_final_hybrid_inputs.py, which rewrites this file."
ug-moroto,quintile_coverage.q4_richer.anc1_rate,EMPIRICAL_DHS_STRATIFIED,data/dhs/UGIR7BFL.DTA,"district anc1_rate x DHS national quintile gradient (v005-weighted, births <60 months)",0.9365029430,0.9330942349,"value * (dhs_country_quintile / dhs_country_overall), clamped to [0,1]","District level preserved; wealth gradient imported from DHS microdata. Run after build_final_hybrid_inputs.py, which rewrites this file."
ug-moroto,quintile_coverage.q4_richer.anc4_rate,EMPIRICAL_DHS_STRATIFIED,data/dhs/UGIR7BFL.DTA,"district anc4_rate x DHS national quintile gradient (v005-weighted, births <60 months)",0.3363324547,0.3530034401,"value * (dhs_country_quintile / dhs_country_overall), clamped to [0,1]","District level preserved; wealth gradient imported from DHS microdata. Run after build_final_hybrid_inputs.py, which rewrites this file."
ug-moroto,quintile_coverage.q4_richer.institutional_delivery_rate,EMPIRICAL_DHS_STRATIFIED,data/dhs/UGIR7BFL.DTA,"district institutional_delivery_rate x DHS national quintile gradient (v005-weighted, births <60 months)",0.4984049445,0.5362650009,"value * (dhs_country_quintile / dhs_country_overall), clamped to [0,1]","District level preserved; wealth gradient imported from DHS microdata. Run after build_final_hybrid_inputs.py, which rewrites this file."
ug-moroto,quintile_coverage.q5_richest.anc1_rate,EMPIRICAL_DHS_STRATIFIED,data/dhs/UGIR7BFL.DTA,"district anc1_rate x DHS national quintile gradient (v005-weighted, births <60 months)",0.9365029430,0.9417068581,"value * (dhs_country_quintile / dhs_country_overall), clamped to [0,1]","District level preserved; wealth gradient imported from DHS microdata. Run after build_final_hybrid_inputs.py, which rewrites this file."
ug-moroto,quintile_coverage.q5_richest.anc4_rate,EMPIRICAL_DHS_STRATIFIED,data/dhs/UGIR7BFL.DTA,"district anc4_rate x DHS national quintile gradient (v005-weighted, births <60 months)",0.3363324547,0.3766752140,"value * (dhs_country_quintile / dhs_country_overall), clamped to [0,1]","District level preserved; wealth gradient imported from DHS microdata. Run after build_final_hybrid_inputs.py, which rewrites this file."
ug-moroto,quintile_coverage.q5_richest.institutional_delivery_rate,EMPIRICAL_DHS_STRATIFIED,data/dhs/UGIR7BFL.DTA,"district institutional_delivery_rate x DHS national quintile gradient (v005-weighted, births <60 months)",0.4984049445,0.6236923994,"value * (dhs_country_quintile / dhs_country_overall), clamped to [0,1]","District level preserved; wealth gradient imported from DHS microdata. Run after build_final_hybrid_inputs.py, which rewrites this file."
ug-jinja,quintile_coverage.q1_poorest.anc1_rate,EMPIRICAL_DHS_STRATIFIED,data/dhs/UGIR7BFL.DTA,"district anc1_rate x DHS national quintile gradient (v005-weighted, births <60 months)",0.9898336268,0.9820243850,"value * (dhs_country_quintile / dhs_country_overall), clamped to [0,1]","District level preserved; wealth gradient imported from DHS microdata. Run after build_final_hybrid_inputs.py, which rewrites this file."
ug-jinja,quintile_coverage.q1_poorest.anc4_rate,EMPIRICAL_DHS_STRATIFIED,data/dhs/UGIR7BFL.DTA,"district anc4_rate x DHS national quintile gradient (v005-weighted, births <60 months)",0.7030601623,0.6289652534,"value * (dhs_country_quintile / dhs_country_overall), clamped to [0,1]","District level preserved; wealth gradient imported from DHS microdata. Run after build_final_hybrid_inputs.py, which rewrites this file."
ug-jinja,quintile_coverage.q1_poorest.institutional_delivery_rate,EMPIRICAL_DHS_STRATIFIED,data/dhs/UGIR7BFL.DTA,"district institutional_delivery_rate x DHS national quintile gradient (v005-weighted, births <60 months)",0.8160231204,0.7204320083,"value * (dhs_country_quintile / dhs_country_overall), clamped to [0,1]","District level preserved; wealth gradient imported from DHS microdata. Run after build_final_hybrid_inputs.py, which rewrites this file."
ug-jinja,quintile_coverage.q2_poor.anc1_rate,EMPIRICAL_DHS_STRATIFIED,data/dhs/UGIR7BFL.DTA,"district anc1_rate x DHS national quintile gradient (v005-weighted, births <60 months)",0.9898336268,0.9888931026,"value * (dhs_country_quintile / dhs_country_overall), clamped to [0,1]","District level preserved; wealth gradient imported from DHS microdata. Run after build_final_hybrid_inputs.py, which rewrites this file."
ug-jinja,quintile_coverage.q2_poor.anc4_rate,EMPIRICAL_DHS_STRATIFIED,data/dhs/UGIR7BFL.DTA,"district anc4_rate x DHS national quintile gradient (v005-weighted, births <60 months)",0.7030601623,0.6706749487,"value * (dhs_country_quintile / dhs_country_overall), clamped to [0,1]","District level preserved; wealth gradient imported from DHS microdata. Run after build_final_hybrid_inputs.py, which rewrites this file."
ug-jinja,quintile_coverage.q2_poor.institutional_delivery_rate,EMPIRICAL_DHS_STRATIFIED,data/dhs/UGIR7BFL.DTA,"district institutional_delivery_rate x DHS national quintile gradient (v005-weighted, births <60 months)",0.8160231204,0.7025435400,"value * (dhs_country_quintile / dhs_country_overall), clamped to [0,1]","District level preserved; wealth gradient imported from DHS microdata. Run after build_final_hybrid_inputs.py, which rewrites this file."
ug-jinja,quintile_coverage.q3_middle.anc1_rate,EMPIRICAL_DHS_STRATIFIED,data/dhs/UGIR7BFL.DTA,"district anc1_rate x DHS national quintile gradient (v005-weighted, births <60 months)",0.9898336268,0.9968238800,"value * (dhs_country_quintile / dhs_country_overall), clamped to [0,1]","District level preserved; wealth gradient imported from DHS microdata. Run after build_final_hybrid_inputs.py, which rewrites this file."
ug-jinja,quintile_coverage.q3_middle.anc4_rate,EMPIRICAL_DHS_STRATIFIED,data/dhs/UGIR7BFL.DTA,"district anc4_rate x DHS national quintile gradient (v005-weighted, births <60 months)",0.7030601623,0.6919588360,"value * (dhs_country_quintile / dhs_country_overall), clamped to [0,1]","District level preserved; wealth gradient imported from DHS microdata. Run after build_final_hybrid_inputs.py, which rewrites this file."
ug-jinja,quintile_coverage.q3_middle.institutional_delivery_rate,EMPIRICAL_DHS_STRATIFIED,data/dhs/UGIR7BFL.DTA,"district institutional_delivery_rate x DHS national quintile gradient (v005-weighted, births <60 months)",0.8160231204,0.7861406271,"value * (dhs_country_quintile / dhs_country_overall), clamped to [0,1]","District level preserved; wealth gradient imported from DHS microdata. Run after build_final_hybrid_inputs.py, which rewrites this file."
ug-jinja,quintile_coverage.q4_richer.anc1_rate,EMPIRICAL_DHS_STRATIFIED,data/dhs/UGIR7BFL.DTA,"district anc1_rate x DHS national quintile gradient (v005-weighted, births <60 months)",0.9898336268,0.9862308043,"value * (dhs_country_quintile / dhs_country_overall), clamped to [0,1]","District level preserved; wealth gradient imported from DHS microdata. Run after build_final_hybrid_inputs.py, which rewrites this file."
ug-jinja,quintile_coverage.q4_richer.anc4_rate,EMPIRICAL_DHS_STRATIFIED,data/dhs/UGIR7BFL.DTA,"district anc4_rate x DHS national quintile gradient (v005-weighted, births <60 months)",0.7030601623,0.7379087342,"value * (dhs_country_quintile / dhs_country_overall), clamped to [0,1]","District level preserved; wealth gradient imported from DHS microdata. Run after build_final_hybrid_inputs.py, which rewrites this file."
ug-jinja,quintile_coverage.q4_richer.institutional_delivery_rate,EMPIRICAL_DHS_STRATIFIED,data/dhs/UGIR7BFL.DTA,"district institutional_delivery_rate x DHS national quintile gradient (v005-weighted, births <60 months)",0.8160231204,0.8780102289,"value * (dhs_country_quintile / dhs_country_overall), clamped to [0,1]","District level preserved; wealth gradient imported from DHS microdata. Run after build_final_hybrid_inputs.py, which rewrites this file."
ug-jinja,quintile_coverage.q5_richest.anc1_rate,EMPIRICAL_DHS_STRATIFIED,data/dhs/UGIR7BFL.DTA,"district anc1_rate x DHS national quintile gradient (v005-weighted, births <60 months)",0.9898336268,0.9953338873,"value * (dhs_country_quintile / dhs_country_overall), clamped to [0,1]","District level preserved; wealth gradient imported from DHS microdata. Run after build_final_hybrid_inputs.py, which rewrites this file."
ug-jinja,quintile_coverage.q5_richest.anc4_rate,EMPIRICAL_DHS_STRATIFIED,data/dhs/UGIR7BFL.DTA,"district anc4_rate x DHS national quintile gradient (v005-weighted, births <60 months)",0.7030601623,0.7873915628,"value * (dhs_country_quintile / dhs_country_overall), clamped to [0,1]","District level preserved; wealth gradient imported from DHS microdata. Run after build_final_hybrid_inputs.py, which rewrites this file."
ug-jinja,quintile_coverage.q5_richest.institutional_delivery_rate,EMPIRICAL_DHS_STRATIFIED,data/dhs/UGIR7BFL.DTA,"district institutional_delivery_rate x DHS national quintile gradient (v005-weighted, births <60 months)",0.8160231204,1.0000000000,"value * (dhs_country_quintile / dhs_country_overall), clamped to [0,1]","District level preserved; wealth gradient imported from DHS microdata. Run after build_final_hybrid_inputs.py, which rewrites this file."
ug-mbarara,quintile_coverage.q1_poorest.anc1_rate,EMPIRICAL_DHS_STRATIFIED,data/dhs/UGIR7BFL.DTA,"district anc1_rate x DHS national quintile gradient (v005-weighted, births <60 months)",0.9916501106,0.9838265378,"value * (dhs_country_quintile / dhs_country_overall), clamped to [0,1]","District level preserved; wealth gradient imported from DHS microdata. Run after build_final_hybrid_inputs.py, which rewrites this file."
ug-mbarara,quintile_coverage.q1_poorest.anc4_rate,EMPIRICAL_DHS_STRATIFIED,data/dhs/UGIR7BFL.DTA,"district anc4_rate x DHS national quintile gradient (v005-weighted, births <60 months)",0.7166845016,0.6411537352,"value * (dhs_country_quintile / dhs_country_overall), clamped to [0,1]","District level preserved; wealth gradient imported from DHS microdata. Run after build_final_hybrid_inputs.py, which rewrites this file."
ug-mbarara,quintile_coverage.q1_poorest.institutional_delivery_rate,EMPIRICAL_DHS_STRATIFIED,data/dhs/UGIR7BFL.DTA,"district institutional_delivery_rate x DHS national quintile gradient (v005-weighted, births <60 months)",0.8340092959,0.7363112355,"value * (dhs_country_quintile / dhs_country_overall), clamped to [0,1]","District level preserved; wealth gradient imported from DHS microdata. Run after build_final_hybrid_inputs.py, which rewrites this file."
ug-mbarara,quintile_coverage.q2_poor.anc1_rate,EMPIRICAL_DHS_STRATIFIED,data/dhs/UGIR7BFL.DTA,"district anc1_rate x DHS national quintile gradient (v005-weighted, births <60 months)",0.9916501106,0.9907078605,"value * (dhs_country_quintile / dhs_country_overall), clamped to [0,1]","District level preserved; wealth gradient imported from DHS microdata. Run after build_final_hybrid_inputs.py, which rewrites this file."
ug-mbarara,quintile_coverage.q2_poor.anc4_rate,EMPIRICAL_DHS_STRATIFIED,data/dhs/UGIR7BFL.DTA,"district anc4_rate x DHS national quintile gradient (v005-weighted, births <60 months)",0.7166845016,0.6836717071,"value * (dhs_country_quintile / dhs_country_overall), clamped to [0,1]","District level preserved; wealth gradient imported from DHS microdata. Run after build_final_hybrid_inputs.py, which rewrites this file."
ug-mbarara,quintile_coverage.q2_poor.institutional_delivery_rate,EMPIRICAL_DHS_STRATIFIED,data/dhs/UGIR7BFL.DTA,"district institutional_delivery_rate x DHS national quintile gradient (v005-weighted, births <60 months)",0.8340092959,0.7180284828,"value * (dhs_country_quintile / dhs_country_overall), clamped to [0,1]","District level preserved; wealth gradient imported from DHS microdata. Run after build_final_hybrid_inputs.py, which rewrites this file."
ug-mbarara,quintile_coverage.q3_middle.anc1_rate,EMPIRICAL_DHS_STRATIFIED,data/dhs/UGIR7BFL.DTA,"district anc1_rate x DHS national quintile gradient (v005-weighted, births <60 months)",0.9916501106,0.9986531919,"value * (dhs_country_quintile / dhs_country_overall), clamped to [0,1]","District level preserved; wealth gradient imported from DHS microdata. Run after build_final_hybrid_inputs.py, which rewrites this file."
ug-mbarara,quintile_coverage.q3_middle.anc4_rate,EMPIRICAL_DHS_STRATIFIED,data/dhs/UGIR7BFL.DTA,"district anc4_rate x DHS national quintile gradient (v005-weighted, births <60 months)",0.7166845016,0.7053680469,"value * (dhs_country_quintile / dhs_country_overall), clamped to [0,1]","District level preserved; wealth gradient imported from DHS microdata. Run after build_final_hybrid_inputs.py, which rewrites this file."
ug-mbarara,quintile_coverage.q3_middle.institutional_delivery_rate,EMPIRICAL_DHS_STRATIFIED,data/dhs/UGIR7BFL.DTA,"district institutional_delivery_rate x DHS national quintile gradient (v005-weighted, births <60 months)",0.8340092959,0.8034681549,"value * (dhs_country_quintile / dhs_country_overall), clamped to [0,1]","District level preserved; wealth gradient imported from DHS microdata. Run after build_final_hybrid_inputs.py, which rewrites this file."
ug-mbarara,quintile_coverage.q4_richer.anc1_rate,EMPIRICAL_DHS_STRATIFIED,data/dhs/UGIR7BFL.DTA,"district anc1_rate x DHS national quintile gradient (v005-weighted, births <60 months)",0.9916501106,0.9880406764,"value * (dhs_country_quintile / dhs_country_overall), clamped to [0,1]","District level preserved; wealth gradient imported from DHS microdata. Run after build_final_hybrid_inputs.py, which rewrites this file."
ug-mbarara,quintile_coverage.q4_richer.anc4_rate,EMPIRICAL_DHS_STRATIFIED,data/dhs/UGIR7BFL.DTA,"district anc4_rate x DHS national quintile gradient (v005-weighted, births <60 months)",0.7166845016,0.7522083909,"value * (dhs_country_quintile / dhs_country_overall), clamped to [0,1]","District level preserved; wealth gradient imported from DHS microdata. Run after build_final_hybrid_inputs.py, which rewrites this file."
ug-mbarara,quintile_coverage.q4_richer.institutional_delivery_rate,EMPIRICAL_DHS_STRATIFIED,data/dhs/UGIR7BFL.DTA,"district institutional_delivery_rate x DHS national quintile gradient (v005-weighted, births <60 months)",0.8340092959,0.8973626782,"value * (dhs_country_quintile / dhs_country_overall), clamped to [0,1]","District level preserved; wealth gradient imported from DHS microdata. Run after build_final_hybrid_inputs.py, which rewrites this file."
ug-mbarara,quintile_coverage.q5_richest.anc1_rate,EMPIRICAL_DHS_STRATIFIED,data/dhs/UGIR7BFL.DTA,"district anc1_rate x DHS national quintile gradient (v005-weighted, births <60 months)",0.9916501106,0.9971604649,"value * (dhs_country_quintile / dhs_country_overall), clamped to [0,1]","District level preserved; wealth gradient imported from DHS microdata. Run after build_final_hybrid_inputs.py, which rewrites this file."
ug-mbarara,quintile_coverage.q5_richest.anc4_rate,EMPIRICAL_DHS_STRATIFIED,data/dhs/UGIR7BFL.DTA,"district anc4_rate x DHS national quintile gradient (v005-weighted, births <60 months)",0.7166845016,0.8026501287,"value * (dhs_country_quintile / dhs_country_overall), clamped to [0,1]","District level preserved; wealth gradient imported from DHS microdata. Run after build_final_hybrid_inputs.py, which rewrites this file."
ug-mbarara,quintile_coverage.q5_richest.institutional_delivery_rate,EMPIRICAL_DHS_STRATIFIED,data/dhs/UGIR7BFL.DTA,"district institutional_delivery_rate x DHS national quintile gradient (v005-weighted, births <60 months)",0.8340092959,1.0000000000,"value * (dhs_country_quintile / dhs_country_overall), clamped to [0,1]","District level preserved; wealth gradient imported from DHS microdata. Run after build_final_hybrid_inputs.py, which rewrites this file."
gh-northern,quintile_coverage.q1_poorest.anc1_rate,EMPIRICAL_DHS_STRATIFIED,data/dhs/GHIR8CFL.DTA,"district anc1_rate x DHS national quintile gradient (v005-weighted, births <60 months)",0.9576197469,0.9323794553,"value * (dhs_country_quintile / dhs_country_overall), clamped to [0,1]","District level preserved; wealth gradient imported from DHS microdata. Run after build_final_hybrid_inputs.py, which rewrites this file."
gh-northern,quintile_coverage.q1_poorest.anc4_rate,EMPIRICAL_DHS_STRATIFIED,data/dhs/GHIR8CFL.DTA,"district anc4_rate x DHS national quintile gradient (v005-weighted, births <60 months)",0.7957768322,0.7091731379,"value * (dhs_country_quintile / dhs_country_overall), clamped to [0,1]","District level preserved; wealth gradient imported from DHS microdata. Run after build_final_hybrid_inputs.py, which rewrites this file."
gh-northern,quintile_coverage.q1_poorest.institutional_delivery_rate,EMPIRICAL_DHS_STRATIFIED,data/dhs/GHIR8CFL.DTA,"district institutional_delivery_rate x DHS national quintile gradient (v005-weighted, births <60 months)",0.7302876473,0.6045495268,"value * (dhs_country_quintile / dhs_country_overall), clamped to [0,1]","District level preserved; wealth gradient imported from DHS microdata. Run after build_final_hybrid_inputs.py, which rewrites this file."
gh-northern,quintile_coverage.q2_poor.anc1_rate,EMPIRICAL_DHS_STRATIFIED,data/dhs/GHIR8CFL.DTA,"district anc1_rate x DHS national quintile gradient (v005-weighted, births <60 months)",0.9576197469,0.9618430370,"value * (dhs_country_quintile / dhs_country_overall), clamped to [0,1]","District level preserved; wealth gradient imported from DHS microdata. Run after build_final_hybrid_inputs.py, which rewrites this file."
gh-northern,quintile_coverage.q2_poor.anc4_rate,EMPIRICAL_DHS_STRATIFIED,data/dhs/GHIR8CFL.DTA,"district anc4_rate x DHS national quintile gradient (v005-weighted, births <60 months)",0.7957768322,0.8001851882,"value * (dhs_country_quintile / dhs_country_overall), clamped to [0,1]","District level preserved; wealth gradient imported from DHS microdata. Run after build_final_hybrid_inputs.py, which rewrites this file."
gh-northern,quintile_coverage.q2_poor.institutional_delivery_rate,EMPIRICAL_DHS_STRATIFIED,data/dhs/GHIR8CFL.DTA,"district institutional_delivery_rate x DHS national quintile gradient (v005-weighted, births <60 months)",0.7302876473,0.7131587286,"value * (dhs_country_quintile / dhs_country_overall), clamped to [0,1]","District level preserved; wealth gradient imported from DHS microdata. Run after build_final_hybrid_inputs.py, which rewrites this file."
gh-northern,quintile_coverage.q3_middle.anc1_rate,EMPIRICAL_DHS_STRATIFIED,data/dhs/GHIR8CFL.DTA,"district anc1_rate x DHS national quintile gradient (v005-weighted, births <60 months)",0.9576197469,0.9582984521,"value * (dhs_country_quintile / dhs_country_overall), clamped to [0,1]","District level preserved; wealth gradient imported from DHS microdata. Run after build_final_hybrid_inputs.py, which rewrites this file."
gh-northern,quintile_coverage.q3_middle.anc4_rate,EMPIRICAL_DHS_STRATIFIED,data/dhs/GHIR8CFL.DTA,"district anc4_rate x DHS national quintile gradient (v005-weighted, births <60 months)",0.7957768322,0.7794109806,"value * (dhs_country_quintile / dhs_country_overall), clamped to [0,1]","District level preserved; wealth gradient imported from DHS microdata. Run after build_final_hybrid_inputs.py, which rewrites this file."
gh-northern,quintile_coverage.q3_middle.institutional_delivery_rate,EMPIRICAL_DHS_STRATIFIED,data/dhs/GHIR8CFL.DTA,"district institutional_delivery_rate x DHS national quintile gradient (v005-weighted, births <60 months)",0.7302876473,0.7540294524,"value * (dhs_country_quintile / dhs_country_overall), clamped to [0,1]","District level preserved; wealth gradient imported from DHS microdata. Run after build_final_hybrid_inputs.py, which rewrites this file."
gh-northern,quintile_coverage.q4_richer.anc1_rate,EMPIRICAL_DHS_STRATIFIED,data/dhs/GHIR8CFL.DTA,"district anc1_rate x DHS national quintile gradient (v005-weighted, births <60 months)",0.9576197469,0.9676535880,"value * (dhs_country_quintile / dhs_country_overall), clamped to [0,1]","District level preserved; wealth gradient imported from DHS microdata. Run after build_final_hybrid_inputs.py, which rewrites this file."
gh-northern,quintile_coverage.q4_richer.anc4_rate,EMPIRICAL_DHS_STRATIFIED,data/dhs/GHIR8CFL.DTA,"district anc4_rate x DHS national quintile gradient (v005-weighted, births <60 months)",0.7957768322,0.8435339113,"value * (dhs_country_quintile / dhs_country_overall), clamped to [0,1]","District level preserved; wealth gradient imported from DHS microdata. Run after build_final_hybrid_inputs.py, which rewrites this file."
gh-northern,quintile_coverage.q4_richer.institutional_delivery_rate,EMPIRICAL_DHS_STRATIFIED,data/dhs/GHIR8CFL.DTA,"district institutional_delivery_rate x DHS national quintile gradient (v005-weighted, births <60 months)",0.7302876473,0.8066028213,"value * (dhs_country_quintile / dhs_country_overall), clamped to [0,1]","District level preserved; wealth gradient imported from DHS microdata. Run after build_final_hybrid_inputs.py, which rewrites this file."
gh-northern,quintile_coverage.q5_richest.anc1_rate,EMPIRICAL_DHS_STRATIFIED,data/dhs/GHIR8CFL.DTA,"district anc1_rate x DHS national quintile gradient (v005-weighted, births <60 months)",0.9576197469,0.9753226721,"value * (dhs_country_quintile / dhs_country_overall), clamped to [0,1]","District level preserved; wealth gradient imported from DHS microdata. Run after build_final_hybrid_inputs.py, which rewrites this file."
gh-northern,quintile_coverage.q5_richest.anc4_rate,EMPIRICAL_DHS_STRATIFIED,data/dhs/GHIR8CFL.DTA,"district anc4_rate x DHS national quintile gradient (v005-weighted, births <60 months)",0.7957768322,0.8761257242,"value * (dhs_country_quintile / dhs_country_overall), clamped to [0,1]","District level preserved; wealth gradient imported from DHS microdata. Run after build_final_hybrid_inputs.py, which rewrites this file."
gh-northern,quintile_coverage.q5_richest.institutional_delivery_rate,EMPIRICAL_DHS_STRATIFIED,data/dhs/GHIR8CFL.DTA,"district institutional_delivery_rate x DHS national quintile gradient (v005-weighted, births <60 months)",0.7302876473,0.8205715685,"value * (dhs_country_quintile / dhs_country_overall), clamped to [0,1]","District level preserved; wealth gradient imported from DHS microdata. Run after build_final_hybrid_inputs.py, which rewrites this file."
gh-upper-east,quintile_coverage.q1_poorest.anc1_rate,EMPIRICAL_DHS_STRATIFIED,data/dhs/GHIR8CFL.DTA,"district anc1_rate x DHS national quintile gradient (v005-weighted, births <60 months)",0.9467752671,0.9218208069,"value * (dhs_country_quintile / dhs_country_overall), clamped to [0,1]","District level preserved; wealth gradient imported from DHS microdata. Run after build_final_hybrid_inputs.py, which rewrites this file."
gh-upper-east,quintile_coverage.q1_poorest.anc4_rate,EMPIRICAL_DHS_STRATIFIED,data/dhs/GHIR8CFL.DTA,"district anc4_rate x DHS national quintile gradient (v005-weighted, births <60 months)",0.7494876937,0.6679216058,"value * (dhs_country_quintile / dhs_country_overall), clamped to [0,1]","District level preserved; wealth gradient imported from DHS microdata. Run after build_final_hybrid_inputs.py, which rewrites this file."
gh-upper-east,quintile_coverage.q1_poorest.institutional_delivery_rate,EMPIRICAL_DHS_STRATIFIED,data/dhs/GHIR8CFL.DTA,"district institutional_delivery_rate x DHS national quintile gradient (v005-weighted, births <60 months)",0.6996218839,0.5791636767,"value * (dhs_country_quintile / dhs_country_overall), clamped to [0,1]","District level preserved; wealth gradient imported from DHS microdata. Run after build_final_hybrid_inputs.py, which rewrites this file."
gh-upper-east,quintile_coverage.q2_poor.anc1_rate,EMPIRICAL_DHS_STRATIFIED,data/dhs/GHIR8CFL.DTA,"district anc1_rate x DHS national quintile gradient (v005-weighted, births <60 months)",0.9467752671,0.9509507309,"value * (dhs_country_quintile / dhs_country_overall), clamped to [0,1]","District level preserved; wealth gradient imported from DHS microdata. Run after build_final_hybrid_inputs.py, which rewrites this file."
gh-upper-east,quintile_coverage.q2_poor.anc4_rate,EMPIRICAL_DHS_STRATIFIED,data/dhs/GHIR8CFL.DTA,"district anc4_rate x DHS national quintile gradient (v005-weighted, births <60 months)",0.7494876937,0.7536396223,"value * (dhs_country_quintile / dhs_country_overall), clamped to [0,1]","District level preserved; wealth gradient imported from DHS microdata. Run after build_final_hybrid_inputs.py, which rewrites this file."
gh-upper-east,quintile_coverage.q2_poor.institutional_delivery_rate,EMPIRICAL_DHS_STRATIFIED,data/dhs/GHIR8CFL.DTA,"district institutional_delivery_rate x DHS national quintile gradient (v005-weighted, births <60 months)",0.6996218839,0.6832122316,"value * (dhs_country_quintile / dhs_country_overall), clamped to [0,1]","District level preserved; wealth gradient imported from DHS microdata. Run after build_final_hybrid_inputs.py, which rewrites this file."
gh-upper-east,quintile_coverage.q3_middle.anc1_rate,EMPIRICAL_DHS_STRATIFIED,data/dhs/GHIR8CFL.DTA,"district anc1_rate x DHS national quintile gradient (v005-weighted, births <60 months)",0.9467752671,0.9474462863,"value * (dhs_country_quintile / dhs_country_overall), clamped to [0,1]","District level preserved; wealth gradient imported from DHS microdata. Run after build_final_hybrid_inputs.py, which rewrites this file."
gh-upper-east,quintile_coverage.q3_middle.anc4_rate,EMPIRICAL_DHS_STRATIFIED,data/dhs/GHIR8CFL.DTA,"district anc4_rate x DHS national quintile gradient (v005-weighted, births <60 months)",0.7494876937,0.7340738191,"value * (dhs_country_quintile / dhs_country_overall), clamped to [0,1]","District level preserved; wealth gradient imported from DHS microdata. Run after build_final_hybrid_inputs.py, which rewrites this file."
gh-upper-east,quintile_coverage.q3_middle.institutional_delivery_rate,EMPIRICAL_DHS_STRATIFIED,data/dhs/GHIR8CFL.DTA,"district institutional_delivery_rate x DHS national quintile gradient (v005-weighted, births <60 months)",0.6996218839,0.7223667386,"value * (dhs_country_quintile / dhs_country_overall), clamped to [0,1]","District level preserved; wealth gradient imported from DHS microdata. Run after build_final_hybrid_inputs.py, which rewrites this file."
gh-upper-east,quintile_coverage.q4_richer.anc1_rate,EMPIRICAL_DHS_STRATIFIED,data/dhs/GHIR8CFL.DTA,"district anc1_rate x DHS national quintile gradient (v005-weighted, births <60 months)",0.9467752671,0.9566954808,"value * (dhs_country_quintile / dhs_country_overall), clamped to [0,1]","District level preserved; wealth gradient imported from DHS microdata. Run after build_final_hybrid_inputs.py, which rewrites this file."
gh-upper-east,quintile_coverage.q4_richer.anc4_rate,EMPIRICAL_DHS_STRATIFIED,data/dhs/GHIR8CFL.DTA,"district anc4_rate x DHS national quintile gradient (v005-weighted, births <60 months)",0.7494876937,0.7944668155,"value * (dhs_country_quintile / dhs_country_overall), clamped to [0,1]","District level preserved; wealth gradient imported from DHS microdata. Run after build_final_hybrid_inputs.py, which rewrites this file."
gh-upper-east,quintile_coverage.q4_richer.institutional_delivery_rate,EMPIRICAL_DHS_STRATIFIED,data/dhs/GHIR8CFL.DTA,"district institutional_delivery_rate x DHS national quintile gradient (v005-weighted, births <60 months)",0.6996218839,0.7727324808,"value * (dhs_country_quintile / dhs_country_overall), clamped to [0,1]","District level preserved; wealth gradient imported from DHS microdata. Run after build_final_hybrid_inputs.py, which rewrites this file."
gh-upper-east,quintile_coverage.q5_richest.anc1_rate,EMPIRICAL_DHS_STRATIFIED,data/dhs/GHIR8CFL.DTA,"district anc1_rate x DHS national quintile gradient (v005-weighted, births <60 months)",0.9467752671,0.9642777171,"value * (dhs_country_quintile / dhs_country_overall), clamped to [0,1]","District level preserved; wealth gradient imported from DHS microdata. Run after build_final_hybrid_inputs.py, which rewrites this file."
gh-upper-east,quintile_coverage.q5_richest.anc4_rate,EMPIRICAL_DHS_STRATIFIED,data/dhs/GHIR8CFL.DTA,"district anc4_rate x DHS national quintile gradient (v005-weighted, births <60 months)",0.7494876937,0.8251628119,"value * (dhs_country_quintile / dhs_country_overall), clamped to [0,1]","District level preserved; wealth gradient imported from DHS microdata. Run after build_final_hybrid_inputs.py, which rewrites this file."
gh-upper-east,quintile_coverage.q5_richest.institutional_delivery_rate,EMPIRICAL_DHS_STRATIFIED,data/dhs/GHIR8CFL.DTA,"district institutional_delivery_rate x DHS national quintile gradient (v005-weighted, births <60 months)",0.6996218839,0.7861146615,"value * (dhs_country_quintile / dhs_country_overall), clamped to [0,1]","District level preserved; wealth gradient imported from DHS microdata. Run after build_final_hybrid_inputs.py, which rewrites this file."
gh-volta,quintile_coverage.q1_poorest.anc1_rate,EMPIRICAL_DHS_STRATIFIED,data/dhs/GHIR8CFL.DTA,"district anc1_rate x DHS national quintile gradient (v005-weighted, births <60 months)",0.9719219336,0.9463046746,"value * (dhs_country_quintile / dhs_country_overall), clamped to [0,1]","District level preserved; wealth gradient imported from DHS microdata. Run after build_final_hybrid_inputs.py, which rewrites this file."
gh-volta,quintile_coverage.q1_poorest.anc4_rate,EMPIRICAL_DHS_STRATIFIED,data/dhs/GHIR8CFL.DTA,"district anc4_rate x DHS national quintile gradient (v005-weighted, births <60 months)",0.8392019542,0.7478723420,"value * (dhs_country_quintile / dhs_country_overall), clamped to [0,1]","District level preserved; wealth gradient imported from DHS microdata. Run after build_final_hybrid_inputs.py, which rewrites this file."
gh-volta,quintile_coverage.q1_poorest.institutional_delivery_rate,EMPIRICAL_DHS_STRATIFIED,data/dhs/GHIR8CFL.DTA,"district institutional_delivery_rate x DHS national quintile gradient (v005-weighted, births <60 months)",0.8022035780,0.6640832490,"value * (dhs_country_quintile / dhs_country_overall), clamped to [0,1]","District level preserved; wealth gradient imported from DHS microdata. Run after build_final_hybrid_inputs.py, which rewrites this file."
gh-volta,quintile_coverage.q2_poor.anc1_rate,EMPIRICAL_DHS_STRATIFIED,data/dhs/GHIR8CFL.DTA,"district anc1_rate x DHS national quintile gradient (v005-weighted, births <60 months)",0.9719219336,0.9762082991,"value * (dhs_country_quintile / dhs_country_overall), clamped to [0,1]","District level preserved; wealth gradient imported from DHS microdata. Run after build_final_hybrid_inputs.py, which rewrites this file."
gh-volta,quintile_coverage.q2_poor.anc4_rate,EMPIRICAL_DHS_STRATIFIED,data/dhs/GHIR8CFL.DTA,"district anc4_rate x DHS national quintile gradient (v005-weighted, births <60 months)",0.8392019542,0.8438508718,"value * (dhs_country_quintile / dhs_country_overall), clamped to [0,1]","District level preserved; wealth gradient imported from DHS microdata. Run after build_final_hybrid_inputs.py, which rewrites this file."
gh-volta,quintile_coverage.q2_poor.institutional_delivery_rate,EMPIRICAL_DHS_STRATIFIED,data/dhs/GHIR8CFL.DTA,"district institutional_delivery_rate x DHS national quintile gradient (v005-weighted, births <60 months)",0.8022035780,0.7833878690,"value * (dhs_country_quintile / dhs_country_overall), clamped to [0,1]","District level preserved; wealth gradient imported from DHS microdata. Run after build_final_hybrid_inputs.py, which rewrites this file."
gh-volta,quintile_coverage.q3_middle.anc1_rate,EMPIRICAL_DHS_STRATIFIED,data/dhs/GHIR8CFL.DTA,"district anc1_rate x DHS national quintile gradient (v005-weighted, births <60 months)",0.9719219336,0.9726107753,"value * (dhs_country_quintile / dhs_country_overall), clamped to [0,1]","District level preserved; wealth gradient imported from DHS microdata. Run after build_final_hybrid_inputs.py, which rewrites this file."
gh-volta,quintile_coverage.q3_middle.anc4_rate,EMPIRICAL_DHS_STRATIFIED,data/dhs/GHIR8CFL.DTA,"district anc4_rate x DHS national quintile gradient (v005-weighted, births <60 months)",0.8392019542,0.8219430267,"value * (dhs_country_quintile / dhs_country_overall), clamped to [0,1]","District level preserved; wealth gradient imported from DHS microdata. Run after build_final_hybrid_inputs.py, which rewrites this file."
gh-volta,quintile_coverage.q3_middle.institutional_delivery_rate,EMPIRICAL_DHS_STRATIFIED,data/dhs/GHIR8CFL.DTA,"district institutional_delivery_rate x DHS national quintile gradient (v005-weighted, births <60 months)",0.8022035780,0.8282833852,"value * (dhs_country_quintile / dhs_country_overall), clamped to [0,1]","District level preserved; wealth gradient imported from DHS microdata. Run after build_final_hybrid_inputs.py, which rewrites this file."
gh-volta,quintile_coverage.q4_richer.anc1_rate,EMPIRICAL_DHS_STRATIFIED,data/dhs/GHIR8CFL.DTA,"district anc1_rate x DHS national quintile gradient (v005-weighted, births <60 months)",0.9719219336,0.9821056314,"value * (dhs_country_quintile / dhs_country_overall), clamped to [0,1]","District level preserved; wealth gradient imported from DHS microdata. Run after build_final_hybrid_inputs.py, which rewrites this file."
gh-volta,quintile_coverage.q4_richer.anc4_rate,EMPIRICAL_DHS_STRATIFIED,data/dhs/GHIR8CFL.DTA,"district anc4_rate x DHS national quintile gradient (v005-weighted, births <60 months)",0.8392019542,0.8895651119,"value * (dhs_country_quintile / dhs_country_overall), clamped to [0,1]","District level preserved; wealth gradient imported from DHS microdata. Run after build_final_hybrid_inputs.py, which rewrites this file."
gh-volta,quintile_coverage.q4_richer.institutional_delivery_rate,EMPIRICAL_DHS_STRATIFIED,data/dhs/GHIR8CFL.DTA,"district institutional_delivery_rate x DHS national quintile gradient (v005-weighted, births <60 months)",0.8022035780,0.8860339780,"value * (dhs_country_quintile / dhs_country_overall), clamped to [0,1]","District level preserved; wealth gradient imported from DHS microdata. Run after build_final_hybrid_inputs.py, which rewrites this file."
gh-volta,quintile_coverage.q5_richest.anc1_rate,EMPIRICAL_DHS_STRATIFIED,data/dhs/GHIR8CFL.DTA,"district anc1_rate x DHS national quintile gradient (v005-weighted, births <60 months)",0.9719219336,0.9898892545,"value * (dhs_country_quintile / dhs_country_overall), clamped to [0,1]","District level preserved; wealth gradient imported from DHS microdata. Run after build_final_hybrid_inputs.py, which rewrites this file."
gh-volta,quintile_coverage.q5_richest.anc4_rate,EMPIRICAL_DHS_STRATIFIED,data/dhs/GHIR8CFL.DTA,"district anc4_rate x DHS national quintile gradient (v005-weighted, births <60 months)",0.8392019542,0.9239354429,"value * (dhs_country_quintile / dhs_country_overall), clamped to [0,1]","District level preserved; wealth gradient imported from DHS microdata. Run after build_final_hybrid_inputs.py, which rewrites this file."
gh-volta,quintile_coverage.q5_richest.institutional_delivery_rate,EMPIRICAL_DHS_STRATIFIED,data/dhs/GHIR8CFL.DTA,"district institutional_delivery_rate x DHS national quintile gradient (v005-weighted, births <60 months)",0.8022035780,0.9013783140,"value * (dhs_country_quintile / dhs_country_overall), clamped to [0,1]","District level preserved; wealth gradient imported from DHS microdata. Run after build_final_hybrid_inputs.py, which rewrites this file."
gh-ashanti,quintile_coverage.q1_poorest.anc1_rate,EMPIRICAL_DHS_STRATIFIED,data/dhs/GHIR8CFL.DTA,"district anc1_rate x DHS national quintile gradient (v005-weighted, births <60 months)",0.9860476020,0.9600580282,"value * (dhs_country_quintile / dhs_country_overall), clamped to [0,1]","District level preserved; wealth gradient imported from DHS microdata. Run after build_final_hybrid_inputs.py, which rewrites this file."
gh-ashanti,quintile_coverage.q1_poorest.anc4_rate,EMPIRICAL_DHS_STRATIFIED,data/dhs/GHIR8CFL.DTA,"district anc4_rate x DHS national quintile gradient (v005-weighted, births <60 months)",0.8963146824,0.7987695421,"value * (dhs_country_quintile / dhs_country_overall), clamped to [0,1]","District level preserved; wealth gradient imported from DHS microdata. Run after build_final_hybrid_inputs.py, which rewrites this file."
gh-ashanti,quintile_coverage.q1_poorest.institutional_delivery_rate,EMPIRICAL_DHS_STRATIFIED,data/dhs/GHIR8CFL.DTA,"district institutional_delivery_rate x DHS national quintile gradient (v005-weighted, births <60 months)",0.8798245152,0.7283397115,"value * (dhs_country_quintile / dhs_country_overall), clamped to [0,1]","District level preserved; wealth gradient imported from DHS microdata. Run after build_final_hybrid_inputs.py, which rewrites this file."
gh-ashanti,quintile_coverage.q2_poor.anc1_rate,EMPIRICAL_DHS_STRATIFIED,data/dhs/GHIR8CFL.DTA,"district anc1_rate x DHS national quintile gradient (v005-weighted, births <60 months)",0.9860476020,0.9903962644,"value * (dhs_country_quintile / dhs_country_overall), clamped to [0,1]","District level preserved; wealth gradient imported from DHS microdata. Run after build_final_hybrid_inputs.py, which rewrites this file."
gh-ashanti,quintile_coverage.q2_poor.anc4_rate,EMPIRICAL_DHS_STRATIFIED,data/dhs/GHIR8CFL.DTA,"district anc4_rate x DHS national quintile gradient (v005-weighted, births <60 months)",0.8963146824,0.9012799868,"value * (dhs_country_quintile / dhs_country_overall), clamped to [0,1]","District level preserved; wealth gradient imported from DHS microdata. Run after build_final_hybrid_inputs.py, which rewrites this file."
gh-ashanti,quintile_coverage.q2_poor.institutional_delivery_rate,EMPIRICAL_DHS_STRATIFIED,data/dhs/GHIR8CFL.DTA,"district institutional_delivery_rate x DHS national quintile gradient (v005-weighted, births <60 months)",0.8798245152,0.8591882047,"value * (dhs_country_quintile / dhs_country_overall), clamped to [0,1]","District level preserved; wealth gradient imported from DHS microdata. Run after build_final_hybrid_inputs.py, which rewrites this file."
gh-ashanti,quintile_coverage.q3_middle.anc1_rate,EMPIRICAL_DHS_STRATIFIED,data/dhs/GHIR8CFL.DTA,"district anc1_rate x DHS national quintile gradient (v005-weighted, births <60 months)",0.9860476020,0.9867464551,"value * (dhs_country_quintile / dhs_country_overall), clamped to [0,1]","District level preserved; wealth gradient imported from DHS microdata. Run after build_final_hybrid_inputs.py, which rewrites this file."
gh-ashanti,quintile_coverage.q3_middle.anc4_rate,EMPIRICAL_DHS_STRATIFIED,data/dhs/GHIR8CFL.DTA,"district anc4_rate x DHS national quintile gradient (v005-weighted, births <60 months)",0.8963146824,0.8778811813,"value * (dhs_country_quintile / dhs_country_overall), clamped to [0,1]","District level preserved; wealth gradient imported from DHS microdata. Run after build_final_hybrid_inputs.py, which rewrites this file."
gh-ashanti,quintile_coverage.q3_middle.institutional_delivery_rate,EMPIRICAL_DHS_STRATIFIED,data/dhs/GHIR8CFL.DTA,"district institutional_delivery_rate x DHS national quintile gradient (v005-weighted, births <60 months)",0.8798245152,0.9084277953,"value * (dhs_country_quintile / dhs_country_overall), clamped to [0,1]","District level preserved; wealth gradient imported from DHS microdata. Run after build_final_hybrid_inputs.py, which rewrites this file."
gh-ashanti,quintile_coverage.q4_richer.anc1_rate,EMPIRICAL_DHS_STRATIFIED,data/dhs/GHIR8CFL.DTA,"district anc1_rate x DHS national quintile gradient (v005-weighted, births <60 months)",0.9860476020,0.9963793072,"value * (dhs_country_quintile / dhs_country_overall), clamped to [0,1]","District level preserved; wealth gradient imported from DHS microdata. Run after build_final_hybrid_inputs.py, which rewrites this file."
gh-ashanti,quintile_coverage.q4_richer.anc4_rate,EMPIRICAL_DHS_STRATIFIED,data/dhs/GHIR8CFL.DTA,"district anc4_rate x DHS national quintile gradient (v005-weighted, births <60 months)",0.8963146824,0.9501053551,"value * (dhs_country_quintile / dhs_country_overall), clamped to [0,1]","District level preserved; wealth gradient imported from DHS microdata. Run after build_final_hybrid_inputs.py, which rewrites this file."
gh-ashanti,quintile_coverage.q4_richer.institutional_delivery_rate,EMPIRICAL_DHS_STRATIFIED,data/dhs/GHIR8CFL.DTA,"district institutional_delivery_rate x DHS national quintile gradient (v005-weighted, births <60 months)",0.8798245152,0.9717663153,"value * (dhs_country_quintile / dhs_country_overall), clamped to [0,1]","District level preserved; wealth gradient imported from DHS microdata. Run after build_final_hybrid_inputs.py, which rewrites this file."
gh-ashanti,quintile_coverage.q5_richest.anc1_rate,EMPIRICAL_DHS_STRATIFIED,data/dhs/GHIR8CFL.DTA,"district anc1_rate x DHS national quintile gradient (v005-weighted, births <60 months)",0.9860476020,1.0000000000,"value * (dhs_country_quintile / dhs_country_overall), clamped to [0,1]","District level preserved; wealth gradient imported from DHS microdata. Run after build_final_hybrid_inputs.py, which rewrites this file."
gh-ashanti,quintile_coverage.q5_richest.anc4_rate,EMPIRICAL_DHS_STRATIFIED,data/dhs/GHIR8CFL.DTA,"district anc4_rate x DHS national quintile gradient (v005-weighted, births <60 months)",0.8963146824,0.9868147934,"value * (dhs_country_quintile / dhs_country_overall), clamped to [0,1]","District level preserved; wealth gradient imported from DHS microdata. Run after build_final_hybrid_inputs.py, which rewrites this file."
gh-ashanti,quintile_coverage.q5_richest.institutional_delivery_rate,EMPIRICAL_DHS_STRATIFIED,data/dhs/GHIR8CFL.DTA,"district institutional_delivery_rate x DHS national quintile gradient (v005-weighted, births <60 months)",0.8798245152,0.9885953639,"value * (dhs_country_quintile / dhs_country_overall), clamped to [0,1]","District level preserved; wealth gradient imported from DHS microdata. Run after build_final_hybrid_inputs.py, which rewrites this file."
gh-accra,quintile_coverage.q1_poorest.anc1_rate,EMPIRICAL_DHS_STRATIFIED,data/dhs/GHIR8CFL.DTA,"district anc1_rate x DHS national quintile gradient (v005-weighted, births <60 months)",0.9895518205,0.9634698849,"value * (dhs_country_quintile / dhs_country_overall), clamped to [0,1]","District level preserved; wealth gradient imported from DHS microdata. Run after build_final_hybrid_inputs.py, which rewrites this file."
gh-accra,quintile_coverage.q1_poorest.anc4_rate,EMPIRICAL_DHS_STRATIFIED,data/dhs/GHIR8CFL.DTA,"district anc4_rate x DHS national quintile gradient (v005-weighted, births <60 months)",0.9184614181,0.8185060681,"value * (dhs_country_quintile / dhs_country_overall), clamped to [0,1]","District level preserved; wealth gradient imported from DHS microdata. Run after build_final_hybrid_inputs.py, which rewrites this file."
gh-accra,quintile_coverage.q1_poorest.institutional_delivery_rate,EMPIRICAL_DHS_STRATIFIED,data/dhs/GHIR8CFL.DTA,"district institutional_delivery_rate x DHS national quintile gradient (v005-weighted, births <60 months)",0.9058299016,0.7498675904,"value * (dhs_country_quintile / dhs_country_overall), clamped to [0,1]","District level preserved; wealth gradient imported from DHS microdata. Run after build_final_hybrid_inputs.py, which rewrites this file."
gh-accra,quintile_coverage.q2_poor.anc1_rate,EMPIRICAL_DHS_STRATIFIED,data/dhs/GHIR8CFL.DTA,"district anc1_rate x DHS national quintile gradient (v005-weighted, births <60 months)",0.9895518205,0.9939159372,"value * (dhs_country_quintile / dhs_country_overall), clamped to [0,1]","District level preserved; wealth gradient imported from DHS microdata. Run after build_final_hybrid_inputs.py, which rewrites this file."
gh-accra,quintile_coverage.q2_poor.anc4_rate,EMPIRICAL_DHS_STRATIFIED,data/dhs/GHIR8CFL.DTA,"district anc4_rate x DHS national quintile gradient (v005-weighted, births <60 months)",0.9184614181,0.9235494086,"value * (dhs_country_quintile / dhs_country_overall), clamped to [0,1]","District level preserved; wealth gradient imported from DHS microdata. Run after build_final_hybrid_inputs.py, which rewrites this file."
gh-accra,quintile_coverage.q2_poor.institutional_delivery_rate,EMPIRICAL_DHS_STRATIFIED,data/dhs/GHIR8CFL.DTA,"district institutional_delivery_rate x DHS national quintile gradient (v005-weighted, births <60 months)",0.9058299016,0.8845836341,"value * (dhs_country_quintile / dhs_country_overall), clamped to [0,1]","District level preserved; wealth gradient imported from DHS microdata. Run after build_final_hybrid_inputs.py, which rewrites this file."
gh-accra,quintile_coverage.q3_middle.anc1_rate,EMPIRICAL_DHS_STRATIFIED,data/dhs/GHIR8CFL.DTA,"district anc1_rate x DHS national quintile gradient (v005-weighted, births <60 months)",0.9895518205,0.9902531572,"value * (dhs_country_quintile / dhs_country_overall), clamped to [0,1]","District level preserved; wealth gradient imported from DHS microdata. Run after build_final_hybrid_inputs.py, which rewrites this file."
gh-accra,quintile_coverage.q3_middle.anc4_rate,EMPIRICAL_DHS_STRATIFIED,data/dhs/GHIR8CFL.DTA,"district anc4_rate x DHS national quintile gradient (v005-weighted, births <60 months)",0.9184614181,0.8995724500,"value * (dhs_country_quintile / dhs_country_overall), clamped to [0,1]","District level preserved; wealth gradient imported from DHS microdata. Run after build_final_hybrid_inputs.py, which rewrites this file."
gh-accra,quintile_coverage.q3_middle.institutional_delivery_rate,EMPIRICAL_DHS_STRATIFIED,data/dhs/GHIR8CFL.DTA,"district institutional_delivery_rate x DHS national quintile gradient (v005-weighted, births <60 months)",0.9058299016,0.9352786224,"value * (dhs_country_quintile / dhs_country_overall), clamped to [0,1]","District level preserved; wealth gradient imported from DHS microdata. Run after build_final_hybrid_inputs.py, which rewrites this file."
gh-accra,quintile_coverage.q4_richer.anc1_rate,EMPIRICAL_DHS_STRATIFIED,data/dhs/GHIR8CFL.DTA,"district anc1_rate x DHS national quintile gradient (v005-weighted, births <60 months)",0.9895518205,0.9999202425,"value * (dhs_country_quintile / dhs_country_overall), clamped to [0,1]","District level preserved; wealth gradient imported from DHS microdata. Run after build_final_hybrid_inputs.py, which rewrites this file."
gh-accra,quintile_coverage.q4_richer.anc4_rate,EMPIRICAL_DHS_STRATIFIED,data/dhs/GHIR8CFL.DTA,"district anc4_rate x DHS national quintile gradient (v005-weighted, births <60 months)",0.9184614181,0.9735811864,"value * (dhs_country_quintile / dhs_country_overall), clamped to [0,1]","District level preserved; wealth gradient imported from DHS microdata. Run after build_final_hybrid_inputs.py, which rewrites this file."
gh-accra,quintile_coverage.q4_richer.institutional_delivery_rate,EMPIRICAL_DHS_STRATIFIED,data/dhs/GHIR8CFL.DTA,"district institutional_delivery_rate x DHS national quintile gradient (v005-weighted, births <60 months)",0.9058299016,1.0000000000,"value * (dhs_country_quintile / dhs_country_overall), clamped to [0,1]","District level preserved; wealth gradient imported from DHS microdata. Run after build_final_hybrid_inputs.py, which rewrites this file."
gh-accra,quintile_coverage.q5_richest.anc1_rate,EMPIRICAL_DHS_STRATIFIED,data/dhs/GHIR8CFL.DTA,"district anc1_rate x DHS national quintile gradient (v005-weighted, births <60 months)",0.9895518205,1.0000000000,"value * (dhs_country_quintile / dhs_country_overall), clamped to [0,1]","District level preserved; wealth gradient imported from DHS microdata. Run after build_final_hybrid_inputs.py, which rewrites this file."
gh-accra,quintile_coverage.q5_richest.anc4_rate,EMPIRICAL_DHS_STRATIFIED,data/dhs/GHIR8CFL.DTA,"district anc4_rate x DHS national quintile gradient (v005-weighted, births <60 months)",0.9184614181,1.0000000000,"value * (dhs_country_quintile / dhs_country_overall), clamped to [0,1]","District level preserved; wealth gradient imported from DHS microdata. Run after build_final_hybrid_inputs.py, which rewrites this file."
gh-accra,quintile_coverage.q5_richest.institutional_delivery_rate,EMPIRICAL_DHS_STRATIFIED,data/dhs/GHIR8CFL.DTA,"district institutional_delivery_rate x DHS national quintile gradient (v005-weighted, births <60 months)",0.9058299016,1.0000000000,"value * (dhs_country_quintile / dhs_country_overall), clamped to [0,1]","District level preserved; wealth gradient imported from DHS microdata. Run after build_final_hybrid_inputs.py, which rewrites this file."
et-somali,quintile_coverage.q1_poorest.anc1_rate,EMPIRICAL_DHS_STRATIFIED,data/dhs/ETIR8AFL.dta,"district anc1_rate x DHS national quintile gradient (v005-weighted, births <60 months)",0.5894182259,0.4093997164,"value * (dhs_country_quintile / dhs_country_overall), clamped to [0,1]","District level preserved; wealth gradient imported from DHS microdata. Run after build_final_hybrid_inputs.py, which rewrites this file."
et-somali,quintile_coverage.q1_poorest.anc4_rate,EMPIRICAL_DHS_STRATIFIED,data/dhs/ETIR8AFL.dta,"district anc4_rate x DHS national quintile gradient (v005-weighted, births <60 months)",0.3712802198,0.1718385141,"value * (dhs_country_quintile / dhs_country_overall), clamped to [0,1]","District level preserved; wealth gradient imported from DHS microdata. Run after build_final_hybrid_inputs.py, which rewrites this file."
et-somali,quintile_coverage.q1_poorest.institutional_delivery_rate,EMPIRICAL_DHS_STRATIFIED,data/dhs/ETIR8AFL.dta,"district institutional_delivery_rate x DHS national quintile gradient (v005-weighted, births <60 months)",0.4203133484,0.1841514410,"value * (dhs_country_quintile / dhs_country_overall), clamped to [0,1]","District level preserved; wealth gradient imported from DHS microdata. Run after build_final_hybrid_inputs.py, which rewrites this file."
et-somali,quintile_coverage.q2_poor.anc1_rate,EMPIRICAL_DHS_STRATIFIED,data/dhs/ETIR8AFL.dta,"district anc1_rate x DHS national quintile gradient (v005-weighted, births <60 months)",0.5894182259,0.5617066755,"value * (dhs_country_quintile / dhs_country_overall), clamped to [0,1]","District level preserved; wealth gradient imported from DHS microdata. Run after build_final_hybrid_inputs.py, which rewrites this file."
et-somali,quintile_coverage.q2_poor.anc4_rate,EMPIRICAL_DHS_STRATIFIED,data/dhs/ETIR8AFL.dta,"district anc4_rate x DHS national quintile gradient (v005-weighted, births <60 months)",0.3712802198,0.2876539437,"value * (dhs_country_quintile / dhs_country_overall), clamped to [0,1]","District level preserved; wealth gradient imported from DHS microdata. Run after build_final_hybrid_inputs.py, which rewrites this file."
et-somali,quintile_coverage.q2_poor.institutional_delivery_rate,EMPIRICAL_DHS_STRATIFIED,data/dhs/ETIR8AFL.dta,"district institutional_delivery_rate x DHS national quintile gradient (v005-weighted, births <60 months)",0.4203133484,0.3221267725,"value * (dhs_country_quintile / dhs_country_overall), clamped to [0,1]","District level preserved; wealth gradient imported from DHS microdata. Run after build_final_hybrid_inputs.py, which rewrites this file."
et-somali,quintile_coverage.q3_middle.anc1_rate,EMPIRICAL_DHS_STRATIFIED,data/dhs/ETIR8AFL.dta,"district anc1_rate x DHS national quintile gradient (v005-weighted, births <60 months)",0.5894182259,0.6013607416,"value * (dhs_country_quintile / dhs_country_overall), clamped to [0,1]","District level preserved; wealth gradient imported from DHS microdata. Run after build_final_hybrid_inputs.py, which rewrites this file."
et-somali,quintile_coverage.q3_middle.anc4_rate,EMPIRICAL_DHS_STRATIFIED,data/dhs/ETIR8AFL.dta,"district anc4_rate x DHS national quintile gradient (v005-weighted, births <60 months)",0.3712802198,0.3595419262,"value * (dhs_country_quintile / dhs_country_overall), clamped to [0,1]","District level preserved; wealth gradient imported from DHS microdata. Run after build_final_hybrid_inputs.py, which rewrites this file."
et-somali,quintile_coverage.q3_middle.institutional_delivery_rate,EMPIRICAL_DHS_STRATIFIED,data/dhs/ETIR8AFL.dta,"district institutional_delivery_rate x DHS national quintile gradient (v005-weighted, births <60 months)",0.4203133484,0.3980550227,"value * (dhs_country_quintile / dhs_country_overall), clamped to [0,1]","District level preserved; wealth gradient imported from DHS microdata. Run after build_final_hybrid_inputs.py, which rewrites this file."
et-somali,quintile_coverage.q4_richer.anc1_rate,EMPIRICAL_DHS_STRATIFIED,data/dhs/ETIR8AFL.dta,"district anc1_rate x DHS national quintile gradient (v005-weighted, births <60 months)",0.5894182259,0.6647488224,"value * (dhs_country_quintile / dhs_country_overall), clamped to [0,1]","District level preserved; wealth gradient imported from DHS microdata. Run after build_final_hybrid_inputs.py, which rewrites this file."
et-somali,quintile_coverage.q4_richer.anc4_rate,EMPIRICAL_DHS_STRATIFIED,data/dhs/ETIR8AFL.dta,"district anc4_rate x DHS national quintile gradient (v005-weighted, births <60 months)",0.3712802198,0.4511084357,"value * (dhs_country_quintile / dhs_country_overall), clamped to [0,1]","District level preserved; wealth gradient imported from DHS microdata. Run after build_final_hybrid_inputs.py, which rewrites this file."
et-somali,quintile_coverage.q4_richer.institutional_delivery_rate,EMPIRICAL_DHS_STRATIFIED,data/dhs/ETIR8AFL.dta,"district institutional_delivery_rate x DHS national quintile gradient (v005-weighted, births <60 months)",0.4203133484,0.5510088346,"value * (dhs_country_quintile / dhs_country_overall), clamped to [0,1]","District level preserved; wealth gradient imported from DHS microdata. Run after build_final_hybrid_inputs.py, which rewrites this file."
et-somali,quintile_coverage.q5_richest.anc1_rate,EMPIRICAL_DHS_STRATIFIED,data/dhs/ETIR8AFL.dta,"district anc1_rate x DHS national quintile gradient (v005-weighted, births <60 months)",0.5894182259,0.7178910818,"value * (dhs_country_quintile / dhs_country_overall), clamped to [0,1]","District level preserved; wealth gradient imported from DHS microdata. Run after build_final_hybrid_inputs.py, which rewrites this file."
et-somali,quintile_coverage.q5_richest.anc4_rate,EMPIRICAL_DHS_STRATIFIED,data/dhs/ETIR8AFL.dta,"district anc4_rate x DHS national quintile gradient (v005-weighted, births <60 months)",0.3712802198,0.5856879056,"value * (dhs_country_quintile / dhs_country_overall), clamped to [0,1]","District level preserved; wealth gradient imported from DHS microdata. Run after build_final_hybrid_inputs.py, which rewrites this file."
et-somali,quintile_coverage.q5_richest.institutional_delivery_rate,EMPIRICAL_DHS_STRATIFIED,data/dhs/ETIR8AFL.dta,"district institutional_delivery_rate x DHS national quintile gradient (v005-weighted, births <60 months)",0.4203133484,0.6631987158,"value * (dhs_country_quintile / dhs_country_overall), clamped to [0,1]","District level preserved; wealth gradient imported from DHS microdata. Run after build_final_hybrid_inputs.py, which rewrites this file."
et-afar,quintile_coverage.q1_poorest.anc1_rate,EMPIRICAL_DHS_STRATIFIED,data/dhs/ETIR8AFL.dta,"district anc1_rate x DHS national quintile gradient (v005-weighted, births <60 months)",0.5549545368,0.3854618334,"value * (dhs_country_quintile / dhs_country_overall), clamped to [0,1]","District level preserved; wealth gradient imported from DHS microdata. Run after build_final_hybrid_inputs.py, which rewrites this file."
et-afar,quintile_coverage.q1_poorest.anc4_rate,EMPIRICAL_DHS_STRATIFIED,data/dhs/ETIR8AFL.dta,"district anc4_rate x DHS national quintile gradient (v005-weighted, births <60 months)",0.3409041976,0.1577796706,"value * (dhs_country_quintile / dhs_country_overall), clamped to [0,1]","District level preserved; wealth gradient imported from DHS microdata. Run after build_final_hybrid_inputs.py, which rewrites this file."
et-afar,quintile_coverage.q1_poorest.institutional_delivery_rate,EMPIRICAL_DHS_STRATIFIED,data/dhs/ETIR8AFL.dta,"district institutional_delivery_rate x DHS national quintile gradient (v005-weighted, births <60 months)",0.3919940886,0.1717439538,"value * (dhs_country_quintile / dhs_country_overall), clamped to [0,1]","District level preserved; wealth gradient imported from DHS microdata. Run after build_final_hybrid_inputs.py, which rewrites this file."
et-afar,quintile_coverage.q2_poor.anc1_rate,EMPIRICAL_DHS_STRATIFIED,data/dhs/ETIR8AFL.dta,"district anc1_rate x DHS national quintile gradient (v005-weighted, births <60 months)",0.5549545368,0.5288632999,"value * (dhs_country_quintile / dhs_country_overall), clamped to [0,1]","District level preserved; wealth gradient imported from DHS microdata. Run after build_final_hybrid_inputs.py, which rewrites this file."
et-afar,quintile_coverage.q2_poor.anc4_rate,EMPIRICAL_DHS_STRATIFIED,data/dhs/ETIR8AFL.dta,"district anc4_rate x DHS national quintile gradient (v005-weighted, births <60 months)",0.3409041976,0.2641197447,"value * (dhs_country_quintile / dhs_country_overall), clamped to [0,1]","District level preserved; wealth gradient imported from DHS microdata. Run after build_final_hybrid_inputs.py, which rewrites this file."
et-afar,quintile_coverage.q2_poor.institutional_delivery_rate,EMPIRICAL_DHS_STRATIFIED,data/dhs/ETIR8AFL.dta,"district institutional_delivery_rate x DHS national quintile gradient (v005-weighted, births <60 months)",0.3919940886,0.3004229846,"value * (dhs_country_quintile / dhs_country_overall), clamped to [0,1]","District level preserved; wealth gradient imported from DHS microdata. Run after build_final_hybrid_inputs.py, which rewrites this file."
et-afar,quintile_coverage.q3_middle.anc1_rate,EMPIRICAL_DHS_STRATIFIED,data/dhs/ETIR8AFL.dta,"district anc1_rate x DHS national quintile gradient (v005-weighted, births <60 months)",0.5549545368,0.5661987654,"value * (dhs_country_quintile / dhs_country_overall), clamped to [0,1]","District level preserved; wealth gradient imported from DHS microdata. Run after build_final_hybrid_inputs.py, which rewrites this file."
et-afar,quintile_coverage.q3_middle.anc4_rate,EMPIRICAL_DHS_STRATIFIED,data/dhs/ETIR8AFL.dta,"district anc4_rate x DHS national quintile gradient (v005-weighted, births <60 months)",0.3409041976,0.3301262640,"value * (dhs_country_quintile / dhs_country_overall), clamped to [0,1]","District level preserved; wealth gradient imported from DHS microdata. Run after build_final_hybrid_inputs.py, which rewrites this file."
et-afar,quintile_coverage.q3_middle.institutional_delivery_rate,EMPIRICAL_DHS_STRATIFIED,data/dhs/ETIR8AFL.dta,"district institutional_delivery_rate x DHS national quintile gradient (v005-weighted, births <60 months)",0.3919940886,0.3712354519,"value * (dhs_country_quintile / dhs_country_overall), clamped to [0,1]","District level preserved; wealth gradient imported from DHS microdata. Run after build_final_hybrid_inputs.py, which rewrites this file."
et-afar,quintile_coverage.q4_richer.anc1_rate,EMPIRICAL_DHS_STRATIFIED,data/dhs/ETIR8AFL.dta,"district anc1_rate x DHS national quintile gradient (v005-weighted, births <60 months)",0.5549545368,0.6258805015,"value * (dhs_country_quintile / dhs_country_overall), clamped to [0,1]","District level preserved; wealth gradient imported from DHS microdata. Run after build_final_hybrid_inputs.py, which rewrites this file."
et-afar,quintile_coverage.q4_richer.anc4_rate,EMPIRICAL_DHS_STRATIFIED,data/dhs/ETIR8AFL.dta,"district anc4_rate x DHS national quintile gradient (v005-weighted, births <60 months)",0.3409041976,0.4142013259,"value * (dhs_country_quintile / dhs_country_overall), clamped to [0,1]","District level preserved; wealth gradient imported from DHS microdata. Run after build_final_hybrid_inputs.py, which rewrites this file."
et-afar,quintile_coverage.q4_richer.institutional_delivery_rate,EMPIRICAL_DHS_STRATIFIED,data/dhs/ETIR8AFL.dta,"district institutional_delivery_rate x DHS national quintile gradient (v005-weighted, births <60 months)",0.3919940886,0.5138837649,"value * (dhs_country_quintile / dhs_country_overall), clamped to [0,1]","District level preserved; wealth gradient imported from DHS microdata. Run after build_final_hybrid_inputs.py, which rewrites this file."
et-afar,quintile_coverage.q5_richest.anc1_rate,EMPIRICAL_DHS_STRATIFIED,data/dhs/ETIR8AFL.dta,"district anc1_rate x DHS national quintile gradient (v005-weighted, births <60 months)",0.5549545368,0.6759154966,"value * (dhs_country_quintile / dhs_country_overall), clamped to [0,1]","District level preserved; wealth gradient imported from DHS microdata. Run after build_final_hybrid_inputs.py, which rewrites this file."
et-afar,quintile_coverage.q5_richest.anc4_rate,EMPIRICAL_DHS_STRATIFIED,data/dhs/ETIR8AFL.dta,"district anc4_rate x DHS national quintile gradient (v005-weighted, births <60 months)",0.3409041976,0.5377702740,"value * (dhs_country_quintile / dhs_country_overall), clamped to [0,1]","District level preserved; wealth gradient imported from DHS microdata. Run after build_final_hybrid_inputs.py, which rewrites this file."
et-afar,quintile_coverage.q5_richest.institutional_delivery_rate,EMPIRICAL_DHS_STRATIFIED,data/dhs/ETIR8AFL.dta,"district institutional_delivery_rate x DHS national quintile gradient (v005-weighted, births <60 months)",0.3919940886,0.6185146800,"value * (dhs_country_quintile / dhs_country_overall), clamped to [0,1]","District level preserved; wealth gradient imported from DHS microdata. Run after build_final_hybrid_inputs.py, which rewrites this file."
et-oromia,quintile_coverage.q1_poorest.anc1_rate,EMPIRICAL_DHS_STRATIFIED,data/dhs/ETIR8AFL.dta,"district anc1_rate x DHS national quintile gradient (v005-weighted, births <60 months)",0.8908868161,0.6187945908,"value * (dhs_country_quintile / dhs_country_overall), clamped to [0,1]","District level preserved; wealth gradient imported from DHS microdata. Run after build_final_hybrid_inputs.py, which rewrites this file."
et-oromia,quintile_coverage.q1_poorest.anc4_rate,EMPIRICAL_DHS_STRATIFIED,data/dhs/ETIR8AFL.dta,"district anc4_rate x DHS national quintile gradient (v005-weighted, births <60 months)",0.6349310366,0.2938632334,"value * (dhs_country_quintile / dhs_country_overall), clamped to [0,1]","District level preserved; wealth gradient imported from DHS microdata. Run after build_final_hybrid_inputs.py, which rewrites this file."
et-oromia,quintile_coverage.q1_poorest.institutional_delivery_rate,EMPIRICAL_DHS_STRATIFIED,data/dhs/ETIR8AFL.dta,"district institutional_delivery_rate x DHS national quintile gradient (v005-weighted, births <60 months)",0.7154154096,0.3134441937,"value * (dhs_country_quintile / dhs_country_overall), clamped to [0,1]","District level preserved; wealth gradient imported from DHS microdata. Run after build_final_hybrid_inputs.py, which rewrites this file."
et-oromia,quintile_coverage.q2_poor.anc1_rate,EMPIRICAL_DHS_STRATIFIED,data/dhs/ETIR8AFL.dta,"district anc1_rate x DHS national quintile gradient (v005-weighted, births <60 months)",0.8908868161,0.8490016932,"value * (dhs_country_quintile / dhs_country_overall), clamped to [0,1]","District level preserved; wealth gradient imported from DHS microdata. Run after build_final_hybrid_inputs.py, which rewrites this file."
et-oromia,quintile_coverage.q2_poor.anc4_rate,EMPIRICAL_DHS_STRATIFIED,data/dhs/ETIR8AFL.dta,"district anc4_rate x DHS national quintile gradient (v005-weighted, births <60 months)",0.6349310366,0.4919206759,"value * (dhs_country_quintile / dhs_country_overall), clamped to [0,1]","District level preserved; wealth gradient imported from DHS microdata. Run after build_final_hybrid_inputs.py, which rewrites this file."
et-oromia,quintile_coverage.q2_poor.institutional_delivery_rate,EMPIRICAL_DHS_STRATIFIED,data/dhs/ETIR8AFL.dta,"district institutional_delivery_rate x DHS national quintile gradient (v005-weighted, births <60 months)",0.7154154096,0.5482920249,"value * (dhs_country_quintile / dhs_country_overall), clamped to [0,1]","District level preserved; wealth gradient imported from DHS microdata. Run after build_final_hybrid_inputs.py, which rewrites this file."
et-oromia,quintile_coverage.q3_middle.anc1_rate,EMPIRICAL_DHS_STRATIFIED,data/dhs/ETIR8AFL.dta,"district anc1_rate x DHS national quintile gradient (v005-weighted, births <60 months)",0.8908868161,0.9089375470,"value * (dhs_country_quintile / dhs_country_overall), clamped to [0,1]","District level preserved; wealth gradient imported from DHS microdata. Run after build_final_hybrid_inputs.py, which rewrites this file."
et-oromia,quintile_coverage.q3_middle.anc4_rate,EMPIRICAL_DHS_STRATIFIED,data/dhs/ETIR8AFL.dta,"district anc4_rate x DHS national quintile gradient (v005-weighted, births <60 months)",0.6349310366,0.6148572311,"value * (dhs_country_quintile / dhs_country_overall), clamped to [0,1]","District level preserved; wealth gradient imported from DHS microdata. Run after build_final_hybrid_inputs.py, which rewrites this file."
et-oromia,quintile_coverage.q3_middle.institutional_delivery_rate,EMPIRICAL_DHS_STRATIFIED,data/dhs/ETIR8AFL.dta,"district institutional_delivery_rate x DHS national quintile gradient (v005-weighted, births <60 months)",0.7154154096,0.6775295102,"value * (dhs_country_quintile / dhs_country_overall), clamped to [0,1]","District level preserved; wealth gradient imported from DHS microdata. Run after build_final_hybrid_inputs.py, which rewrites this file."
et-oromia,quintile_coverage.q4_richer.anc1_rate,EMPIRICAL_DHS_STRATIFIED,data/dhs/ETIR8AFL.dta,"district anc1_rate x DHS national quintile gradient (v005-weighted, births <60 months)",0.8908868161,1.0000000000,"value * (dhs_country_quintile / dhs_country_overall), clamped to [0,1]","District level preserved; wealth gradient imported from DHS microdata. Run after build_final_hybrid_inputs.py, which rewrites this file."
et-oromia,quintile_coverage.q4_richer.anc4_rate,EMPIRICAL_DHS_STRATIFIED,data/dhs/ETIR8AFL.dta,"district anc4_rate x DHS national quintile gradient (v005-weighted, births <60 months)",0.6349310366,0.7714462862,"value * (dhs_country_quintile / dhs_country_overall), clamped to [0,1]","District level preserved; wealth gradient imported from DHS microdata. Run after build_final_hybrid_inputs.py, which rewrites this file."
et-oromia,quintile_coverage.q4_richer.institutional_delivery_rate,EMPIRICAL_DHS_STRATIFIED,data/dhs/ETIR8AFL.dta,"district institutional_delivery_rate x DHS national quintile gradient (v005-weighted, births <60 months)",0.7154154096,0.9378722150,"value * (dhs_country_quintile / dhs_country_overall), clamped to [0,1]","District level preserved; wealth gradient imported from DHS microdata. Run after build_final_hybrid_inputs.py, which rewrites this file."
et-oromia,quintile_coverage.q5_richest.anc1_rate,EMPIRICAL_DHS_STRATIFIED,data/dhs/ETIR8AFL.dta,"district anc1_rate x DHS national quintile gradient (v005-weighted, births <60 months)",0.8908868161,1.0000000000,"value * (dhs_country_quintile / dhs_country_overall), clamped to [0,1]","District level preserved; wealth gradient imported from DHS microdata. Run after build_final_hybrid_inputs.py, which rewrites this file."
et-oromia,quintile_coverage.q5_richest.anc4_rate,EMPIRICAL_DHS_STRATIFIED,data/dhs/ETIR8AFL.dta,"district anc4_rate x DHS national quintile gradient (v005-weighted, births <60 months)",0.6349310366,1.0000000000,"value * (dhs_country_quintile / dhs_country_overall), clamped to [0,1]","District level preserved; wealth gradient imported from DHS microdata. Run after build_final_hybrid_inputs.py, which rewrites this file."
et-oromia,quintile_coverage.q5_richest.institutional_delivery_rate,EMPIRICAL_DHS_STRATIFIED,data/dhs/ETIR8AFL.dta,"district institutional_delivery_rate x DHS national quintile gradient (v005-weighted, births <60 months)",0.7154154096,1.0000000000,"value * (dhs_country_quintile / dhs_country_overall), clamped to [0,1]","District level preserved; wealth gradient imported from DHS microdata. Run after build_final_hybrid_inputs.py, which rewrites this file."
et-amhara,quintile_coverage.q1_poorest.anc1_rate,EMPIRICAL_DHS_STRATIFIED,data/dhs/ETIR8AFL.dta,"district anc1_rate x DHS national quintile gradient (v005-weighted, births <60 months)",0.8726322751,0.6061153020,"value * (dhs_country_quintile / dhs_country_overall), clamped to [0,1]","District level preserved; wealth gradient imported from DHS microdata. Run after build_final_hybrid_inputs.py, which rewrites this file."
et-amhara,quintile_coverage.q1_poorest.anc4_rate,EMPIRICAL_DHS_STRATIFIED,data/dhs/ETIR8AFL.dta,"district anc4_rate x DHS national quintile gradient (v005-weighted, births <60 months)",0.6018955208,0.2785735044,"value * (dhs_country_quintile / dhs_country_overall), clamped to [0,1]","District level preserved; wealth gradient imported from DHS microdata. Run after build_final_hybrid_inputs.py, which rewrites this file."
et-amhara,quintile_coverage.q1_poorest.institutional_delivery_rate,EMPIRICAL_DHS_STRATIFIED,data/dhs/ETIR8AFL.dta,"district institutional_delivery_rate x DHS national quintile gradient (v005-weighted, births <60 months)",0.6847349096,0.3000021789,"value * (dhs_country_quintile / dhs_country_overall), clamped to [0,1]","District level preserved; wealth gradient imported from DHS microdata. Run after build_final_hybrid_inputs.py, which rewrites this file."
et-amhara,quintile_coverage.q2_poor.anc1_rate,EMPIRICAL_DHS_STRATIFIED,data/dhs/ETIR8AFL.dta,"district anc1_rate x DHS national quintile gradient (v005-weighted, births <60 months)",0.8726322751,0.8316053911,"value * (dhs_country_quintile / dhs_country_overall), clamped to [0,1]","District level preserved; wealth gradient imported from DHS microdata. Run after build_final_hybrid_inputs.py, which rewrites this file."
et-amhara,quintile_coverage.q2_poor.anc4_rate,EMPIRICAL_DHS_STRATIFIED,data/dhs/ETIR8AFL.dta,"district anc4_rate x DHS national quintile gradient (v005-weighted, births <60 months)",0.6018955208,0.4663260013,"value * (dhs_country_quintile / dhs_country_overall), clamped to [0,1]","District level preserved; wealth gradient imported from DHS microdata. Run after build_final_hybrid_inputs.py, which rewrites this file."
et-amhara,quintile_coverage.q2_poor.institutional_delivery_rate,EMPIRICAL_DHS_STRATIFIED,data/dhs/ETIR8AFL.dta,"district institutional_delivery_rate x DHS national quintile gradient (v005-weighted, births <60 months)",0.6847349096,0.5247785903,"value * (dhs_country_quintile / dhs_country_overall), clamped to [0,1]","District level preserved; wealth gradient imported from DHS microdata. Run after build_final_hybrid_inputs.py, which rewrites this file."
et-amhara,quintile_coverage.q3_middle.anc1_rate,EMPIRICAL_DHS_STRATIFIED,data/dhs/ETIR8AFL.dta,"district anc1_rate x DHS national quintile gradient (v005-weighted, births <60 months)",0.8726322751,0.8903131411,"value * (dhs_country_quintile / dhs_country_overall), clamped to [0,1]","District level preserved; wealth gradient imported from DHS microdata. Run after build_final_hybrid_inputs.py, which rewrites this file."
et-amhara,quintile_coverage.q3_middle.anc4_rate,EMPIRICAL_DHS_STRATIFIED,data/dhs/ETIR8AFL.dta,"district anc4_rate x DHS national quintile gradient (v005-weighted, births <60 months)",0.6018955208,0.5828661571,"value * (dhs_country_quintile / dhs_country_overall), clamped to [0,1]","District level preserved; wealth gradient imported from DHS microdata. Run after build_final_hybrid_inputs.py, which rewrites this file."
et-amhara,quintile_coverage.q3_middle.institutional_delivery_rate,EMPIRICAL_DHS_STRATIFIED,data/dhs/ETIR8AFL.dta,"district institutional_delivery_rate x DHS national quintile gradient (v005-weighted, births <60 months)",0.6847349096,0.6484737423,"value * (dhs_country_quintile / dhs_country_overall), clamped to [0,1]","District level preserved; wealth gradient imported from DHS microdata. Run after build_final_hybrid_inputs.py, which rewrites this file."
et-amhara,quintile_coverage.q4_richer.anc1_rate,EMPIRICAL_DHS_STRATIFIED,data/dhs/ETIR8AFL.dta,"district anc1_rate x DHS national quintile gradient (v005-weighted, births <60 months)",0.8726322751,0.9841590432,"value * (dhs_country_quintile / dhs_country_overall), clamped to [0,1]","District level preserved; wealth gradient imported from DHS microdata. Run after build_final_hybrid_inputs.py, which rewrites this file."
et-amhara,quintile_coverage.q4_richer.anc4_rate,EMPIRICAL_DHS_STRATIFIED,data/dhs/ETIR8AFL.dta,"district anc4_rate x DHS national quintile gradient (v005-weighted, births <60 months)",0.6018955208,0.7313078703,"value * (dhs_country_quintile / dhs_country_overall), clamped to [0,1]","District level preserved; wealth gradient imported from DHS microdata. Run after build_final_hybrid_inputs.py, which rewrites this file."
et-amhara,quintile_coverage.q4_richer.institutional_delivery_rate,EMPIRICAL_DHS_STRATIFIED,data/dhs/ETIR8AFL.dta,"district institutional_delivery_rate x DHS national quintile gradient (v005-weighted, births <60 months)",0.6847349096,0.8976516829,"value * (dhs_country_quintile / dhs_country_overall), clamped to [0,1]","District level preserved; wealth gradient imported from DHS microdata. Run after build_final_hybrid_inputs.py, which rewrites this file."
et-amhara,quintile_coverage.q5_richest.anc1_rate,EMPIRICAL_DHS_STRATIFIED,data/dhs/ETIR8AFL.dta,"district anc1_rate x DHS national quintile gradient (v005-weighted, births <60 months)",0.8726322751,1.0000000000,"value * (dhs_country_quintile / dhs_country_overall), clamped to [0,1]","District level preserved; wealth gradient imported from DHS microdata. Run after build_final_hybrid_inputs.py, which rewrites this file."
et-amhara,quintile_coverage.q5_richest.anc4_rate,EMPIRICAL_DHS_STRATIFIED,data/dhs/ETIR8AFL.dta,"district anc4_rate x DHS national quintile gradient (v005-weighted, births <60 months)",0.6018955208,0.9494794179,"value * (dhs_country_quintile / dhs_country_overall), clamped to [0,1]","District level preserved; wealth gradient imported from DHS microdata. Run after build_final_hybrid_inputs.py, which rewrites this file."
et-amhara,quintile_coverage.q5_richest.institutional_delivery_rate,EMPIRICAL_DHS_STRATIFIED,data/dhs/ETIR8AFL.dta,"district institutional_delivery_rate x DHS national quintile gradient (v005-weighted, births <60 months)",0.6847349096,1.0000000000,"value * (dhs_country_quintile / dhs_country_overall), clamped to [0,1]","District level preserved; wealth gradient imported from DHS microdata. Run after build_final_hybrid_inputs.py, which rewrites this file."
et-tigray,quintile_coverage.q1_poorest.anc1_rate,EMPIRICAL_DHS_STRATIFIED,data/dhs/ETIR8AFL.dta,"district anc1_rate x DHS national quintile gradient (v005-weighted, births <60 months)",0.8312178515,0.5773495588,"value * (dhs_country_quintile / dhs_country_overall), clamped to [0,1]","District level preserved; wealth gradient imported from DHS microdata. Run after build_final_hybrid_inputs.py, which rewrites this file."
et-tigray,quintile_coverage.q1_poorest.anc4_rate,EMPIRICAL_DHS_STRATIFIED,data/dhs/ETIR8AFL.dta,"district anc4_rate x DHS national quintile gradient (v005-weighted, births <60 months)",0.5425564660,0.2511097871,"value * (dhs_country_quintile / dhs_country_overall), clamped to [0,1]","District level preserved; wealth gradient imported from DHS microdata. Run after build_final_hybrid_inputs.py, which rewrites this file."
et-tigray,quintile_coverage.q1_poorest.institutional_delivery_rate,EMPIRICAL_DHS_STRATIFIED,data/dhs/ETIR8AFL.dta,"district institutional_delivery_rate x DHS national quintile gradient (v005-weighted, births <60 months)",0.6253518914,0.2739847601,"value * (dhs_country_quintile / dhs_country_overall), clamped to [0,1]","District level preserved; wealth gradient imported from DHS microdata. Run after build_final_hybrid_inputs.py, which rewrites this file."
et-tigray,quintile_coverage.q2_poor.anc1_rate,EMPIRICAL_DHS_STRATIFIED,data/dhs/ETIR8AFL.dta,"district anc1_rate x DHS national quintile gradient (v005-weighted, births <60 months)",0.8312178515,0.7921380703,"value * (dhs_country_quintile / dhs_country_overall), clamped to [0,1]","District level preserved; wealth gradient imported from DHS microdata. Run after build_final_hybrid_inputs.py, which rewrites this file."
et-tigray,quintile_coverage.q2_poor.anc4_rate,EMPIRICAL_DHS_STRATIFIED,data/dhs/ETIR8AFL.dta,"district anc4_rate x DHS national quintile gradient (v005-weighted, births <60 months)",0.5425564660,0.4203523345,"value * (dhs_country_quintile / dhs_country_overall), clamped to [0,1]","District level preserved; wealth gradient imported from DHS microdata. Run after build_final_hybrid_inputs.py, which rewrites this file."
et-tigray,quintile_coverage.q2_poor.institutional_delivery_rate,EMPIRICAL_DHS_STRATIFIED,data/dhs/ETIR8AFL.dta,"district institutional_delivery_rate x DHS national quintile gradient (v005-weighted, births <60 months)",0.6253518914,0.4792676398,"value * (dhs_country_quintile / dhs_country_overall), clamped to [0,1]","District level preserved; wealth gradient imported from DHS microdata. Run after build_final_hybrid_inputs.py, which rewrites this file."
et-tigray,quintile_coverage.q3_middle.anc1_rate,EMPIRICAL_DHS_STRATIFIED,data/dhs/ETIR8AFL.dta,"district anc1_rate x DHS national quintile gradient (v005-weighted, births <60 months)",0.8312178515,0.8480595978,"value * (dhs_country_quintile / dhs_country_overall), clamped to [0,1]","District level preserved; wealth gradient imported from DHS microdata. Run after build_final_hybrid_inputs.py, which rewrites this file."
et-tigray,quintile_coverage.q3_middle.anc4_rate,EMPIRICAL_DHS_STRATIFIED,data/dhs/ETIR8AFL.dta,"district anc4_rate x DHS national quintile gradient (v005-weighted, births <60 months)",0.5425564660,0.5254031496,"value * (dhs_country_quintile / dhs_country_overall), clamped to [0,1]","District level preserved; wealth gradient imported from DHS microdata. Run after build_final_hybrid_inputs.py, which rewrites this file."
et-tigray,quintile_coverage.q3_middle.institutional_delivery_rate,EMPIRICAL_DHS_STRATIFIED,data/dhs/ETIR8AFL.dta,"district institutional_delivery_rate x DHS national quintile gradient (v005-weighted, births <60 months)",0.6253518914,0.5922354411,"value * (dhs_country_quintile / dhs_country_overall), clamped to [0,1]","District level preserved; wealth gradient imported from DHS microdata. Run after build_final_hybrid_inputs.py, which rewrites this file."
et-tigray,quintile_coverage.q4_richer.anc1_rate,EMPIRICAL_DHS_STRATIFIED,data/dhs/ETIR8AFL.dta,"district anc1_rate x DHS national quintile gradient (v005-weighted, births <60 months)",0.8312178515,0.9374516492,"value * (dhs_country_quintile / dhs_country_overall), clamped to [0,1]","District level preserved; wealth gradient imported from DHS microdata. Run after build_final_hybrid_inputs.py, which rewrites this file."
et-tigray,quintile_coverage.q4_richer.anc4_rate,EMPIRICAL_DHS_STRATIFIED,data/dhs/ETIR8AFL.dta,"district anc4_rate x DHS national quintile gradient (v005-weighted, births <60 months)",0.5425564660,0.6592104443,"value * (dhs_country_quintile / dhs_country_overall), clamped to [0,1]","District level preserved; wealth gradient imported from DHS microdata. Run after build_final_hybrid_inputs.py, which rewrites this file."
et-tigray,quintile_coverage.q4_richer.institutional_delivery_rate,EMPIRICAL_DHS_STRATIFIED,data/dhs/ETIR8AFL.dta,"district institutional_delivery_rate x DHS national quintile gradient (v005-weighted, births <60 months)",0.6253518914,0.8198036493,"value * (dhs_country_quintile / dhs_country_overall), clamped to [0,1]","District level preserved; wealth gradient imported from DHS microdata. Run after build_final_hybrid_inputs.py, which rewrites this file."
et-tigray,quintile_coverage.q5_richest.anc1_rate,EMPIRICAL_DHS_STRATIFIED,data/dhs/ETIR8AFL.dta,"district anc1_rate x DHS national quintile gradient (v005-weighted, births <60 months)",0.8312178515,1.0000000000,"value * (dhs_country_quintile / dhs_country_overall), clamped to [0,1]","District level preserved; wealth gradient imported from DHS microdata. Run after build_final_hybrid_inputs.py, which rewrites this file."
et-tigray,quintile_coverage.q5_richest.anc4_rate,EMPIRICAL_DHS_STRATIFIED,data/dhs/ETIR8AFL.dta,"district anc4_rate x DHS national quintile gradient (v005-weighted, births <60 months)",0.5425564660,0.8558731204,"value * (dhs_country_quintile / dhs_country_overall), clamped to [0,1]","District level preserved; wealth gradient imported from DHS microdata. Run after build_final_hybrid_inputs.py, which rewrites this file."
et-tigray,quintile_coverage.q5_richest.institutional_delivery_rate,EMPIRICAL_DHS_STRATIFIED,data/dhs/ETIR8AFL.dta,"district institutional_delivery_rate x DHS national quintile gradient (v005-weighted, births <60 months)",0.6253518914,0.9867223415,"value * (dhs_country_quintile / dhs_country_overall), clamped to [0,1]","District level preserved; wealth gradient imported from DHS microdata. Run after build_final_hybrid_inputs.py, which rewrites this file."
