Id,IndicatorCode,SpatialDimension,SpatialDimensionValueCode,ParentLocationCode,ParentLocation,TimeDimension,TimeDim,DisaggregatingDimension1,DisaggregatingDimension1ValueCode,DisaggregatingDimension2,DisaggregatingDimension2ValueCode,DisaggregatingDimension3,DisaggregatingDimension3ValueCode,DataSourceDimension,DataSourceDimensionValueCode,Value,NumericValue,Low,High,Comments,Date,TimeDimensionValue,TimeDimensionBegin,TimeDimensionEnd
1491844,MDG_0000000025,COUNTRY,MYS,WPR,Western Pacific,YEAR,2006,,,,,,,,,98,98,,,Trained personnel Health Indicators 2006: Indicators for Monitoring and Evaluation of Strategy Health for All. Putrajaya: Ministry of Health [Malaysia]; 2007.,2025-04-07T06:46:44Z,2006,2006-01-01,2006-12-31
1494155,MDG_0000000025,COUNTRY,JAM,AMR,Americas,YEAR,2015,,,,,,,,,100,100,,,"Trained personnel PLISA Health Information Platform. Indicator profile: Deliveries attended by skilled birth attendants (%) [online database]. Washington, DC: Pan American Health Organization/World Health Organization (PAHO/WHO); 2021 (https://opendata.paho.org/es/indicadores-basicos/tablero-de-los-indicadores-basicos, accessed 30 December 2021). ",2025-04-07T06:46:44Z,2015,2015-01-01,2015-12-31
1498785,MDG_0000000025,REGION,AFR,,,YEAR,2022,,,,,,,,,71,71.2,,,Estimate based on Joint UNICEF-WHO Database on Skilled Birth Attendance 2025,2026-04-21T12:35:59Z,2022,2022-01-01,2022-12-31
1506246,MDG_0000000025,COUNTRY,KOR,WPR,Western Pacific,YEAR,2000,,,,,,,,,100,100,,," Lee S-I, Khang Y-H, Yun S, Joa M-W. Rising rates, changing relationships: caesarean section and its correlates in South Korea, 1988–2000. BJOG. 2005;112:810-9. doi: 10.1111/j.1471-0528.2004.00535.x.",2025-04-07T06:46:44Z,2000,2000-01-01,2000-12-31
1507081,MDG_0000000025,COUNTRY,YEM,EMR,Eastern Mediterranean,YEAR,2012,,,,,,,,,34,34,,," Ministry of Planning and International Cooperation [Yemen], International Policy Centre for Inclusive Growth (IPC-IG) [Brazil], United Nations Children's Fund (UNICEF), Interaction in Development. National Social Protection Monitoring Survey in Yemen. Baseline Analytical Report. Brasília, DF: IPC-IG; 2013.",2025-04-07T06:46:44Z,2012,2012-01-01,2012-12-31
1511292,MDG_0000000025,COUNTRY,CAN,AMR,Americas,YEAR,2014,,,,,,,,,98,98,,," CANSIM. Table 102-4516 - Live births and fetal deaths (stillbirths), by place of birth (hospital and non-hospital), Canada, provinces and territories, annual [database]. Ottawa: Statistics Canada, Government of Canada; 2017 (https://www80.statcan.gc.ca, accessed 22 December 2017).",2025-04-07T06:46:44Z,2014,2014-01-01,2014-12-31
1518855,MDG_0000000025,COUNTRY,SVK,EUR,Europe,YEAR,2008,,,,,,,,,100,100,,,"Skilled health personnel Transformative Monitoring for Enhanced Equity (TransMonEE) 2012 Database [online database]. Geneva: UNICEF Europe and Central Asia Regional Office; 2012 (www.transmonee.org, accessed 1 November 2012). ",2025-04-07T06:46:44Z,2008,2008-01-01,2008-12-31
1520034,MDG_0000000025,COUNTRY,SUR,AMR,Americas,YEAR,2018,,,,,,,,,98,98.4,,,Suriname Multiple Indicator Cluster Survey 2018; Survey Findings Report. Paramaribo: Ministry of Social Affairs and Public Housing; United Nations Children's Fund (UNICEF); 2019.,2026-04-21T12:35:59Z,2018,2018-01-01,2018-12-31
1523401,MDG_0000000025,COUNTRY,IRN,EMR,Eastern Mediterranean,YEAR,2013,,,,,,,,,99,99,,,"Skilled personnel Millennium Development Goals (MDG) - 2014 Report. Proportion of births attended by skilled health personnel, percent [website]. Tehran: Statistical Center of Iran; 2015 (https://www.amar.org.ir/english/MDG-2014/MDG-Goal_5/MDG-Goal-5-P2, accessed 28 November 2017). ",2025-04-07T06:46:44Z,2013,2013-01-01,2013-12-31
1529623,MDG_0000000025,COUNTRY,CHL,AMR,Americas,YEAR,2007,,,,,,,,,100,100,,, Estadísticas Vitales - Informe  Annual 2007. Santiago: Instituto Nacional de Estadísticas; 2009 (in Spanish).,2025-04-07T06:46:44Z,2007,2007-01-01,2007-12-31
1530483,MDG_0000000025,COUNTRY,PER,AMR,Americas,YEAR,2022,,,,,,,,,95,94.6,,,Per: Encuesta Demogrfica y de Salud Familiar - ENDES 2023. Lima: Instituto Nacional de Estadstica e Informtica (INEI) [Per]; 2023 (in Spanish).,2026-04-21T12:35:59Z,2022,2022-01-01,2022-12-31
1536782,MDG_0000000025,REGION,SEAR,,,YEAR,2003,,,,,,,,,47,47,,,,2025-04-07T06:46:44Z,2003,2003-01-01,2003-12-31
1545822,MDG_0000000025,COUNTRY,OMN,EMR,Eastern Mediterranean,YEAR,2019,,,,,,,,,99,98.6,,,Statistical year book 2020. Issue 48. Oman: National Centre for Statistics & Information; 2020.,2026-04-21T12:35:59Z,2019,2019-01-01,2019-12-31
1553139,MDG_0000000025,COUNTRY,SLV,AMR,Americas,YEAR,2006,,,,,,,,,90,90,,, Informe de Labores 2012-2013. San Salvador: Ministerio de Salud de El Salvador; 2013 (in Spanish).,2025-04-07T06:46:44Z,2006,2006-01-01,2006-12-31
1562625,MDG_0000000025,COUNTRY,TON,WPR,Western Pacific,YEAR,2012,,,,,,,,,96,96,,," Tonga Department of Statistics and Tonga Ministry of Health, Secretariat of the Pacific Community (SPC), United Nations Population Fund (UNFPA). Tonga Demographic and Health Survey 2012. Final Report. Noumea: SPC; 2013.",2025-04-07T06:46:44Z,2012,2012-01-01,2012-12-31
1563299,MDG_0000000025,COUNTRY,ISL,EUR,Europe,YEAR,2002,,,,,,,,,99,99,,," Births: Home deliveries as percentage of all deliveries in Iceland 1980-2016 [website]. Reykjavík: Directorate of Health [Iceland]; 2017 (https://www.landlaeknir.is/english/statistics/births/, accessed 10 October 2017). ",2025-04-07T06:46:44Z,2002,2002-01-01,2002-12-31
1569689,MDG_0000000025,COUNTRY,VNM,WPR,Western Pacific,YEAR,2000,,,,,,,,,59,59,,," General Statistics Office (GSO), United Nations Children's Fund (UNICEF). Viet Nam Multiple Indicator Cluster Survey 2000. Ha Noi: Ministry of Health, UNICEF; 2001.",2025-04-07T06:46:44Z,2000,2000-01-01,2000-12-31
1570319,MDG_0000000025,COUNTRY,QAT,EMR,Eastern Mediterranean,YEAR,2012,,,,,,,,,100,100,,," Multiple Indicator Cluster Survey in the State of Qatar 2012. Doha: Ministry of Development Planning and Statistics, Qatar Foundation, Supreme Council of Health, United Nations Children’s Fund (UNICEF); 2014.",2025-04-07T06:46:44Z,2012,2012-01-01,2012-12-31
1574879,MDG_0000000025,COUNTRY,SYC,AFR,Africa,YEAR,2009,,,,,,,,,99,99,,,Skilled health staff Seychelles Millennium Development Goals: Status Report 2010. Mahé: Ministry of Foreign Affairs [Seychelles]; 2010.,2025-04-07T06:46:44Z,2009,2009-01-01,2009-12-31
1583642,MDG_0000000025,COUNTRY,UKR,EUR,Europe,YEAR,2012,,,,,,,,,99,99,,," State Statistics Service, Ukrainian Center for Social Reforms, United Nations Children's Fund (UNICEF). Ukraine Multiple Indicator Cluster Survey 2012,
Final Report. Kiev, Ukraine: State Statistics Committee, the Ukrainian Center for Social Reforms; 2013.",2025-04-07T06:46:44Z,2012,2012-01-01,2012-12-31
1588313,MDG_0000000025,COUNTRY,ARG,AMR,Americas,YEAR,2013,,,,,,,,,97,97,,, Estadísticas Vitales. Información Básica – Año 2013. Buenos Aires: Ministerio de Salud [Argentina]; 2014 (in Spanish).,2025-04-07T06:46:44Z,2013,2013-01-01,2013-12-31
1589775,MDG_0000000025,COUNTRY,CUB,AMR,Americas,YEAR,2007,,,,,,,,,100,100,,," Anuario Estadístico de Salud 2015. La Habana: Dirección de Registros Médicos y Estadísticas de Salud, Ministerio de Salud Pública de Cuba; 2016 (in Spanish).",2025-04-07T06:46:44Z,2007,2007-01-01,2007-12-31
1590335,MDG_0000000025,COUNTRY,CHN,WPR,Western Pacific,YEAR,2008,,,,,,,,,99,99,,,Skilled attendant China Statistical Yearbook for Health and Family Planning 2013. Beijing: National Health and Family Planning Commission of China (NHFPC); 2013. ,2025-04-07T06:46:44Z,2008,2008-01-01,2008-12-31
1596590,MDG_0000000025,COUNTRY,BDI,AFR,Africa,YEAR,2022,,,,,,,,,75,75.2,,,Annuaire des Statistisques Sanitaires 2022,2026-04-21T12:35:59Z,2022,2022-01-01,2022-12-31
1602245,MDG_0000000025,COUNTRY,DNK,EUR,Europe,YEAR,2016,,,,,,,,,94,94.4,,,Det Medicinske Fdselsregister (MFR); MFR-kuben; Institutional deliveries [online database]. Copenhagen: Sundhedsdatastyrelsen [National Board of Health Data; Denmark]; 2017 (http://www.esundhed.dk/sundhedsregistre/MFR/Sider/MFR06A.aspx; accessed 1 November 2017; in Danish).,2026-04-21T12:35:59Z,2016,2016-01-01,2016-12-31
1606664,MDG_0000000025,COUNTRY,EGY,EMR,Eastern Mediterranean,YEAR,2005,,,,,,,,,74,74,,," El-Zanaty F, Way A (Ministry of Health and Population, National Population Council, El-Zanaty and Associates, ORC Macro). Egypt Demographic and Health Survey 2005. Cairo, Egypt: Ministry of Health and Population, National Population Council, El-Zanaty and Associates, ORC Macro; 2006.
",2025-04-07T06:46:44Z,2005,2005-01-01,2005-12-31
1609762,MDG_0000000025,COUNTRY,AUT,EUR,Europe,YEAR,2011,,,,,,,,,99,99,,, Jahrbuch der Gesundheitsstatistik 2012. Wien: Statistik Austria; 2013 (in German).,2025-04-07T06:46:44Z,2011,2011-01-01,2011-12-31
1612544,MDG_0000000025,COUNTRY,VUT,WPR,Western Pacific,YEAR,2023,,,,,,,,,91,90.9,,,Vanuatu Bureau of Statistics. Vanuatu Multiple Indicator Cluster Survey 2023: Survey Findings Report. Port Vila (Vanuatu): Vanuatu Bureau of Statistics; 2024. Available from: https://mics.unicef.org/sites/mics/files/2024-08/Vanuatu%202023%20MICS_English.pdf,2026-04-21T12:35:59Z,2023,2023-01-01,2023-12-31
1612652,MDG_0000000025,COUNTRY,PER,AMR,Americas,YEAR,2015,,,,,,,,,92,92,,," Instituto Nacional de Estadística e Informática (INEI) [Perú]. Perú Encuesta Demográfica y de Salud Familiar - ENDES 2015. Nacional y Departamental. Lima, Perú: Instituto Nacional de Estadística e Informática (INEI) [Perú]; 2016 (in Spanish).",2025-04-07T06:46:44Z,2015,2015-01-01,2015-12-31
1613163,MDG_0000000025,COUNTRY,GRD,AMR,Americas,YEAR,2015,,,,,,,,,99,99,,,"Trained personnel PLISA Health Information Platform. Indicator profile: Deliveries attended by skilled birth attendants (%) [online database]. Washington, DC: Pan American Health Organization/World Health Organization (PAHO/WHO); 2018 (http://www.paho.org/data/index.php/en/indicators/visualization.html, accessed 11 February 2020). ",2025-04-07T06:46:44Z,2015,2015-01-01,2015-12-31
1631855,MDG_0000000025,COUNTRY,DEU,EUR,Europe,YEAR,2002,,,,,,,,,99,99,,, Qualitätsbericht 2012. Außerklinische Geburtshilfe in Deutschland. Storkow: Gesellschaft für Qualität in der außerklinischen Geburtshilfe e.V. (QUAG e.V.); 2014 (in German).,2025-04-07T06:46:44Z,2002,2002-01-01,2002-12-31
1632980,MDG_0000000025,COUNTRY,SGP,WPR,Western Pacific,YEAR,2013,,,,,,,,,100,100,,,"  Registry of Births and Deaths, Immigration and Checkpoints Authority Singapore",2025-04-07T06:46:44Z,2013,2013-01-01,2013-12-31
1638390,MDG_0000000025,COUNTRY,FSM,WPR,Western Pacific,YEAR,2009,,,,,,,,,100,100,,,Skilled health personnel Western Pacific Country Health Information Profiles: 2011 Revision. Manila: World Health Organization Regional Office for the Western Pacific (WPRO); 2011.,2025-04-07T06:46:44Z,2009,2009-01-01,2009-12-31
1641301,MDG_0000000025,COUNTRY,KAZ,EUR,Europe,YEAR,2013,,,,,,,,,100,100,,,"Skilled health personnel Transformative Monitoring for Enhanced Equity (TransMonEE) 2016 Database [online database]. Geneva: UNICEF Europe and Central Asia Regional Office; 2016 (www.transmonee.org, accessed 17 October 2016). ",2025-04-07T06:46:44Z,2013,2013-01-01,2013-12-31
1642048,MDG_0000000025,COUNTRY,SYC,AFR,Africa,YEAR,2010,,,,,,,,,99,99,,,"Skilled health staff Seychelles Millennium Development Goals Status Report 2013. Mahé: Ministry of Foreign Affairs [Seychelles], United Nations Development Programme (UNDP); 2013.",2025-04-07T06:46:44Z,2010,2010-01-01,2010-12-31
1650956,MDG_0000000025,COUNTRY,MYS,WPR,Western Pacific,YEAR,2001,,,,,,,,,97,97,,,Safe deliveries Annual Report 2001. Putrajaya: Ministry of Health [Malaysia]; 2002.,2025-04-07T06:46:44Z,2001,2001-01-01,2001-12-31
1651119,MDG_0000000025,COUNTRY,BHS,AMR,Americas,YEAR,2011,,,,,,,,,99,99,,,"Trained personnel PLISA Health Information Platform. Indicator profile: Deliveries attended by skilled birth attendants (%) [online database]. Washington, DC: Pan American Health Organization/World Health Organization (PAHO/WHO); 2021 (https://opendata.paho.org/es/indicadores-basicos/tablero-de-los-indicadores-basicos, accessed 30 December 2021). ",2025-04-07T06:46:44Z,2011,2011-01-01,2011-12-31
1653530,MDG_0000000025,COUNTRY,PLW,WPR,Western Pacific,YEAR,2018,,,,,,,,,100,100,,,2018 Statistical Yearbook. Koror: Ministry of Finance [Palau]; 2019.,2026-04-21T12:35:59Z,2018,2018-01-01,2018-12-31
1654201,MDG_0000000025,COUNTRY,NIC,AMR,Americas,YEAR,2003,,,,,,,,,74,74,,,"Trained personnel PLISA Health Information Platform. Indicator profile: Deliveries attended by skilled birth attendants (%) [online database]. Washington, DC: Pan American Health Organization/World Health Organization (PAHO/WHO); 2021 (https://opendata.paho.org/es/indicadores-basicos/tablero-de-los-indicadores-basicos, accessed 30 December 2021). ",2025-04-07T06:46:44Z,2003,2003-01-01,2003-12-31
1667153,MDG_0000000025,COUNTRY,PAN,AMR,Americas,YEAR,2015,,,,,,,,,96,96,,,"General Doctor, Gynecologist, Nurse, Midwife Encuesta Nacional de Salud Sexual y Reproductiva Panamá, 2014-2015",2025-04-07T06:46:44Z,2015,2015-01-01,2015-12-31
1668526,MDG_0000000025,COUNTRY,JPN,WPR,Western Pacific,YEAR,2023,,,,,,,,,100,99.8,,,2023 vital statistics of Japan Volume 1; Natality Table 4.7: Number of live births by place of delivery: Japan; 2023 (https://www.e-stat.go.jp/stat-search/files?stat_infid=000040207120),2026-04-21T12:35:59Z,2023,2023-01-01,2023-12-31
1680059,MDG_0000000025,REGION,EMR,,,YEAR,2022,,,,,,,,,83,82.7,,,Estimate based on Joint UNICEF-WHO Database on Skilled Birth Attendance 2025,2026-04-21T12:35:59Z,2022,2022-01-01,2022-12-31
1683208,MDG_0000000025,COUNTRY,BRN,WPR,Western Pacific,YEAR,2007,,,,,,,,,100,100,,,Skilled health personnel Health Information Booklet 2012. Bandar Seri Begawan: Ministry of Health [Brunei Darussalam]; 2013.,2025-04-07T06:46:44Z,2007,2007-01-01,2007-12-31
1685226,MDG_0000000025,COUNTRY,FRA,EUR,Europe,YEAR,2004,,,,,,,,,98,98,,," Tableau 64: Conditions d'accouchement selon le groupe d'âges de la mère. Année 2004 [website]. Paris: Institut National de la Statistique et des Études Économiques (INSEE) [National Institute of Statistics and Economic Studies]; 2005 (http://www.insee.fr/en/insee-statistique-publique/default.asp, accessed 23 November 2011, in French).
",2025-04-07T06:46:44Z,2004,2004-01-01,2004-12-31
1689434,MDG_0000000025,REGION,AFR,,,YEAR,2004,,,,,,,,,44,44,,,,2024-04-26T13:59:03Z,2004,2004-01-01,2004-12-31
1693305,MDG_0000000025,COUNTRY,SGP,WPR,Western Pacific,YEAR,2005,,,,,,,,,100,100,,,"  Registry of Births and Deaths, Immigration and Checkpoints Authority Singapore",2025-04-07T06:46:44Z,2005,2005-01-01,2005-12-31
1696546,MDG_0000000025,REGION,AFR,,,YEAR,2013,,,,,,,,,56,56,,,,2025-04-07T06:46:44Z,2013,2013-01-01,2013-12-31
1699603,MDG_0000000025,COUNTRY,SRB,EUR,Europe,YEAR,2008,,,,,,,,,100,100,,, Statistical Yearbook 2010. Belgrade: Statistical Office of the Republic of Serbia; 2010.,2025-04-07T06:46:44Z,2008,2008-01-01,2008-12-31
1700494,MDG_0000000025,COUNTRY,UZB,EUR,Europe,YEAR,2015,,,,,,,,,100,100,,,Skilled health personnel Uzbekistan State Committee on Statistics Data; 2016.,2025-04-07T06:46:44Z,2015,2015-01-01,2015-12-31
1702432,MDG_0000000025,COUNTRY,MOZ,AFR,Africa,YEAR,2003,,,,,,,,,48,48,,," Instituto Nacional de Estatística [Mozambique], Ministério da Saúde [Mozambique], MEASURE DHS+/ORC Macro. Moçambique Inquérito Demográfico e de Saúde 2003. Calverton, Maryland, USA: Instituto Nacional de Estatística[Mozambique], Ministério da Saúde [Mozambique], MEASURE DHS+/ORC Macro; 2005 (in Portuguese).",2025-04-07T06:46:44Z,2003,2003-01-01,2003-12-31
1703607,MDG_0000000025,COUNTRY,GUY,AMR,Americas,YEAR,2005,,,,,,,,,97,97,,,"Trained health personnel Publications: Statistical Bulletin Second Quarter 2010 [website]. Georgetown: Bureau of Statistics [Guyana]; 2010 (http://www.statisticsguyana.gov.gy/pubs.html, accessed 16 June 2011).  ",2025-04-07T06:46:44Z,2005,2005-01-01,2005-12-31
1704178,MDG_0000000025,COUNTRY,QAT,EMR,Eastern Mediterranean,YEAR,2010,,,,,,,,,100,100,,," Vital Statistics, Annual Bulletin. Births and Deaths 2010. Doha: Statistics Authority [Qatar]; 2011.",2025-04-07T06:46:44Z,2010,2010-01-01,2010-12-31
1708479,MDG_0000000025,COUNTRY,ETH,AFR,Africa,YEAR,2014,,,,,,,,,16,16,,, Ethiopia Mini Demographic and Health Survey 2014. Addis Ababa: Central Statistical Agency [Ethiopia]; 2014.,2025-04-07T06:46:44Z,2014,2014-01-01,2014-12-31
1719531,MDG_0000000025,COUNTRY,DMA,AMR,Americas,YEAR,2007,,,,,,,,,94,94,,,"Trained personnel PLISA Health Information Platform. Indicator profile: Deliveries attended by skilled birth attendants (%) [online database]. Washington, DC: Pan American Health Organization/World Health Organization (PAHO/WHO); 2021 (https://opendata.paho.org/es/indicadores-basicos/tablero-de-los-indicadores-basicos, accessed 30 December 2021). ",2025-04-07T06:46:44Z,2007,2007-01-01,2007-12-31
1737244,MDG_0000000025,COUNTRY,MDA,EUR,Europe,YEAR,2013,,,,,,,,,100,100,,,"Skilled health personnel Millennium Development Goals by Indicators and Years. Proportion of births attended by skilled personnel. 2000-2013 [website]. Chisinau: National Bureau of Statistics [Republic of Moldova]; 2014 (http://statbank,statistica.md, accessed 11 November 2014).",2025-04-07T06:46:44Z,2013,2013-01-01,2013-12-31
1739175,MDG_0000000025,COUNTRY,SLV,AMR,Americas,YEAR,2007,,,,,,,,,93,93,,, Informe de Labores 2012-2013. San Salvador: Ministerio de Salud de El Salvador; 2013 (in Spanish).,2025-04-07T06:46:44Z,2007,2007-01-01,2007-12-31
1741448,MDG_0000000025,COUNTRY,LVA,EUR,Europe,YEAR,2008,,,,,,,,,99,99,,," Mother and Child Health 11th edition, 2009. Riga: The Centre of Health Economics; 2010.",2025-04-07T06:46:44Z,2008,2008-01-01,2008-12-31
1748345,MDG_0000000025,COUNTRY,CMR,AFR,Africa,YEAR,2018,,,,,,,,,69,69,,,Institut National de la Statistique (INS) et ICF. Enqute Dmographique et de Sant du Cameroun 2018. Yaound; Cameroun et Rockville; Maryland; USA : INS et ICF; 2020. (in French),2026-04-21T12:35:59Z,2018,2018-01-01,2018-12-31
1754987,MDG_0000000025,COUNTRY,TON,WPR,Western Pacific,YEAR,2010,,,,,,,,,99,99,,,Trained personnel Report of the Minister for Health for the Year 2010. Tonga: Ministry of Health [Tonga]; 2011.,2025-04-07T06:46:44Z,2010,2010-01-01,2010-12-31
1755338,MDG_0000000025,COUNTRY,BIH,EUR,Europe,YEAR,2015,,,,,,,,,100,100,,, Statistical Yearbook Federation of Bosnia and Herzegovina 2016. Sarajevo: Institute for Statistics of Federation of Bosnia and Herzegovina; 2016.,2025-04-07T06:46:44Z,2015,2015-01-01,2015-12-31
1758573,MDG_0000000025,COUNTRY,GEO,EUR,Europe,YEAR,2006,,,,,,,,,99,99,,," Health Care, Statistical Yearbook 2011 Georgia. Tbilisi: Ministry of Labour, Health and Social Affairs of Georgia, National Centre for Disease Control and Public Health; 2012.",2025-04-07T06:46:44Z,2006,2006-01-01,2006-12-31
1772305,MDG_0000000025,COUNTRY,GTM,AMR,Americas,YEAR,2013,,,,,,,,,63,63,,,"Trained personnel PLISA Health Information Platform. Indicator profile: Deliveries attended by skilled birth attendants (%) [online database]. Washington, DC: Pan American Health Organization/World Health Organization (PAHO/WHO); 2021 (https://opendata.paho.org/es/indicadores-basicos/tablero-de-los-indicadores-basicos, accessed 30 December 2021). ",2025-04-07T06:46:44Z,2013,2013-01-01,2013-12-31
1774294,MDG_0000000025,COUNTRY,SEN,AFR,Africa,YEAR,2015,,,,,,,,,53,53,,," Agence Nationale de la Statistique et de la Démographie (ANSD) [Sénégal], ICF. Sénégal: Enquête Démographique et de Santé Continue 2015 (EDS-Continue). Rockville, Maryland, USA : ANSD, ICF; 2016 (in French).",2025-04-07T06:46:44Z,2015,2015-01-01,2015-12-31
1776954,MDG_0000000025,COUNTRY,ISL,EUR,Europe,YEAR,2005,,,,,,,,,99,99,,," Births: Home deliveries as percentage of all deliveries in Iceland 1980-2016 [website]. Reykjavík: Directorate of Health [Iceland]; 2017 (https://www.landlaeknir.is/english/statistics/births/, accessed 10 October 2017). ",2025-04-07T06:46:44Z,2005,2005-01-01,2005-12-31
1783127,MDG_0000000025,COUNTRY,MSR,AMR,Americas,YEAR,2003,,,,,,,,,100,100,,,"Trained personnel PLISA Health Information Platform. Indicator profile: Deliveries attended by skilled birth attendants (%) [online database]. Washington, DC: Pan American Health Organization/World Health Organization (PAHO/WHO); 2021 (https://opendata.paho.org/es/indicadores-basicos/tablero-de-los-indicadores-basicos, accessed 30 December 2021). ",2025-04-07T06:46:44Z,2003,2003-01-01,2003-12-31
1783662,MDG_0000000025,COUNTRY,KGZ,EUR,Europe,YEAR,2020,,,,,,,,,100,100,,,National Statistical Committee of the Kyrgyz Republic and UNICEF; MICS Follow-up Survey on Covid-19 impact on children and women in Kyrgyzstan; Snapshots of Key Findings. Bishkek; Kyrgyzstan: National Statistical Committee of the Kyrgyz Republic and UNICEF.,2026-04-21T12:35:59Z,2020,2020-01-01,2020-12-31
1784784,MDG_0000000025,COUNTRY,SGP,WPR,Western Pacific,YEAR,2018,,,,,,,,,100,99.6,,,Registry of Births and Deaths. Singapore: Department of Statistics Singapore; 2021 (Sustainable Development Goals: Indicator 3.2.1 [online database] https://www.singstat.gov.sg/find-data/sdg/goal-3#t1; accessed 30 December 2021).,2026-04-21T12:35:59Z,2018,2018-01-01,2018-12-31
1790062,MDG_0000000025,COUNTRY,BLZ,AMR,Americas,YEAR,2013,,,,,,,,,93,93,,,"Trained personnel PLISA Health Information Platform. Indicator profile: Deliveries attended by skilled birth attendants (%) [online database]. Washington, DC: Pan American Health Organization/World Health Organization (PAHO/WHO); 2021 (https://opendata.paho.org/es/indicadores-basicos/tablero-de-los-indicadores-basicos, accessed 30 December 2021). ",2025-04-07T06:46:44Z,2013,2013-01-01,2013-12-31
1794032,MDG_0000000025,COUNTRY,GRC,EUR,Europe,YEAR,2006,,,,,,,,,100,100,,,"Skilled persons Hellenic Republic, Hellenic Statistical Authority, General Directorate of Statistical Surveys, Vital and Migration Statistics Section, Statistical Output, provided during SDG Country Consultation",2025-04-07T06:46:44Z,2006,2006-01-01,2006-12-31
1796680,MDG_0000000025,COUNTRY,MNE,EUR,Europe,YEAR,2009,,,,,,,,,100,100,,, Statistical Yearbook 2010. Podgorica: Statistical Office [Montenegro]; 2010.,2025-04-07T06:46:44Z,2009,2009-01-01,2009-12-31
1800068,MDG_0000000025,COUNTRY,SVK,EUR,Europe,YEAR,2021,,,,,,,,,98,98,,,National Health Information Centre of the Slovak Republic; data for year 2021.,2026-04-21T12:35:59Z,2021,2021-01-01,2021-12-31
1800159,MDG_0000000025,COUNTRY,MEX,AMR,Americas,YEAR,2011,,,,,,,,,95,95,,," SS. Dirección General de Información en Salud (DGIS) [Mexico]; 2020. (http://www.agenda2030.mx/ODSind.html?ind=ODS003000030020&cveind=27&cveCob=99&lang=es#/Indicator, last accessed 28 January 2021)",2025-04-07T06:46:44Z,2011,2011-01-01,2011-12-31
1807409,MDG_0000000025,COUNTRY,ISR,EUR,Europe,YEAR,2021,,,,,,,,,100,99.5,,,Israel Medical Birth Registry. Institutional Delivery. Israel Central Bureau of Statistics; 2023. Country Consultation 2024,2026-04-21T12:35:59Z,2021,2021-01-01,2021-12-31
1810680,MDG_0000000025,COUNTRY,KNA,AMR,Americas,YEAR,2006,,,,,,,,,100,100,,,"Trained personnel PLISA Health Information Platform. Indicator profile: Deliveries attended by skilled birth attendants (%) [online database]. Washington, DC: Pan American Health Organization/World Health Organization (PAHO/WHO); 2021 (https://opendata.paho.org/es/indicadores-basicos/tablero-de-los-indicadores-basicos, accessed 30 December 2021). ",2025-04-07T06:46:44Z,2006,2006-01-01,2006-12-31
1810733,MDG_0000000025,COUNTRY,LBN,EMR,Eastern Mediterranean,YEAR,2004,,,,,,,,,98,98,,,"Skilled health specialist Lebanon Family Health Survey 2004. Principal Report. Beirut: Central Administration of Statistics [Lebanon], The Arab League, The Pan Arab Project for Family Health; 2006.",2025-04-07T06:46:44Z,2004,2004-01-01,2004-12-31
1823265,MDG_0000000025,COUNTRY,MOZ,AFR,Africa,YEAR,2008,,,,,,,,,55,55,,," Mozambique Multiple Indicator Cluster Survey, 2008. Final Report. Maputo: National Statistics Institute [Mozambique], United Nations Children’s Fund (UNICEF); 2009. ",2025-04-07T06:46:44Z,2008,2008-01-01,2008-12-31
1825457,MDG_0000000025,COUNTRY,MLT,EUR,Europe,YEAR,2010,,,,,,,,,100,100,,, National Obstetric Information System (NOIS). Annual Report – 2010. Malta: Department of Health Information and Research (DHIR); 2011.,2025-04-07T06:46:44Z,2010,2010-01-01,2010-12-31
1826534,MDG_0000000025,COUNTRY,VUT,WPR,Western Pacific,YEAR,2007,,,,,,,,,74,74,,," Ministry of Health, Government of Vanuatu, United Nations Children's Fund (UNICEF). Vanuatu Multiple Indicator Cluster Survey 2007, Final Report. Port Vila, Vanuatu: Ministry of Health, Government of Vanuatu; 2008.  ",2025-04-07T06:46:44Z,2007,2007-01-01,2007-12-31
1832024,MDG_0000000025,COUNTRY,OMN,EMR,Eastern Mediterranean,YEAR,2013,,,,,,,,,99,99,,,"Skilled personnel Annual Health Report 2014. Muscat: Ministry of Health, Department of Health Information and Statistics, Directorate General of Planning [Oman]; 2015.",2025-04-07T06:46:44Z,2013,2013-01-01,2013-12-31
1833686,MDG_0000000025,COUNTRY,COL,AMR,Americas,YEAR,2007,,,,,,,,,98,98,,," DANE [online database]. Estadísticas Vitales - Nacimientos. 2007. Bogotá D.C.: Departamento Administrativo Nacional de Estadística (DANE); 2011 (http://www.dane.gov.co/daneweb_V09/index.php?option=com_content&view=article&id=786&Itemid=119, accessed 30 May 2011, in Spanish).  ",2025-04-07T06:46:44Z,2007,2007-01-01,2007-12-31
1834775,MDG_0000000025,COUNTRY,SLE,AFR,Africa,YEAR,2017,,,,,,,,,82,81.6,,,Statistics Sierra Leone; United Nations Children's Fund (UNICEF). Sierra Leone Multiple Indicator Cluster Survey 2017; Survey Findings Report. Freetown: Statistics Sierra Leone; 2018.,2026-04-21T12:35:59Z,2017,2017-01-01,2017-12-31
1841808,MDG_0000000025,COUNTRY,URY,AMR,Americas,YEAR,2016,,,,,,,,,100,100,,,PLISA Health Information Platform. Indicator profile: Deliveries attended by skilled birth attendants (%) [online database]. Washington; DC: Pan American Health Organization/World Health Organization (PAHO/WHO); 2021 (https://opendata.paho.org/es/indicadores-basicos/tablero-de-los-indicadores-basicos; accessed 30 December 2021).,2026-04-21T12:35:59Z,2016,2016-01-01,2016-12-31
1857696,MDG_0000000025,COUNTRY,CHL,AMR,Americas,YEAR,2000,,,,,,,,,100,100,,,"Trained personnel PLISA Health Information Platform. Indicator profile: Deliveries attended by skilled birth attendants (%) [online database]. Washington, DC: Pan American Health Organization/World Health Organization (PAHO/WHO); 2021 (https://opendata.paho.org/es/indicadores-basicos/tablero-de-los-indicadores-basicos, accessed 30 December 2021). ",2025-04-07T06:46:44Z,2000,2000-01-01,2000-12-31
1860473,MDG_0000000025,COUNTRY,BHR,EMR,Eastern Mediterranean,YEAR,2000,,,,,,,,,98,98,,, Health Statistics of 2000. Bahrain: Ministry of Health; 2001.,2025-04-07T06:46:44Z,2000,2000-01-01,2000-12-31
1860781,MDG_0000000025,COUNTRY,DMA,AMR,Americas,YEAR,2003,,,,,,,,,100,100,,,"Trained personnel Health Situation in the Americas: Basic Indicators 2006. Washington, DC: Pan American Health Organization/World Health Organization (PAHO/WHO), Health Analysis and Statistics Unit (HA); 2006.",2025-04-07T06:46:44Z,2003,2003-01-01,2003-12-31
1866933,MDG_0000000025,COUNTRY,TON,WPR,Western Pacific,YEAR,2000,,,,,,,,,95,95,,,"Doctor, nurse, and midwife (i.e. all attendants except “traditional birth attendants”) Secretariat of the Pacific Community (SPC), United Nations Development Programme (UNDP), the UN/CROP MDG Working Group. Pacific Islands Regional Millennium Development Goals Report 2004. Noumea: Secretariat of the Pacific Community (SPC); 2004.",2025-04-07T06:46:44Z,2000,2000-01-01,2000-12-31
1870966,MDG_0000000025,COUNTRY,URY,AMR,Americas,YEAR,2002,,,,,,,,,100,100,,, Anuario Estadístico 2010. Uruguay: Instituto Nacional de Estadística (INE); 2011 (in Spanish).  ,2025-04-07T06:46:44Z,2002,2002-01-01,2002-12-31
1872526,MDG_0000000025,COUNTRY,BRA,AMR,Americas,YEAR,2001,,,,,,,,,98,98,,," DATASUS [online database]. Brazil: MS/SVS/DASIS - Sistema de Informações sobre Nacidos Vivos – SINASC. Nascim p/resid.mãe por ocorrência segundo Região. Período: 2001; 2011 (http://tabnet.datasus.gov.br/cgi/deftohtm.exe?sinasc/cnv/nvuf.def, accessed 27 July 2011, in Portuguese).",2025-04-07T06:46:44Z,2001,2001-01-01,2001-12-31
1885266,MDG_0000000025,COUNTRY,MDA,EUR,Europe,YEAR,2005,,,,,,,,,100,100,,,"Doctor (90.7%), nurse, midwife and auxiliary midwife (8.8%) National Scientific and Applied Center for Preventive Medicine (NCPM) [Moldova], ORC Macro. Moldova Demographic and Health Survey 2005. Calverton, Maryland: National Scientific and Applied Center for Preventive Medicine of the Ministry of Health and Social Protection, ORC Macro; 2006.",2025-04-07T06:46:44Z,2005,2005-01-01,2005-12-31
1885818,MDG_0000000025,COUNTRY,GMB,AFR,Africa,YEAR,2010,,,,,,,,,56,56,,," The Gambia Bureau of Statistics (GBOS). The Gambia Multiple Indicator Cluster Survey 2010, Final Report. Banjul, The Gambia: The Gambia Bureau of Statistics (GBOS); 2012.",2025-04-07T06:46:44Z,2010,2010-01-01,2010-12-31
1887483,MDG_0000000025,COUNTRY,TTO,AMR,Americas,YEAR,2001,,,,,,,,,100,100,,,"Trained health personnel Health Situation in the Americas: Basic Indicators 2005. Washington, DC: Pan American Health Organization/World Health Organization (PAHO/WHO), Area of Health Analysis and Information Systems (AIS); 2005.",2025-04-07T06:46:44Z,2001,2001-01-01,2001-12-31
1891401,MDG_0000000025,COUNTRY,BIH,EUR,Europe,YEAR,2001,,,,,,,,,100,100,,, Statistical Yearbook Federation of Bosnia and Herzegovina 2006. Sarajevo: Federal Office of Statistics [Federation of Bosnia and Herzegovina]; 2006.,2025-04-07T06:46:44Z,2001,2001-01-01,2001-12-31
1892651,MDG_0000000025,COUNTRY,CHL,AMR,Americas,YEAR,2016,,,,,,,,,100,99.7,,,Estadsticas Vitales - Anuario 2016. Santiago: Instituto Nacional de Estadsticas [Chile]; 2018 (in Spanish).,2026-04-21T12:35:59Z,2016,2016-01-01,2016-12-31
1896746,MDG_0000000025,COUNTRY,URY,AMR,Americas,YEAR,2017,,,,,,,,,100,100,,,PLISA Health Information Platform. Indicator profile: Deliveries attended by skilled birth attendants (%) [online database]. Washington; DC: Pan American Health Organization/World Health Organization (PAHO/WHO); 2021 (https://opendata.paho.org/es/indicadores-basicos/tablero-de-los-indicadores-basicos; accessed 30 December 2021).,2026-04-21T12:35:59Z,2017,2017-01-01,2017-12-31
1898505,MDG_0000000025,COUNTRY,PRY,AMR,Americas,YEAR,2002,,,,,,,,,86,86,,,"Trained personnel Health Situation in the Americas: Basic Indicators 2004. Washington, DC: Pan American Health Organization/World Health Organization (PAHO/WHO), Area of Health Analysis and Information Systems (AIS); 2004.",2025-04-07T06:46:44Z,2002,2002-01-01,2002-12-31
1911587,MDG_0000000025,COUNTRY,MLT,EUR,Europe,YEAR,2007,,,,,,,,,100,100,,, National Obstetric Information System (NOIS). Annual Report – 2007. Malta: Department of Health Information and Research (DHIR); 2008.,2025-04-07T06:46:44Z,2007,2007-01-01,2007-12-31
1912229,MDG_0000000025,COUNTRY,ITA,EUR,Europe,YEAR,2015,,,,,,,,,100,100,,," Certificato di assistenza al parto (CeDAP). Analisi dell’evento nascita - Anno 2015. Roma: Direzione Generale della Digitalizzazione, del Sistema Informativo Sanitario e della Statistica – Ufficio di Statistica; 2018 (in Italian). ",2025-04-07T06:46:44Z,2015,2015-01-01,2015-12-31
1914290,MDG_0000000025,REGION,AFR,,,YEAR,2007,,,,,,,,,47,47,,,,2025-04-07T06:46:44Z,2007,2007-01-01,2007-12-31
1919756,MDG_0000000025,REGION,SEAR,,,YEAR,2010,,,,,,,,,65,65,,,,2025-04-07T06:46:44Z,2010,2010-01-01,2010-12-31
1922734,MDG_0000000025,COUNTRY,GRD,AMR,Americas,YEAR,2014,,,,,,,,,99,99,,,"Trained personnel PLISA Health Information Platform. Indicator profile: Deliveries attended by skilled birth attendants (%) [online database]. Washington, DC: Pan American Health Organization/World Health Organization (PAHO/WHO); 2018 (http://www.paho.org/data/index.php/en/indicators/visualization.html, accessed 11 February 2020). ",2025-04-07T06:46:44Z,2014,2014-01-01,2014-12-31
1926196,MDG_0000000025,COUNTRY,GRD,AMR,Americas,YEAR,2017,,,,,,,,,100,100,,,PLISA Health Information Platform. Indicator profile: Deliveries attended by skilled birth attendants (%) [online database]. Washington; DC: Pan American Health Organization/World Health Organization (PAHO/WHO); 2018 (http://www.paho.org/data/index.php/en/indicators/visualization.html; accessed 11 February 2020).,2026-04-21T12:35:59Z,2017,2017-01-01,2017-12-31
1932183,MDG_0000000025,COUNTRY,ARM,EUR,Europe,YEAR,2002,,,,,,,,,99,99,,,"Skilled health personnel Transformative Monitoring for Enhanced Equity (TransMonEE) 2012 Database [online database]. Geneva: UNICEF Europe and Central Asia Regional Office; 2012 (www.transmonee.org, accessed 1 November 2012). ",2025-04-07T06:46:44Z,2002,2002-01-01,2002-12-31
1935982,MDG_0000000025,COUNTRY,BMU,AMR,Americas,YEAR,2001,,,,,,,,,100,100,,,"Trained personnel PLISA Health Information Platform. Indicator profile: Deliveries attended by skilled birth attendants (%) [online database]. Washington, DC: Pan American Health Organization/World Health Organization (PAHO/WHO); 2023 (https://opendata.paho.org/es/indicadores-basicos/tablero-de-los-indicadores-basicos, accessed 20 September 2023).",2025-04-07T06:46:44Z,2001,2001-01-01,2001-12-31
1938352,MDG_0000000025,COUNTRY,KIR,WPR,Western Pacific,YEAR,2000,,,,,,,,,85,85,,,"Doctor, nurse, and midwife (i.e. all attendants except “traditional birth attendants”) Secretariat of the Pacific Community (SPC), United Nations Development Programme (UNDP), the UN/CROP MDG Working Group. Pacific Islands Regional Millennium Development Goals Report 2004. Noumea: Secretariat of the Pacific Community (SPC); 2004.",2025-04-07T06:46:44Z,2000,2000-01-01,2000-12-31
1943041,MDG_0000000025,COUNTRY,CPV,AFR,Africa,YEAR,2018,,,,,,,,,97,97.3,,,Instituto Nacional de Estatstica (INE); Ministrio da Sade e da Segurana Social; e Utica International. 2020. Inqurito Demogrfico e de Sade Reprodutiva; IDSR-III; Cabo Verde 2018. Praia; Cabo Verde e Columbia; Maryland; USA.,2026-04-21T12:35:59Z,2018,2018-01-01,2018-12-31
1948952,MDG_0000000025,COUNTRY,AUS,WPR,Western Pacific,YEAR,2013,,,,,,,,,99,99,,," Australia’s mothers and babies 2013 - in brief. Perinatal statistics series no. 31. Cat no. PER 72. Canberra: Australian Institute of Health and Welfare (AIHW); 2015. 
",2025-04-07T06:46:44Z,2013,2013-01-01,2013-12-31
1955510,MDG_0000000025,COUNTRY,AUS,WPR,Western Pacific,YEAR,2018,,,,,,,,,99,98.7,,,Australian Institute of Health and Welfare. Australia's mothers and babies 2018: in brief. Perinatal statistics series no. 36. Cat. no. PER 108. Canberra: AIHW; 2020.,2026-04-21T12:35:59Z,2018,2018-01-01,2018-12-31
1958328,MDG_0000000025,COUNTRY,RUS,EUR,Europe,YEAR,2001,,,,,,,,,99,99,,,"Skilled health personnel Transformative Monitoring for Enhanced Equity (TransMonEE) 2012 Database [online database]. Geneva: UNICEF Europe and Central Asia Regional Office; 2012 (www.transmonee.org, accessed 1 November 2012). ",2025-04-07T06:46:44Z,2001,2001-01-01,2001-12-31
1972284,MDG_0000000025,COUNTRY,OMN,EMR,Eastern Mediterranean,YEAR,2006,,,,,,,,,98,98,,,"Skilled personnel Annual Health Report 2011. Muscat: Ministry of Health, Department of Health Information and Statistics, Directorate General of Planning [Oman]; 2012.",2025-04-07T06:46:44Z,2006,2006-01-01,2006-12-31
1974221,MDG_0000000025,COUNTRY,MNE,EUR,Europe,YEAR,2018,,,,,,,,,99,98.8,,,2018 Montenegro Multiple Indicator Cluster Survey and 2018 Montenegro Roma Settlements Multiple Indicator Cluster Survey; Survey Fndings Report. Podgorica: Statistical Office of Montenegro (MONSTAT); UNICEF; 2019.,2026-04-21T12:35:59Z,2018,2018-01-01,2018-12-31
1976525,MDG_0000000025,COUNTRY,ARE,EMR,Eastern Mediterranean,YEAR,2013,,,,,,,,,100,100,,,"Skilled health personnel Open Data: Health Core Indicators. Basic Health Indicators [website]. Abu Dhabi: Ministry of Health and Prevention [UAE]; 2017 (www.mohap.gov.ae/en/OpenData, accessed 20 December 2017).  ",2025-04-07T06:46:44Z,2013,2013-01-01,2013-12-31
1980491,MDG_0000000025,COUNTRY,BTN,SEAR,South-East Asia,YEAR,2020,,,,,,,,,99,99.3,,,Ministry of Health; (2022). Annual Health Bulletin; Thimphu; PPD; MoH.,2026-04-21T12:35:59Z,2020,2020-01-01,2020-12-31
1981066,MDG_0000000025,COUNTRY,ROU,EUR,Europe,YEAR,2020,,,,,,,,,93,92.7,,,National Institute of Statistics; Vital Statistics regarding live births [Romania]; 2023,2026-04-21T12:35:59Z,2020,2020-01-01,2020-12-31
1982965,MDG_0000000025,COUNTRY,GEO,EUR,Europe,YEAR,2013,,,,,,,,,100,100,,," Health Care, Statistical Yearbook 2013 Georgia. Tbilisi: Ministry of Labour, Health and Social Affairs of Georgia, National Centre for Disease Control and Public Health; 2014.",2025-04-07T06:46:44Z,2013,2013-01-01,2013-12-31
1988519,MDG_0000000025,COUNTRY,BRA,AMR,Americas,YEAR,2007,,,,,,,,,99,99,,," DATASUS [online database]. Brazil: MS/SVS/DASIS - Sistema de Informações sobre Nacidos Vivos – SINASC. Nascim p/resid.mãe por Local ocorrência segundo Região. Período: 2007; 2011 (http://tabnet.datasus.gov.br/cgi/deftohtm.exe?sinasc/cnv/nvuf.def, accessed 27 July 2011, in Portuguese).",2025-04-07T06:46:44Z,2007,2007-01-01,2007-12-31
1992174,MDG_0000000025,COUNTRY,KAZ,EUR,Europe,YEAR,2006,,,,,,,,,100,100,,,"Doctor, nurse/midwife, Auxiliary midwife Kazakhstan Multiple Indicator Cluster Survey (MICS) 2006. Astana City: United Nations Children’s Fund (UNICEF), Agency of the Republic of Kazakhstan on Statistics; 2007.",2025-04-07T06:46:44Z,2006,2006-01-01,2006-12-31
1994014,MDG_0000000025,COUNTRY,IDN,WPR,Western Pacific,YEAR,2013,,,,,,,,,87,87,,," Basic Health Research RISKESDAS 2013. Jakarta: National Institute of Health Research and Development, Ministry of Health, Government of Indonesia; 2013. ",2025-04-07T06:46:44Z,2013,2013-01-01,2013-12-31
1995555,MDG_0000000025,COUNTRY,SAU,EMR,Eastern Mediterranean,YEAR,2007,,,,,,,,,97,97,,,"Skilled health personnel Kingdom of Saudi Arabia. Millennium Development Goals 1431 H, 2010 G. Riyadh: Ministry of Economy and Planning [Saudi Arabia], UN-DESA, United Nations Development Programme (UNDP); 2010.",2025-04-07T06:46:44Z,2007,2007-01-01,2007-12-31
2005267,MDG_0000000025,REGION,SEAR,,,YEAR,2023,,,,,,,,,89,88.8,,,Estimate based on Joint UNICEF-WHO Database on Skilled Birth Attendance 2025,2026-04-21T12:35:59Z,2023,2023-01-01,2023-12-31
2008197,MDG_0000000025,COUNTRY,KWT,EMR,Eastern Mediterranean,YEAR,2007,,,,,,,,,99,99,,, Annual Bulletin for Vital Statistics - Births and Deaths 2007. Kuwait City: Central Statistical Bureau (Office) [Kuwait]; 2008.,2025-04-07T06:46:44Z,2007,2007-01-01,2007-12-31
2013700,MDG_0000000025,COUNTRY,SSD,AFR,Africa,YEAR,2006,,,,,,,,,10,10,,," Sudan Household Health Survey (SHHS) 2006. National Report. Sudan: Federal Ministry of Health, Government of National Unity, Ministry of Health, Government of Southern Sudan, Central Bureau of Statistics, Southern Sudan Commission for Census; 2007.",2025-04-07T06:46:44Z,2006,2006-01-01,2006-12-31
2017931,MDG_0000000025,COUNTRY,MNG,WPR,Western Pacific,YEAR,2023,,,,,,,,,100,100,,,Mongolia Social Indicator Sample Survey 2023 Key Indicators Report,2026-04-21T12:35:59Z,2023,2023-01-01,2023-12-31
2020345,MDG_0000000025,COUNTRY,POL,EUR,Europe,YEAR,2001,,,,,,,,,100,100,,,"Skilled health personnel Transformative Monitoring for Enhanced Equity (TransMonEE) 2012 Database [online database]. Geneva: UNICEF Europe and Central Asia Regional Office; 2012 (www.transmonee.org, accessed 1 November 2012). ",2025-04-07T06:46:44Z,2001,2001-01-01,2001-12-31
2021934,MDG_0000000025,COUNTRY,FIN,EUR,Europe,YEAR,2010,,,,,,,,,100,100,,,"Skilled health personnel Statistics Finland: https://pxnet2.stat.fi/PXWeb/pxweb/en/SDG/, last accessed 29/12/2021",2025-04-07T06:46:44Z,2010,2010-01-01,2010-12-31
2034859,MDG_0000000025,COUNTRY,HTI,AMR,Americas,YEAR,2000,,,,,,,,,24,24,,,"Doctor, nurse and auxiliary (nurse and auxiliary: 9.7%) Cayemittes M, Placide MF, Barrère B, Mariko S, Sévère B (Ministère de la Santé Publique et de la Population, Institut Haïtien de l’Enfance, ORC Macro). Enquête Mortalité, Morbidité et Utilisation des Services, Haïti 2000. Calverton, Maryland, USA: Ministère de la Santé Publique et de la Population, Institut Haïtien de l’Enfance, ORC Macro; 2001 (in French).",2025-04-07T06:46:44Z,2000,2000-01-01,2000-12-31
2035112,MDG_0000000025,COUNTRY,CYP,EUR,Europe,YEAR,2013,,,,,,,,,100,100,,, Cyprus Public Maternity Units. Perinatal Health Indicators for the Years 2007-2013. Nicosia: Ministry of Health of the Republic of Cyprus; 2015.,2025-04-07T06:46:44Z,2013,2013-01-01,2013-12-31
2041433,MDG_0000000025,COUNTRY,NIC,AMR,Americas,YEAR,2006,,,,,,,,,79,79,,,"Trained personnel PLISA Health Information Platform. Indicator profile: Deliveries attended by skilled birth attendants (%) [online database]. Washington, DC: Pan American Health Organization/World Health Organization (PAHO/WHO); 2021 (https://opendata.paho.org/es/indicadores-basicos/tablero-de-los-indicadores-basicos, accessed 30 December 2021). ",2025-04-07T06:46:44Z,2006,2006-01-01,2006-12-31
2046545,MDG_0000000025,COUNTRY,VEN,AMR,Americas,YEAR,2011,,,,,,,,,98,98,,,"Trained personnel PLISA Health Information Platform. Indicator profile: Deliveries attended by skilled birth attendants (%) [online database]. Washington, DC: Pan American Health Organization/World Health Organization (PAHO/WHO); 2021 (https://opendata.paho.org/es/indicadores-basicos/tablero-de-los-indicadores-basicos, accessed 30 December 2021). ",2025-04-07T06:46:44Z,2011,2011-01-01,2011-12-31
2047590,MDG_0000000025,COUNTRY,HND,AMR,Americas,YEAR,2015,,,,,,,,,72,72,,," Health Situation in the Americas: Core Indicators 2016. Washington, DC: Pan American Health Organization/World Health Organization (PAHO/WHO), Communicable Diseases and Health Analysis/Health Information and Analysis; 2016.",2025-04-07T06:46:44Z,2015,2015-01-01,2015-12-31
2059181,MDG_0000000025,COUNTRY,SVN,EUR,Europe,YEAR,2000,,,,,,,,,100,100,,, Statistical Yearbook 2001. Ljubljana: Statistical Office of the Republic of Slovenia; 2001.,2025-04-07T06:46:44Z,2000,2000-01-01,2000-12-31
2061103,MDG_0000000025,COUNTRY,UKR,EUR,Europe,YEAR,2009,,,,,,,,,100,100,,,"Skilled health personnel Transformative Monitoring for Enhanced Equity (TransMonEE) 2012 Database [online database]. Geneva: UNICEF Europe and Central Asia Regional Office; 2012 (www.transmonee.org, accessed 1 November 2012). ",2025-04-07T06:46:44Z,2009,2009-01-01,2009-12-31
2061449,MDG_0000000025,COUNTRY,MNG,WPR,Western Pacific,YEAR,2018,,,,,,,,,99,99.3,,,Mongolia Social Indicator Sample Survey - 2018. (Multiple Indicator Cluster Survey). Survey Findings Report. Ulaanbaatar: National Statistical Office of Mongolia; 2019.,2026-04-21T12:35:59Z,2018,2018-01-01,2018-12-31
2065974,MDG_0000000025,COUNTRY,LVA,EUR,Europe,YEAR,2007,,,,,,,,,99,99,,," Maternal and Infant Health in Latvia 2008: Childbirths [website]. Riga: Health Statistics Department [Latvia]; 2011 (http://vec.gov.lv/en/statistic/maternal-and-infant-health-in-latvia-2008, accessed 10 June 2011).  
",2025-04-07T06:46:44Z,2007,2007-01-01,2007-12-31
2068685,MDG_0000000025,COUNTRY,COL,AMR,Americas,YEAR,2017,,,,,,,,,99,99.3,,,DANE [online database]. Estadsticas Vitales - Nacimientos. Cifras con corte a 31 de diciembre de 2017. 2017 - Preliminar. Bogot D.C.: Departamento Administrativo Nacional de Estadstica (DANE); 2018 (https://www.dane.gov.co/index.php/estadisticas-por-tema/salud/nacimientos-y-defunciones/nacimientos/nacimientos-2017; accessed 13 September 2018; in Spanish).,2026-04-21T12:35:59Z,2017,2017-01-01,2017-12-31
2071772,MDG_0000000025,COUNTRY,QAT,EMR,Eastern Mediterranean,YEAR,2007,,,,,,,,,100,100,,," Vital Statistics, Annual Bulletin. Births and Deaths 2007. Doha: Statistics Authority [Qatar]; 2008.",2025-04-07T06:46:44Z,2007,2007-01-01,2007-12-31
2072244,MDG_0000000025,COUNTRY,CPV,AFR,Africa,YEAR,2006,,,,,,,,,76,76,,," Relatório Estatístico 2009 [Statistical Report 2009]. Praia: Ministério da Saúde [Ministry of Health], República de Cabo Verde; 2010 (in Portuguese).",2025-04-07T06:46:44Z,2006,2006-01-01,2006-12-31
2073757,MDG_0000000025,COUNTRY,NOR,EUR,Europe,YEAR,2018,,,,,,,,,99,99.2,,,Dataset: F11: Fdested. 2018. [online database]. Oslo: Folkehelseinstituttet; Medisinsk fdselsregister [Norwegian Institute of Public Health (NIPH); Medical Birth Registry]; 2020 (http://statistikkbank.fhi.no/mfr/; accessed 10 February 2020; in Norwegian).,2026-04-21T12:35:59Z,2018,2018-01-01,2018-12-31
2074622,MDG_0000000025,COUNTRY,SRB,EUR,Europe,YEAR,2013,,,,,,,,,100,100,,,"Skilled health personnel Transformative Monitoring for Enhanced Equity (TransMonEE) 2016 Database [online database]. Geneva: UNICEF Europe and Central Asia Regional Office; 2016 (www.transmonee.org, accessed 17 October 2016). ",2025-04-07T06:46:44Z,2013,2013-01-01,2013-12-31
2098962,MDG_0000000025,COUNTRY,SAU,EMR,Eastern Mediterranean,YEAR,2018,,,,,,,,,99,99.4,,,Household Health Survey 2018. General Authority for Statistics [Saudi Arabia]; 2019.,2026-04-21T12:35:59Z,2018,2018-01-01,2018-12-31
2099394,MDG_0000000025,COUNTRY,VCT,AMR,Americas,YEAR,2012,,,,,,,,,99,99,,,"Trained personnel PLISA Health Information Platform. Indicator profile: Deliveries attended by skilled birth attendants (%) [online database]. Washington, DC: Pan American Health Organization/World Health Organization (PAHO/WHO); 2021 (https://opendata.paho.org/es/indicadores-basicos/tablero-de-los-indicadores-basicos, accessed 30 December 2021). ",2025-04-07T06:46:44Z,2012,2012-01-01,2012-12-31
2105843,MDG_0000000025,COUNTRY,LCA,AMR,Americas,YEAR,2020,,,,,,,,,100,100,,,PLISA Health Information Platform. Indicator profile: Deliveries attended by skilled birth attendants (%) [online database]. Washington; DC: Pan American Health Organization/World Health Organization (PAHO/WHO); 2023 (https://opendata.paho.org/es/indicadores-basicos/tablero-de-los-indicadores-basicos; accessed 21 September 2023).,2026-04-21T12:35:59Z,2020,2020-01-01,2020-12-31
2109710,MDG_0000000025,COUNTRY,EST,EUR,Europe,YEAR,2007,,,,,,,,,100,100,,," Estonian Medical Birth Registry (EMBR). Skilled birth attendant, 1992-2019. Tallinn: National Institute for Health Development [Estonia]; 2020",2025-04-07T06:46:44Z,2007,2007-01-01,2007-12-31
2111031,MDG_0000000025,REGION,WPR,,,YEAR,2018,,,,,,,,,97,96.6,,,Estimate based on Joint UNICEF-WHO Database on Skilled Birth Attendance 2025,2026-04-21T12:35:59Z,2018,2018-01-01,2018-12-31
2111077,MDG_0000000025,COUNTRY,JPN,WPR,Western Pacific,YEAR,2015,,,,,,,,,100,100,,," 2015 Vital Statistics of Japan [website]. Tokyo: e-stat (Portal Site of Official Statistics of Japan), National Statistics Center [Japan]; 2016 (https://www.e-stat.go.jp/en/stat-search/files?page=1&query=placeof delivery, accessed 21 January 2018).",2025-04-07T06:46:44Z,2015,2015-01-01,2015-12-31
2114444,MDG_0000000025,COUNTRY,ISL,EUR,Europe,YEAR,2009,,,,,,,,,99,99,,," Births: Home deliveries as percentage of all deliveries in Iceland 1980-2016 [website]. Reykjavík: Directorate of Health [Iceland]; 2017 (https://www.landlaeknir.is/english/statistics/births/, accessed 10 October 2017). ",2025-04-07T06:46:44Z,2009,2009-01-01,2009-12-31
2115032,MDG_0000000025,COUNTRY,AUT,EUR,Europe,YEAR,2015,,,,,,,,,99,99,,," Vital statistics. Live births (with place of birth in Austria) by medical characteristics since 2006 [website]. Vienna: Statistics Austria; 2017 (http://www.statistik.at/web_en/statistics/PeopleSociety/health/medical_and_sociomedical_characteristics_of_live_birth/110639.html, accessed 27 October 2017).",2025-04-07T06:46:44Z,2015,2015-01-01,2015-12-31
2118906,MDG_0000000025,COUNTRY,KAZ,EUR,Europe,YEAR,2014,,,,,,,,,100,100,,,"Skilled health personnel Transformative Monitoring for Enhanced Equity (TransMonEE) 2016 Database [online database]. Geneva: UNICEF Europe and Central Asia Regional Office; 2016 (www.transmonee.org, accessed 17 October 2016). ",2025-04-07T06:46:44Z,2014,2014-01-01,2014-12-31
2122372,MDG_0000000025,COUNTRY,DOM,AMR,Americas,YEAR,2016,,,,,,,,,100,99.8,,,Repblica Dominicana: Anuario de Estadsticas Vitales 2016. Santo Domingo: Repblica Dominicana; Oficina Nacional de Estadstica (ONE); 2017 (in Spanish).,2026-04-21T12:35:59Z,2016,2016-01-01,2016-12-31
2122481,MDG_0000000025,COUNTRY,KWT,EMR,Eastern Mediterranean,YEAR,2016,,,,,,,,,100,99.9,,,Annual Bulletin for Vital Statistics - Births and Deaths 2016. Kuwait City: Central Statistical Bureau (Office) [Kuwait]; 2017.,2026-04-21T12:35:59Z,2016,2016-01-01,2016-12-31
2130203,MDG_0000000025,COUNTRY,COL,AMR,Americas,YEAR,2015,,,,,,,,,99,99,,,"Trained personnel PLISA Health Information Platform. Indicator profile: Deliveries attended by skilled birth attendants (%) [online database]. Washington, DC: Pan American Health Organization/World Health Organization (PAHO/WHO); 2021 (https://opendata.paho.org/es/indicadores-basicos/tablero-de-los-indicadores-basicos, accessed 30 December 2021). ",2025-04-07T06:46:44Z,2015,2015-01-01,2015-12-31
2130330,MDG_0000000025,REGION,WPR,,,YEAR,2024,,,,,,,,,97,97.4,,,Estimate based on Joint UNICEF-WHO Database on Skilled Birth Attendance 2025,2026-04-21T12:35:59Z,2024,2024-01-01,2024-12-31
2131527,MDG_0000000025,COUNTRY,EST,EUR,Europe,YEAR,2001,,,,,,,,,100,100,,," Estonian Medical Birth Registry (EMBR). Skilled birth attendant, 1992-2019. Tallinn: National Institute for Health Development [Estonia]; 2020 (http://www.tai.ee/en/r-and-d/registers/estonian-medical-birth-registry-and-estonian-abortion-registry/statistics, accessed 15 October 2013).",2025-04-07T06:46:44Z,2001,2001-01-01,2001-12-31
2135768,MDG_0000000025,COUNTRY,NZL,WPR,Western Pacific,YEAR,2016,,,,,,,,,97,96.5,,,Report on Maternity web tool [online database]. Birth place and year and DHB. Wellington: Ministry of Health [New Zealand]; 2020 (https://minhealthnz.shinyapps.io/Maternity_report_webtool/; accessed 8 January 2021).,2026-04-21T12:35:59Z,2016,2016-01-01,2016-12-31
2136413,MDG_0000000025,COUNTRY,PAN,AMR,Americas,YEAR,2007,,,,,,,,,92,92,,,"Health professional Panamá en Cifras: años 2005-2009 [electronic publication]. Panamá: Instituto Nacional de Estadística y Censo (INEC) [Panama]; 2010 (http://www.contraloria.gob.pa/inec/Publicaciones, accessed 18 April 2011, in Spanish).",2025-04-07T06:46:44Z,2007,2007-01-01,2007-12-31
2136598,MDG_0000000025,COUNTRY,RUS,EUR,Europe,YEAR,2012,,,,,,,,,100,100,,,"Skilled health personnel Federal State Statistics Service. Data on SDG Indicators. Russia; 2021. (https://eng.rosstat.gov.ru/3.1.2) accessed September 29, 2021.",2025-04-07T06:46:44Z,2012,2012-01-01,2012-12-31
2142893,MDG_0000000025,COUNTRY,ITA,EUR,Europe,YEAR,2020,,,,,,,,,100,99.8,,,Certificato di assistenza al parto (CeDAP). Analisi dell'evento nascita - Anno 2020. Roma: Direzione Generale della Digitalizzazione; del Sistema Informativo Sanitario e della Statistica Ufficio di Statistica; 2021 (in Italian).,2026-04-21T12:35:59Z,2020,2020-01-01,2020-12-31
2147476,MDG_0000000025,REGION,AFR,,,YEAR,2021,,,,,,,,,70,70,,,Estimate based on Joint UNICEF-WHO Database on Skilled Birth Attendance 2025,2026-04-21T12:35:59Z,2021,2021-01-01,2021-12-31
2148089,MDG_0000000025,GLOBAL,GLOBAL,,,YEAR,2007,,,,,,,,,67,67,,,,2024-04-26T13:59:03Z,2007,2007-01-01,2007-12-31
2160173,MDG_0000000025,COUNTRY,ATG,AMR,Americas,YEAR,2003,,,,,,,,,99,99,,,"Trained personnel Health Situation in the Americas: Basic Indicators 2004. Washington, DC: Pan American Health Organization/World Health Organization (PAHO/WHO), Area of Health Analysis and Information Systems (AIS); 2004.",2025-04-07T06:46:44Z,2003,2003-01-01,2003-12-31
2162888,MDG_0000000025,COUNTRY,BIH,EUR,Europe,YEAR,2008,,,,,,,,,100,100,,, Statistical Yearbook Federation of Bosnia and Herzegovina 2011. Sarajevo: Federal Office of Statistics [Bosnia and Herzegovina]; 2011.,2025-04-07T06:46:44Z,2008,2008-01-01,2008-12-31
2164645,MDG_0000000025,COUNTRY,GTM,AMR,Americas,YEAR,2001,,,,,,,,,41,41,,,"Trained personnel PLISA Health Information Platform. Indicator profile: Deliveries attended by skilled birth attendants (%) [online database]. Washington, DC: Pan American Health Organization/World Health Organization (PAHO/WHO); 2021 (https://opendata.paho.org/es/indicadores-basicos/tablero-de-los-indicadores-basicos, accessed 30 December 2021). ",2025-04-07T06:46:44Z,2001,2001-01-01,2001-12-31
2166928,MDG_0000000025,COUNTRY,PER,AMR,Americas,YEAR,2013,,,,,,,,,89,89,,," Instituto Nacional de Estadística e Informática (INEI) [Perú]. Perú Encuesta Demográfica y de Salud Familiar - ENDES 2013. Lima, Perú: Instituto Nacional de Estadística e Informática (INEI) [Perú]; 2014 (in Spanish).",2025-04-07T06:46:44Z,2013,2013-01-01,2013-12-31
2173196,MDG_0000000025,COUNTRY,AUS,WPR,Western Pacific,YEAR,2012,,,,,,,,,99,99,,," Hilder L,Zhichao Z, Parker M, Jahan S, Chambers GM.  Australia’s mothers and babies 2012. Perinatal statistics series no. 30. Cat. no. PER 69. Canberra: Australian Institute of Health and Welfare (AIHW); 2014.",2025-04-07T06:46:44Z,2012,2012-01-01,2012-12-31
2176458,MDG_0000000025,COUNTRY,SEN,AFR,Africa,YEAR,2004,,,,,,,,,58,58,,, Rapport de Synthèse de la Deuxième Enquête Sénégalaise Auprès des Ménagés (ESAM-II). Sénégal: Ministère de l'Economie et des Finances; 2004 (in French).,2025-04-07T06:46:44Z,2004,2004-01-01,2004-12-31
2177909,MDG_0000000025,COUNTRY,TON,WPR,Western Pacific,YEAR,2019,,,,,,,,,98,98.3,,,Tonga Multiple Indicator Cluster Survey 2019; Survey Findings Report. Nuku'alofa: Tonga Statistics Department; 2020.,2026-04-21T12:35:59Z,2019,2019-01-01,2019-12-31
2182564,MDG_0000000025,COUNTRY,MUS,AFR,Africa,YEAR,2020,,,,,,,,,100,99.7,,,Ministry of Health and Wellness,2026-04-21T12:35:59Z,2020,2020-01-01,2020-12-31
2186489,MDG_0000000025,COUNTRY,QAT,EMR,Eastern Mediterranean,YEAR,2008,,,,,,,,,100,100,,," Vital Statistics, Annual Bulletin. Births and Deaths 2008. Doha: Statistics Authority [Qatar]; 2009.",2025-04-07T06:46:44Z,2008,2008-01-01,2008-12-31
2193957,MDG_0000000025,COUNTRY,VCT,AMR,Americas,YEAR,2014,,,,,,,,,100,100,,,"Trained personnel PLISA Health Information Platform. Indicator profile: Deliveries attended by skilled birth attendants (%) [online database]. Washington, DC: Pan American Health Organization/World Health Organization (PAHO/WHO); 2021 (https://opendata.paho.org/es/indicadores-basicos/tablero-de-los-indicadores-basicos, accessed 30 December 2021). ",2025-04-07T06:46:44Z,2014,2014-01-01,2014-12-31
2196022,MDG_0000000025,COUNTRY,EST,EUR,Europe,YEAR,2008,,,,,,,,,100,100,,," Estonian Medical Birth Registry (EMBR). Skilled birth attendant, 1992-2019. Tallinn: National Institute for Health Development [Estonia]; 2020",2025-04-07T06:46:44Z,2008,2008-01-01,2008-12-31
2197092,MDG_0000000025,COUNTRY,CPV,AFR,Africa,YEAR,2009,,,,,,,,,76,76,,," Relatório Estatístico 2009 [Statistical Report 2009]. Praia: Ministério da Saúde [Ministry of Health], República de Cabo Verde; 2010 (in Portuguese).",2025-04-07T06:46:44Z,2009,2009-01-01,2009-12-31
2201079,MDG_0000000025,COUNTRY,VUT,WPR,Western Pacific,YEAR,2003,,,,,,,,,84,84,,,Skilled health personnel Western Pacific Country Health Information Profiles: 2006 Revision. Manila: World Health Organization Regional Office for the Western Pacific (WPRO); 2006.,2025-04-07T06:46:44Z,2003,2003-01-01,2003-12-31
2213895,MDG_0000000025,COUNTRY,BOL,AMR,Americas,YEAR,2011,,,,,,,,,84,84,,,"Doctor, nurse, auxiliary nurse Encuesta de Hogares 2011. Bolivia: Instituto Nacional de Estadística (INE); 2012 (in Spanish).",2025-04-07T06:46:44Z,2011,2011-01-01,2011-12-31
2219392,MDG_0000000025,COUNTRY,PRY,AMR,Americas,YEAR,2017,,,,,,,,,97,97.3,,,Estadsticas Vitales del Paraguay 2017. Fernando de la Mora: Direccin General de Estadstica; Encuestas y Censos (DGEEC) [Paraguay]; 2018 (in Spanish).,2026-04-21T12:35:59Z,2017,2017-01-01,2017-12-31
2221195,MDG_0000000025,REGION,EUR,,,YEAR,2010,,,,,,,,,98,98,,,,2025-04-07T06:46:44Z,2010,2010-01-01,2010-12-31
2228250,MDG_0000000025,COUNTRY,LBR,AFR,Africa,YEAR,2013,,,,,,,,,61,61,,," Liberia Institute of Statistics and Geo-Information Services (LISGIS), Ministry of Health and Social Welfare [Liberia], National AIDS Control Program [Liberia], ICF International. Liberia Demographic and Health Survey 2013. Monrovia, Liberia: Liberia Institute of Statistics and Geo- Information Services (LISGIS), ICF International; 2014.",2025-04-07T06:46:44Z,2013,2013-01-01,2013-12-31
2228467,MDG_0000000025,COUNTRY,CAN,AMR,Americas,YEAR,2007,,,,,,,,,99,99,,," CANSIM. Table 102-4516 - Live births and fetal deaths (stillbirths), by place of birth (hospital and non-hospital), Canada, provinces and territories, annual [database]. Ottawa: Statistics Canada, Government of Canada; 2013 (https://www80.statcan.gc.ca, accessed 17 October 2014).",2025-04-07T06:46:44Z,2007,2007-01-01,2007-12-31
2230385,MDG_0000000025,COUNTRY,GNB,AFR,Africa,YEAR,2000,,,,,,,,,32,32,,," Multiple Indicator Cluster Survey Guinea-Bissau 2000. Guinea-Bissau: Director General of Planning [Guinea-Bissau], National Institute of Statistics and Census [Guinea-Bissau], United Nations Children’s Fund (UNICEF); 2000. ",2025-04-07T06:46:44Z,2000,2000-01-01,2000-12-31
2241979,MDG_0000000025,COUNTRY,ISL,EUR,Europe,YEAR,2010,,,,,,,,,98,98,,," Births: Home deliveries as percentage of all deliveries in Iceland 1980-2016 [website]. Reykjavík: Directorate of Health [Iceland]; 2017 (https://www.landlaeknir.is/english/statistics/births/, accessed 10 October 2017). ",2025-04-07T06:46:44Z,2010,2010-01-01,2010-12-31
2246676,MDG_0000000025,COUNTRY,VCT,AMR,Americas,YEAR,2008,,,,,,,,,99,99,,,"Trained personnel PLISA Health Information Platform. Indicator profile: Deliveries attended by skilled birth attendants (%) [online database]. Washington, DC: Pan American Health Organization/World Health Organization (PAHO/WHO); 2021 (https://opendata.paho.org/es/indicadores-basicos/tablero-de-los-indicadores-basicos, accessed 30 December 2021). ",2025-04-07T06:46:44Z,2008,2008-01-01,2008-12-31
2247612,MDG_0000000025,COUNTRY,MKD,EUR,Europe,YEAR,2001,,,,,,,,,98,98,,, Statistical Yearbook of the Republic of Macedonia 2004. Skopje: State Statistical Office [Macedonia]; 2005.,2025-04-07T06:46:44Z,2001,2001-01-01,2001-12-31
2252080,MDG_0000000025,COUNTRY,ISL,EUR,Europe,YEAR,2003,,,,,,,,,99,99,,," Births: Home deliveries as percentage of all deliveries in Iceland 1980-2016 [website]. Reykjavík: Directorate of Health [Iceland]; 2017 (https://www.landlaeknir.is/english/statistics/births/, accessed 10 October 2017). ",2025-04-07T06:46:44Z,2003,2003-01-01,2003-12-31
2254012,MDG_0000000025,COUNTRY,BTN,SEAR,South-East Asia,YEAR,2007,,,,,,,,,71,71,,,"Hospital / Polyclinic / Maternity, plus those delivered at home with medical assistance or with a midwife Bhutan Living Standard Survey 2007 - Report. Thimphu: National Statistics Bureau, Bhutan; 2007.",2025-04-07T06:46:44Z,2007,2007-01-01,2007-12-31
2258194,MDG_0000000025,COUNTRY,ETH,AFR,Africa,YEAR,2004,,,,,,,,,6,6,,," Welfare Monitoring Survey 2004. Statistical Report on Basic Population Characteristics, Education, Health, Nutritional Status and Child Care. Statistical bulletin. Addis Ababa: Central Statistical Authority, Ethiopia; 2004.",2025-04-07T06:46:44Z,2004,2004-01-01,2004-12-31
2262737,MDG_0000000025,COUNTRY,PER,AMR,Americas,YEAR,2014,,,,,,,,,90,90,,," Instituto Nacional de Estadística e Informática (INEI) [Perú]. Perú Encuesta Demográfica y de Salud Familiar - ENDES 2014. Lima, Perú: Instituto Nacional de Estadística e Informática (INEI) [Perú]; 2015 (in Spanish).",2025-04-07T06:46:44Z,2014,2014-01-01,2014-12-31
2265308,MDG_0000000025,COUNTRY,CHL,AMR,Americas,YEAR,2004,,,,,,,,,100,100,,,Skilled personnel Indicadores Básicos de Salud 2006. Chile: Ministerio de Salud - Departamento de Estadísticas e Información de Salud (DEIS); 2006 (in Spanish).,2025-04-07T06:46:44Z,2004,2004-01-01,2004-12-31
2265702,MDG_0000000025,REGION,AMR,,,YEAR,2017,,,,,,,,,96,96.4,,,Estimate based on Joint UNICEF-WHO Database on Skilled Birth Attendance 2025,2026-04-21T12:35:59Z,2017,2017-01-01,2017-12-31
2267244,MDG_0000000025,COUNTRY,BMU,AMR,Americas,YEAR,2004,,,,,,,,,100,100,,,"Trained personnel PLISA Health Information Platform. Indicator profile: Deliveries attended by skilled birth attendants (%) [online database]. Washington, DC: Pan American Health Organization/World Health Organization (PAHO/WHO); 2023 (https://opendata.paho.org/es/indicadores-basicos/tablero-de-los-indicadores-basicos, accessed 20 September 2023).",2025-04-07T06:46:44Z,2004,2004-01-01,2004-12-31
2278870,MDG_0000000025,COUNTRY,BHS,AMR,Americas,YEAR,2004,,,,,,,,,98,98,,,"Trained personnel Health Situation in the Americas: Basic Indicators 2006. Washington, DC: Pan American Health Organization/World Health Organization (PAHO/WHO), Health Analysis and Statistics Unit (HA); 2006.",2025-04-07T06:46:44Z,2004,2004-01-01,2004-12-31
2288609,MDG_0000000025,COUNTRY,GRC,EUR,Europe,YEAR,2009,,,,,,,,,100,100,,,"Skilled persons Hellenic Republic, Hellenic Statistical Authority, General Directorate of Statistical Surveys, Vital and Migration Statistics Section, Statistical Output, provided during SDG Country Consultation",2025-04-07T06:46:44Z,2009,2009-01-01,2009-12-31
2292981,MDG_0000000025,COUNTRY,GUY,AMR,Americas,YEAR,2016,,,,,,,,,94,94.3,,,PLISA Health Information Platform. Indicator profile: Deliveries attended by skilled birth attendants (%) [online database]. Washington; DC: Pan American Health Organization/World Health Organization (PAHO/WHO); 2021 (https://opendata.paho.org/es/indicadores-basicos/tablero-de-los-indicadores-basicos; accessed 30 December 2021).,2026-04-21T12:35:59Z,2016,2016-01-01,2016-12-31
2298784,MDG_0000000025,COUNTRY,RUS,EUR,Europe,YEAR,2020,,,,,,,,,100,99.6,,,Federal State Statistics Service. Data on SDG Indicators. Russia; 2021. (https://eng.rosstat.gov.ru/3.1.2) accessed September 29; 2021.,2026-04-21T12:35:59Z,2020,2020-01-01,2020-12-31
2308656,MDG_0000000025,COUNTRY,CHN,WPR,Western Pacific,YEAR,2000,,,,,,,,,97,97,,,Skilled attendant China Statistical Yearbook for Health and Family Planning 2013. Beijing: National Health and Family Planning Commission of China (NHFPC); 2013. ,2025-04-07T06:46:44Z,2000,2000-01-01,2000-12-31
2315193,MDG_0000000025,COUNTRY,NIC,AMR,Americas,YEAR,2001,,,,,,,,,67,67,,," Instituto Nacional de Estadísticas y Censos - INEC [Nicaragua], ORC Macro. Nicaragua Encuesta Nicaragüense de Demografía y Salud 2001. Calverton, Maryland, USA: INEC [Nicaragua], ORC Macro; 2002 (in Spanish).",2025-04-07T06:46:44Z,2001,2001-01-01,2001-12-31
2319283,MDG_0000000025,COUNTRY,POL,EUR,Europe,YEAR,2006,,,,,,,,,99,99,,, Demographic Yearbook of Poland 2007 - Branch Yearbooks. Warsaw: Central Statistical Office [Poland]; 2007.,2025-04-07T06:46:44Z,2006,2006-01-01,2006-12-31
2324294,MDG_0000000025,COUNTRY,GEO,EUR,Europe,YEAR,2023,,,,,,,,,100,99.8,,,Electronic Registry for Maternal and Newborn Health (Birth Registry) Five year report 2018-2022. Country Consultation 2024,2026-04-21T12:35:59Z,2023,2023-01-01,2023-12-31
2327946,MDG_0000000025,COUNTRY,CYP,EUR,Europe,YEAR,2016,,,,,,,,,100,99.9,,,Health Monitoring Unit (HMU); Ministry of Health,2026-04-21T12:35:59Z,2016,2016-01-01,2016-12-31
2333745,MDG_0000000025,COUNTRY,ITA,EUR,Europe,YEAR,2007,,,,,,,,,100,100,,, Certificato di assistenza al parto (CeDAP). Analisi dell’evento nascita - Anno 2007. Roma: Direzione Generale del Sistema Informativo – Ufficio di Statistica; 2010 (in Italian). ,2025-04-07T06:46:44Z,2007,2007-01-01,2007-12-31
2334363,MDG_0000000025,COUNTRY,SAU,EMR,Eastern Mediterranean,YEAR,2010,,,,,,,,,97,97,,,"Skilled health personnel Kingdom of Saudi Arabia. Millennium Development Goals 1432 H, 2011 G. Riyadh: Ministry of Economy and Planning [Saudi Arabia], UN-DESA, United Nations Development Programme (UNDP); 2011.",2025-04-07T06:46:44Z,2010,2010-01-01,2010-12-31
2336866,MDG_0000000025,COUNTRY,NZL,WPR,Western Pacific,YEAR,2020,,,,,,,,,95,94.5,,,National Maternity Collection; Ministry of Health. New Zealand; 2022.,2026-04-21T12:35:59Z,2020,2020-01-01,2020-12-31
2338869,MDG_0000000025,COUNTRY,QAT,EMR,Eastern Mediterranean,YEAR,2016,,,,,,,,,100,100,,,Vital Statistics; Annual Bulletin. Births and Deaths 2016. Doha: Ministry of Development Planning and Statistics [Qatar]; 2017.,2026-04-21T12:35:59Z,2016,2016-01-01,2016-12-31
2350290,MDG_0000000025,COUNTRY,NZL,WPR,Western Pacific,YEAR,2002,,,,,,,,,99,99,,, Report on Maternity. Maternal and Newborn Information 2002. Wellington: Ministry of Health [New Zealand]; 2004.,2025-04-07T06:46:44Z,2002,2002-01-01,2002-12-31
2356165,MDG_0000000025,COUNTRY,AZE,EUR,Europe,YEAR,2021,,,,,,,,,100,100,,,Skilled health personnel Statistical Yearbook 2021. Women and Men in Azerbaijan. Baku: State Statistical Committee of the Republic of Azerbaijan; 2022.,2025-04-07T06:46:44Z,2021,2021-01-01,2021-12-31
2360836,MDG_0000000025,COUNTRY,FJI,WPR,Western Pacific,YEAR,2007,,,,,,,,,99,99,,,"Skilled health personnel Annual Report 2008. Suva: Ministry of Health, Women, Social Welfare & Poverty Alleviation [Fiji]; 2009. ",2025-04-07T06:46:44Z,2007,2007-01-01,2007-12-31
2369459,MDG_0000000025,COUNTRY,PER,AMR,Americas,YEAR,2016,,,,,,,,,92,92.4,,,Per: Encuesta Demogrfica y de Salud Familiar - ENDES 2019. Lima: Instituto Nacional de Estadstica e Informtica (INEI) [Per]; 2019 (in Spanish).,2026-04-21T12:35:59Z,2016,2016-01-01,2016-12-31
2379409,MDG_0000000025,COUNTRY,UZB,EUR,Europe,YEAR,2018,,,,,,,,,100,100,,,Country consultation 2019. The global goals. 3.1.2 - Proportion of births attended by skilled health personnel [website]. Uzbekistan; 2019 (http://nsdg.stat.uz/en/databanks/indicator-table?id=3.1.2; accessed 12 February 2020).,2026-04-21T12:35:59Z,2018,2018-01-01,2018-12-31
2381054,MDG_0000000025,COUNTRY,BMU,AMR,Americas,YEAR,2019,,,,,,,,,100,99.6,,,PLISA Health Information Platform. Indicator profile: Deliveries attended by skilled birth attendants (%) [online database]. Washington; DC: Pan American Health Organization/World Health Organization (PAHO/WHO); 2023 (https://opendata.paho.org/es/indicadores-basicos/tablero-de-los-indicadores-basicos; accessed 20 September 2023).,2026-04-21T12:35:59Z,2019,2019-01-01,2019-12-31
2391067,MDG_0000000025,COUNTRY,ECU,AMR,Americas,YEAR,2004,,,,,,,,,76,76,,,"Doctors, obstetrician and nurse Estadísticas Vitales: Registro Estadístico de Nacidos Vivos y Defunciones 2020. Quito: Instituto Nacional de Estadística y Censos (INEC); 2021 (in Spanish). ",2025-04-07T06:46:44Z,2004,2004-01-01,2004-12-31
2392703,MDG_0000000025,COUNTRY,SVN,EUR,Europe,YEAR,2004,,,,,,,,,100,100,,, Statistical Yearbook 2006. Ljubljana: Statistical Office of the Republic of Slovenia; 2006.,2025-04-07T06:46:44Z,2004,2004-01-01,2004-12-31
2399225,MDG_0000000025,COUNTRY,NPL,SEAR,South-East Asia,YEAR,2016,,,,,,,,,58,58,,,Ministry of Health; Nepal; New ERA; ICF. Nepal Demographic and Health Survey 2016. Kathmandu; Nepal: Ministry of Health; Nepal; 2017.,2026-04-21T12:35:59Z,2016,2016-01-01,2016-12-31
2401723,MDG_0000000025,COUNTRY,TTO,AMR,Americas,YEAR,2008,,,,,,,,,100,100,,," Vital Statistics 2008: Tbls 10-12. Live births by person in attendance and parity, 2008 [website]. Trinidad and Tobago: Central Statistical Office (CSO) [Trinidad & Tobago]; 2012 (http://cso.planning.gov.tt/content /live-births-person-attendance-and-parity-2008, accessed 7 November 2013).",2025-04-07T06:46:44Z,2008,2008-01-01,2008-12-31
2407195,MDG_0000000025,COUNTRY,EST,EUR,Europe,YEAR,2022,,,,,,,,,99,99.1,,,Estonian Medical Birth Registry (EMBR). SR03: Births by hospital and women's place of residence; 2022. Tallinn: National Institute for Health Development [Estonia]; 2023.,2026-04-21T12:35:59Z,2022,2022-01-01,2022-12-31
2408978,MDG_0000000025,COUNTRY,OMN,EMR,Eastern Mediterranean,YEAR,2014,,,,,,,,,99,99,,," National Centre for Statistics and Information, United Nations Children’s Fund (UNICEF). Multiple Indicator Cluster Survey 2014, Final Report. Muscat, Oman: National Centre for Statistics and Information; 2017 (in Arabic).",2025-04-07T06:46:44Z,2014,2014-01-01,2014-12-31
2409521,MDG_0000000025,REGION,AMR,,,YEAR,2004,,,,,,,,,91,91,,,,2025-04-07T06:46:44Z,2004,2004-01-01,2004-12-31
2410343,MDG_0000000025,COUNTRY,DMA,AMR,Americas,YEAR,2000,,,,,,,,,100,100,,,"Trained personnel Health Situation in the Americas: Basic Indicators 2004. Washington, DC: Pan American Health Organization/World Health Organization (PAHO/WHO), Area of Health Analysis and Information Systems (AIS); 2004.",2025-04-07T06:46:44Z,2000,2000-01-01,2000-12-31
2412008,MDG_0000000025,COUNTRY,DEU,EUR,Europe,YEAR,2013,,,,,,,,,97,97,,," Indicator 3..2.1: proportion of births attended by skilled health personnel [online database]. Wiesbaden: Statistisches Bundesamt (DESTATIS); 2019 (https://sustainabledevelopment-germany.github.io/en/3-1-2/, accessed 30 January 2020). 

Source for sample size: 
Live births and difference to the previous year [online database]. Wiesbaden: Statistisches Bundesamt (DESTATIS); 2019 (https://www.destatis.de/EN/Themes/Society-Environment/Population/Births/Tables/live-birth-difference.html;jsessionid=E7096D28FE065513E5F04C559D739AAF.internet721, accessed 30 January 2020). ",2025-04-07T06:46:44Z,2013,2013-01-01,2013-12-31
2419185,MDG_0000000025,COUNTRY,RUS,EUR,Europe,YEAR,2003,,,,,,,,,99,99,,,"Skilled health personnel Transformative Monitoring for Enhanced Equity (TransMonEE) 2012 Database [online database]. Geneva: UNICEF Europe and Central Asia Regional Office; 2012 (www.transmonee.org, accessed 1 November 2012). ",2025-04-07T06:46:44Z,2003,2003-01-01,2003-12-31
2425661,MDG_0000000025,COUNTRY,MKD,EUR,Europe,YEAR,2003,,,,,,,,,99,99,,, Statistical Yearbook of the Republic of Macedonia 2004. Skopje: State Statistical Office [Macedonia]; 2005.,2025-04-07T06:46:44Z,2003,2003-01-01,2003-12-31
2427079,MDG_0000000025,COUNTRY,BRA,AMR,Americas,YEAR,2016,,,,,,,,,99,98.6,,,Ministrio da Sade; Sistema de Informaes sobre Nascidos Vivos (SINASC); (https://odsbrasil.gov.br/objetivo3/indicador312#); 2021,2026-04-21T12:35:59Z,2016,2016-01-01,2016-12-31
2429649,MDG_0000000025,COUNTRY,KNA,AMR,Americas,YEAR,2021,,,,,,,,,100,100,,,PLISA Health Information Platform. Indicator profile: Deliveries attended by skilled birth attendants (%) [online database]. Washington; DC: Pan American Health Organization/World Health Organization (PAHO/WHO); 2023 (https://opendata.paho.org/es/indicadores-basicos/tablero-de-los-indicadores-basicos; accessed 21 September 2023).,2026-04-21T12:35:59Z,2021,2021-01-01,2021-12-31
2433454,MDG_0000000025,COUNTRY,USA,AMR,Americas,YEAR,2010,,,,,,,,,99,99,,," Martin JA, Hamilton BE, Ventura SJ, Osterman MJK, Wilson EC, Mathews TJ. Births: Final Data for 2010. National Vital Statistics Reports; vol. 61, no. 1. Hyattsville, MD: National Center for Health Statistics; 2012.",2025-04-07T06:46:44Z,2010,2010-01-01,2010-12-31
2434939,MDG_0000000025,COUNTRY,KWT,EMR,Eastern Mediterranean,YEAR,2008,,,,,,,,,99,99,,, Annual Bulletin for Vital Statistics - Births and Deaths 2008. Kuwait City: Central Statistical Bureau (Office) [Kuwait]; 2009.,2025-04-07T06:46:44Z,2008,2008-01-01,2008-12-31
2438166,MDG_0000000025,COUNTRY,MWI,AFR,Africa,YEAR,2006,,,,,,,,,54,54,,," National Statistics Office, United Nations Children's Fund (UNICEF). Malawi Multiple Indicator Cluster Survey 2006, Final Report. Lilongwe, Malawi: National Statistics Office, UNICEF; 2008.",2025-04-07T06:46:44Z,2006,2006-01-01,2006-12-31
2439442,MDG_0000000025,COUNTRY,AZE,EUR,Europe,YEAR,2020,,,,,,,,,100,99.9,,,Statistical Yearbook 2020. Women and Men in Azerbaijan. Baku: State Statistical Committee of the Republic of Azerbaijan; 2021.,2026-04-21T12:35:59Z,2020,2020-01-01,2020-12-31
2440827,MDG_0000000025,REGION,AMR,,,YEAR,2021,,,,,,,,,96,96,,,Estimate based on Joint UNICEF-WHO Database on Skilled Birth Attendance 2025,2026-04-21T12:35:59Z,2021,2021-01-01,2021-12-31
2442289,MDG_0000000025,COUNTRY,KAZ,EUR,Europe,YEAR,2002,,,,,,,,,99,99,,,"Skilled health personnel Transformative Monitoring for Enhanced Equity (TransMonEE) 2012 Database [online database]. Geneva: UNICEF Europe and Central Asia Regional Office; 2012 (www.transmonee.org, accessed 1 November 2012). ",2025-04-07T06:46:44Z,2002,2002-01-01,2002-12-31
2457781,MDG_0000000025,REGION,EUR,,,YEAR,2017,,,,,,,,,99,99,,,Estimate based on Joint UNICEF-WHO Database on Skilled Birth Attendance 2025,2026-04-21T12:35:59Z,2017,2017-01-01,2017-12-31
2462517,MDG_0000000025,COUNTRY,TGO,AFR,Africa,YEAR,2017,,,,,,,,,69,69.4,,,Enqute par grappes indicateurs multiples (MICS6) Togo; 2017; Rapport final. Lom: Institut National de la Statistique et des Etudes Economiques et Dmographiques (INSEED); UNICEF; 2018 (in French).,2026-04-21T12:35:59Z,2017,2017-01-01,2017-12-31
2464524,MDG_0000000025,COUNTRY,SDN,EMR,Eastern Mediterranean,YEAR,2014,,,,,,,,,78,78,,,"Doctor, nurse midwife, village midwife Central Bureau of Statistics (CBS), United Nations Children's Fund (UNICEF) Sudan. Multiple Indicator Cluster Survey 2014 of Sudan, Final Report. Khartoum, Sudan: UNICEF, Central Bureau of Statistics (CBS); 2016.",2025-04-07T06:46:44Z,2014,2014-01-01,2014-12-31
2472547,MDG_0000000025,COUNTRY,SAU,EMR,Eastern Mediterranean,YEAR,2016,,,,,,,,,98,98,,,Sustainable Development Goals (SDGs) Indicators Report 2020. General Authority of Statistics. Saudi Arabia; 2020.,2026-04-21T12:35:59Z,2016,2016-01-01,2016-12-31
2472860,MDG_0000000025,COUNTRY,CPV,AFR,Africa,YEAR,2008,,,,,,,,,75,75,,," Relatório Estatístico 2009 [Statistical Report 2009]. Praia: Ministério da Saúde [Ministry of Health], República de Cabo Verde; 2010 (in Portuguese).",2025-04-07T06:46:44Z,2008,2008-01-01,2008-12-31
2474443,MDG_0000000025,COUNTRY,BRA,AMR,Americas,YEAR,2005,,,,,,,,,99,99,,," DATASUS [online database]. Brazil: MS/SVS/DASIS - Sistema de Informações sobre Nacidos Vivos – SINASC. Nascim p/resid.mãe por Local ocorrência segundo Região. Período: 2005; 2011 (http://tabnet.datasus.gov.br/cgi/deftohtm.exe?sinasc/cnv/nvuf.def, accessed 27 July 2011, in Portuguese).",2025-04-07T06:46:44Z,2005,2005-01-01,2005-12-31
2478751,MDG_0000000025,COUNTRY,GRC,EUR,Europe,YEAR,2000,,,,,,,,,100,100,,,"Skilled persons Hellenic Republic, Hellenic Statistical Authority, General Directorate of Statistical Surveys, Vital and Migration Statistics Section, Statistical Output, provided during SDG Country Consultation",2025-04-07T06:46:44Z,2000,2000-01-01,2000-12-31
2490850,MDG_0000000025,COUNTRY,KNA,AMR,Americas,YEAR,2019,,,,,,,,,100,100,,,PLISA Health Information Platform. Indicator profile: Deliveries attended by skilled birth attendants (%) [online database]. Washington; DC: Pan American Health Organization/World Health Organization (PAHO/WHO); 2021 (https://opendata.paho.org/es/indicadores-basicos/tablero-de-los-indicadores-basicos; accessed 30 December 2021).,2026-04-21T12:35:59Z,2019,2019-01-01,2019-12-31
2493094,MDG_0000000025,COUNTRY,MDG,AFR,Africa,YEAR,2018,,,,,,,,,46,46.1,,,INSTAT et UNICEF. Enqute par grappes indicateurs multiplesMICS Madagascar; 2018; Rapport final. Antananarivo; Madagascar: INSTAT et UNICEF; 2019. (in French),2026-04-21T12:35:59Z,2018,2018-01-01,2018-12-31
2493107,MDG_0000000025,COUNTRY,MDG,AFR,Africa,YEAR,2000,,,,,,,,,47,47,,," Enquête A Indicateurs Multiples MICS 2000 Madagascar. Madagascar: Institut National De La Statistique, Ministère Des Finances et de l’Économie [Madagascar], Fonds des Nations Unies pour l'Enfance (UNICEF); 2001 (in French). ",2025-04-07T06:46:44Z,2000,2000-01-01,2000-12-31
2498827,MDG_0000000025,COUNTRY,STP,AFR,Africa,YEAR,2014,,,,,,,,,93,93,,,"Skilled health personnel National Institute of Statistics, United Nations Children's Fund (UNICEF). Sao Tome and Principe Multiple Indicator Cluster Survey 2014, Final Report. São Tomé, São Tomé and Príncipe: National Institute of Statistics; 2016. ",2025-04-07T06:46:44Z,2014,2014-01-01,2014-12-31
2510679,MDG_0000000025,COUNTRY,RUS,EUR,Europe,YEAR,2010,,,,,,,,,100,100,,,"Skilled health personnel Federal State Statistics Service. Data on SDG Indicators. Russia; 2021. (https://eng.rosstat.gov.ru/3.1.2) accessed September 29, 2021.",2025-04-07T06:46:44Z,2010,2010-01-01,2010-12-31
2512001,MDG_0000000025,COUNTRY,COM,AFR,Africa,YEAR,2000,,,,,,,,,62,62,,," Enquête à Indicateurs Multiples (MICS 2000). Rapport Final (1er Draft). Direction Generale du Plan, Comores, UNICEF; 2001 (in French).",2025-04-07T06:46:44Z,2000,2000-01-01,2000-12-31
2526581,MDG_0000000025,COUNTRY,EST,EUR,Europe,YEAR,2003,,,,,,,,,100,100,,," Estonian Medical Birth Registry (EMBR). Skilled birth attendant, 1992-2019. Tallinn: National Institute for Health Development [Estonia]; 2020 (http://www.tai.ee/en/r-and-d/registers/estonian-medical-birth-registry-and-estonian-abortion-registry/statistics, accessed 15 October 2013).",2025-04-07T06:46:44Z,2003,2003-01-01,2003-12-31
2534325,MDG_0000000025,COUNTRY,MDA,EUR,Europe,YEAR,2000,,,,,,,,,98,98,,,"Skilled health personnel Transformative Monitoring for Enhanced Equity (TransMonEE) 2012 Database [online database]. Geneva: UNICEF Europe and Central Asia Regional Office; 2012 (www.transmonee.org, accessed 1 November 2012). ",2025-04-07T06:46:44Z,2000,2000-01-01,2000-12-31
2537113,MDG_0000000025,COUNTRY,CUB,AMR,Americas,YEAR,2018,,,,,,,,,100,99.9,,,Anuario Estadstico de Salud 2018. La Habana: Direccin de Registros Mdicos y Estadsticas de Salud; Ministerio de Salud Pblica de Cuba; 2019 (in Spanish).,2026-04-21T12:35:59Z,2018,2018-01-01,2018-12-31
2539572,MDG_0000000025,COUNTRY,CHN,WPR,Western Pacific,YEAR,2011,,,,,,,,,100,100,,,Skilled attendant China Statistical Yearbook for Health and Family Planning 2013. Beijing: National Health and Family Planning Commission of China (NHFPC); 2013. ,2025-04-07T06:46:44Z,2011,2011-01-01,2011-12-31
2540856,MDG_0000000025,COUNTRY,QAT,EMR,Eastern Mediterranean,YEAR,2023,,,,,,,,,100,100,,,Qatar Multiple Indicator Cluster Survey 2023: Statistical Snapshot. National Planning Council and ICF; 2024.,2026-04-21T12:35:59Z,2023,2023-01-01,2023-12-31
2540872,MDG_0000000025,COUNTRY,KNA,AMR,Americas,YEAR,2005,,,,,,,,,100,100,,,"Trained personnel Health Situation in the Americas: Basic Indicators 2007. Washington, DC: Pan American Health Organization/World Health Organization (PAHO/WHO), Health Analysis and Statistics Unit (HA); 2007.",2025-04-07T06:46:44Z,2005,2005-01-01,2005-12-31
2541091,MDG_0000000025,COUNTRY,IRL,EUR,Europe,YEAR,2006,,,,,,,,,100,100,,," Perinatal Statistics Report 2006. Dublin: Health Research and Information Division, the Economic and Social Research Institute (ESRI); 2008.  ",2025-04-07T06:46:44Z,2006,2006-01-01,2006-12-31
2542966,MDG_0000000025,COUNTRY,ARM,EUR,Europe,YEAR,2009,,,,,,,,,100,100,,,"Skilled health personnel Transformative Monitoring for Enhanced Equity (TransMonEE) 2012 Database [online database]. Geneva: UNICEF Europe and Central Asia Regional Office; 2012 (www.transmonee.org, accessed 1 November 2012). ",2025-04-07T06:46:44Z,2009,2009-01-01,2009-12-31
2544103,MDG_0000000025,COUNTRY,OMN,EMR,Eastern Mediterranean,YEAR,2007,,,,,,,,,99,99,,,"Skilled personnel Annual Health Report 2011. Muscat: Ministry of Health, Department of Health Information and Statistics, Directorate General of Planning [Oman]; 2012.",2025-04-07T06:46:44Z,2007,2007-01-01,2007-12-31
2546276,MDG_0000000025,COUNTRY,DEU,EUR,Europe,YEAR,2005,,,,,,,,,98,98,,, Qualitätsbericht 2012. Außerklinische Geburtshilfe in Deutschland. Storkow: Gesellschaft für Qualität in der außerklinischen Geburtshilfe e.V. (QUAG e.V.); 2014 (in German).  ,2025-04-07T06:46:44Z,2005,2005-01-01,2005-12-31
2547410,MDG_0000000025,COUNTRY,PAN,AMR,Americas,YEAR,2019,,,,,,,,,95,95,,,PLISA Health Information Platform. Indicator profile: Deliveries attended by skilled birth attendants (%) [online database]. Washington; DC: Pan American Health Organization/World Health Organization (PAHO/WHO); 2021 (https://opendata.paho.org/es/indicadores-basicos/tablero-de-los-indicadores-basicos; accessed 30 December 2021).,2026-04-21T12:35:59Z,2019,2019-01-01,2019-12-31
2556308,MDG_0000000025,COUNTRY,LAO,WPR,Western Pacific,YEAR,2005,,,,,,,,,15,15,,," Lao Reproductive Health Survey 2005. UNFPA Project LAO/02/P07. Vientiane: Committee for Planning and Investment, National Statistics Centre, United Nations Population Fund (UNFPA); 2007.",2025-04-07T06:46:44Z,2005,2005-01-01,2005-12-31
2565772,MDG_0000000025,COUNTRY,ZWE,AFR,Africa,YEAR,2015,,,,,,,,,78,78,,," Zimbabwe National Statistics Agency, ICF International. Zimbabwe Demographic and Health Survey 2015: Final Report. Rockville, Maryland, USA: Zimbabwe National Statistics Agency (ZIMSTAT), ICF International; 2016.",2025-04-07T06:46:44Z,2015,2015-01-01,2015-12-31
2567294,MDG_0000000025,COUNTRY,AFG,EMR,Eastern Mediterranean,YEAR,2003,,,,,,,,,14,14,,," Multiple Indicator Cluster Survey - 2003 Afghanistan. Afghanistan: Central Statistics Office [Afghanistan], United Nations Children’s Fund (UNICEF); 2004.",2025-04-07T06:46:44Z,2003,2003-01-01,2003-12-31
2569687,MDG_0000000025,REGION,AMR,,,YEAR,2003,,,,,,,,,91,91,,,,2024-04-26T13:59:03Z,2003,2003-01-01,2003-12-31
2570097,MDG_0000000025,COUNTRY,USA,AMR,Americas,YEAR,2019,,,,,,,,,99,99,,,Martin JA; Hamilton BE; Osterman MJK; Driscoll AK. Births: Final Data for 2019. National Vital Statistics Reports; vol 70 no 2. Hyattsville; MD: National Center for Health Statistics; 2021.,2026-04-21T12:35:59Z,2019,2019-01-01,2019-12-31
2572855,MDG_0000000025,COUNTRY,MDV,SEAR,South-East Asia,YEAR,2013,,,,,,,,,96,96,,, The Maldives Health Statistics 2014. Malé: Ministry of Health [Republic of Maldives]; 2017.,2025-04-07T06:46:44Z,2013,2013-01-01,2013-12-31
2578089,MDG_0000000025,COUNTRY,MWI,AFR,Africa,YEAR,2010,,,,,,,,,71,71,,," National Statistical Office (NSO), ICF Macro. Malawi Demographic and Health Survey 2010. Zomba, Malawi, Calverton, Maryland, USA: NSO, ICF Macro; 2011.",2025-04-07T06:46:44Z,2010,2010-01-01,2010-12-31
2582737,MDG_0000000025,COUNTRY,POL,EUR,Europe,YEAR,2022,,,,,,,,,100,99.6,,,Statistics Poland (GUS) [Website]. Warsaw: Statistics Poland (GUS); 2023 (https://sdg.gov.pl/en/statistics_glob/3-1-2/; accessed 22 September 2023).,2026-04-21T12:35:59Z,2022,2022-01-01,2022-12-31
2582910,MDG_0000000025,COUNTRY,POL,EUR,Europe,YEAR,2017,,,,,,,,,100,99.8,,,Statistics Poland (GUS) [Website]. Warsaw: Statistics Poland (GUS); 2020 (https://sdg.gov.pl/en/statistics_glob/3-1-2/; accessed 28 February 2021).,2026-04-21T12:35:59Z,2017,2017-01-01,2017-12-31
2583188,MDG_0000000025,COUNTRY,AUT,EUR,Europe,YEAR,2000,,,,,,,,,98,98,,, Jahrbuch der Gesundheitsstatistik 2003. Wien: Statistik Austria; 2005 (in German).,2025-04-07T06:46:44Z,2000,2000-01-01,2000-12-31
2586577,MDG_0000000025,COUNTRY,LVA,EUR,Europe,YEAR,2014,,,,,,,,,98,98,,," Statistical Yearbook of Health Care in Latvia 16th edition, 2014. Riga: The Centre for Disease Prevention and Control of Latvia; 2015.",2025-04-07T06:46:44Z,2014,2014-01-01,2014-12-31
2588981,MDG_0000000025,COUNTRY,GRD,AMR,Americas,YEAR,2020,,,,,,,,,100,100,,,PLISA Health Information Platform. Indicator profile: Deliveries attended by skilled birth attendants (%) [online database]. Washington; DC: Pan American Health Organization/World Health Organization (PAHO/WHO); 2023 (https://opendata.paho.org/es/indicadores-basicos/tablero-de-los-indicadores-basicos; accessed 21 September 2023).,2026-04-21T12:35:59Z,2020,2020-01-01,2020-12-31
2592956,MDG_0000000025,COUNTRY,PAN,AMR,Americas,YEAR,2017,,,,,,,,,94,94.2,,,Estadsticas Vitales - Volumen II - Nacimientos Vivos y Defunciones Fetales: Ao 2017 [electronic publication]. Panam: Instituto Nacional de Estadstica y Censo (INEC) [Panama]; 2018 (https://www.inec.gob.pa/publicaciones/Default3.aspx?ID_PUBLICACION=974&ID_CATEGORIA=3&ID_SUBCATEGORIA=6; accessed 10 February 2020; in Spanish).,2026-04-21T12:35:59Z,2017,2017-01-01,2017-12-31
2595295,MDG_0000000025,COUNTRY,DMA,AMR,Americas,YEAR,2019,,,,,,,,,100,100,,,PLISA Health Information Platform. Indicator profile: Deliveries attended by skilled birth attendants (%) [online database]. Washington; DC: Pan American Health Organization/World Health Organization (PAHO/WHO); 2021 (https://opendata.paho.org/es/indicadores-basicos/tablero-de-los-indicadores-basicos; accessed 30 December 2021).,2026-04-21T12:35:59Z,2019,2019-01-01,2019-12-31
2596074,MDG_0000000025,COUNTRY,IRN,EMR,Eastern Mediterranean,YEAR,2012,,,,,,,,,99,99,,,"Skilled personnel Millennium Development Goals (MDG) - 2014 Report. Proportion of births attended by skilled health personnel, percent [website]. Tehran: Statistical Center of Iran; 2015 (https://www.amar.org.ir/english/MDG-2014/MDG-Goal_5/MDG-Goal-5-P2, accessed 28 November 2017). ",2025-04-07T06:46:44Z,2012,2012-01-01,2012-12-31
2598055,MDG_0000000025,COUNTRY,BDI,AFR,Africa,YEAR,2005,,,,,,,,,32,32,,," Enquête Nationale d’Évaluation des Conditions de vie de l’Enfant et de la Femme au Burundi-2005. Rapport Definitif. Bujumbura: Institut de Statistiques et d’Études Économiques du Burundi, Fonds des Nations Unies pour la population (FNUAP/UNFPA), Fonds des Nations Unies pour l'Enfance (UNICEF), World Bank; 2008 (in French).",2025-04-07T06:46:44Z,2005,2005-01-01,2005-12-31
2598120,MDG_0000000025,COUNTRY,BLR,EUR,Europe,YEAR,2004,,,,,,,,,100,100,,,"Skilled health personnel Transformative Monitoring for Enhanced Equity (TransMonEE) 2012 Database [online database]. Geneva: UNICEF Europe and Central Asia Regional Office; 2012 (www.transmonee.org, accessed 1 November 2012). ",2025-04-07T06:46:44Z,2004,2004-01-01,2004-12-31
2608392,MDG_0000000025,COUNTRY,IRN,EMR,Eastern Mediterranean,YEAR,2005,,,,,,,,,97,97,,,Skilled personnel Islamic Republic of Iran. Reproductive health profile 2008. Cairo: World Health Organization Regional Office for the Eastern Mediterranean (WHO/EMRO); 2010.,2025-04-07T06:46:44Z,2005,2005-01-01,2005-12-31
2609333,MDG_0000000025,COUNTRY,MDA,EUR,Europe,YEAR,2017,,,,,,,,,100,99.7,,,Statistical databank. Share of births attended by skilled health personnel by Indicators and Years [online database]. Chisinau: National Bureau of Statistics [Republic of Moldova]; 2019 (https://statbank.statistica.md/pxweb/pxweb/en/50%20Statistica%20gender/50%20Statistica%20gender__GEN04/GEN040600soc.px/table/tableViewLayout1/?rxid=b2ff27d7-0b96-43c9-934b-42e1a2a9a774; accessed 5 February 2020).,2026-04-21T12:35:59Z,2017,2017-01-01,2017-12-31
2611539,MDG_0000000025,COUNTRY,BMU,AMR,Americas,YEAR,2015,,,,,,,,,99,99,,,"Trained personnel PLISA Health Information Platform. Indicator profile: Deliveries attended by skilled birth attendants (%) [online database]. Washington, DC: Pan American Health Organization/World Health Organization (PAHO/WHO); 2023 (https://opendata.paho.org/es/indicadores-basicos/tablero-de-los-indicadores-basicos, accessed 20 September 2023).",2025-04-07T06:46:44Z,2015,2015-01-01,2015-12-31
2626088,MDG_0000000025,COUNTRY,SEN,AFR,Africa,YEAR,2018,,,,,,,,,74,74.2,,,Sngal: Enqute Dmographique et de Sant Continue (EDS-Continue) 2018. Rockville; Maryland; USA: Agence Nationale de la Statistique et de la Dmographie (ANSD); ICF; 2019 (in French).,2026-04-21T12:35:59Z,2018,2018-01-01,2018-12-31
2638177,MDG_0000000025,COUNTRY,VCT,AMR,Americas,YEAR,2002,,,,,,,,,100,100,,,"Trained personnel PLISA Health Information Platform. Indicator profile: Deliveries attended by skilled birth attendants (%) [online database]. Washington, DC: Pan American Health Organization/World Health Organization (PAHO/WHO); 2021 (https://opendata.paho.org/es/indicadores-basicos/tablero-de-los-indicadores-basicos, accessed 30 December 2021). ",2025-04-07T06:46:44Z,2002,2002-01-01,2002-12-31
2638901,MDG_0000000025,COUNTRY,BRA,AMR,Americas,YEAR,2021,,,,,,,,,98,98.2,,,Ministrio da Sade; Sistema de Informaes sobre Nascidos Vivos (SINASC); (https://odsbrasil.gov.br/objetivo3/indicador312#); 2023,2026-04-21T12:35:59Z,2021,2021-01-01,2021-12-31
2639989,MDG_0000000025,COUNTRY,SSD,AFR,Africa,YEAR,2020,,,,,,,,,40,39.7,,,The South Sudan LQAS Household Survey 2020,2026-04-21T12:35:59Z,2020,2020-01-01,2020-12-31
2640848,MDG_0000000025,COUNTRY,HUN,EUR,Europe,YEAR,2004,,,,,,,,,100,100,,,"Skilled health personnel Transformative Monitoring for Enhanced Equity (TransMonEE) 2012 Database [online database]. Geneva: UNICEF Europe and Central Asia Regional Office; 2012 (www.transmonee.org, accessed 1 November 2012). ",2025-04-07T06:46:44Z,2004,2004-01-01,2004-12-31
2651117,MDG_0000000025,COUNTRY,ROU,EUR,Europe,YEAR,2003,,,,,,,,,99,99,,,"Skilled health personnel Transformative Monitoring for Enhanced Equity (TransMonEE) 2012 Database [online database]. Geneva: UNICEF Europe and Central Asia Regional Office; 2012 (www.transmonee.org, accessed 1 November 2012). ",2025-04-07T06:46:44Z,2003,2003-01-01,2003-12-31
2651805,MDG_0000000025,COUNTRY,KWT,EMR,Eastern Mediterranean,YEAR,2013,,,,,,,,,99,99,,, Annual Bulletin for Vital Statistics - Births and Deaths 2013. Kuwait City: Central Statistical Bureau (Office) [Kuwait]; 2014.,2025-04-07T06:46:44Z,2013,2013-01-01,2013-12-31
2654536,MDG_0000000025,COUNTRY,BDI,AFR,Africa,YEAR,2012,,,,,,,,,78,78,,, Enquete ménages pour le suivi et l'évaluation de l'impact de l'appui au système de remboursement du paquet minimum des services des santé 2012,2025-04-07T06:46:44Z,2012,2012-01-01,2012-12-31
2658373,MDG_0000000025,COUNTRY,BHR,EMR,Eastern Mediterranean,YEAR,2007,,,,,,,,,97,97,,, Health Statistics of 2007. Bahrain: Ministry of Health; 2008.,2025-04-07T06:46:44Z,2007,2007-01-01,2007-12-31
2663703,MDG_0000000025,COUNTRY,AZE,EUR,Europe,YEAR,2013,,,,,,,,,100,100,,,Skilled health personnel Statistical Yearbook of Azerbaijan 2015. Baku: State Statistical Committee of the Republic of Azerbaijan; 2015.,2025-04-07T06:46:44Z,2013,2013-01-01,2013-12-31
2666542,MDG_0000000025,COUNTRY,PRY,AMR,Americas,YEAR,2006,,,,,,,,,91,91,,," Estadísticas Vitales del Paraguay 2006-2007. Fernando de la Mora: Dirección General de Estadística, Encuestas y Censos (DGEEC) [Paraguay]; 2009 (in Spanish).",2025-04-07T06:46:44Z,2006,2006-01-01,2006-12-31
2668760,MDG_0000000025,COUNTRY,BLZ,AMR,Americas,YEAR,2018,,,,,,,,,95,94.8,,,PLISA Health Information Platform. Indicator profile: Deliveries attended by skilled birth attendants (%) [online database]. Washington; DC: Pan American Health Organization/World Health Organization (PAHO/WHO); 2021 (https://opendata.paho.org/es/indicadores-basicos/tablero-de-los-indicadores-basicos; accessed 30 December 2021).,2026-04-21T12:35:59Z,2018,2018-01-01,2018-12-31
2669620,MDG_0000000025,COUNTRY,KGZ,EUR,Europe,YEAR,2010,,,,,,,,,98,98,,,"Skilled health personnel Transformative Monitoring for Enhanced Equity (TransMonEE) Kyrgyzstan. [2.A. Performance Health of Mother and Child] [online database]. Bishkek City: National Statistical Committee of the Kyrgyz Republic; 2012 (www.stat.kg, accessed 6 November 2012, in Russian/Kyrgyz). ",2025-04-07T06:46:44Z,2010,2010-01-01,2010-12-31
2675642,MDG_0000000025,COUNTRY,SAU,EMR,Eastern Mediterranean,YEAR,2008,,,,,,,,,97,97,,,"Skilled health personnel Kingdom of Saudi Arabia. Millennium Development Goals 1431 H, 2010 G. Riyadh: Ministry of Economy and Planning [Saudi Arabia], UN-DESA, United Nations Development Programme (UNDP); 2010.",2025-04-07T06:46:44Z,2008,2008-01-01,2008-12-31
2676225,MDG_0000000025,COUNTRY,KNA,AMR,Americas,YEAR,2009,,,,,,,,,100,100,,,"Trained personnel PLISA Health Information Platform. Indicator profile: Deliveries attended by skilled birth attendants (%) [online database]. Washington, DC: Pan American Health Organization/World Health Organization (PAHO/WHO); 2021 (https://opendata.paho.org/es/indicadores-basicos/tablero-de-los-indicadores-basicos, accessed 30 December 2021). ",2025-04-07T06:46:44Z,2009,2009-01-01,2009-12-31
2676942,MDG_0000000025,COUNTRY,CPV,AFR,Africa,YEAR,2011,,,,,,,,,99,99,,," Relatório Estatístico 2011 [Statistical Report 2011]. Praia: Ministério da Saúde [Ministry of Health], República de Cabo Verde; 2012 (in Portuguese).",2025-04-07T06:46:44Z,2011,2011-01-01,2011-12-31
2677797,MDG_0000000025,COUNTRY,HUN,EUR,Europe,YEAR,2003,,,,,,,,,100,100,,,"Skilled health personnel Transformative Monitoring for Enhanced Equity (TransMonEE) 2012 Database [online database]. Geneva: UNICEF Europe and Central Asia Regional Office; 2012 (www.transmonee.org, accessed 1 November 2012). ",2025-04-07T06:46:44Z,2003,2003-01-01,2003-12-31
2678358,MDG_0000000025,COUNTRY,CPV,AFR,Africa,YEAR,2016,,,,,,,,,93,92.6,,,Relatrio Estatstico 2016 [Statistical Report 2016]. Praia: Ministrio da Sade e da Segurana Social [Cabo Verde]; 2017 (in Portuguese).,2026-04-21T12:35:59Z,2016,2016-01-01,2016-12-31
2683097,MDG_0000000025,COUNTRY,MAR,EMR,Eastern Mediterranean,YEAR,2011,,,,,,,,,74,74,,," Enquête Nationale sur la Population et la Santé Familiale (ENPSF) 2011. Rabat, Le Caire: Ministère de la Santé [Morocco], Projet PAPFAM, Ligue des États Arabes; 2012 (in French).",2025-04-07T06:46:44Z,2011,2011-01-01,2011-12-31
2689690,MDG_0000000025,COUNTRY,TJK,EUR,Europe,YEAR,2013,,,,,,,,,91,91,,,"Skilled health personnel Transformative Monitoring for Enhanced Equity (TransMonEE) 2016 Database [online database]. Geneva: UNICEF Europe and Central Asia Regional Office; 2016 (www.transmonee.org, accessed 17 October 2016). ",2025-04-07T06:46:44Z,2013,2013-01-01,2013-12-31
2691680,MDG_0000000025,COUNTRY,AUS,WPR,Western Pacific,YEAR,2000,,,,,,,,,99,99,,, Australia’s mothers and babies 2000. Perinatal Statistics Series no. 12. AIHW Cat. No. PER 21. Canberra: Australian Institute of Health and Welfare National Perinatal Statistics Unit (AIHW NPSU); 2003.,2025-04-07T06:46:44Z,2000,2000-01-01,2000-12-31
2692552,MDG_0000000025,COUNTRY,SWZ,AFR,Africa,YEAR,2002,,,,,,,,,74,74,,,"Health professional Report for Swaziland Community Health Survey 2002 (Swaziland 2002 CHS). Swaziland: Swaziland Government, Ministry of Health and Social Welfare; 2003.",2025-04-07T06:46:44Z,2002,2002-01-01,2002-12-31
2695642,MDG_0000000025,COUNTRY,NZL,WPR,Western Pacific,YEAR,2007,,,,,,,,,97,97,,," Report on Maternity 2014. Accompanying tables: Labour and Birth: place of birth. Table 37: Number and percentage of women giving birth, by place of birth 2005-2014. Wellington: Ministry of Health [New Zealand]; 2015.",2025-04-07T06:46:44Z,2007,2007-01-01,2007-12-31
2705412,MDG_0000000025,COUNTRY,LBY,EMR,Eastern Mediterranean,YEAR,2011,,,,,,,,,100,100,,,Trained personnel Vital Statistics 2011. Libya: Ministry of Health [Libya]; 2012.,2025-04-07T06:46:44Z,2011,2011-01-01,2011-12-31
2705918,MDG_0000000025,COUNTRY,SYC,AFR,Africa,YEAR,2000,,,,,,,,,99,99,,,Skilled health staff Seychelles Millennium Development Goals: Status Report 2010. Mahé: Ministry of Foreign Affairs [Seychelles]; 2010.,2025-04-07T06:46:44Z,2000,2000-01-01,2000-12-31
2711858,MDG_0000000025,COUNTRY,SEN,AFR,Africa,YEAR,2000,,,,,,,,,58,58,,," Rapport de l'Enquête sur les Objectifs de la Fin de Decennie sur l'Enfance (MICS-II-2000). Sénégal: Gouvernement du Sénégal, Fonds des Nations Unies pour l'Enfance (UNICEF); 2000 (in French).",2025-04-07T06:46:44Z,2000,2000-01-01,2000-12-31
2716826,MDG_0000000025,COUNTRY,BGD,SEAR,South-East Asia,YEAR,2003,,,,,,,,,14,14,,,"Doctor, nurse, midwife, family welfare visitor UNICEF Summary Results of Multiple Indicator Cluster Survey 2003 Preliminary Report. (Data provided by UNICEF March 2016). ",2025-04-07T06:46:44Z,2003,2003-01-01,2003-12-31
2717434,MDG_0000000025,COUNTRY,FJI,WPR,Western Pacific,YEAR,2014,,,,,,,,,100,100,,,Skilled health personnel Annual Report 2015. Suva: Ministry of Health [Fiji]; 2016.,2025-04-07T06:46:44Z,2014,2014-01-01,2014-12-31
2721470,MDG_0000000025,COUNTRY,LVA,EUR,Europe,YEAR,2010,,,,,,,,,99,99,,," Statistical Yearbook of Health Care in Latvia 12th edition, 2010. Riga: The Centre for Disease Prevention and Control of Latvia; 2011.",2025-04-07T06:46:44Z,2010,2010-01-01,2010-12-31
3807,MDG_0000000025,COUNTRY,IDN,WPR,Western Pacific,YEAR,2023,,,,,,,,,96,95.7,,,SUSENAS 2023 as part of Welfare Statistics 2023,2026-04-21T12:35:59Z,2023,2023-01-01,2023-12-31
9529,MDG_0000000025,REGION,EMR,,,YEAR,2020,,,,,,,,,80,79.6,,,Estimate based on Joint UNICEF-WHO Database on Skilled Birth Attendance 2025,2026-04-21T12:35:59Z,2020,2020-01-01,2020-12-31
10378,MDG_0000000025,COUNTRY,KIR,WPR,Western Pacific,YEAR,2005,,,,,,,,,63,63,,,"Trained personnel UNFPA, Achieving the Millennium Development Goals in the Pacific Islands, 2004-2005. UNICEF CRING: Kiribati; 2005.",2025-04-07T06:46:44Z,2005,2005-01-01,2005-12-31
15411,MDG_0000000025,COUNTRY,PLW,WPR,Western Pacific,YEAR,2014,,,,,,,,,100,100,,, 2014 Statistical Yearbook. Koror: Ministry of Finance [Palau]; 2015.,2025-04-07T06:46:44Z,2014,2014-01-01,2014-12-31
15823,MDG_0000000025,COUNTRY,ITA,EUR,Europe,YEAR,2003,,,,,,,,,100,100,,, Certificato di assistenza al parto (CeDAP). Analisi dell’evento nascita - Anno 2003. Roma: Direzione Generale del Sistema Informativo – Ufficio di Statistica; 2005 (in Italian). ,2025-04-07T06:46:44Z,2003,2003-01-01,2003-12-31
17459,MDG_0000000025,COUNTRY,TKM,EUR,Europe,YEAR,2021,,,,,,,,,100,99.9,,,Ministry of Health and Medical Industry; 2023,2026-04-21T12:35:59Z,2021,2021-01-01,2021-12-31
25968,MDG_0000000025,COUNTRY,WSM,WPR,Western Pacific,YEAR,2014,,,,,,,,,83,83,,,"Doctor, Nurse/Midwife, and Enrolled Nurse (0.6) Census-Surveys and Demography Division, Samoa Bureau of Statistics, Ministry of Health [Samoa], United Nations Population Fund (UNFPA), United Nations Children’s Fund (UNICEF), Department of Foreign Affairs and Trade [Australia]. Samoa Demographic and Health Survey 2014. Apia: Samoa Bureau of Statistics; 2015. ",2025-04-07T06:46:44Z,2014,2014-01-01,2014-12-31
36168,MDG_0000000025,COUNTRY,BGR,EUR,Europe,YEAR,2003,,,,,,,,,98,98,,, National Statistical Institute of Bulgaria; 2023.,2025-04-07T06:46:44Z,2003,2003-01-01,2003-12-31
41997,MDG_0000000025,COUNTRY,BEN,AFR,Africa,YEAR,2001,,,,,,,,,66,66,,," Institut National de la Statistique et de l’Analyse Économique (INSAE), ORC Macro. Enquête Démographique et de Santé au Bénin 2001. Calverton, Maryland, USA: Institut National de la Statistique et de l’Analyse Économique, ORC Macro; 2002 (in French).",2025-04-07T06:46:44Z,2001,2001-01-01,2001-12-31
46002,MDG_0000000025,REGION,AMR,,,YEAR,2018,,,,,,,,,97,96.6,,,Estimate based on Joint UNICEF-WHO Database on Skilled Birth Attendance 2025,2026-04-21T12:35:59Z,2018,2018-01-01,2018-12-31
46414,MDG_0000000025,COUNTRY,KOR,WPR,Western Pacific,YEAR,2012,,,,,,,,,100,100,,," The 2012 National Survey on Fertility, Family Health & Welfare in Korea. Sejong City: Korea Institute for Health and Social Affairs; 2012 (in Korean). ",2025-04-07T06:46:44Z,2012,2012-01-01,2012-12-31
47044,MDG_0000000025,COUNTRY,BOL,AMR,Americas,YEAR,2000,,,,,,,,,67,67,,," Ministerio de Salud y Previsión Social, UNICEF. Encuesta de múltiples indicadores por conglomerados 2000 (MICS 2000). Informe Final. La Paz: UNICEF; 2001 (in Spanish).",2025-04-07T06:46:44Z,2000,2000-01-01,2000-12-31
52605,MDG_0000000025,COUNTRY,GTM,AMR,Americas,YEAR,2007,,,,,,,,,31,31,,,"Trained personnel PLISA Health Information Platform. Indicator profile: Deliveries attended by skilled birth attendants (%) [online database]. Washington, DC: Pan American Health Organization/World Health Organization (PAHO/WHO); 2021 (https://opendata.paho.org/es/indicadores-basicos/tablero-de-los-indicadores-basicos, accessed 30 December 2021). ",2025-04-07T06:46:44Z,2007,2007-01-01,2007-12-31
52668,MDG_0000000025,REGION,EMR,,,YEAR,2007,,,,,,,,,57,57,,,,2024-04-26T13:59:03Z,2007,2007-01-01,2007-12-31
54559,MDG_0000000025,COUNTRY,USA,AMR,Americas,YEAR,2007,,,,,,,,,99,99,,," Martin JA, Hamilton BE, Sutton PD, Ventura SJ, Mathews TJ, Kirmeyer S et al. Births: Final Data for 2007. National Vital Statistics Reports; vol. 58, no.24. Hyattsville, MD: National Center for Health Statistics; 2010.
",2025-04-07T06:46:44Z,2007,2007-01-01,2007-12-31
54714,MDG_0000000025,COUNTRY,NER,AFR,Africa,YEAR,2000,,,,,,,,,16,16,,," Republique du Niger, Fonds des Nations Unies pour l'Enfance (UNICEF). Enquete a indicateurs multiples 2000 (MICS2). Niamey, Niger: Republique du Niger, UNICEF; 2000 (in French). ",2025-04-07T06:46:44Z,2000,2000-01-01,2000-12-31
58688,MDG_0000000025,COUNTRY,AFG,EMR,Eastern Mediterranean,YEAR,2011,,,,,,,,,39,39,,,"Central Statistics Organisation (CSO), UNICEF. Afghanistan Multiple Indicator Cluster Survey 2010-2011: Final Report. Kabul: Central Statistics Organisation (CSO), UNICEF; 2012.",2026-04-21T12:07:24Z,2011,2011-01-01,2011-12-31
58689,MDG_0000000025,COUNTRY,AFG,EMR,Eastern Mediterranean,YEAR,2012,,,,,,,,,40,40,,,National Risk and Vulnerability Assessment 2011-12. Afghanistan Living Condition Survey. Kabul: Central Statistics Organization (CSO); 2014.,2026-04-21T12:07:24Z,2012,2012-01-01,2012-12-31
58690,MDG_0000000025,COUNTRY,AFG,EMR,Eastern Mediterranean,YEAR,2014,,,,,,,,,45,45,,,Afghanistan Living Conditions Survey 2013-14. National Risk and Vulnerability Assessment. Kabul: Central Statistics Organization (CSO); 2016.,2026-04-21T12:07:24Z,2014,2014-01-01,2014-12-31
58691,MDG_0000000025,COUNTRY,AFG,EMR,Eastern Mediterranean,YEAR,2017,,,,,,,,,53,53.4,,,Afghanistan Living Conditions Survey 2016-17. Kabul: Central Statistics Organization (CSO); 2018.,2026-04-21T12:35:59Z,2017,2017-01-01,2017-12-31
58692,MDG_0000000025,COUNTRY,AFG,EMR,Eastern Mediterranean,YEAR,2020,,,,,,,,,62,61.8,,,Afghanistan 2019-2020 Income; Expenditure & Labour Force Survey; National Statistics and Information Authority,2026-04-21T12:35:59Z,2020,2020-01-01,2020-12-31
58693,MDG_0000000025,COUNTRY,AFG,EMR,Eastern Mediterranean,YEAR,2023,,,,,,,,,68,67.5,,,UNICEF. 2023. Afghanistan Multiple Indicator Cluster Survey 2022-23; Summary Findings Report.Kabul; Afghanistan: UNICEF.,2026-04-21T12:35:59Z,2023,2023-01-01,2023-12-31
58694,MDG_0000000025,COUNTRY,AGO,AFR,Africa,YEAR,2007,,,,,,,,,47,47,,,"Doctor, nurse/midwife, auxilliary nurse/midwife Consultoria de Servi�os e Pesquisas�COSEP Lda., Consultoria de Gest�o e Administra��o em Sa�de�Consa�de Lda. [Angola], Macro International Inc. Angola Malaria Indicator Survey 2006-07. Calverton, Maryland, USA: COSEP Lda., Consa�de Lda., Macro International Inc.; 2007.",2026-04-21T12:07:24Z,2007,2007-01-01,2007-12-31
58695,MDG_0000000025,COUNTRY,AGO,AFR,Africa,YEAR,2016,,,,,,,,,50,49.6,,,Instituto Nacional de Estatstica (INE); Ministrio da Sade (MINSA); Ministrio do Planeamento e do Desenvolvimento Territorial (MINPLAN); ICF. Inqurito de Indicadores Mltiplos e de Sade em Angola 2015-2016. Luanda; Angola e Rockville; Maryland; EUA: INE; MINSA; MINPLAN; ICF; 2017 (in Portuguese).,2026-04-21T12:35:59Z,2016,2016-01-01,2016-12-31
58696,MDG_0000000025,COUNTRY,ALB,EUR,Europe,YEAR,2009,,,,,,,,,99,99,,,"Institute of Statistics, Institute of Public Health [Albania], ICF Macro. Albania Demographic and Health Survey 2008-09. Tirana, Albania: Institute of Statistics, Institute of Public Health, ICF Macro; 2010.",2026-04-21T12:07:24Z,2009,2009-01-01,2009-12-31
58697,MDG_0000000025,COUNTRY,ALB,EUR,Europe,YEAR,2018,,,,,,,,,100,99.8,,,Institute of Statistics; Institute of Public Health; and ICF. 2018. Albania Demographic and Health Survey 2017-18. Tirana; Albania: Institute of Statistics; Institute of Public Health; and ICF.,2026-04-21T12:35:59Z,2018,2018-01-01,2018-12-31
58698,MDG_0000000025,COUNTRY,ARG,AMR,Americas,YEAR,2020,,,,,,,,,99,98.8,,,Encuesta Nacional de Nias; Nios y Adolescentes (MICS) 2019-2020,2026-04-21T12:35:59Z,2020,2020-01-01,2020-12-31
58699,MDG_0000000025,COUNTRY,ARM,EUR,Europe,YEAR,2016,,,,,,,,,100,99.8,,,National Statistical Service [Armenia]; Ministry of Health [Armenia]; ICF. Armenia Demographic and Health Survey 2015-16. Rockville; Maryland; USA: National Statistical Service; Ministry of Health; ICF; 2017.,2026-04-21T12:35:59Z,2016,2016-01-01,2016-12-31
58913,MDG_0000000025,REGION,EMR,,,YEAR,2025,,,,,,,,,87,87,,,Estimate based on Joint UNICEF-WHO Database on Skilled Birth Attendance 2025,2026-04-21T12:35:59Z,2025,2025-01-01,2025-12-31
58700,MDG_0000000025,COUNTRY,BEN,AFR,Africa,YEAR,2012,,,,,,,,,81,81,,,"Institut National de la Statistique et de l�Analyse �conomique (INSAE), ICF International. Enqu�te D�mographique et de Sant� du B�nin 2011-2012. Calverton, Maryland, USA: INSAE, ICF International; 2013 (in French).",2026-04-21T12:07:24Z,2012,2012-01-01,2012-12-31
58701,MDG_0000000025,COUNTRY,BEN,AFR,Africa,YEAR,2018,,,,,,,,,78,78.1,,,Enqute Dmographique et de Sant au Bnin; 2017-2018. Cotonou; Rockville; Maryland: Institut National de la Statistique et de l'Analyse conomique (INSAE); ICF; 2018 (in French).,2026-04-21T12:35:59Z,2018,2018-01-01,2018-12-31
58702,MDG_0000000025,COUNTRY,BEN,AFR,Africa,YEAR,2022,,,,,,,,,81,80.8,,,Institut National de la Statistique et de la Dmographie (INStaD). 2023. Enqute par Grappes Indicateurs Multiples; Bnin; 2021-2022; Rapport des rsultats de l'enqute. Cotonou; Bnin : INStaD.,2026-04-21T12:35:59Z,2022,2022-01-01,2022-12-31
58703,MDG_0000000025,COUNTRY,BGD,SEAR,South-East Asia,YEAR,2000,,,,,,,,,12,12,,,"Doctor, nurse, midwife, family welfare visitor National Institute of Population Research and Training (NIPORT), Mitra and Associates (MA), ORC Macro (ORCM). Bangladesh Demographic and Health Survey 1999-2000. Dhaka, Bangladesh and Calverton, Maryland [USA]: National Institute of Population Research and Training, Mitra and Associates, ORC Macro; 2001.",2026-04-21T12:07:24Z,2000,2000-01-01,2000-12-31
58704,MDG_0000000025,COUNTRY,BGD,SEAR,South-East Asia,YEAR,2013,,,,,,,,,37,37,,,"Bangladesh Multiple Indicator Cluster Survey 2012-2013, Progotir Pathey: Final Report. Dhaka, Bangladesh: Bangladesh Bureau of Statistics (BBS), UNICEF Bangladesh; 2014.",2026-04-21T12:07:24Z,2013,2013-01-01,2013-12-31
58705,MDG_0000000025,COUNTRY,BGD,SEAR,South-East Asia,YEAR,2018,,,,,,,,,53,52.7,,,National Institute of Population Research and Training (NIPORT); and ICF. 2020. Bangladesh Demographic and Health Survey 2017-18. Dhaka; Bangladesh; and Rockville; Maryland; USA: NIPORT and ICF.,2026-04-21T12:35:59Z,2018,2018-01-01,2018-12-31
58706,MDG_0000000025,COUNTRY,BIH,EUR,Europe,YEAR,2012,,,,,,,,,100,100,,,"The Agency for Statistics of Bosnia and Herzegovina, the Federal Ministry of Health, the Ministry of Health and Social Welfare of the Republic of Srpska, the Institute for Public Health of the Federation of Bosnia and Herzegovina, UNICEF. Bosnia and Herzegovina Multiple Indicator Cluster Survey (MICS) 2011�2012, Final Report. Sarajevo: UNICEF; 2013.",2026-04-21T12:07:24Z,2012,2012-01-01,2012-12-31
58707,MDG_0000000025,COUNTRY,BLZ,AMR,Americas,YEAR,2016,,,,,,,,,97,96.8,,,Statistical Institute of Belize; UNICEF Belize. Belize Multiple Indicator Cluster Survey; 2015-2016; Final Report. Belmopan; Belize: Statistical Institute of Belize; UNICEF Belize; 2017.,2026-04-21T12:35:59Z,2016,2016-01-01,2016-12-31
58708,MDG_0000000025,COUNTRY,BOL,AMR,Americas,YEAR,2004,,,,,,,,,61,61,,,"Guti�rrez Sard�n M, Ochoa LH, Castillo Guerra W, ORC Macro. Bolivia Encuesta Nacional de Demograf�a y Salud 2003. Calverton, Maryland: Instituto Nacional de Estad�stica [Bolivia], ORC Macro; 2004 (in Spanish).",2026-04-21T12:07:24Z,2004,2004-01-01,2004-12-31
58709,MDG_0000000025,COUNTRY,CAF,AFR,Africa,YEAR,2019,,,,,,,,,40,40.3,,,MICS6-RCA Enqute par grappes indicateurs multiples 2018-2019; Rapport final. Bangui; Rpublique Centrafricaine : ICASEES,2026-04-21T12:35:59Z,2019,2019-01-01,2019-12-31
58710,MDG_0000000025,COUNTRY,CIV,AFR,Africa,YEAR,2004,,,,,,,,,68,68,,,"Health professional Enqu�te Nutrition et Mortalit� en C�te d'Ivoire (ENMCI) 2004. Ministere d'Etat, Ministere de la Sant� et de la Population [Ministry of Health, C�te d'Ivoire], Fonds des Nations Unies pour l�Enfance (UNICEF); 2005 (in French).",2026-04-21T12:07:24Z,2004,2004-01-01,2004-12-31
58711,MDG_0000000025,COUNTRY,CIV,AFR,Africa,YEAR,2012,,,,,,,,,59,59,,,"Institut National de la Statistique (INS), ICF International. Enqu�te D�mographique et de Sant� et � Indicateurs Multiples de C�te d�Ivoire 2011-2012. Calverton, Maryland, USA: INS et ICF International; 2012 (in French).",2026-04-21T12:07:24Z,2012,2012-01-01,2012-12-31
58712,MDG_0000000025,COUNTRY,COD,AFR,Africa,YEAR,2018,,,,,,,,,85,85.2,,,INS; Enqute par grappes indicateurs multiples; 2017-2018; rapport de rsultats de l'enqute. Kinshasa; Rpublique Dmocratique du Congo; 2019.,2026-04-21T12:35:59Z,2018,2018-01-01,2018-12-31
58713,MDG_0000000025,COUNTRY,COG,AFR,Africa,YEAR,2012,,,,,,,,,93,93,,,"Centre Nationale de la Statistique et des �tudes �conomiques (CNSEE) [Congo], ICF International. Enqu�te D�mographique et de Sant� du Congo (EDSC-II) 2011-2012. Calverton, Maryland, USA: CNSEE, ICF International; 2013 (in French).",2026-04-21T12:07:24Z,2012,2012-01-01,2012-12-31
58714,MDG_0000000025,COUNTRY,COG,AFR,Africa,YEAR,2015,,,,,,,,,94,94,,,"Institut National de la Statistique (INS), Fonds des Nations Unies pour l'Enfance (UNICEF). Enqu�te par grappes � indicateurs multiples, MICS5 Congo 2014-2015, Rapport Final. Brazzaville, Congo: INS, UNICEF; 2015 (in French).",2026-04-21T12:07:24Z,2015,2015-01-01,2015-12-31
58715,MDG_0000000025,COUNTRY,COL,AMR,Americas,YEAR,2005,,,,,,,,,91,91,,,"Ojeda G (Profamilia), Ordonez M (Profamilia), Ochoa LH (Macro International Inc.). Colombia Salud Sexual y Reproductiva: Resultados Encuesta Nacional de Demograf�a y Salud 2005. Bogot�, Colombia: Profamilia; 2005 (in Spanish).",2026-04-21T12:07:24Z,2005,2005-01-01,2005-12-31
58716,MDG_0000000025,COUNTRY,COL,AMR,Americas,YEAR,2016,,,,,,,,,96,95.9,,,Ministerio de Salud y Proteccin Social; Profamilia. Colombia Encuesta Nacional de Demogrfia y Salud 2015. Bogot; Colombia: Profamilia; 2017 (in Spanish).,2026-04-21T12:35:59Z,2016,2016-01-01,2016-12-31
58717,MDG_0000000025,COUNTRY,CRI,AMR,Americas,YEAR,2000,,,,,,,,,97,97,,,"Salud reproductiva y migraci�n nicarag�ense en Costa Rica 1999-2000: Resultados de una Encuesta Nacional de Salud Reproductiva. San Jos�: Programa Centroamericano de Poblaci�n (PCP) de la Escuela de Estad�stica et Instituto de Investigaciones en Salud (INISA), Universidad de Costa Rica; 2001 (in Spanish).",2026-04-21T12:07:24Z,2000,2000-01-01,2000-12-31
58718,MDG_0000000025,COUNTRY,DZA,AFR,Africa,YEAR,2013,,,,,,,,,97,97,,,"Enqu�te par Grappes � Indicateurs Multiples (MICS) [Multiple Indicator Cluster Survey (MICS)] R�publique Alg�rienne D�mocratique et Populaire 2012-2013. Rapport final. Alg�rie: Minist�re de la Sant�, de la Population et de la R�forme Hospitali�re, Fonds des Nations unies pour l�enfance (UNICEF), Fonds des Nations Unies pour la Population (FNUAP/UNFPA); 2015 (in French).",2026-04-21T12:07:24Z,2013,2013-01-01,2013-12-31
58719,MDG_0000000025,COUNTRY,DZA,AFR,Africa,YEAR,2019,,,,,,,,,99,98.8,,,Enqute par grappes indicateurs multiples (MICS) Algrie; 2018-2019. Alger: Ministre de la Sant; de la Population et de la Rforme Hospitalire; 2020 (in French).,2026-04-21T12:35:59Z,2019,2019-01-01,2019-12-31
58720,MDG_0000000025,COUNTRY,ETH,AFR,Africa,YEAR,2011,,,,,,,,,10,10,,,"Central Statistical Agency [Ethiopia], ICF International. Ethiopia Demographic and Health Survey 2011. Addis Ababa, Ethiopia and Calverton, Maryland, USA: Central Statistical Agency, ICF International; 2012.",2026-04-21T12:07:24Z,2011,2011-01-01,2011-12-31
58721,MDG_0000000025,COUNTRY,GAB,AFR,Africa,YEAR,2001,,,,,,,,,86,86,,,"Direction G�n�rale de la Statistique et des �tudes �conomiques (DGSEE) [Gabon], ORC Macro. Enqu�te D�mographique et de Sant� Gabon 2000. Calverton, Maryland: Direction G�n�rale de la Statistique et des �tudes �conomiques, Fonds des Nations Unies pour la population (FNUAP/UNFPA), ORC Macro; 2001 (in French).",2026-04-21T12:07:24Z,2001,2001-01-01,2001-12-31
58722,MDG_0000000025,COUNTRY,GAB,AFR,Africa,YEAR,2021,,,,,,,,,95,95.2,,,Direction Gnrale de la Statistique (DGS) et ICF. 2023. Enqute Dmographique et de Sant au Gabon; 201921. Libreville; Gabon et Rockville; Maryland; USA : DGS et ICF.,2026-04-21T12:35:59Z,2021,2021-01-01,2021-12-31
58723,MDG_0000000025,COUNTRY,GHA,AFR,Africa,YEAR,2018,,,,,,,,,79,78.9,,,Multiple Indicator Cluster Survey (MICS2017/18); Survey Findings Report. Accra; Ghana: GSS,2026-04-21T12:35:59Z,2018,2018-01-01,2018-12-31
58724,MDG_0000000025,COUNTRY,GHA,AFR,Africa,YEAR,2023,,,,,,,,,88,87.6,,,Ghana Statistical Service (GSS) and ICF. 2023. Ghana Demographic and Health Survey 2022: Key Indicators Report. Accra; Ghana; and Rockville; Maryland; USA: GSS and ICF.,2026-04-21T12:35:59Z,2023,2023-01-01,2023-12-31
58725,MDG_0000000025,COUNTRY,GIN,AFR,Africa,YEAR,2008,,,,,,,,,46,46,,,"Doctor, nurse, midwife, auxiliary (nurse, midwife, auxiliary: 39.3%) Institut National de la Statistique (INS) (Guin�e): Enqu�te Nationale sur l�Etat Nutritionnel et le Suivi des Principaux Indicateurs de Survie de l�Enfant (ENENSE), Conakry 2008",2026-04-21T12:07:24Z,2008,2008-01-01,2008-12-31
58726,MDG_0000000025,COUNTRY,GMB,AFR,Africa,YEAR,2006,,,,,,,,,52,52,,,"Gambia Bureau of Statistics (GBoS). The Gambia Multiple Indicator Cluster Survey 2005/2006 Report. Banjul, Gambia; 2007.",2026-04-21T12:07:24Z,2006,2006-01-01,2006-12-31
58727,MDG_0000000025,COUNTRY,GNB,AFR,Africa,YEAR,2019,,,,,,,,,54,53.8,,,Ministrio da Economia e Finanas; Direo Geral do Plano/Instituto Nacional de Estatstica (INE). Inqurito aos Indicadores Mltiplos (MICS6) 2018-2019; Relatrio Final. Bissau; Guin-Bissau: Ministrio da Economia e Finanas e Direo Geral do Plano/ Instituto Nacional de Estatstica (INE); 2020. (in Portuguese),2026-04-21T12:35:59Z,2019,2019-01-01,2019-12-31
58728,MDG_0000000025,COUNTRY,GMB,AFR,Africa,YEAR,2020,,,,,,,,,84,83.8,,,Gambia Bureau of Statistics (GBoS) and ICF. 2021. The Gambia Demographic and Health Survey 2019-20. Banjul; The Gambia and Rockville; Maryland; USA: GBoS and ICF.,2026-04-21T12:35:59Z,2020,2020-01-01,2020-12-31
58729,MDG_0000000025,COUNTRY,GTM,AMR,Americas,YEAR,2009,,,,,,,,,52,52,,,"Encuesta Nacional de Salud Materno Infantil (ENSMI) 2008-2009. Ciudad de Guatemala: Ministerio de Salud P�blica y Asistencia Social (MSPAS) [Guatemala], Instituto Nacional de Estad�stica (INE) [Guatemala], Centros de Control y Prevenci�n de Enfermedades (CDC); 2010 (in Spanish).",2026-04-21T12:07:24Z,2009,2009-01-01,2009-12-31
58730,MDG_0000000025,COUNTRY,GTM,AMR,Americas,YEAR,2015,,,,,,,,,66,66,,,"Encuesta Nacional de Salud Materno Infantil (ENSMI) 2014-2015. Informe Final. Ciudad de Guatemala: Ministerio de Salud P�blica y Asistencia Social (MSPAS) [Guatemala], Instituto Nacional de Estad�stica (INE) [Guatemala], ICF International; 2015 (in Spanish).",2026-04-21T12:07:24Z,2015,2015-01-01,2015-12-31
58731,MDG_0000000025,COUNTRY,GUY,AMR,Americas,YEAR,2007,,,,,,,,,81,81,,,"Bureau of Statistics, United Nations Children's Fund (UNICEF). Guyana Multiple Indicator Cluster Survey 2006, Final Report. Georgetown, Guyana: Bureau of Statistics, UNICEF; 2008.",2026-04-21T12:07:24Z,2007,2007-01-01,2007-12-31
58732,MDG_0000000025,COUNTRY,GUY,AMR,Americas,YEAR,2020,,,,,,,,,98,97.6,,,Government of Guyana and UNICEF. 2021. Guyana Multiple Indicator Cluster Survey 2019-2020; Survey FindingsReport. Georgetown; Guyana: UNICEFhas context menu,2026-04-21T12:35:59Z,2020,2020-01-01,2020-12-31
58733,MDG_0000000025,COUNTRY,HND,AMR,Americas,YEAR,2006,,,,,,,,,66,66,,,"Secretar�a de Salud [Honduras], Instituto Nacional de Estad�stica (INE), Macro International. Encuesta Nacional de Demograf�a y Salud 2005-2006 (ENDESA). Tegucigalpa, Honduras: SS, INE, Macro International; 2006 (in Spanish).",2026-04-21T12:07:24Z,2006,2006-01-01,2006-12-31
58734,MDG_0000000025,COUNTRY,HND,AMR,Americas,YEAR,2012,,,,,,,,,83,83,,,"Secretar�a de Salud [Honduras], Instituto Nacional de Estad�stica (INE), ICF International. ENDESA. Encuesta Nacional de Demograf�a y Salud 2011-2012. Tegucigalpa, Honduras: SS, INE, ICF International; 2013 (in Spanish).",2026-04-21T12:07:24Z,2012,2012-01-01,2012-12-31
58735,MDG_0000000025,COUNTRY,HTI,AMR,Americas,YEAR,2006,,,,,,,,,26,26,,,"Doctor, auxiliary nurse (auxiliary nurse 10.1%) Cayemittes M, Placide MF, Mariko S, Barr�re B, S�v�re B, Alexandre C (Minist�re de la Sant� Publique et de la Population, Institut Ha�tien de l�Enfance, Macro International Inc.). Enqu�te Mortalit�, Morbidit� et Utilisation des Services, Ha�ti, 2005-2006. Calverton, Maryland, USA: Minist�re de la Sant� Publique et de la Population, Institut Ha�tien de l�Enfance, Macro International Inc.; 2007 (in French).",2026-04-21T12:07:24Z,2006,2006-01-01,2006-12-31
58736,MDG_0000000025,COUNTRY,HTI,AMR,Americas,YEAR,2017,,,,,,,,,42,41.6,,,Enqute Mortalit; Morbidit et Utilisation des Services (EMMUS-VI 2016-2017). Ption-Ville; Hati; Rockville; Maryland; USA: Institut Hatien de l'Enfance (IHE); ICF; 2018 (in French).,2026-04-21T12:35:59Z,2017,2017-01-01,2017-12-31
58737,MDG_0000000025,COUNTRY,IDN,WPR,Western Pacific,YEAR,2003,,,,,,,,,66,66,,,"Doctor, nurse, midwife and village midwife (nurse, midwife and village midwife: 55.0%) Badan Pusat Statistik-Statistics Indonesia (BPS), ORC Macro. Indonesia Demographic and Health Survey 2002-2003. Calverton, Maryland, USA: BPS, ORC Macro; 2003.",2026-04-21T12:07:24Z,2003,2003-01-01,2003-12-31
58738,MDG_0000000025,COUNTRY,IND,SEAR,South-East Asia,YEAR,2006,,,,,,,,,47,47,,,"Doctor, auxiliary nurse midwife (ANM), nurse, midwife, Lady health visitor (LHV) International Institute for Population Sciences (IIPS), Macro International. National Family Health Survey (NFHS-3), 2005�06: India: Volume I. Mumbai: IIPS; 2007.",2026-04-21T12:07:24Z,2006,2006-01-01,2006-12-31
58739,MDG_0000000025,COUNTRY,IND,SEAR,South-East Asia,YEAR,2008,,,,,,,,,52,52,,,"Skilled personnel District Level Household and Facility Survey (DLHS-3), 2007-08: India. Mumbai: International Institute for Population Sciences (IIPS) [India]; 2010.",2026-04-21T12:07:24Z,2008,2008-01-01,2008-12-31
58740,MDG_0000000025,COUNTRY,IRN,EMR,Eastern Mediterranean,YEAR,2023,,,,,,,,,99,99,,,Health Indicators in the Islamic Republic of Iran 2023,2026-04-21T12:35:59Z,2023,2023-01-01,2023-12-31
58741,MDG_0000000025,COUNTRY,IRQ,EMR,Eastern Mediterranean,YEAR,2007,,,,,,,,,80,80,,,"Iraq Family Health Survey IFHS 2006/7. Iraq: Ministry of Health, Ministry of Planning and Development Cooperation, World Health Organization (WHO); 2008.",2026-04-21T12:07:24Z,2007,2007-01-01,2007-12-31
58742,MDG_0000000025,COUNTRY,IND,SEAR,South-East Asia,YEAR,2021,,,,,,,,,89,89.4,,,International Institute for Population Sciences (IIPS) and ICF. 2021.National Family Health Survey (NFHS-5); 2019-21: India: Volume I. Mumbai: IIPS.,2026-04-21T12:35:59Z,2021,2021-01-01,2021-12-31
58743,MDG_0000000025,COUNTRY,IND,SEAR,South-East Asia,YEAR,2016,,,,,,,,,81,81.4,,,National Family Health Survey (NFHS-4) 2015-16: India. Mumbai: International Institute for Population Sciences (IIPS); ICFP [India]; 2017.,2026-04-21T12:35:59Z,2016,2016-01-01,2016-12-31
58744,MDG_0000000025,COUNTRY,IND,SEAR,South-East Asia,YEAR,2014,,,,,,,,,81,81,,,"Doctor, nurse, midwife, lady health worker, auxiliary nurse/midwife (ANM) Rapid Survey on Children (RSOC) 2013-14. National Report. India: Ministry of Women and Child Development [India], United Nations Children�s Fund (UNICEF); 2016.",2026-04-21T12:07:24Z,2014,2014-01-01,2014-12-31
58745,MDG_0000000025,COUNTRY,ITA,EUR,Europe,YEAR,2000,,,,,,,,,100,100,,,"Il percorso della maternit�: gravidanza, parto e allattamento al seno. Anni 1999-2000. Roma: Istituto Nazionale di Statistica (ISTAT); 2002 (in Italian).",2026-04-21T12:07:24Z,2000,2000-01-01,2000-12-31
58746,MDG_0000000025,COUNTRY,JAM,AMR,Americas,YEAR,2009,,,,,,,,,98,98,,,"Reproductive Health Survey Jamaica 2008. Final Report. Kingston, Atlanta, GA: National Family Planning Board [Jamaica], United States Agency for International Development (USAID), Division of Reproductive Health, Centers for Disease Control and Prevention (DRH/CDC); 2010.",2026-04-21T12:07:24Z,2009,2009-01-01,2009-12-31
58747,MDG_0000000025,COUNTRY,JOR,EMR,Eastern Mediterranean,YEAR,2018,,,,,,,,,100,99.7,,,Jordan Population and Family and Health Survey2017-18. Amman; Jordan; and Rockville; Maryland; USA: Department of Statistics (DOS) ; ICF; 2019.,2026-04-21T12:35:59Z,2018,2018-01-01,2018-12-31
58748,MDG_0000000025,COUNTRY,KAZ,EUR,Europe,YEAR,2011,,,,,,,,,100,100,,,"Doctor, nurse/midwife, Auxiliary midwife The Agency of Statistics, RK, United Nations Children�s Fund (UNICEF). Multiple Indicator Cluster Survey (MICS) in the Republic of Kazakhstan, 2010-2011. Final Report. Astana, Kazakhstan: the Agency of Statistics, RK, the Republican State Enterprise Information Computing Center; 2012.",2026-04-21T12:07:24Z,2011,2011-01-01,2011-12-31
58749,MDG_0000000025,COUNTRY,KEN,AFR,Africa,YEAR,2009,,,,,,,,,44,44,,,"Kenya National Bureau of Statistics (KNBS), ICF Macro. Kenya Demographic and Health Survey 2008-09. Calverton, Maryland: KNBS, ICF Macro; 2010.",2026-04-21T12:07:24Z,2009,2009-01-01,2009-12-31
58750,MDG_0000000025,COUNTRY,KEN,AFR,Africa,YEAR,2016,,,,,,,,,70,70.2,,,2015/16 Kenya Integrated Household Budget Survey (KIHBS); Kenya National Bureau of Statistics,2026-04-21T12:35:59Z,2016,2016-01-01,2016-12-31
58751,MDG_0000000025,COUNTRY,KGZ,EUR,Europe,YEAR,2006,,,,,,,,,98,98,,,"National Statistical Committee of the Kyrgyz Republic, United Nations Children�s Fund (UNICEF). Multiple Indicator Cluster Survey 2006, Kyrgyz Republic. Final Report. Bishkek, Kyrgyzstan: National Statistical Committee of the Kyrgyz Republic, United Nations Children�s Fund (UNICEF); 2007.",2026-04-21T12:07:24Z,2006,2006-01-01,2006-12-31
58752,MDG_0000000025,COUNTRY,KHM,WPR,Western Pacific,YEAR,2006,,,,,,,,,44,44,,,"National Institute of Public Health, National Institute of Statistics [Cambodia], ORC Macro. Cambodia Demographic and Health Survey 2005. Phnom Penh, Cambodia and Calverton, Maryland, USA: National Institute of Public Health, National Institute of Statistics, ORC Macro; 2006.",2026-04-21T12:07:24Z,2006,2006-01-01,2006-12-31
58753,MDG_0000000025,COUNTRY,KHM,WPR,Western Pacific,YEAR,2011,,,,,,,,,71,71,,,"National Institute of Statistics, Directorate General for Health, ICF Macro. Cambodia Demographic and Health Survey 2010. Phnom Penh, Cambodia and Calverton, Maryland, USA: National Institute of Statistics, Directorate General for Health, ICF Macro; 2011.",2026-04-21T12:07:24Z,2011,2011-01-01,2011-12-31
58754,MDG_0000000025,COUNTRY,KHM,WPR,Western Pacific,YEAR,2022,,,,,,,,,99,98.7,,,National Institute of Statistics (NIS) [Cambodia]; Ministry of Health (MoH) [Cambodia]; and ICF. 2023.Cambodia Demographic and Health Survey 202122 Final Report. Phnom Penh; Cambodia; and Rockville;Maryland; USA: NIS; MoH; and ICF.,2026-04-21T12:35:59Z,2022,2022-01-01,2022-12-31
58755,MDG_0000000025,COUNTRY,KIR,WPR,Western Pacific,YEAR,2019,,,,,,,,,92,91.9,,,Kiribati Social Development Indicator Survey 2018-19; Survey Findings Report. South Tarawa; Kiribati: National Statistics Office; United Nations Children's Fund (UNICEF); 2019.,2026-04-21T12:35:59Z,2019,2019-01-01,2019-12-31
58756,MDG_0000000025,COUNTRY,KOR,WPR,Western Pacific,YEAR,2015,,,,,,,,,100,100,,,"The 2015 National Survey on Fertility, Family Health & Welfare in Korea. Sejong City: Korea Institute for Health and Social Affairs; 2016 (in Korean).",2026-04-21T12:07:24Z,2015,2015-01-01,2015-12-31
58757,MDG_0000000025,COUNTRY,LBR,AFR,Africa,YEAR,2020,,,,,,,,,84,84.4,,,Liberia Institute of Statistics and Geo-Information Services (LISGIS); Ministry of Health [Liberia]; and ICF. 2021. Liberia Demographic and Health Survey 2019-20. Monrovia; Liberia and Rockville; Maryland; USA: Liberia Institute of Statistics and Geo Information Services (LISGIS); Ministry of Health; and ICF,2026-04-21T12:35:59Z,2020,2020-01-01,2020-12-31
58758,MDG_0000000025,COUNTRY,LBR,AFR,Africa,YEAR,2007,,,,,,,,,46,46,,,"Liberia Institute of Statistics and Geo-Information Services (LISGIS) [Liberia], Ministry of Health and Social Welfare [Liberia], National AIDS Control Program [Liberia], Macro International Inc. Liberia Demographic and Health Survey 2007. Monrovia, Liberia: Liberia Institute of Statistics and Geo-Information Services (LISGIS), Macro International Inc.; 2008.",2026-04-21T12:07:24Z,2007,2007-01-01,2007-12-31
58759,MDG_0000000025,COUNTRY,LBR,AFR,Africa,YEAR,2000,,,,,,,,,51,51,,,"Liberia Demographic and Health Survey: 1999/2000. Volume III - Analytical Report. Liberia: Ministry of Planning and Economic Affairs [Liberia], University of Liberia, United Nations Population Fund (UNFPA); 2000.",2026-04-21T12:07:24Z,2000,2000-01-01,2000-12-31
58760,MDG_0000000025,COUNTRY,LBN,EMR,Eastern Mediterranean,YEAR,2000,,,,,,,,,100,100,,,"National Perinatal Survey 1999-2000. Beirut: Ministry of Public Health [Lebanon], United Nations Children's Fund (UNICEF); 2001.",2026-04-21T12:07:24Z,2000,2000-01-01,2000-12-31
58761,MDG_0000000025,COUNTRY,LAO,WPR,Western Pacific,YEAR,2012,,,,,,,,,40,40,,,"Ministry of Health [Lao], Lao Statistics Bureau, United Nations Children�s Fund (UNICEF), United Nations Population Fund (UNFPA). Lao Social Indicator Survey (LSIS) 2011-12. (Multiple Indicator Survey / Demographic and Health Survey). Vientiane: Ministry of Health [Lao], Lao Statistics Bureau, United Nations Children�s Fund (UNICEF), United Nations Population Fund (UNFPA); 2012.",2026-04-21T12:07:24Z,2012,2012-01-01,2012-12-31
58762,MDG_0000000025,COUNTRY,LUX,EUR,Europe,YEAR,2003,,,,,,,,,100,100,,,Surveillance de la sant� p�rinatale au Luxembourg: 2001-2003. Luxembourg: Minist�re de la Sant� � Centre de Recherche Public de la Sant� [Luxembourg]; 2009 (in French).,2026-04-21T12:07:24Z,2003,2003-01-01,2003-12-31
58763,MDG_0000000025,COUNTRY,LKA,SEAR,South-East Asia,YEAR,2007,,,,,,,,,99,99,,,"Department of Census and Statistics (DCS), Ministry of Healthcare and Nutrition (MOH). Sri Lanka Demographic and Health Survey 2006-07. Colombo, Sri Lanka: DCS, MOH; 2009.",2026-04-21T12:07:24Z,2007,2007-01-01,2007-12-31
58764,MDG_0000000025,COUNTRY,LSO,AFR,Africa,YEAR,2005,,,,,,,,,55,55,,,"Doctor, nurse, midwife and nursing assistant Ministry of Health and Social Welfare (MOHSW) [Lesotho], Bureau of Statistics (BOS) [Lesotho], ORC Macro. Lesotho Demographic and Health Survey 2004. Calverton, Maryland: MOH, BOS, ORC Macro; 2005.",2026-04-21T12:07:24Z,2005,2005-01-01,2005-12-31
58765,MDG_0000000025,COUNTRY,MAR,EMR,Eastern Mediterranean,YEAR,2004,,,,,,,,,63,63,,,"Doctor (15.7%), nurse, midwife auxiliary midwife (46.9%) Minist�re de la Sant� [Maroc], ORC Macro, Ligue des �tats Arabes. Enqu�te sur la Population et la Sant� Familiale (EPSF) 2003-2004. Calverton, Maryland, USA: Minist�re de la Sant�, ORC Macro; 2005 (in French).",2026-04-21T12:07:24Z,2004,2004-01-01,2004-12-31
58766,MDG_0000000025,COUNTRY,MAR,EMR,Eastern Mediterranean,YEAR,2010,,,,,,,,,74,74,,,No documentation Enqu�te Nationale D�mographique � Passages R�p�t�s 2009-2010. Rabat: Haut-Commissariat au Plan [Morocco]; 2011 (in French).,2026-04-21T12:07:24Z,2010,2010-01-01,2010-12-31
58767,MDG_0000000025,COUNTRY,MAR,EMR,Eastern Mediterranean,YEAR,2018,,,,,,,,,87,86.6,,,Enqute Nationale sur la Population et la Sant Familiale (ENPSF) 2018. Rapport final. Rabat: Ministre de la Sant [Morocco]; 2019 (in French).,2026-04-21T12:35:59Z,2018,2018-01-01,2018-12-31
58768,MDG_0000000025,COUNTRY,MDG,AFR,Africa,YEAR,2004,,,,,,,,,51,51,,,"Doctor, nurse, midwife and auxiliary  Institut National de la Statistique (INSTAT), ORC Macro. Enqu�te D�mographique et de Sant� de Madagascar 2003-2004. Calverton, Maryland, USA: INSTAT, ORC Macro; 2005 (in French).",2026-04-21T12:07:24Z,2004,2004-01-01,2004-12-31
58769,MDG_0000000025,COUNTRY,MDG,AFR,Africa,YEAR,2009,,,,,,,,,44,44,,,"Institut National de la Statistique (INSTAT), ICF Macro. Enqu�te D�mographique et de Sant� de Madagascar 2008-2009. Antananarivo, Madagascar: INSTAT, ICF Macro; 2010 (in French).",2026-04-21T12:07:24Z,2009,2009-01-01,2009-12-31
58770,MDG_0000000025,COUNTRY,MDG,AFR,Africa,YEAR,2013,,,,,,,,,44,44,,,"L�Enqu�te Nationale sur le Suivi des Objectifs du Mill�naire pour le D�veloppement a Madagascar 2012-2013 (ENSOMD). Madagascar: l�Institut National de la Statistique [Madagascar], l�Office National de Nutrition (ONN), Fonds des Nations Unies pour l'Enfance (UNICEF), Fonds des Nations Unies pour la Population (FNUAP/UNFPA), Programme des Nations Unies pour le d�veloppement (PNUD/UNDP); 2014 (in French).",2026-04-21T12:07:24Z,2013,2013-01-01,2013-12-31
58771,MDG_0000000025,COUNTRY,MDV,SEAR,South-East Asia,YEAR,2017,,,,,,,,,100,99.5,,,Maldives Demographic and Health Survey 2016-2017. Mal; Rockville; Maryland: Ministry of Health (MOH) [Maldives]; ICF; 208.,2026-04-21T12:35:59Z,2017,2017-01-01,2017-12-31
58772,MDG_0000000025,COUNTRY,MKD,EUR,Europe,YEAR,2006,,,,,,,,,98,98,,,"State Statistical Office of the Republic of Macedonia, United Nations Children's Fund (UNICEF). Republic of Macedonia Multiple Indicator Cluster Survey 2005-2006. Final Report. Skopje: State Statistical Office of the Republic of Macedonia; 2007.",2026-04-21T12:07:24Z,2006,2006-01-01,2006-12-31
58773,MDG_0000000025,COUNTRY,MKD,EUR,Europe,YEAR,2019,,,,,,,,,100,100,,,State Statistical Office and UNICEF. 2018-2019 North Macedonia Multiple Indicator Cluster Survey and 2018-2019 North Macedonia Roma Settlements Multiple Indicator Cluster Survey; Survey Findings Report. Skopje; North Macedonia: State Statistical Office and UNICEF; 2020.,2026-04-21T12:35:59Z,2019,2019-01-01,2019-12-31
58774,MDG_0000000025,COUNTRY,MMR,SEAR,South-East Asia,YEAR,2010,,,,,,,,,71,71,,,"Doctor, lady health visitor, nurse, midwife (doctor: 28.2%, lady health visitor/nurse: 6.1%, midwife: 36.3%) Ministry of National Planning and Economic Development and Ministry of Health, Myanmar. Myanmar Multiple Indicator Cluster Survey 2009 - 2010 Final Report. Nay Pyi Taw, Myanmar: Ministry of National Planning and Economic Development, Ministry of Health [Myanmar]; 2011.",2026-04-21T12:07:24Z,2010,2010-01-01,2010-12-31
58775,MDG_0000000025,COUNTRY,MMR,SEAR,South-East Asia,YEAR,2016,,,,,,,,,60,60.2,,,Ministry of Health and Sports (MoHS); ICF. Myanmar Demographic and Health Survey 2015-16. Nay Pyi Taw; Myanmar; Rockville; Maryland USA: Ministry of Health and Sports; ICF; 2017.,2026-04-21T12:35:59Z,2016,2016-01-01,2016-12-31
58776,MDG_0000000025,COUNTRY,MNE,EUR,Europe,YEAR,2006,,,,,,,,,87,87,,,"Statistical Office of Montenegro (MONSTAT), Strategic Marketing Research Agency (SMMRI), United Nations Children's Fund (UNICEF). Montenegro Multiple Indicator Cluster Survey 2005, Final Report. Podgorica, Montenegro: MONSTAT, SMMRI, UNICEF; 2006.",2026-04-21T12:07:24Z,2006,2006-01-01,2006-12-31
58777,MDG_0000000025,COUNTRY,MNG,WPR,Western Pacific,YEAR,2014,,,,,,,,,99,99,,,"Mongolia Social Indicator Sample Survey - 2013. Multiple Indicator Cluster Survey. Final Report. Ulaanbaatar: National Statistical Office of Mongolia, United Nations Children's Fund (UNICEF), United Nations Population Fund (UNFPA); 2015.",2026-04-21T12:07:24Z,2014,2014-01-01,2014-12-31
58778,MDG_0000000025,COUNTRY,MOZ,AFR,Africa,YEAR,2023,,,,,,,,,68,67.5,,,Instituto Nacional de Estatstica (INE) e ICF. 2023. Inqurito Demogrfico e de Sade em Moambique 202223.Maputo; Moambique e Rockville; Maryland; EUA: INE e ICF.,2026-04-21T12:35:59Z,2023,2023-01-01,2023-12-31
58779,MDG_0000000025,COUNTRY,MRT,AFR,Africa,YEAR,2001,,,,,,,,,53,53,,,"Office National de la Statistique (ONS) [Mauritanie],ORC Macro. Enqu�te D�mographique et de Sant� Mauritanie 2000-2001. Calverton, Maryland, USA: ONS, ORC Macro; 2001 (in French).",2026-04-21T12:07:24Z,2001,2001-01-01,2001-12-31
58780,MDG_0000000025,COUNTRY,MRT,AFR,Africa,YEAR,2021,,,,,,,,,70,70.4,,,Office Nationale de la Statistique (ONS); ministre de la Sant (MS); et ICF. 2021. Enqute Dmographique et de Sant en Mauritanie 2019-2021. Nouakchott; Mauritanie et Rockville; Maryland; USA : ONS; MS; et ICF.,2026-04-21T12:35:59Z,2021,2021-01-01,2021-12-31
58781,MDG_0000000025,COUNTRY,MWI,AFR,Africa,YEAR,2005,,,,,,,,,56,56,,,"National Statistical Office (NSO) [Malawi], ORC Macro. Malawi Demographic and Health Survey 2004. Calverton, Maryland, USA: NSO, ORC Macro; 2005.",2026-04-21T12:07:24Z,2005,2005-01-01,2005-12-31
58782,MDG_0000000025,COUNTRY,MWI,AFR,Africa,YEAR,2014,,,,,,,,,87,87,,,"National Statistical Office, United Nations Children�s Fund (UNICEF). Malawi MDG Endline Survey 2014. Zomba, Malawi: National Statistical Office, United Nations Children�s Fund (UNICEF); 2015.",2026-04-21T12:07:24Z,2014,2014-01-01,2014-12-31
58783,MDG_0000000025,COUNTRY,MWI,AFR,Africa,YEAR,2016,,,,,,,,,90,89.8,,,National Statistical Office (NSO) [Malawi]; ICF. Malawi Demographic and Health Survey 2015-16. Zomba; Malawi: NSO; ICF; 2017.,2026-04-21T12:35:59Z,2016,2016-01-01,2016-12-31
58784,MDG_0000000025,COUNTRY,MWI,AFR,Africa,YEAR,2020,,,,,,,,,96,96.4,,,National Statistical Office. 2021. Malawi Multiple Indicator Cluster Survey 2019-20; Survey Findings Report.Zomba; Malawi: National Statistical Office.,2026-04-21T12:35:59Z,2020,2020-01-01,2020-12-31
58785,MDG_0000000025,COUNTRY,NAM,AFR,Africa,YEAR,2007,,,,,,,,,81,81,,,"Ministry of Health and Social Services (MoHSS) [Namibia], Macro International Inc. Namibia Demographic and Health Survey 2006-07. Windhoek, Namibia, Calverton, Maryland, USA: MoHSS, Macro International Inc.; 2008.",2026-04-21T12:07:24Z,2007,2007-01-01,2007-12-31
58786,MDG_0000000025,COUNTRY,NGA,AFR,Africa,YEAR,2017,,,,,,,,,43,43,,,National Bureau of Statistics (NBS); United Nations Children's Fund (UNICEF). Nigeria Multiple Indicator Cluster Survey 2016-17; Survey Findings Report. Abuja; Nigeria: National Bureau of Statistics; United Nations Children's Fund (UNICEF); 2017.,2026-04-21T12:35:59Z,2017,2017-01-01,2017-12-31
58787,MDG_0000000025,COUNTRY,NIC,AMR,Americas,YEAR,2007,,,,,,,,,74,74,,,"Doctor (24.2%), gynaecologist (48.2%), nurse and auxiliary nurse (1.3%) Encuesta Nicarag�ense de Demograf�a y Salud (ENDESA) 2006/07. Managua: Instituto Nacional de Informaci�n de Desarrollo (INIDE), Ministerio de Salud [Nicaragua]; 2008 (in Spanish).",2026-04-21T12:07:24Z,2007,2007-01-01,2007-12-31
58788,MDG_0000000025,COUNTRY,NIC,AMR,Americas,YEAR,2012,,,,,,,,,87,87,,,"Encuesta Nicarag�ense de Demograf�a y Salud (ENDESA) 2011/12. Informe Final. Managua: Instituto Nacional de Informaci�n de Desarrollo (INIDE), Ministerio de Salud [Nicaragua]; 2013 (in Spanish).",2026-04-21T12:07:24Z,2012,2012-01-01,2012-12-31
58789,MDG_0000000025,COUNTRY,NPL,SEAR,South-East Asia,YEAR,2019,,,,,,,,,77,77.2,,,Nepal Multiple Indicator Cluster Survey (MICS) 2019; Survey Findings Report. Kathmandu: Central Bureau of Statistics (CBS); UNICEF Nepal; 2020.,2026-04-21T12:35:59Z,2019,2019-01-01,2019-12-31
58790,MDG_0000000025,COUNTRY,PAK,EMR,Eastern Mediterranean,YEAR,2002,,,,,,,,,23,23,,,Pakistan Social and Living Standards Measurement Survey (PSLM) 2005-06. Islamabad: Federal Bureau of Statistics [Pakistan]; 2007.,2026-04-21T12:07:24Z,2002,2002-01-01,2002-12-31
58791,MDG_0000000025,COUNTRY,PAK,EMR,Eastern Mediterranean,YEAR,2005,,,,,,,,,31,31,,,Pakistan Social and Living Standards Measurement Survey (PSLM) 2004-05. Islamabad: Federal Bureau of Statistics [Pakistan]; 2005.,2026-04-21T12:07:24Z,2005,2005-01-01,2005-12-31
58792,MDG_0000000025,COUNTRY,PAK,EMR,Eastern Mediterranean,YEAR,2007,,,,,,,,,39,39,,,"Doctor (33.0%), nurse, midwife, Lady Health Visitor (5.8%) National Institute of Population Studies (NIPS) [Pakistan], Macro International Inc. Pakistan Demographic and Health Survey 2006-07. Islamabad, Pakistan: NIPS, Macro International Inc.; 2008.",2026-04-21T12:07:24Z,2007,2007-01-01,2007-12-31
58793,MDG_0000000025,COUNTRY,PAK,EMR,Eastern Mediterranean,YEAR,2008,,,,,,,,,40,40,,,"Doctor (30%), nurse (6%), midwife (2%), LHV (2%) Pakistan Social and Living Standards Measurement Survey (PSLM) 2007-2008",2026-04-21T12:07:24Z,2008,2008-01-01,2008-12-31
58794,MDG_0000000025,COUNTRY,PAK,EMR,Eastern Mediterranean,YEAR,2009,,,,,,,,,41,41,,,Pakistan Social and Living Standards Measurement Survey (PSLM) 2008-09. Islamabad: Federal Bureau of Statistics [Pakistan]; 2010.,2026-04-21T12:07:24Z,2009,2009-01-01,2009-12-31
58795,MDG_0000000025,COUNTRY,PAK,EMR,Eastern Mediterranean,YEAR,2011,,,,,,,,,43,43,,,Pakistan Social and Living Standards Measurement Survey (PSLM) 2010-11. National/Provincial/District. Islamabad: Federal Bureau of Statistics [Pakistan]; 2011.,2026-04-21T12:07:24Z,2011,2011-01-01,2011-12-31
58796,MDG_0000000025,COUNTRY,PAK,EMR,Eastern Mediterranean,YEAR,2013,,,,,,,,,52,52,,,"Doctor (41.9%), nurse, midwife, Lady Health Visitor (10.2%) National Institute of Population Studies (NIPS) [Pakistan], ICF International. Pakistan Demographic and Health Survey 2012-13. Islamabad, Pakistan, Calverton, Maryland, USA: NIPS [Pakistan], ICF International; 2013.",2026-04-21T12:07:24Z,2013,2013-01-01,2013-12-31
58797,MDG_0000000025,COUNTRY,PAK,EMR,Eastern Mediterranean,YEAR,2015,,,,,,,,,59,59,,,"Doctor (47%), nurse (6%), midwife (3%), LHV (3%) Pakistan Social and Living Standards Measurement Survey (PSLM) 2014-2015",2026-04-21T12:07:24Z,2015,2015-01-01,2015-12-31
58798,MDG_0000000025,COUNTRY,PAK,EMR,Eastern Mediterranean,YEAR,2018,,,,,,,,,69,69.3,,,National Institute of Population Studies (NIPS) [Pakistan]; ICF. Pakistan Demographic and Health Survey 2017-18. Islamabad; Pakistan; and Rockville; Maryland; USA: NIPS; ICF; 2019.,2026-04-21T12:35:59Z,2018,2018-01-01,2018-12-31
58799,MDG_0000000025,COUNTRY,PAK,EMR,Eastern Mediterranean,YEAR,2020,,,,,,,,,68,68,,,Pakistan Social and Living Standards Measurement Survey (PSLM) 2019-2020,2026-04-21T12:35:59Z,2020,2020-01-01,2020-12-31
58800,MDG_0000000025,COUNTRY,PNG,WPR,Western Pacific,YEAR,2018,,,,,,,,,56,56.4,,,Papua New Guinea Demographic and Health Survey 2016-18. Oirt Moresby; Rockeville; Maryland: National Statistical Office (NSO) [Papua New Guinea]; ICF; 2019.,2026-04-21T12:35:59Z,2018,2018-01-01,2018-12-31
58801,MDG_0000000025,COUNTRY,PER,AMR,Americas,YEAR,2008,,,,,,,,,79,79,,,"Instituto Nacional de Estad�stica e Inform�tica (INEI) [Per�], ORC Macro. Per� Encuesta Demogr�fica y de Salud Familiar - ENDES 2007-2008. Lima, Per�: Instituto Nacional de Estad�stica e Inform�tica (INEI) [Per�], ORC Macro; 2009 (in Spanish).",2026-04-21T12:07:24Z,2008,2008-01-01,2008-12-31
58802,MDG_0000000025,COUNTRY,PER,AMR,Americas,YEAR,2006,,,,,,,,,71,71,,,"Instituto Nacional de Estad�stica e Inform�tica (INEI) [Per�], ORC Macro. Per� Encuesta Demogr�fica y de Salud Familiar - ENDES 2004-2006. Lima, Per�: Instituto Nacional de Estad�stica e Inform�tica (INEI) [Per�], ORC Macro; 2007 (in Spanish).",2026-04-21T12:07:24Z,2006,2006-01-01,2006-12-31
58803,MDG_0000000025,COUNTRY,PSE,EMR,Eastern Mediterranean,YEAR,2020,,,,,,,,,100,99.7,,,Palestinian Central Bureau of Statistics; 2021. Palestinian Multiple Indicator Cluster Survey 2019-2020; Survey Findings Report; Ramallah; Palestine.,2026-04-21T12:35:59Z,2020,2020-01-01,2020-12-31
58804,MDG_0000000025,COUNTRY,RWA,AFR,Africa,YEAR,2008,,,,,,,,,52,52,,,"Doctor, Nurse, Auxiliary Midwife Ministry of Health (MOH) [Rwanda], National Institute of Statistics of Rwanda (NISR), ICF Macro. Rwanda Interim Demographic and Health Survey 2007-08. Calverton, Maryland, USA: MOH [Rwanda], NISR [Rwanda], ICF Macro; 2009.",2026-04-21T12:07:24Z,2008,2008-01-01,2008-12-31
58805,MDG_0000000025,COUNTRY,RWA,AFR,Africa,YEAR,2011,,,,,,,,,69,69,,,"National Institute of Statistics of Rwanda (NISR), Ministry of Health (MOH) [Rwanda], ICF International. Rwanda Demographic and Health Survey 2010. Calverton, Maryland, USA: NISR [Rwanda], MOH [Rwanda], ICF International; 2012.",2026-04-21T12:07:24Z,2011,2011-01-01,2011-12-31
58806,MDG_0000000025,COUNTRY,RWA,AFR,Africa,YEAR,2015,,,,,,,,,91,91,,,"Doctor, nurse/medical assistant, midwife National Institute of Statistics of Rwanda, Ministry of Finance and Economic Planning [Rwanda], Ministry of Health [Rwanda], ICF International. Rwanda Demographic and Health Survey 2014-15. Kigali, Rwanda: National Institute of Statistics of Rwanda, Ministry of Finance and Economic Planning [Rwanda], Ministry of Health [Rwanda], ICF International; 2015.",2026-04-21T12:07:24Z,2015,2015-01-01,2015-12-31
58807,MDG_0000000025,COUNTRY,RWA,AFR,Africa,YEAR,2020,,,,,,,,,94,94.2,,,National Institute of Statistics of Rwanda (NISR) [Rwanda]; Ministry of Health (MOH) [Rwanda]; and ICF. 2021. Rwanda Demographic and Health Survey 2019-20 Final Report. Kigali; Rwanda; and Rockville; Maryland; USA: NISR and ICF.,2026-04-21T12:35:59Z,2020,2020-01-01,2020-12-31
58808,MDG_0000000025,COUNTRY,SEN,AFR,Africa,YEAR,2011,,,,,,,,,65,65,,,"Agence Nationale de la Statistique et de la D�mographie (ANSD) [S�n�gal], ICF International. Enqu�te D�mographique et de Sant� � Indicateurs Multiples au S�n�gal (EDS-MICS) 2010-2011. Calverton, Maryland, USA: ANSD, ICF International; 2012 (in French).",2026-04-21T12:07:24Z,2011,2011-01-01,2011-12-31
58809,MDG_0000000025,COUNTRY,SEN,AFR,Africa,YEAR,2013,,,,,,,,,51,51,,,"Agence Nationale de la Statistique et de la D�mographie (ANSD) [S�n�gal], ICF International. Enqu�te D�mographique et de Sant� Continue (EDS-Continue 2012-2013). Calverton, Maryland, USA: ANSD, ICF International; 2013 (in French).",2026-04-21T12:07:24Z,2013,2013-01-01,2013-12-31
58810,MDG_0000000025,COUNTRY,SEN,AFR,Africa,YEAR,2014,,,,,,,,,59,59,,,"Agence Nationale de la Statistique et de la D�mographie (ANSD) [S�n�gal], ICF International. S�n�gal : Enqu�te D�mographique et de Sant� Continue (EDS-Continue 2014). Rockville, Maryland, USA : ANSD, ICF International; 2015 (in French).",2026-04-21T12:07:24Z,2014,2014-01-01,2014-12-31
58811,MDG_0000000025,COUNTRY,SLB,WPR,Western Pacific,YEAR,2007,,,,,,,,,86,86,,,"Doctor, nurse, midwife, medical assistant, or clinical officer National Statistics Office [Solomon Islands], Secretariat of the Pacific Community (SPC), Macro International Inc., Asian Development Bank. Solomon Islands Demographic and Health Survey 2006-2007. Noumea: SPC; 2009.",2026-04-21T12:07:24Z,2007,2007-01-01,2007-12-31
58812,MDG_0000000025,COUNTRY,SLV,AMR,Americas,YEAR,2003,,,,,,,,,92,92,,,"IB + home delivery with skilled personnel Asociaci�n Demogr�fica Salvadore�a (ADS), Comit� Consultivo Interinstitucional (CCI), Centros para el Control y Prevenci�n de Enfermedades (CDC), Agencia de los Estados Unidos para el Desarrollo Internacional (USAID). Encuesta Nacional de Salud Familiar (FESAL) 2002/03. Informe Final. San Salvador: ADS; 2004 (in Spanish).",2026-04-21T12:07:24Z,2003,2003-01-01,2003-12-31
58813,MDG_0000000025,COUNTRY,SOM,EMR,Eastern Mediterranean,YEAR,2002,,,,,,,,,25,25,,,"The World Bank, United Nations Development Programme (UNDP) Somalia Country Office. Somalia Socio-Economic Survey 2002. Report No. 1, Somalia Watching Brief. Washington D.C.: The World Bank and New York: UNDP; 2003.",2026-04-21T12:07:24Z,2002,2002-01-01,2002-12-31
58814,MDG_0000000025,COUNTRY,SOM,EMR,Eastern Mediterranean,YEAR,2019,,,,,,,,,32,31.9,,,The Somali Health and Demographic Survey (SHDS) 2020. Mogadishu: Directorate of National Statistics; Federal Government of Somalia; 2020.,2026-04-21T12:35:59Z,2019,2019-01-01,2019-12-31
58815,MDG_0000000025,COUNTRY,SRB,EUR,Europe,YEAR,2006,,,,,,,,,89,89,,,"Statistical Office of the Republic of Serbia, Strategic Marketing Research Agency, United Nations Children�s Fund (UNICEF). Republic of Serbia Multiple Indicator Cluster Survey 2005, Final Report. Belgrade, Republic of Serbia: Statistical Office of the Republic of Serbia, Strategic Marketing Research Agency; 2006.",2026-04-21T12:07:24Z,2006,2006-01-01,2006-12-31
58816,MDG_0000000025,COUNTRY,STP,AFR,Africa,YEAR,2009,,,,,,,,,82,82,,,"Instituto Nacional de Estat�stica (INE) [S�o Tom� e Pr�ncipe], Minist�rio da Sa�de, ICF Macro. Inqu�rito Demogr�fico e Sanit�rio, S�o Tom� e Pr�ncipe, IDS STP, 2008-2009. Calverton, Maryland, USA: INE; 2010 (in Portuguese).",2026-04-21T12:07:24Z,2009,2009-01-01,2009-12-31
58817,MDG_0000000025,COUNTRY,SWZ,AFR,Africa,YEAR,2007,,,,,,,,,69,69,,,"Central Statistical Office (CSO) [Swaziland], Macro International Inc. Swaziland Demographic and Health Survey 2006-07. Mbabane, Swaziland: Central Statistical Office, Macro International Inc.; 2008.",2026-04-21T12:07:24Z,2007,2007-01-01,2007-12-31
58818,MDG_0000000025,COUNTRY,SWZ,AFR,Africa,YEAR,2022,,,,,,,,,93,93.4,,,Multiple Indicator Cluster Survey 2021-2022,2026-04-21T12:35:59Z,2022,2022-01-01,2022-12-31
58819,MDG_0000000025,COUNTRY,TCA,AMR,Americas,YEAR,2020,,,,,,,,,100,100,,,Department of Statistics. 2021. Turks & Caicos Islands Multiple Indicator Cluster Survey 2019-2020; Survey Findings Report. Grand Turk; Turks & Caicos Islands: Department of Statistics.,2026-04-21T12:35:59Z,2020,2020-01-01,2020-12-31
58820,MDG_0000000025,COUNTRY,TCD,AFR,Africa,YEAR,2015,,,,,,,,,24,24,,,"Doctor, nurse, midwife, hospital officer at hospital/medical centre  Institut National de la Statistique, des �tudes �conomiques et D�mographiques (INSEED), Minist�re de la Sant� Publique (MSP), ICF International. Enqu�te D�mographique et de Sant� et � Indicateurs Multiples (EDS-MICS 2014-2015). Rockville, Maryland, USA : INSEED, MSP, ICF International; 2016 (in French).",2026-04-21T12:07:24Z,2015,2015-01-01,2015-12-31
58821,MDG_0000000025,COUNTRY,TGO,AFR,Africa,YEAR,2014,,,,,,,,,45,45,,,"Minist�re de la Planification, du D�veloppement et de l�Am�nagement du Territoire (MPDAT), Minist�re de la Sant� (MS), ICF International. Enqu�te D�mographique et de Sant� au Togo 2013-2014. Rockville, Maryland, USA : MPDAT, MS, ICF International; 2015 (in French).",2026-04-21T12:07:24Z,2014,2014-01-01,2014-12-31
58822,MDG_0000000025,COUNTRY,THA,SEAR,South-East Asia,YEAR,2006,,,,,,,,,97,97,,,"Thailand National Statistical Office, United Nations Children's Fund (UNICEF). Thailand Multiple Indicator Cluster Survey December 2005, Final Report. Bangkok, Thailand: National Statistical Office; 2006.",2026-04-21T12:07:24Z,2006,2006-01-01,2006-12-31
58823,MDG_0000000025,COUNTRY,THA,SEAR,South-East Asia,YEAR,2016,,,,,,,,,99,99.1,,,National Statistical Office (NSO); United Nations Children's Fund (UNICEF). Thailand Multiple Indicator Cluster Survey 2015-16. Final Report. Bangkok: NSO; UNICEF; 2016.,2026-04-21T12:35:59Z,2016,2016-01-01,2016-12-31
58824,MDG_0000000025,COUNTRY,TKM,EUR,Europe,YEAR,2006,,,,,,,,,100,100,,,"National Institute of State Statistics and Information of Turkmenistan, United Nations Children's Fund (UNICEF), United Nations Population Fund (UNFPA). Turkmenistan Multiple Indicator Cluster Survey 2006, Final Report. Ashgabat: National Institute of State Statistics and Information of Turkmenistan, UNICEF, (UNFPA); 2006.",2026-04-21T12:07:24Z,2006,2006-01-01,2006-12-31
58825,MDG_0000000025,COUNTRY,TKM,EUR,Europe,YEAR,2016,,,,,,,,,100,100,,,The State Committee of Statistics of Turkmenistan; United Nations Children's Fund (UNICEF). 2015-2016 Turkmenistan Multiple Indicator Cluster Survey; Final Report. Ashgabat; Turkmenistan: The State Committee of Statistics of Turkmenistan; UNICEF; 2016.,2026-04-21T12:35:59Z,2016,2016-01-01,2016-12-31
58826,MDG_0000000025,COUNTRY,TLS,SEAR,South-East Asia,YEAR,2010,,,,,,,,,29,29,,,"National Statistics Directorate (NSD) [Timor-Leste], Ministry of Finance [Timor-Leste], ICF Macro. Timor-Leste Demographic and Health Survey 2009-10. Dili, Timor-Leste: NSD [Timor-Leste], ICF Macro; 2010.",2026-04-21T12:07:24Z,2010,2010-01-01,2010-12-31
58827,MDG_0000000025,COUNTRY,TTO,AMR,Americas,YEAR,2013,,,,,,,,,100,100,,,"Trained personnel PLISA Health Information Platform. Indicator profile: Deliveries attended by skilled birth attendants (%) [online database]. Washington, DC: Pan American Health Organization/World Health Organization (PAHO/WHO); 2021 (https://opendata.paho.org/es/indicadores-basicos/tablero-de-los-indicadores-basicos, accessed 30 December 2021).",2026-04-21T12:07:24Z,2013,2013-01-01,2013-12-31
58828,MDG_0000000025,COUNTRY,TUN,EMR,Eastern Mediterranean,YEAR,2012,,,,,,,,,74,74,,,"Minist�re du D�veloppement et de la Coop�ration Internationale (MDCI), Institut National de la Statistique, Fonds des Nations Unies pour l�Enfance (UNICEF).
Suivi de la situation des enfants et des femmes en Tunisie - Enqu�te par grappes � indicateurs multiples 2011-2012, Rapport Final. Tunisie: MDCI, Institut National de la Statistique, UNICEF; 2013 (in French).",2026-04-21T12:07:24Z,2012,2012-01-01,2012-12-31
58829,MDG_0000000025,COUNTRY,TUR,EUR,Europe,YEAR,2014,,,,,,,,,97,97,,,"Doctor, Auxiliary Nurse / Midwife Hacettepe University Institute of Population Studies. 2013 Turkey Demographic and Health Survey. Ankara, Turkey: Hacettepe University Institute of Population Studies, T.R. Ministry of Development, T�B?TAK; 2014.",2026-04-21T12:07:24Z,2014,2014-01-01,2014-12-31
58830,MDG_0000000025,COUNTRY,TUV,WPR,Western Pacific,YEAR,2020,,,,,,,,,100,99.5,,,Central Statistics Division. 2021. Tuvalu Multiple Indicator Cluster Survey 20192020; Survey Findings Report. Funafuti; Tuvalu: Central Statistics Division.,2026-04-21T12:35:59Z,2020,2020-01-01,2020-12-31
58831,MDG_0000000025,COUNTRY,TZA,AFR,Africa,YEAR,2005,,,,,,,,,43,43,,,"National Bureau of Statistics (NBS) [Tanzania], ORC Macro. Tanzania Demographic and Health Survey 2004-05. Dar es Salaam, Tanzania: National Bureau of Statistics, ORC Macro; 2005.",2026-04-21T12:07:24Z,2005,2005-01-01,2005-12-31
58832,MDG_0000000025,COUNTRY,TZA,AFR,Africa,YEAR,2010,,,,,,,,,49,49,,,"National Bureau of Statistics (NBS) [Tanzania], ICF Macro. Tanzania Demographic and Health Survey 2010. Dar es Salaam, Tanzania: NBS, ICF Macro; 2011.",2026-04-21T12:07:24Z,2010,2010-01-01,2010-12-31
58833,MDG_0000000025,COUNTRY,TZA,AFR,Africa,YEAR,2016,,,,,,,,,64,63.5,,,Ministry of Health; Community Development; Gender; Elderly and Children (MoHCDGEC) [Tanzania]; Ministry of Health (MoH) [Zanzibar]; National Bureau of Statistics (NBS) [Tanzania]; Office of Chief Government Statistician (OCGS) [Zanzibar]; ICF. Tanzania Demographic and Health Survey and Malaria Indicator Survey (TDHS-MIS) 2015-16. Dar es Salaam; Tanzania: MoHCDGEC; MoH; NBS; OCGS; ICF; 2016.,2026-04-21T12:35:59Z,2016,2016-01-01,2016-12-31
58834,MDG_0000000025,COUNTRY,UGA,AFR,Africa,YEAR,2000,,,,,,,,,36,36,,,Trained staff Uganda National Household Survey (UNHS) 1999/2000 - Report on the Socio-Economic. Entebbe: Uganda Bureau of Statistics; 2001.,2026-04-21T12:07:24Z,2000,2000-01-01,2000-12-31
58835,MDG_0000000025,COUNTRY,UGA,AFR,Africa,YEAR,2001,,,,,,,,,39,39,,,"Doctor (3.8%), nurse, midwife, medical assistant, clinical officer, nursing aide (35.2%) Uganda Bureau of Statistics (UBOS), ORC Macro. Uganda Demographic and Health Survey 2000-2001. Calverton, Maryland, USA: UBOS, ORC Macro; 2001.",2026-04-21T12:07:24Z,2001,2001-01-01,2001-12-31
58836,MDG_0000000025,COUNTRY,URY,AMR,Americas,YEAR,2013,,,,,,,,,98,98,,,"Fondo de las Naciones Unidas para la Infancia (UNICEF), Ministerio de Desarrollo Social (MIDES). Uruguay. Encuesta de Indicadores M�ltiples por Conglomerados 2013, Informe final. Montevideo: UNICEF, MIDES; 2015 (in Spanish).",2026-04-21T12:07:24Z,2013,2013-01-01,2013-12-31
58837,MDG_0000000025,COUNTRY,UZB,EUR,Europe,YEAR,2022,,,,,,,,,99,99,,,State Committee of the Republic of Uzbekistan on Statistics and United Nations Children's Fund (UNICEF). 2022.2021-2022 Uzbekistan Multiple Indicator Cluster Survey; Survey Findings Report. Republic of Uzbekistan;Tashkent: State Committee of the Republic of Uzbekistan on Statistics and United Nations Children's Fund(UNICEF).,2026-04-21T12:35:59Z,2022,2022-01-01,2022-12-31
58838,MDG_0000000025,COUNTRY,VNM,WPR,Western Pacific,YEAR,2011,,,,,,,,,92,92,,,"General Statistics Office (GSO), United Nations Children's Fund (UNICEF), United Nations Population Fund (UNFPA). Viet Nam Multiple Indicator Cluster Survey - Final Report, 2011. Ha Noi: General Statistical Office (GSO), UNICEF, UNFPA; 2011.",2026-04-21T12:07:24Z,2011,2011-01-01,2011-12-31
58839,MDG_0000000025,COUNTRY,VNM,WPR,Western Pacific,YEAR,2014,,,,,,,,,94,94,,,"General Statistics Office (GSO), United Nations Children's Fund (UNICEF). Viet Nam Multiple Indicator Cluster Survey 2014, Final Report. Ha Noi: General Statistics Office, UNICEF; 2015.",2026-04-21T12:07:24Z,2014,2014-01-01,2014-12-31
58840,MDG_0000000025,COUNTRY,VNM,WPR,Western Pacific,YEAR,2021,,,,,,,,,96,96.1,,,Viet Nam General Statistics Office and UNICEF. 2021. Viet Nam Sustainable Development Goal on Children and Women Survey 2020-2021; Key Indicators Ha Noi; Viet Nam: General Statistics Office.,2026-04-21T12:35:59Z,2021,2021-01-01,2021-12-31
58841,MDG_0000000025,COUNTRY,WSM,WPR,Western Pacific,YEAR,2020,,,,,,,,,89,88.9,,,Samoa Bureau of Statistics. 2021. Samoa Demographic and Health - Multiple Indicator Cluster Survey 2019-20; Survey Findings Report. Apia; Samoa: Samoa Bureau of Statistics.,2026-04-21T12:35:59Z,2020,2020-01-01,2020-12-31
58842,MDG_0000000025,COUNTRY,YEM,EMR,Eastern Mediterranean,YEAR,2023,,,,,,,,,61,60.9,,,Central Statistical Organization (CSO) and United Nations Children's Fund (UNICEF). 2023. Yemen Multiple Indicator Cluster Survey 2022-2023; Survey Findings Report. Yemen: Central Statistical Organization and United Nations Children's Fund.,2026-04-21T12:35:59Z,2023,2023-01-01,2023-12-31
58843,MDG_0000000025,COUNTRY,ZAF,AFR,Africa,YEAR,2004,,,,,,,,,91,91,,,"Department of Health, Medical Research Council, ORC Macro. South Africa Demographic and Health Survey 2003. Pretoria, South Africa: Department of Health [South Africa]; 2007.",2026-04-21T12:07:24Z,2004,2004-01-01,2004-12-31
58844,MDG_0000000025,COUNTRY,ZMB,AFR,Africa,YEAR,2002,,,,,,,,,42,42,,,"Central Statistical Office [Zambia], Central Board of Health [Zambia], ORC Macro. Zambia Demographic and Health Survey 2001-2002. Calverton, Maryland, USA: Central Statistical Office [Zambia], Central Board of Health [Zambia], ORC Macro; 2003.",2026-04-21T12:07:24Z,2002,2002-01-01,2002-12-31
58845,MDG_0000000025,COUNTRY,ZMB,AFR,Africa,YEAR,2014,,,,,,,,,63,63,,,"Central Statistical Office (CSO) [Zambia], Ministry of Health (MOH) [Zambia], ICF International. Zambia Demographic and Health Survey 2013-14. Rockville, Maryland, USA: Central Statistical Office, Ministry of Health, ICF International; 2015.",2026-04-21T12:07:24Z,2014,2014-01-01,2014-12-31
58846,MDG_0000000025,COUNTRY,ZMB,AFR,Africa,YEAR,2019,,,,,,,,,80,80.4,,,Zambia Demographic and Health Survey 2018. Lusaka; Rockville; Maryland; USA: Zambia Statistics Agency; Ministry of Health (MOH) [Zambia]; ICF; 2019.,2026-04-21T12:35:59Z,2019,2019-01-01,2019-12-31
58847,MDG_0000000025,COUNTRY,ZWE,AFR,Africa,YEAR,2006,,,,,,,,,69,69,,,"Central Statistical Office (CSO) [Zimbabwe], Macro International Inc. Zimbabwe Demographic and Health Survey 2005-06. Calverton, Maryland, USA: CSO [Zimbabwe], Macro International Inc.; 2007.",2026-04-21T12:07:24Z,2006,2006-01-01,2006-12-31
58848,MDG_0000000025,COUNTRY,ZWE,AFR,Africa,YEAR,2011,,,,,,,,,66,66,,,"Zimbabwe National Statistics Agency (ZIMSTAT), ICF International. Zimbabwe Demographic and Health Survey 2010-11. Calverton, Maryland: ZIMSTAT, ICF International Inc.; 2012.",2026-04-21T12:07:24Z,2011,2011-01-01,2011-12-31
58849,MDG_0000000025,COUNTRY,LSO,AFR,Africa,YEAR,2024,,,,,,,,,89,88.8,,,Lesotho Demographic and Health Survey 202324: Final Report. Maseru; Lesotho; and Rockville; Maryland; USA: Ministry of Health and ICF; 2024.,2026-04-21T12:35:59Z,2024,2024-01-01,2024-12-31
58850,MDG_0000000025,REGION,AFR,,,YEAR,2025,,,,,,,,,74,74.1,,,Estimate based on Joint UNICEF-WHO Database on Skilled Birth Attendance 2025,2026-04-21T12:35:59Z,2025,2025-01-01,2025-12-31
58851,MDG_0000000025,REGION,AMR,,,YEAR,2025,,,,,,,,,97,97,,,Estimate based on Joint UNICEF-WHO Database on Skilled Birth Attendance 2025,2026-04-21T12:35:59Z,2025,2025-01-01,2025-12-31
58852,MDG_0000000025,COUNTRY,AIA,AMR,Americas,YEAR,2021,,,,,,,,,100,100,,,PLISA Health Information Platform. Indicator profile: Deliveries attended by skilled birth attendants (%) [online database]. Washington; DC: Pan American Health Organization/World Health Organization (PAHO/WHO); 2025 (https://opendata.paho.org/es/indicadores-basicos/tablero-de-los-indicadores-basicos); accessed September 15; 2025).,2026-04-21T12:35:59Z,2021,2021-01-01,2021-12-31
58853,MDG_0000000025,COUNTRY,AIA,AMR,Americas,YEAR,2022,,,,,,,,,100,100,,,PLISA Health Information Platform. Indicator profile: Deliveries attended by skilled birth attendants (%) [online database]. Washington; DC: Pan American Health Organization/World Health Organization (PAHO/WHO); 2025 (https://opendata.paho.org/es/indicadores-basicos/tablero-de-los-indicadores-basicos); accessed September 15; 2025).,2026-04-21T12:35:59Z,2022,2022-01-01,2022-12-31
58854,MDG_0000000025,COUNTRY,AIA,AMR,Americas,YEAR,2023,,,,,,,,,100,100,,,PLISA Health Information Platform. Indicator profile: Deliveries attended by skilled birth attendants (%) [online database]. Washington; DC: Pan American Health Organization/World Health Organization (PAHO/WHO); 2025 (https://opendata.paho.org/es/indicadores-basicos/tablero-de-los-indicadores-basicos); accessed September 15; 2025).,2026-04-21T12:35:59Z,2023,2023-01-01,2023-12-31
58855,MDG_0000000025,COUNTRY,AIA,AMR,Americas,YEAR,2024,,,,,,,,,100,100,,,PLISA Health Information Platform. Indicator profile: Deliveries attended by skilled birth attendants (%) [online database]. Washington; DC: Pan American Health Organization/World Health Organization (PAHO/WHO); 2025 (https://opendata.paho.org/es/indicadores-basicos/tablero-de-los-indicadores-basicos); accessed September 15; 2025).,2026-04-21T12:35:59Z,2024,2024-01-01,2024-12-31
58856,MDG_0000000025,COUNTRY,ATG,AMR,Americas,YEAR,2021,,,,,,,,,99,99,,,PLISA Health Information Platform. Indicator profile: Deliveries attended by skilled birth attendants (%) [online database]. Washington; DC: Pan American Health Organization/World Health Organization (PAHO/WHO); 2025 (https://opendata.paho.org/es/indicadores-basicos/tablero-de-los-indicadores-basicos); accessed August 29; 2025).,2026-04-21T12:35:59Z,2021,2021-01-01,2021-12-31
58857,MDG_0000000025,COUNTRY,ATG,AMR,Americas,YEAR,2022,,,,,,,,,99,99,,,PLISA Health Information Platform. Indicator profile: Deliveries attended by skilled birth attendants (%) [online database]. Washington; DC: Pan American Health Organization/World Health Organization (PAHO/WHO); 2025 (https://opendata.paho.org/es/indicadores-basicos/tablero-de-los-indicadores-basicos); accessed August 29; 2025).,2026-04-21T12:35:59Z,2022,2022-01-01,2022-12-31
58858,MDG_0000000025,COUNTRY,ATG,AMR,Americas,YEAR,2023,,,,,,,,,99,99,,,PLISA Health Information Platform. Indicator profile: Deliveries attended by skilled birth attendants (%) [online database]. Washington; DC: Pan American Health Organization/World Health Organization (PAHO/WHO); 2025 (https://opendata.paho.org/es/indicadores-basicos/tablero-de-los-indicadores-basicos); accessed August 29; 2025).,2026-04-21T12:35:59Z,2023,2023-01-01,2023-12-31
58859,MDG_0000000025,COUNTRY,ATG,AMR,Americas,YEAR,2024,,,,,,,,,99,99,,,PLISA Health Information Platform. Indicator profile: Deliveries attended by skilled birth attendants (%) [online database]. Washington; DC: Pan American Health Organization/World Health Organization (PAHO/WHO); 2025 (https://opendata.paho.org/es/indicadores-basicos/tablero-de-los-indicadores-basicos); accessed August 29; 2025).,2026-04-21T12:35:59Z,2024,2024-01-01,2024-12-31
58860,MDG_0000000025,COUNTRY,ARG,AMR,Americas,YEAR,2021,,,,,,,,,99,99.3,,,Direccin de Estadsticas e Informacin en Salud (DEIS). Estadsticas Vitales 2021. Informacin Bsica. Buenos Aires; 2023.,2026-04-21T12:35:59Z,2021,2021-01-01,2021-12-31
58861,MDG_0000000025,COUNTRY,ARG,AMR,Americas,YEAR,2022,,,,,,,,,99,99.3,,,Direccin de Estadsticas e Informacin en Salud (DEIS). Estadsticas Vitales 2022. Informacin Bsica. Buenos Aires; 2024.,2026-04-21T12:35:59Z,2022,2022-01-01,2022-12-31
58862,MDG_0000000025,COUNTRY,ARG,AMR,Americas,YEAR,2023,,,,,,,,,99,99.3,,,Direccin de Estadsticas e Informacin en Salud (DEIS). Estadsticas Vitales 2023. Informacin Bsica. Buenos Aires; 2024.,2026-04-21T12:35:59Z,2023,2023-01-01,2023-12-31
58863,MDG_0000000025,COUNTRY,AUS,WPR,Western Pacific,YEAR,2022,,,,,,,,,99,98.5,,,Australian Institute of Health and Welfare. Australia's mothers and babies [Internet]. Canberra: Australian Institute of Health and Welfare; 2025 [cited 2025 Sep. 15]. Available from: https://www.aihw.gov.au/reports/mothers-babies/australias-mothers-babies,2026-04-21T12:35:59Z,2022,2022-01-01,2022-12-31
58864,MDG_0000000025,COUNTRY,AUS,WPR,Western Pacific,YEAR,2023,,,,,,,,,99,98.5,,,Australian Institute of Health and Welfare. Australia's mothers and babies [Internet]. Canberra: Australian Institute of Health and Welfare; 2025 [cited 2025 Sep. 15]. Available from: https://www.aihw.gov.au/reports/mothers-babies/australias-mothers-babies.,2026-04-21T12:35:59Z,2023,2023-01-01,2023-12-31
58865,MDG_0000000025,COUNTRY,AUT,EUR,Europe,YEAR,2024,,,,,,,,,99,98.7,,,Statistics Austria. Medical and socio-medical characteristics of newborns.Vienna; 2025 (https://www.statistik.at/en/search?L=1&id=582&tx_solr%5Bq%5D=place+of+birth).,2026-04-21T12:35:59Z,2024,2024-01-01,2024-12-31
58866,MDG_0000000025,COUNTRY,BHS,AMR,Americas,YEAR,2021,,,,,,,,,99,99.1,,,PLISA Health Information Platform. Indicator profile: Deliveries attended by skilled birth attendants (%) [online database]. Washington; DC: Pan American Health Organization/World Health Organization (PAHO/WHO); 2025 (https://opendata.paho.org/es/indicadores-basicos/tablero-de-los-indicadores-basicos); accessed September 1; 2025).,2026-04-21T12:35:59Z,2021,2021-01-01,2021-12-31
58867,MDG_0000000025,COUNTRY,BHS,AMR,Americas,YEAR,2022,,,,,,,,,99,99,,,PLISA Health Information Platform. Indicator profile: Deliveries attended by skilled birth attendants (%) [online database]. Washington; DC: Pan American Health Organization/World Health Organization (PAHO/WHO); 2025 (https://opendata.paho.org/es/indicadores-basicos/tablero-de-los-indicadores-basicos); accessed September 1; 2025).,2026-04-21T12:35:59Z,2022,2022-01-01,2022-12-31
58868,MDG_0000000025,COUNTRY,BHS,AMR,Americas,YEAR,2023,,,,,,,,,99,99.2,,,PLISA Health Information Platform. Indicator profile: Deliveries attended by skilled birth attendants (%) [online database]. Washington; DC: Pan American Health Organization/World Health Organization (PAHO/WHO); 2025 (https://opendata.paho.org/es/indicadores-basicos/tablero-de-los-indicadores-basicos); accessed September 1; 2025).,2026-04-21T12:35:59Z,2023,2023-01-01,2023-12-31
58869,MDG_0000000025,COUNTRY,BHS,AMR,Americas,YEAR,2024,,,,,,,,,100,99.7,,,PLISA Health Information Platform. Indicator profile: Deliveries attended by skilled birth attendants (%) [online database]. Washington; DC: Pan American Health Organization/World Health Organization (PAHO/WHO); 2025 (https://opendata.paho.org/es/indicadores-basicos/tablero-de-los-indicadores-basicos); accessed September 1; 2025).,2026-04-21T12:35:59Z,2024,2024-01-01,2024-12-31
58870,MDG_0000000025,COUNTRY,BHR,EMR,Eastern Mediterranean,YEAR,2021,,,,,,,,,100,99.7,,,Health Statistics of 2021-2022. Bahrain: Ministry of Health; 2025.,2026-04-21T12:35:59Z,2021,2021-01-01,2021-12-31
58871,MDG_0000000025,COUNTRY,BHR,EMR,Eastern Mediterranean,YEAR,2022,,,,,,,,,99,99.4,,,Health Statistics of 2021-2022. Bahrain: Ministry of Health; 2025.,2026-04-21T12:35:59Z,2022,2022-01-01,2022-12-31
58872,MDG_0000000025,COUNTRY,BRB,AMR,Americas,YEAR,2021,,,,,,,,,99,99.3,,,PLISA Health Information Platform. Indicator profile: Deliveries attended by skilled birth attendants (%) [online database]. Washington; DC: Pan American Health Organization/World Health Organization (PAHO/WHO); 2025 (https://opendata.paho.org/es/indicadores-basicos/tablero-de-los-indicadores-basicos); accessed September 1; 2025).,2026-04-21T12:35:59Z,2021,2021-01-01,2021-12-31
58873,MDG_0000000025,COUNTRY,BRB,AMR,Americas,YEAR,2022,,,,,,,,,98,98.2,,,PLISA Health Information Platform. Indicator profile: Deliveries attended by skilled birth attendants (%) [online database]. Washington; DC: Pan American Health Organization/World Health Organization (PAHO/WHO); 2025 (https://opendata.paho.org/es/indicadores-basicos/tablero-de-los-indicadores-basicos); accessed September 1; 2025).,2026-04-21T12:35:59Z,2022,2022-01-01,2022-12-31
58874,MDG_0000000025,COUNTRY,BRB,AMR,Americas,YEAR,2023,,,,,,,,,99,99.3,,,PLISA Health Information Platform. Indicator profile: Deliveries attended by skilled birth attendants (%) [online database]. Washington; DC: Pan American Health Organization/World Health Organization (PAHO/WHO); 2025 (https://opendata.paho.org/es/indicadores-basicos/tablero-de-los-indicadores-basicos); accessed September 1; 2025).,2026-04-21T12:35:59Z,2023,2023-01-01,2023-12-31
58875,MDG_0000000025,COUNTRY,BRB,AMR,Americas,YEAR,2024,,,,,,,,,99,99.3,,,PLISA Health Information Platform. Indicator profile: Deliveries attended by skilled birth attendants (%) [online database]. Washington; DC: Pan American Health Organization/World Health Organization (PAHO/WHO); 2025 (https://opendata.paho.org/es/indicadores-basicos/tablero-de-los-indicadores-basicos); accessed September 1; 2025).,2026-04-21T12:35:59Z,2024,2024-01-01,2024-12-31
58876,MDG_0000000025,COUNTRY,BLR,EUR,Europe,YEAR,2023,,,,,,,,,100,99.9,,,National platform for reporting indicators of Sustainable Development Goals. http://sdgplatform.belstat.gov.by/datasets/3.1.2; accessed 15 September 2025.,2026-04-21T12:35:59Z,2023,2023-01-01,2023-12-31
58877,MDG_0000000025,COUNTRY,BLR,EUR,Europe,YEAR,2024,,,,,,,,,100,99.9,,,National platform for reporting indicators of Sustainable Development Goals. http://sdgplatform.belstat.gov.by/datasets/3.1.2; accessed 15 September 2025.,2026-04-21T12:35:59Z,2024,2024-01-01,2024-12-31
58878,MDG_0000000025,COUNTRY,BLZ,AMR,Americas,YEAR,2021,,,,,,,,,95,95.2,,,PLISA Health Information Platform. Indicator profile: Deliveries attended by skilled birth attendants (%) [online database]. Washington; DC: Pan American Health Organization/World Health Organization (PAHO/WHO); 2025 (https://opendata.paho.org/es/indicadores-basicos/tablero-de-los-indicadores-basicos; accessed 15 September 2025).,2026-04-21T12:35:59Z,2021,2021-01-01,2021-12-31
58879,MDG_0000000025,COUNTRY,BLZ,AMR,Americas,YEAR,2022,,,,,,,,,95,94.6,,,PLISA Health Information Platform. Indicator profile: Deliveries attended by skilled birth attendants (%) [online database]. Washington; DC: Pan American Health Organization/World Health Organization (PAHO/WHO); 2025 (https://opendata.paho.org/es/indicadores-basicos/tablero-de-los-indicadores-basicos; accessed 15 September 2025).,2026-04-21T12:35:59Z,2022,2022-01-01,2022-12-31
58880,MDG_0000000025,COUNTRY,BLZ,AMR,Americas,YEAR,2023,,,,,,,,,95,95.4,,,PLISA Health Information Platform. Indicator profile: Deliveries attended by skilled birth attendants (%) [online database]. Washington; DC: Pan American Health Organization/World Health Organization (PAHO/WHO); 2025 (https://opendata.paho.org/es/indicadores-basicos/tablero-de-los-indicadores-basicos; accessed 15 September 2025).,2026-04-21T12:35:59Z,2023,2023-01-01,2023-12-31
58881,MDG_0000000025,COUNTRY,BLZ,AMR,Americas,YEAR,2024,,,,,,,,,95,94.9,,,PLISA Health Information Platform. Indicator profile: Deliveries attended by skilled birth attendants (%) [online database]. Washington; DC: Pan American Health Organization/World Health Organization (PAHO/WHO); 2025 (https://opendata.paho.org/es/indicadores-basicos/tablero-de-los-indicadores-basicos; accessed 15 September 2025).,2026-04-21T12:35:59Z,2024,2024-01-01,2024-12-31
58882,MDG_0000000025,COUNTRY,BMU,AMR,Americas,YEAR,2022,,,,,,,,,100,99.8,,,PLISA Health Information Platform. Indicator profile: Deliveries attended by skilled birth attendants (%) [online database]. Washington; DC: Pan American Health Organization/World Health Organization (PAHO/WHO); 2025 (https://opendata.paho.org/es/indicadores-basicos/tablero-de-los-indicadores-basicos); accessed September 1; 2025).,2026-04-21T12:35:59Z,2022,2022-01-01,2022-12-31
58883,MDG_0000000025,COUNTRY,BMU,AMR,Americas,YEAR,2023,,,,,,,,,99,99.3,,,PLISA Health Information Platform. Indicator profile: Deliveries attended by skilled birth attendants (%) [online database]. Washington; DC: Pan American Health Organization/World Health Organization (PAHO/WHO); 2025 (https://opendata.paho.org/es/indicadores-basicos/tablero-de-los-indicadores-basicos); accessed September 1; 2025).,2026-04-21T12:35:59Z,2023,2023-01-01,2023-12-31
58884,MDG_0000000025,COUNTRY,BOL,AMR,Americas,YEAR,2023,,,,,,,,,98,98.3,,,Registros administrativos del Sistema Nacional de Salud y Vigilancia Epidemiolgica del Ministerio de Salud y Deportes - 2024,2026-04-21T12:35:59Z,2023,2023-01-01,2023-12-31
58885,MDG_0000000025,COUNTRY,BOL,AMR,Americas,YEAR,2024,,,,,,,,,98,97.5,,,Registros administrativos del Sistema Nacional de Salud y Vigilancia Epidemiolgica del Ministerio de Salud y Deportes - 2025,2026-04-21T12:35:59Z,2024,2024-01-01,2024-12-31
58886,MDG_0000000025,COUNTRY,BIH,EUR,Europe,YEAR,2022,,,,,,,,,100,99.9,,,Statistical Yearbook Federation of Bosnia and Herzegovina 2024. Sarajevo: Institute for Statistics of Federation of Bosnia and Herzegovina; 2024.,2026-04-21T12:35:59Z,2022,2022-01-01,2022-12-31
58887,MDG_0000000025,COUNTRY,BIH,EUR,Europe,YEAR,2023,,,,,,,,,100,99.9,,,Statistical Yearbook Federation of Bosnia and Herzegovina 2024. Sarajevo: Institute for Statistics of Federation of Bosnia and Herzegovina; 2024.,2026-04-21T12:35:59Z,2023,2023-01-01,2023-12-31
58888,MDG_0000000025,COUNTRY,BRA,AMR,Americas,YEAR,2022,,,,,,,,,98,98.3,,,Ministrio da Sade; Sistema de Informaes sobre Nascidos Vivos (SINASC); (https://odsbrasil.gov.br/objetivo3/indicador312#); 2024,2026-04-21T12:35:59Z,2022,2022-01-01,2022-12-31
58889,MDG_0000000025,COUNTRY,BRA,AMR,Americas,YEAR,2023,,,,,,,,,99,98.5,,,Ministrio da Sade; Sistema de Informaes sobre Nascidos Vivos (SINASC); (https://odsbrasil.gov.br/objetivo3/indicador312#); 2025,2026-04-21T12:35:59Z,2023,2023-01-01,2023-12-31
58890,MDG_0000000025,COUNTRY,BRA,AMR,Americas,YEAR,2024,,,,,,,,,98,98.4,,,Ministrio da Sade; Sistema de Informaes sobre Nascidos Vivos (SINASC); (https://odsbrasil.gov.br/objetivo3/indicador312#); 2025,2026-04-21T12:35:59Z,2024,2024-01-01,2024-12-31
58891,MDG_0000000025,COUNTRY,CPV,AFR,Africa,YEAR,2022,,,,,,,,,98,98.4,,,Ministrio da Sade de Cabo Verde. Relatrio Estatstico 2022. Praia; 2024 (in Portuguese).,2026-04-21T12:35:59Z,2022,2022-01-01,2022-12-31
58892,MDG_0000000025,COUNTRY,CAN,AMR,Americas,YEAR,2022,,,,,,,,,98,97.8,,,Statistics Canada. Table 13-10-0429-01 Live births and fetal deaths (stillbirths); by place of birth (hospital or non-hospital) DOI: https://doi.org/10.25318/1310042901-eng.,2026-04-21T12:35:59Z,2022,2022-01-01,2022-12-31
58893,MDG_0000000025,COUNTRY,CAN,AMR,Americas,YEAR,2023,,,,,,,,,98,97.8,,,Statistics Canada. Table 13-10-0429-01 Live births and fetal deaths (stillbirths); by place of birth (hospital or non-hospital) DOI: https://doi.org/10.25318/1310042901-eng.,2026-04-21T12:35:59Z,2023,2023-01-01,2023-12-31
58894,MDG_0000000025,COUNTRY,CHL,AMR,Americas,YEAR,2021,,,,,,,,,100,99.8,,,PLISA Health Information Platform. Indicator profile: Deliveries attended by skilled birth attendants (%) [online database]. Washington; DC: Pan American Health Organization/World Health Organization (PAHO/WHO); 2025 (https://opendata.paho.org/es/indicadores-basicos/tablero-de-los-indicadores-basicos); accessed September 1; 2025).,2026-04-21T12:35:59Z,2021,2021-01-01,2021-12-31
58895,MDG_0000000025,COUNTRY,CHL,AMR,Americas,YEAR,2022,,,,,,,,,99,99.4,,,PLISA Health Information Platform. Indicator profile: Deliveries attended by skilled birth attendants (%) [online database]. Washington; DC: Pan American Health Organization/World Health Organization (PAHO/WHO); 2025 (https://opendata.paho.org/es/indicadores-basicos/tablero-de-los-indicadores-basicos); accessed September 1; 2025).,2026-04-21T12:35:59Z,2022,2022-01-01,2022-12-31
58896,MDG_0000000025,COUNTRY,COL,AMR,Americas,YEAR,2023,,,,,,,,,98,97.8,,,DANE. Estadsticas Vitales - Nacimientos 2023; partos atendidos por mdico o enfermero(a). Bogot D.C.: Departamento Administrativo Nacional de Estadstica (DANE); 2025.,2026-04-21T12:35:59Z,2023,2023-01-01,2023-12-31
58897,MDG_0000000025,COUNTRY,CRI,AMR,Americas,YEAR,2022,,,,,,,,,99,98.8,,,Estadsticas Vitales 2022: Poblacin; Nacimientos Defunciones y Matrimonios [recurso electrnico] / Instituto Nacional de Estadstica y Censos. San Jos; Costa; 2023.,2026-04-21T12:35:59Z,2022,2022-01-01,2022-12-31
58898,MDG_0000000025,COUNTRY,CRI,AMR,Americas,YEAR,2023,,,,,,,,,99,98.9,,,Estadsticas Vitales 2023: Poblacin; Nacimientos Defunciones y Matrimonios [recurso electrnico] / Instituto Nacional de Estadstica y Censos. San Jos; Costa; 2024.,2026-04-21T12:35:59Z,2023,2023-01-01,2023-12-31
58899,MDG_0000000025,COUNTRY,CUB,AMR,Americas,YEAR,2022,,,,,,,,,100,99.8,,,PLISA Health Information Platform. Indicator profile: Deliveries attended by skilled birth attendants (%) [online database]. Washington; DC: Pan American Health Organization/World Health Organization (PAHO/WHO); 2025 (https://opendata.paho.org/es/indicadores-basicos/tablero-de-los-indicadores-basicos; accessed 16 September 2025).,2026-04-21T12:35:59Z,2022,2022-01-01,2022-12-31
58900,MDG_0000000025,COUNTRY,CUB,AMR,Americas,YEAR,2023,,,,,,,,,100,99.7,,,PLISA Health Information Platform. Indicator profile: Deliveries attended by skilled birth attendants (%) [online database]. Washington; DC: Pan American Health Organization/World Health Organization (PAHO/WHO); 2025 (https://opendata.paho.org/es/indicadores-basicos/tablero-de-los-indicadores-basicos; accessed 16 September 2025).,2026-04-21T12:35:59Z,2023,2023-01-01,2023-12-31
58901,MDG_0000000025,COUNTRY,CUB,AMR,Americas,YEAR,2024,,,,,,,,,100,99.8,,,PLISA Health Information Platform. Indicator profile: Deliveries attended by skilled birth attendants (%) [online database]. Washington; DC: Pan American Health Organization/World Health Organization (PAHO/WHO); 2025 (https://opendata.paho.org/es/indicadores-basicos/tablero-de-los-indicadores-basicos; accessed 16 September 2025).,2026-04-21T12:35:59Z,2024,2024-01-01,2024-12-31
58902,MDG_0000000025,COUNTRY,COD,AFR,Africa,YEAR,2024,,,,,,,,,85,85,,,RDC-Institut National de la Statistique; cole de Sant Publique de Kinshasa et ICF. 2024. Enqute Dmographique et de Sant de Rpublique Dmocratique du Congo 20232024 : Rapport final. Kinshasa; RDC et Rockville; Maryland; USA : ICF; 2025.,2026-04-21T12:35:59Z,2024,2024-01-01,2024-12-31
58903,MDG_0000000025,COUNTRY,DNK,EUR,Europe,YEAR,2023,,,,,,,,,97,96.7,,,Det Medicinske Fdselsregister (MFR); MFR-kuben; Institutional deliveries [online database]. Copenhagen: Sundhedsdatastyrelsen [National Board of Health Data; Denmark]; 2023 (https://www.esundhed.dk/Emner/Graviditet-foedsler-og-boern/Nyfoedte-og-foedsler-1997-#tabpanel6B95F8298EB444F48C3403E7B75B7202; accessed 22 September; 2025; in Danish).,2026-04-21T12:35:59Z,2023,2023-01-01,2023-12-31
58904,MDG_0000000025,COUNTRY,DNK,EUR,Europe,YEAR,2024,,,,,,,,,97,96.9,,,Det Medicinske Fdselsregister (MFR); MFR-kuben; Institutional deliveries [online database]. Copenhagen: Sundhedsdatastyrelsen [National Board of Health Data; Denmark]; 2023 (https://www.esundhed.dk/Emner/Graviditet-foedsler-og-boern/Nyfoedte-og-foedsler-1997-#tabpanel6B95F8298EB444F48C3403E7B75B7202; accessed 22 September; 2025; in Danish).,2026-04-21T12:35:59Z,2024,2024-01-01,2024-12-31
58905,MDG_0000000025,COUNTRY,DMA,AMR,Americas,YEAR,2021,,,,,,,,,100,100,,,PLISA Health Information Platform. Indicator profile: Deliveries attended by skilled birth attendants (%) [online database]. Washington; DC: Pan American Health Organization/World Health Organization (PAHO/WHO); 2025 (https://opendata.paho.org/es/indicadores-basicos/tablero-de-los-indicadores-basicos; accessed 17 September 2025).,2026-04-21T12:35:59Z,2021,2021-01-01,2021-12-31
58906,MDG_0000000025,COUNTRY,DMA,AMR,Americas,YEAR,2022,,,,,,,,,100,100,,,PLISA Health Information Platform. Indicator profile: Deliveries attended by skilled birth attendants (%) [online database]. Washington; DC: Pan American Health Organization/World Health Organization (PAHO/WHO); 2025 (https://opendata.paho.org/es/indicadores-basicos/tablero-de-los-indicadores-basicos; accessed 17 September 2025).,2026-04-21T12:35:59Z,2022,2022-01-01,2022-12-31
58907,MDG_0000000025,COUNTRY,DMA,AMR,Americas,YEAR,2023,,,,,,,,,100,100,,,PLISA Health Information Platform. Indicator profile: Deliveries attended by skilled birth attendants (%) [online database]. Washington; DC: Pan American Health Organization/World Health Organization (PAHO/WHO); 2025 (https://opendata.paho.org/es/indicadores-basicos/tablero-de-los-indicadores-basicos; accessed 17 September 2025).,2026-04-21T12:35:59Z,2023,2023-01-01,2023-12-31
58908,MDG_0000000025,COUNTRY,DMA,AMR,Americas,YEAR,2024,,,,,,,,,100,100,,,PLISA Health Information Platform. Indicator profile: Deliveries attended by skilled birth attendants (%) [online database]. Washington; DC: Pan American Health Organization/World Health Organization (PAHO/WHO); 2025 (https://opendata.paho.org/es/indicadores-basicos/tablero-de-los-indicadores-basicos; accessed 17 September 2025).,2026-04-21T12:35:59Z,2024,2024-01-01,2024-12-31
58909,MDG_0000000025,COUNTRY,DOM,AMR,Americas,YEAR,2020,,,,,,,,,100,99.9,,,PLISA Health Information Platform. Indicator profile: Deliveries attended by skilled birth attendants (%) [online database]. Washington; DC: Pan American Health Organization/World Health Organization (PAHO/WHO); 2023 (https://opendata.paho.org/es/indicadores-basicos/tablero-de-los-indicadores-basicos; accessed 21 September 2023).,2026-04-21T12:35:59Z,2020,2020-01-01,2020-12-31
58910,MDG_0000000025,COUNTRY,DOM,AMR,Americas,YEAR,2021,,,,,,,,,100,99.9,,,PLISA Health Information Platform. Indicator profile: Deliveries attended by skilled birth attendants (%) [online database]. Washington; DC: Pan American Health Organization/World Health Organization (PAHO/WHO); 2023 (https://opendata.paho.org/es/indicadores-basicos/tablero-de-los-indicadores-basicos; accessed 21 September 2023).,2026-04-21T12:35:59Z,2021,2021-01-01,2021-12-31
58911,MDG_0000000025,COUNTRY,DOM,AMR,Americas,YEAR,2022,,,,,,,,,100,99.9,,,PLISA Health Information Platform. Indicator profile: Deliveries attended by skilled birth attendants (%) [online database]. Washington; DC: Pan American Health Organization/World Health Organization (PAHO/WHO); 2025 (https://opendata.paho.org/es/indicadores-basicos/tablero-de-los-indicadores-basicos; accessed 17 September 2025).,2026-04-21T12:35:59Z,2022,2022-01-01,2022-12-31
58912,MDG_0000000025,COUNTRY,DOM,AMR,Americas,YEAR,2023,,,,,,,,,100,99.9,,,PLISA Health Information Platform. Indicator profile: Deliveries attended by skilled birth attendants (%) [online database]. Washington; DC: Pan American Health Organization/World Health Organization (PAHO/WHO); 2025 (https://opendata.paho.org/es/indicadores-basicos/tablero-de-los-indicadores-basicos; accessed 17 September 2025).,2026-04-21T12:35:59Z,2023,2023-01-01,2023-12-31
58914,MDG_0000000025,COUNTRY,ECU,AMR,Americas,YEAR,2021,,,,,,,,,97,96.7,,,Registro Estadstico de Nacidos Vivos; Instituto Nacional de Estadstica y Censos. Ecuador; 2024 (https://www.ecuadorencifras.gob.ec/nacidos-vivos-y-defunciones-fetales/,2026-04-21T12:35:59Z,2021,2021-01-01,2021-12-31
58915,MDG_0000000025,COUNTRY,ECU,AMR,Americas,YEAR,2022,,,,,,,,,97,96.6,,,Registro Estadstico de Nacidos Vivos; Instituto Nacional de Estadstica y Censos. Ecuador; 2024 (https://www.ecuadorencifras.gob.ec/nacidos-vivos-y-defunciones-fetales/,2026-04-21T12:35:59Z,2022,2022-01-01,2022-12-31
58916,MDG_0000000025,COUNTRY,ECU,AMR,Americas,YEAR,2023,,,,,,,,,97,96.7,,,Registro Estadstico de Nacidos Vivos; Instituto Nacional de Estadstica y Censos. Ecuador; 2024 (https://www.ecuadorencifras.gob.ec/nacidos-vivos-y-defunciones-fetales/,2026-04-21T12:35:59Z,2023,2023-01-01,2023-12-31
58917,MDG_0000000025,COUNTRY,ECU,AMR,Americas,YEAR,2024,,,,,,,,,97,97.2,,,Registro Estadstico de Nacidos Vivos; Instituto Nacional de Estadstica y Censos. Ecuador; 2024 (https://www.ecuadorencifras.gob.ec/nacidos-vivos-y-defunciones-fetales/,2026-04-21T12:35:59Z,2024,2024-01-01,2024-12-31
58918,MDG_0000000025,COUNTRY,EST,EUR,Europe,YEAR,2023,,,,,,,,,100,99.9,,,Estonian Medical Birth Registry (EMBR). SR03: Births by hospital and women's place of residence; 2022. Tallinn: National Institute for Health Development (https://statistika.tai.ee/pxweb/en/Andmebaas/Andmebaas__01Rahvastik__02Synnid/?tablelist=true) [Estonia]; 2025.,2026-04-21T12:35:59Z,2023,2023-01-01,2023-12-31
58919,MDG_0000000025,COUNTRY,EST,EUR,Europe,YEAR,2024,,,,,,,,,100,99.9,,,Estonian Medical Birth Registry (EMBR). SR03: Births by hospital and women's place of residence; 2022. Tallinn: National Institute for Health Development (https://statistika.tai.ee/pxweb/en/Andmebaas/Andmebaas__01Rahvastik__02Synnid/?tablelist=true) [Estonia]; 2025.,2026-04-21T12:35:59Z,2024,2024-01-01,2024-12-31
58920,MDG_0000000025,REGION,EUR,,,YEAR,2025,,,,,,,,,99,99.1,,,Estimate based on Joint UNICEF-WHO Database on Skilled Birth Attendance 2025,2026-04-21T12:35:59Z,2025,2025-01-01,2025-12-31
58921,MDG_0000000025,COUNTRY,FIN,EUR,Europe,YEAR,2022,,,,,,,,,100,99.5,,,Statistics Finland: https://pxnet2.stat.fi/PXWeb/pxweb/en/SDG/; last accessed 09/08/2025,2026-04-21T12:35:59Z,2022,2022-01-01,2022-12-31
58922,MDG_0000000025,COUNTRY,FIN,EUR,Europe,YEAR,2023,,,,,,,,,100,99.5,,,Statistics Finland: https://pxnet2.stat.fi/PXWeb/pxweb/en/SDG/; last accessed 09/08/2025,2026-04-21T12:35:59Z,2023,2023-01-01,2023-12-31
58923,MDG_0000000025,COUNTRY,FIN,EUR,Europe,YEAR,2024,,,,,,,,,100,99.5,,,Statistics Finland: https://pxnet2.stat.fi/PXWeb/pxweb/en/SDG/; last accessed 09/08/2025,2026-04-21T12:35:59Z,2024,2024-01-01,2024-12-31
58924,MDG_0000000025,COUNTRY,DEU,EUR,Europe,YEAR,2023,,,,,,,,,96,96.4,,,Indicator 3..2.1: proportion of births attended by skilled health personnel [online database]. Wiesbaden: Statistisches Bundesamt (DESTATIS); 2025 (http://sdg-indikatoren.de/en/3-1-2/); accessed 23 September 2025).,2026-04-21T12:35:59Z,2023,2023-01-01,2023-12-31
58925,MDG_0000000025,COUNTRY,GHA,AFR,Africa,YEAR,2022,,,,,,,,,88,87.6,,,Demographic and Health Survey 2022,2026-04-21T12:35:59Z,2022,2022-01-01,2022-12-31
58926,MDG_0000000025,COUNTRY,GRC,EUR,Europe,YEAR,2023,,,,,,,,,100,99.7,,,Hellenic Statistical Authority. Greece; 2025 (Birth: https://www.statistics.gr/en/statistics/-/publication/SPO03/- Accessed 23 September 2025).,2026-04-21T12:35:59Z,2023,2023-01-01,2023-12-31
58927,MDG_0000000025,COUNTRY,GRD,AMR,Americas,YEAR,2021,,,,,,,,,100,100,,,PLISA Health Information Platform. Indicator profile: Deliveries attended by skilled birth attendants (%) [online database]. Washington; DC: Pan American Health Organization/World Health Organization (PAHO/WHO); 2025 (https://opendata.paho.org/es/indicadores-basicos/tablero-de-los-indicadores-basicos; accessed 16 September 2025).,2026-04-21T12:35:59Z,2021,2021-01-01,2021-12-31
58928,MDG_0000000025,COUNTRY,GRD,AMR,Americas,YEAR,2022,,,,,,,,,100,100,,,PLISA Health Information Platform. Indicator profile: Deliveries attended by skilled birth attendants (%) [online database]. Washington; DC: Pan American Health Organization/World Health Organization (PAHO/WHO); 2025 (https://opendata.paho.org/es/indicadores-basicos/tablero-de-los-indicadores-basicos; accessed 16 September 2025).,2026-04-21T12:35:59Z,2022,2022-01-01,2022-12-31
58929,MDG_0000000025,COUNTRY,GRD,AMR,Americas,YEAR,2023,,,,,,,,,100,100,,,PLISA Health Information Platform. Indicator profile: Deliveries attended by skilled birth attendants (%) [online database]. Washington; DC: Pan American Health Organization/World Health Organization (PAHO/WHO); 2025 (https://opendata.paho.org/es/indicadores-basicos/tablero-de-los-indicadores-basicos; accessed 16 September 2025).,2026-04-21T12:35:59Z,2023,2023-01-01,2023-12-31
58930,MDG_0000000025,COUNTRY,GRD,AMR,Americas,YEAR,2024,,,,,,,,,100,100,,,PLISA Health Information Platform. Indicator profile: Deliveries attended by skilled birth attendants (%) [online database]. Washington; DC: Pan American Health Organization/World Health Organization (PAHO/WHO); 2025 (https://opendata.paho.org/es/indicadores-basicos/tablero-de-los-indicadores-basicos; accessed 16 September 2025).,2026-04-21T12:35:59Z,2024,2024-01-01,2024-12-31
58931,MDG_0000000025,COUNTRY,GTM,AMR,Americas,YEAR,2018,,,,,,,,,99,99,,,PLISA Health Information Platform. Indicator profile: Deliveries attended by skilled birth attendants (%) [online database]. Washington; DC: Pan American Health Organization/World Health Organization (PAHO/WHO); 2025 (https://opendata.paho.org/es/indicadores-basicos/tablero-de-los-indicadores-basicos; accessed 16 September 2025).,2026-04-21T12:35:59Z,2018,2018-01-01,2018-12-31
58932,MDG_0000000025,COUNTRY,GTM,AMR,Americas,YEAR,2019,,,,,,,,,98,98,,,PLISA Health Information Platform. Indicator profile: Deliveries attended by skilled birth attendants (%) [online database]. Washington; DC: Pan American Health Organization/World Health Organization (PAHO/WHO); 2025 (https://opendata.paho.org/es/indicadores-basicos/tablero-de-los-indicadores-basicos; accessed 16 September 2025).,2026-04-21T12:35:59Z,2019,2019-01-01,2019-12-31
58933,MDG_0000000025,COUNTRY,GTM,AMR,Americas,YEAR,2020,,,,,,,,,96,96,,,PLISA Health Information Platform. Indicator profile: Deliveries attended by skilled birth attendants (%) [online database]. Washington; DC: Pan American Health Organization/World Health Organization (PAHO/WHO); 2025 (https://opendata.paho.org/es/indicadores-basicos/tablero-de-los-indicadores-basicos; accessed 16 September 2025).,2026-04-21T12:35:59Z,2020,2020-01-01,2020-12-31
58934,MDG_0000000025,COUNTRY,GTM,AMR,Americas,YEAR,2021,,,,,,,,,96,96,,,PLISA Health Information Platform. Indicator profile: Deliveries attended by skilled birth attendants (%) [online database]. Washington; DC: Pan American Health Organization/World Health Organization (PAHO/WHO); 2025 (https://opendata.paho.org/es/indicadores-basicos/tablero-de-los-indicadores-basicos; accessed 16 September 2025).,2026-04-21T12:35:59Z,2021,2021-01-01,2021-12-31
58935,MDG_0000000025,COUNTRY,GTM,AMR,Americas,YEAR,2022,,,,,,,,,96,96,,,PLISA Health Information Platform. Indicator profile: Deliveries attended by skilled birth attendants (%) [online database]. Washington; DC: Pan American Health Organization/World Health Organization (PAHO/WHO); 2025 (https://opendata.paho.org/es/indicadores-basicos/tablero-de-los-indicadores-basicos; accessed 16 September 2025).,2026-04-21T12:35:59Z,2022,2022-01-01,2022-12-31
58936,MDG_0000000025,COUNTRY,GUY,AMR,Americas,YEAR,2021,,,,,,,,,96,96,,,Pan American Health Organization (PAHO); World Health Organization (WHO). PLISA Health Information Platform: Indicator profile Births attended by skilled health personnel (%) [Internet]. Washington (DC): PAHO/WHO; 2025 [cited 2025 Aug 29]. Available from: [https://opendata.paho.org/es/indicadores-basicos/tablero-de-los-indicadores-basicos](https://opendata.paho.org/es/indicadores-basicos/tablero-de-los-indicadores-basicos),2026-04-21T12:35:59Z,2021,2021-01-01,2021-12-31
58937,MDG_0000000025,COUNTRY,GUY,AMR,Americas,YEAR,2022,,,,,,,,,97,97,,,Pan American Health Organization (PAHO); World Health Organization (WHO). PLISA Health Information Platform: Indicator profile Births attended by skilled health personnel (%) [Internet]. Washington (DC): PAHO/WHO; 2025 [cited 2025 Aug 29]. Available from: [https://opendata.paho.org/es/indicadores-basicos/tablero-de-los-indicadores-basicos](https://opendata.paho.org/es/indicadores-basicos/tablero-de-los-indicadores-basicos),2026-04-21T12:35:59Z,2022,2022-01-01,2022-12-31
58938,MDG_0000000025,COUNTRY,GUY,AMR,Americas,YEAR,2023,,,,,,,,,98,98,,,Pan American Health Organization (PAHO); World Health Organization (WHO). PLISA Health Information Platform: Indicator profile Births attended by skilled health personnel (%) [Internet]. Washington (DC): PAHO/WHO; 2025 [cited 2025 Aug 29]. Available from: [https://opendata.paho.org/es/indicadores-basicos/tablero-de-los-indicadores-basicos](https://opendata.paho.org/es/indicadores-basicos/tablero-de-los-indicadores-basicos),2026-04-21T12:35:59Z,2023,2023-01-01,2023-12-31
58939,MDG_0000000025,COUNTRY,HTI,AMR,Americas,YEAR,2019,,,,,,,,,70,69.5,,,Ministre de la Sant Publique et de la Population; Unit d'tudes et de Programmation (UEP). Rapport Statistique 2023. 2024.,2026-04-21T12:35:59Z,2019,2019-01-01,2019-12-31
58940,MDG_0000000025,COUNTRY,HTI,AMR,Americas,YEAR,2020,,,,,,,,,76,75.8,,,Ministre de la Sant Publique et de la Population; Unit d'tudes et de Programmation (UEP). Rapport Statistique 2023. 2024.,2026-04-21T12:35:59Z,2020,2020-01-01,2020-12-31
58941,MDG_0000000025,COUNTRY,HTI,AMR,Americas,YEAR,2021,,,,,,,,,76,75.8,,,Ministre de la Sant Publique et de la Population; Unit d'tudes et de Programmation (UEP). Rapport Statistique 2023. 2024.,2026-04-21T12:35:59Z,2021,2021-01-01,2021-12-31
58942,MDG_0000000025,COUNTRY,HTI,AMR,Americas,YEAR,2022,,,,,,,,,68,67.9,,,Ministre de la Sant Publique et de la Population; Unit d'tudes et de Programmation (UEP). Rapport Statistique 2023. 2024.,2026-04-21T12:35:59Z,2022,2022-01-01,2022-12-31
58943,MDG_0000000025,COUNTRY,HTI,AMR,Americas,YEAR,2023,,,,,,,,,76,75.6,,,Ministre de la Sant Publique et de la Population; Unit d'tudes et de Programmation (UEP). Rapport Statistique 2023. 2024.,2026-04-21T12:35:59Z,2023,2023-01-01,2023-12-31
58944,MDG_0000000025,COUNTRY,HUN,EUR,Europe,YEAR,2018,,,,,,,,,99,99.4,,,Hungarian Central Statistical Office - Birth 2018 (https://www.ksh.hu/evkonyvek/2018/demografiai-evkonyv-2018/html/tables.html -downloaded 23 September 2025).,2026-04-21T12:35:59Z,2018,2018-01-01,2018-12-31
58945,MDG_0000000025,COUNTRY,HUN,EUR,Europe,YEAR,2019,,,,,,,,,99,99.4,,,Hungarian Central Statistical Office - Birth 2019 (https://www.ksh.hu/evkonyvek/2019/demografiai-evkonyv-2019/html/tables.html - downloaded 23 September 2025).,2026-04-21T12:35:59Z,2019,2019-01-01,2019-12-31
58946,MDG_0000000025,COUNTRY,HUN,EUR,Europe,YEAR,2020,,,,,,,,,99,99.1,,,Hungarian Central Statistical Office - Birth 2020 (https://www.ksh.hu/evkonyvek/2020/demografiai-evkonyv-2020/html/tables.html - downloaded 23 September 2025).,2026-04-21T12:35:59Z,2020,2020-01-01,2020-12-31
58947,MDG_0000000025,COUNTRY,HUN,EUR,Europe,YEAR,2021,,,,,,,,,99,99,,,Hungarian Central Statistical Office - Birth 2021 (https://www.ksh.hu/evkonyvek/2021/demografiai-evkonyv-2021/html/tables.html - downloaded 23 September 2025).,2026-04-21T12:35:59Z,2021,2021-01-01,2021-12-31
58948,MDG_0000000025,COUNTRY,HUN,EUR,Europe,YEAR,2022,,,,,,,,,99,98.9,,,Hungarian Central Statistical Office - Birth 2022 (https://www.ksh.hu/evkonyvek/2022/demografiai-evkonyv-2022/html/tables.html - downloaded 23 September 2025).,2026-04-21T12:35:59Z,2022,2022-01-01,2022-12-31
58949,MDG_0000000025,COUNTRY,HUN,EUR,Europe,YEAR,2023,,,,,,,,,99,98.7,,,Hungarian Central Statistical Office - Birth 2023 (https://www.ksh.hu/evkonyvek/2023/demografiai-evkonyv-2023/html/tables.html - downloaded 23 September 2025).,2026-04-21T12:35:59Z,2023,2023-01-01,2023-12-31
58950,MDG_0000000025,COUNTRY,ISL,EUR,Europe,YEAR,2021,,,,,,,,,97,96.8,,,The Icelandic Birth Registration; National University Hospital; Department of Obstetrics & Gynecology (https://island.is/en/faedingar-tolur - downloaded 24 September 2025).,2026-04-21T12:35:59Z,2021,2021-01-01,2021-12-31
58951,MDG_0000000025,COUNTRY,ISL,EUR,Europe,YEAR,2022,,,,,,,,,97,97.1,,,The Icelandic Birth Registration; National University Hospital; Department of Obstetrics & Gynecology (https://island.is/en/faedingar-tolur - downloaded 24 September 2025).,2026-04-21T12:35:59Z,2022,2022-01-01,2022-12-31
58952,MDG_0000000025,COUNTRY,ISL,EUR,Europe,YEAR,2023,,,,,,,,,98,97.6,,,The Icelandic Birth Registration; National University Hospital; Department of Obstetrics & Gynecology (https://island.is/en/faedingar-tolur - downloaded 24 September 2025).,2026-04-21T12:35:59Z,2023,2023-01-01,2023-12-31
58953,MDG_0000000025,COUNTRY,IRQ,EMR,Eastern Mediterranean,YEAR,2017,,,,,,,,,94,93.7,,,Iraq Ministry of Health. Iraq National Strategy for Women's; Children's; and Adolescents' Health (20252030). 2025.,2026-04-21T12:35:59Z,2017,2017-01-01,2017-12-31
58954,MDG_0000000025,COUNTRY,IRQ,EMR,Eastern Mediterranean,YEAR,2019,,,,,,,,,90,90.1,,,Iraq Ministry of Health. Iraq National Strategy for Women's; Children's; and Adolescents' Health (20252030). 2025.,2026-04-21T12:35:59Z,2019,2019-01-01,2019-12-31
58955,MDG_0000000025,COUNTRY,IRQ,EMR,Eastern Mediterranean,YEAR,2020,,,,,,,,,90,90.2,,,Iraq Ministry of Health. Iraq National Strategy for Women's; Children's; and Adolescents' Health (20252030). 2025.,2026-04-21T12:35:59Z,2020,2020-01-01,2020-12-31
58956,MDG_0000000025,COUNTRY,IRQ,EMR,Eastern Mediterranean,YEAR,2021,,,,,,,,,96,96,,,Iraq Ministry of Health. Iraq National Strategy for Women's; Children's; and Adolescents' Health (20252030). 2025.,2026-04-21T12:35:59Z,2021,2021-01-01,2021-12-31
58957,MDG_0000000025,COUNTRY,IRL,EUR,Europe,YEAR,2021,,,,,,,,,100,99.5,,,Healthcare Pricing Office (HPO); Health Service Executive (HSE). Perinatal Statistics Report 2021. Ireland; 2024. Veriosn 1.0 File NPRS_2021_ASOF_0723_V01_NATIONAL,2026-04-21T12:35:59Z,2021,2021-01-01,2021-12-31
58958,MDG_0000000025,COUNTRY,ITA,EUR,Europe,YEAR,2022,,,,,,,,,100,99.9,,,Certificato di assistenza al parto (CeDAP). Analisi dell'evento nascita - Anno 2022. Roma: Direzione Generale della Digitalizzazione; del Sistema Informativo Sanitario e della Statistica Ufficio di Statistica; 2023 (in Italian).,2026-04-21T12:35:59Z,2022,2022-01-01,2022-12-31
58959,MDG_0000000025,COUNTRY,ITA,EUR,Europe,YEAR,2023,,,,,,,,,100,99.9,,,Direzione Generale della Digitalizzazione; del Sistema Informativo Sanitario e della Statistica Ufficio di Statistica. Certificato di assistenza al parto (CeDAP). Analisi dell'evento nascita Anno 2023. Roma; 2025.,2026-04-21T12:35:59Z,2023,2023-01-01,2023-12-31
58960,MDG_0000000025,COUNTRY,JAM,AMR,Americas,YEAR,2022,,,,,,,,,99,99.3,,,Pan American Health Organization (PAHO); World Health Organization (WHO). PLISA Health Information Platform: Indicator profile Births attended by skilled health personnel (%) [Internet]. Washington (DC): PAHO/WHO; 2025 [cited 2025 Aug 29]. Available from: [https://opendata.paho.org/es/indicadores-basicos/tablero-de-los-indicadores-basicos](https://opendata.paho.org/es/indicadores-basicos/tablero-de-los-indicadores-basicos),2026-04-21T12:35:59Z,2022,2022-01-01,2022-12-31
58961,MDG_0000000025,COUNTRY,JAM,AMR,Americas,YEAR,2023,,,,,,,,,99,98.8,,,Pan American Health Organization (PAHO); World Health Organization (WHO). PLISA Health Information Platform: Indicator profile Births attended by skilled health personnel (%) [Internet]. Washington (DC): PAHO/WHO; 2025 [cited 2025 Aug 29]. Available from: [https://opendata.paho.org/es/indicadores-basicos/tablero-de-los-indicadores-basicos](https://opendata.paho.org/es/indicadores-basicos/tablero-de-los-indicadores-basicos),2026-04-21T12:35:59Z,2023,2023-01-01,2023-12-31
58962,MDG_0000000025,COUNTRY,KWT,EMR,Eastern Mediterranean,YEAR,2023,,,,,,,,,100,100,,,Annual Bulletin for Vital Statistics - Births and Deaths 2023. Kuwait City: Central Statistical Bureau (Office) [Kuwait]; 2024.,2026-04-21T12:35:59Z,2023,2023-01-01,2023-12-31
58963,MDG_0000000025,COUNTRY,KWT,EMR,Eastern Mediterranean,YEAR,2024,,,,,,,,,100,100,,,Annual Bulletin for Vital Statistics - Births and Deaths 2024. Kuwait City: Central Statistical Bureau (Office) [Kuwait]; 2025.,2026-04-21T12:35:59Z,2024,2024-01-01,2024-12-31
58964,MDG_0000000025,COUNTRY,LVA,EUR,Europe,YEAR,2023,,,,,,,,,98,98.4,,,Health Statistics Database - Maternal and child health care (Veselbas statistikas datubze). Latvia; 2025 (https://statistika.spkc.gov.lv/pxweb/en/Health/Health__Mates_berna_veseliba/MCH010_dzemdibu_raditaji_regioni.px/ accessed 14 September 2025),2026-04-21T12:35:59Z,2023,2023-01-01,2023-12-31
58965,MDG_0000000025,COUNTRY,LVA,EUR,Europe,YEAR,2024,,,,,,,,,99,98.5,,,Health Statistics Database - Maternal and child health care (Veselbas statistikas datubze). Latvia; 2025 (https://statistika.spkc.gov.lv/pxweb/en/Health/Health__Mates_berna_veseliba/MCH010_dzemdibu_raditaji_regioni.px/ accessed 14 September 2025),2026-04-21T12:35:59Z,2024,2024-01-01,2024-12-31
58966,MDG_0000000025,COUNTRY,LTU,EUR,Europe,YEAR,2024,,,,,,,,,100,100,,,Official Statistics Portal Lithuania; 2025 (https://dvr.stat.gov.lt/datasets/ce1315994fd648379b0e8cbed60c570b_1/explore?showTable=true accessed 14 September 2025).,2026-04-21T12:35:59Z,2024,2024-01-01,2024-12-31
58967,MDG_0000000025,COUNTRY,LUX,EUR,Europe,YEAR,2019,,,,,,,,,100,99.8,,,Ministre de la Sant Luxembourg Institute of Health. Surveillance de la Sant Prinatale au Luxembourg 20172019. Dcembre 2022.,2026-04-21T12:35:59Z,2019,2019-01-01,2019-12-31
58968,MDG_0000000025,COUNTRY,MWI,AFR,Africa,YEAR,2024,,,,,,,,,96,96.3,,,National Statistical Office (NSO) [Malawi]; ICF. Malawi Demographic and Health Survey 2024. Zomba (MW): NSO; ICF; 2024.,2026-04-21T12:35:59Z,2024,2024-01-01,2024-12-31
58969,MDG_0000000025,COUNTRY,MDV,SEAR,South-East Asia,YEAR,2018,,,,,,,,,100,99.6,,,Ministry of Health (Republic of Maldives). The Maldives Health Statistics 2020. Mal; 2021.,2026-04-21T12:35:59Z,2018,2018-01-01,2018-12-31
58970,MDG_0000000025,COUNTRY,MDV,SEAR,South-East Asia,YEAR,2019,,,,,,,,,100,99.8,,,Ministry of Health (Republic of Maldives). The Maldives Health Statistics 2020. Mal; 2021.,2026-04-21T12:35:59Z,2019,2019-01-01,2019-12-31
58971,MDG_0000000025,COUNTRY,MDV,SEAR,South-East Asia,YEAR,2020,,,,,,,,,100,99.7,,,Ministry of Health (Republic of Maldives). The Maldives Health Statistics 2020. Mal; 2021.,2026-04-21T12:35:59Z,2020,2020-01-01,2020-12-31
58972,MDG_0000000025,COUNTRY,MDV,SEAR,South-East Asia,YEAR,2021,,,,,,,,,100,99.9,,,Ministry of Health (Republic of Maldives). The Maldives Health Statistics 20192021. Mal; 2024.,2026-04-21T12:35:59Z,2021,2021-01-01,2021-12-31
58973,MDG_0000000025,COUNTRY,MLI,AFR,Africa,YEAR,2024,,,,,,,,,66,65.5,,,Demographic and Health Survey 2023-24,2026-04-21T12:35:59Z,2024,2024-01-01,2024-12-31
58974,MDG_0000000025,COUNTRY,MLT,EUR,Europe,YEAR,2023,,,,,,,,,100,99.8,,,Gatt; M. Borg; LW. NOIS Annual Report; 2023. National Obstetric Information System; Directorate for Health Information and Research. 2024. Available at: https://dhir.gov.mt/en/resources/birthreports/,2026-04-21T12:35:59Z,2023,2023-01-01,2023-12-31
58975,MDG_0000000025,COUNTRY,MUS,AFR,Africa,YEAR,2022,,,,,,,,,100,99.8,,,Statistics Mauritius. Sustainable Development Goals [online database]. Port Louis; 2025. (https://statsmauritius.govmu.org/Pages/Statistics/By_Subject/SDGs/SB_SDG.aspx; accessed 14 September 2025).,2026-04-21T12:35:59Z,2022,2022-01-01,2022-12-31
58976,MDG_0000000025,COUNTRY,MUS,AFR,Africa,YEAR,2023,,,,,,,,,100,99.8,,,Statistics Mauritius. Sustainable Development Goals [online database]. Port Louis; 2025. (https://statsmauritius.govmu.org/Pages/Statistics/By_Subject/SDGs/SB_SDG.aspx; accessed 14 September 2025).,2026-04-21T12:35:59Z,2023,2023-01-01,2023-12-31
58977,MDG_0000000025,COUNTRY,MSR,AMR,Americas,YEAR,2021,,,,,,,,,100,100,,,Pan American Health Organization (PAHO); World Health Organization (WHO). PLISA Health Information Platform: Indicator profile Births attended by skilled health personnel (%) [Internet]. Washington (DC): PAHO/WHO; 2025 [cited 2025 Aug 29]. Available from: [https://opendata.paho.org/es/indicadores-basicos/tablero-de-los-indicadores-basicos](https://opendata.paho.org/es/indicadores-basicos/tablero-de-los-indicadores-basicos),2026-04-21T12:35:59Z,2021,2021-01-01,2021-12-31
58978,MDG_0000000025,COUNTRY,MSR,AMR,Americas,YEAR,2022,,,,,,,,,100,100,,,Pan American Health Organization (PAHO); World Health Organization (WHO). PLISA Health Information Platform: Indicator profile Births attended by skilled health personnel (%) [Internet]. Washington (DC): PAHO/WHO; 2025 [cited 2025 Aug 29]. Available from: [https://opendata.paho.org/es/indicadores-basicos/tablero-de-los-indicadores-basicos](https://opendata.paho.org/es/indicadores-basicos/tablero-de-los-indicadores-basicos),2026-04-21T12:35:59Z,2022,2022-01-01,2022-12-31
58979,MDG_0000000025,COUNTRY,MSR,AMR,Americas,YEAR,2023,,,,,,,,,100,100,,,Pan American Health Organization (PAHO); World Health Organization (WHO). PLISA Health Information Platform: Indicator profile Births attended by skilled health personnel (%) [Internet]. Washington (DC): PAHO/WHO; 2025 [cited 2025 Aug 29]. Available from: [https://opendata.paho.org/es/indicadores-basicos/tablero-de-los-indicadores-basicos](https://opendata.paho.org/es/indicadores-basicos/tablero-de-los-indicadores-basicos),2026-04-21T12:35:59Z,2023,2023-01-01,2023-12-31
58980,MDG_0000000025,COUNTRY,NAM,AFR,Africa,YEAR,2016,,,,,,,,,69,68.7,,,Namibia Statistics Agency. Namibia Vital Statistics Report: Births; Deaths and Marriages Registered in 2016 and 2017. Windhoek; 2020.,2026-04-21T12:35:59Z,2016,2016-01-01,2016-12-31
58981,MDG_0000000025,COUNTRY,NAM,AFR,Africa,YEAR,2017,,,,,,,,,72,71.6,,,Namibia Statistics Agency. Namibia Vital Statistics Report: Births; Deaths and Marriages Registered in 2016 and 2017. Windhoek; 2020.,2026-04-21T12:35:59Z,2017,2017-01-01,2017-12-31
58982,MDG_0000000025,COUNTRY,NAM,AFR,Africa,YEAR,2018,,,,,,,,,89,88.9,,,Namibia Statistics Agency. Namibia Vital Statistics Report: Births; Marriages and Deaths; 20182021. Windhoek; 2024.,2026-04-21T12:35:59Z,2018,2018-01-01,2018-12-31
58983,MDG_0000000025,COUNTRY,NAM,AFR,Africa,YEAR,2019,,,,,,,,,92,91.7,,,Namibia Statistics Agency. Namibia Vital Statistics Report: Births; Marriages and Deaths; 20182021. Windhoek; 2024.,2026-04-21T12:35:59Z,2019,2019-01-01,2019-12-31
58984,MDG_0000000025,COUNTRY,NAM,AFR,Africa,YEAR,2020,,,,,,,,,94,93.7,,,Namibia Statistics Agency. Namibia Vital Statistics Report: Births; Marriages and Deaths; 20182021. Windhoek; 2024.,2026-04-21T12:35:59Z,2020,2020-01-01,2020-12-31
58985,MDG_0000000025,COUNTRY,NAM,AFR,Africa,YEAR,2021,,,,,,,,,96,96.3,,,Namibia Statistics Agency. Namibia Vital Statistics Report: Births; Marriages and Deaths; 20182021. Windhoek; 2024.,2026-04-21T12:35:59Z,2021,2021-01-01,2021-12-31
58986,MDG_0000000025,COUNTRY,NZL,WPR,Western Pacific,YEAR,2022,,,,,,,,,96,95.8,,,Ministry of Health (New Zealand). Report on Maternity web tool [online database]. Birth place and year and DHB. Wellington; 2025. (https://tewhatuora.shinyapps.io/report-on-maternity-web-tool/; accessed 7 September 2025).,2026-04-21T12:35:59Z,2022,2022-01-01,2022-12-31
58987,MDG_0000000025,COUNTRY,NZL,WPR,Western Pacific,YEAR,2023,,,,,,,,,96,96.3,,,Ministry of Health (New Zealand). Report on Maternity web tool [online database]. Birth place and year and DHB. Wellington; 2025. (https://tewhatuora.shinyapps.io/report-on-maternity-web-tool/; accessed 7 September 2025).,2026-04-21T12:35:59Z,2023,2023-01-01,2023-12-31
58988,MDG_0000000025,COUNTRY,NIC,AMR,Americas,YEAR,2020,,,,,,,,,100,100,,,Pan American Health Organization (PAHO); World Health Organization (WHO). PLISA Health Information Platform: Indicator profile Births attended by skilled health personnel (%) [Internet]. Washington (DC): PAHO/WHO; 2025 [cited 2025 Aug 29]. Available from: [https://opendata.paho.org/es/indicadores-basicos/tablero-de-los-indicadores-basicos](https://opendata.paho.org/es/indicadores-basicos/tablero-de-los-indicadores-basicos),2026-04-21T12:35:59Z,2020,2020-01-01,2020-12-31
58989,MDG_0000000025,COUNTRY,NIC,AMR,Americas,YEAR,2021,,,,,,,,,99,98.5,,,Pan American Health Organization (PAHO); World Health Organization (WHO). PLISA Health Information Platform: Indicator profile Births attended by skilled health personnel (%) [Internet]. Washington (DC): PAHO/WHO; 2025 [cited 2025 Aug 29]. Available from: [https://opendata.paho.org/es/indicadores-basicos/tablero-de-los-indicadores-basicos](https://opendata.paho.org/es/indicadores-basicos/tablero-de-los-indicadores-basicos),2026-04-21T12:35:59Z,2021,2021-01-01,2021-12-31
58990,MDG_0000000025,COUNTRY,NIC,AMR,Americas,YEAR,2022,,,,,,,,,97,96.6,,,Pan American Health Organization (PAHO); World Health Organization (WHO). PLISA Health Information Platform: Indicator profile Births attended by skilled health personnel (%) [Internet]. Washington (DC): PAHO/WHO; 2025 [cited 2025 Aug 29]. Available from: [https://opendata.paho.org/es/indicadores-basicos/tablero-de-los-indicadores-basicos](https://opendata.paho.org/es/indicadores-basicos/tablero-de-los-indicadores-basicos),2026-04-21T12:35:59Z,2022,2022-01-01,2022-12-31
58991,MDG_0000000025,COUNTRY,NGA,AFR,Africa,YEAR,2024,,,,,,,,,46,45.7,,,Demographic and Health Survey 2024,2026-04-21T12:35:59Z,2024,2024-01-01,2024-12-31
58992,MDG_0000000025,COUNTRY,MKD,EUR,Europe,YEAR,2022,,,,,,,,,100,100,,,State Statistical Office (Republic of North Macedonia). Statistical Yearbook of the Republic of North Macedonia 2024. Skopje; 2024.,2026-04-21T12:35:59Z,2022,2022-01-01,2022-12-31
58993,MDG_0000000025,COUNTRY,MKD,EUR,Europe,YEAR,2023,,,,,,,,,100,100,,,State Statistical Office (Republic of North Macedonia). Statistical Yearbook of the Republic of North Macedonia 2024. Skopje; 2024.,2026-04-21T12:35:59Z,2023,2023-01-01,2023-12-31
58994,MDG_0000000025,COUNTRY,NOR,EUR,Europe,YEAR,2023,,,,,,,,,99,99.2,,,Folkehelseinstituttet [Norwegian Institute of Public Health (NIPH)]. Medisinsk fdselsregister statistikkbank. Norway; 2025. (https://statistikk.fhi.no/mfr/s26LFyForxAVezZ1_qVoTz55wV2YdgoUg4BAXj8rUXM; accessed 7 September 2025).,2026-04-21T12:35:59Z,2023,2023-01-01,2023-12-31
58995,MDG_0000000025,COUNTRY,NOR,EUR,Europe,YEAR,2024,,,,,,,,,99,99.1,,,Folkehelseinstituttet [Norwegian Institute of Public Health (NIPH)]. Medisinsk fdselsregister statistikkbank. Norway; 2025. (https://statistikk.fhi.no/mfr/s26LFyForxAVezZ1_qVoTz55wV2YdgoUg4BAXj8rUXM; accessed 7 September 2025).,2026-04-21T12:35:59Z,2024,2024-01-01,2024-12-31
58996,MDG_0000000025,COUNTRY,OMN,EMR,Eastern Mediterranean,YEAR,2023,,,,,,,,,100,100,,,Annual Health Report 2023. Muscat: Ministry of Health; Department of Health Information and Statistics; Directorate General of Planning [Oman]; 2024.,2026-04-21T12:35:59Z,2023,2023-01-01,2023-12-31
58997,MDG_0000000025,COUNTRY,OMN,EMR,Eastern Mediterranean,YEAR,2024,,,,,,,,,100,99.9,,,Ministry of Health; Department of Health Information and Statistics; Directorate General of Planning (Oman). Annual Health Report 2023. Muscat; 2024.,2026-04-21T12:35:59Z,2024,2024-01-01,2024-12-31
58998,MDG_0000000025,COUNTRY,PLW,WPR,Western Pacific,YEAR,2023,,,,,,,,,100,99.5,,,Ministry of Finance (Palau). 2023 Statistical Yearbook. Koror; 2024.,2026-04-21T12:35:59Z,2023,2023-01-01,2023-12-31
58999,MDG_0000000025,COUNTRY,PAN,AMR,Americas,YEAR,2022,,,,,,,,,96,95.7,,,Pan American Health Organization (PAHO); World Health Organization (WHO). PLISA Health Information Platform: Indicator profile Births attended by skilled health personnel (%) [Internet]. Washington (DC): PAHO/WHO; 2025 [cited 2025 Aug 29]. Available from: [https://opendata.paho.org/es/indicadores-basicos/tablero-de-los-indicadores-basicos](https://opendata.paho.org/es/indicadores-basicos/tablero-de-los-indicadores-basicos),2026-04-21T12:35:59Z,2022,2022-01-01,2022-12-31
59000,MDG_0000000025,COUNTRY,PRY,AMR,Americas,YEAR,2022,,,,,,,,,93,92.9,,,Pan American Health Organization (PAHO); World Health Organization (WHO). PLISA Health Information Platform: Indicator profile Births attended by skilled health personnel (%) [Internet]. Washington (DC): PAHO/WHO; 2025 [cited 2025 Aug 29]. Available from: [https://opendata.paho.org/es/indicadores-basicos/tablero-de-los-indicadores-basicos](https://opendata.paho.org/es/indicadores-basicos/tablero-de-los-indicadores-basicos),2026-04-21T12:35:59Z,2022,2022-01-01,2022-12-31
59001,MDG_0000000025,COUNTRY,PRY,AMR,Americas,YEAR,2023,,,,,,,,,98,98.2,,,Direccin General de Estadstica; Encuestas y Censos. Estadsticas Vitales del Paraguay 2023. Fernando de la Mora; Paraguay; 2025 (in Spanish).,2026-04-21T12:35:59Z,2023,2023-01-01,2023-12-31
59002,MDG_0000000025,COUNTRY,PER,AMR,Americas,YEAR,2024,,,,,,,,,94,94.3,,,Instituto Nacional de Estadstica e Informtica (INEI) [Per]. Encuesta Demogrfica y de Salud Familiar ENDES 2024. Lima; 2025.,2026-04-21T12:35:59Z,2024,2024-01-01,2024-12-31
59003,MDG_0000000025,COUNTRY,POL,EUR,Europe,YEAR,2023,,,,,,,,,100,99.6,,,Statistics Poland (GUS). [Website]. Warsaw: Statistics Poland (GUS); 2024. ([https://sdg.gov.pl/en/statistics_glob/3-1-2/](https://sdg.gov.pl/en/statistics_glob/3-1-2/)).,2026-04-21T12:35:59Z,2023,2023-01-01,2023-12-31
59004,MDG_0000000025,COUNTRY,PRT,EUR,Europe,YEAR,2023,,,,,,,,,99,98.6,,,Instituto Nacional de Estatstica (INE). Partos (N.) by Place of residence of mother (NUTS - 2013) and Place (Delivery);Annual Childbirths. 2024. (https://www.ine.pt/xportal/xmain?xpid=INE&xpgid=ine_main; accessed 7 September 2025).,2026-04-21T12:35:59Z,2023,2023-01-01,2023-12-31
59005,MDG_0000000025,COUNTRY,PRI,AMR,Americas,YEAR,2016,,,,,,,,,100,99.8,,,Pan American Health Organization/World Health Organization. Core Indicators Portal. Region of the Americas. Washington D.C. [Accessed: 09 September 2025]. Available from: https://opendata.paho.org/en/core-indicators.,2026-04-21T12:35:59Z,2016,2016-01-01,2016-12-31
59006,MDG_0000000025,COUNTRY,PRI,AMR,Americas,YEAR,2017,,,,,,,,,99,99.4,,,Pan American Health Organization/World Health Organization. Core Indicators Portal. Region of the Americas. Washington D.C. [Accessed: 09 September 2025]. Available from: https://opendata.paho.org/en/core-indicators.,2026-04-21T12:35:59Z,2017,2017-01-01,2017-12-31
59007,MDG_0000000025,COUNTRY,PRI,AMR,Americas,YEAR,2018,,,,,,,,,100,99.7,,,Pan American Health Organization/World Health Organization. Core Indicators Portal. Region of the Americas. Washington D.C. [Accessed: 09 September 2025]. Available from: https://opendata.paho.org/en/core-indicators.,2026-04-21T12:35:59Z,2018,2018-01-01,2018-12-31
59008,MDG_0000000025,COUNTRY,PRI,AMR,Americas,YEAR,2019,,,,,,,,,100,99.8,,,Pan American Health Organization/World Health Organization. Core Indicators Portal. Region of the Americas. Washington D.C. [Accessed: 09 September 2025]. Available from: https://opendata.paho.org/en/core-indicators.,2026-04-21T12:35:59Z,2019,2019-01-01,2019-12-31
59009,MDG_0000000025,COUNTRY,PRI,AMR,Americas,YEAR,2020,,,,,,,,,100,99.8,,,Pan American Health Organization/World Health Organization. Core Indicators Portal. Region of the Americas. Washington D.C. [Accessed: 09 September 2025]. Available from: https://opendata.paho.org/en/core-indicators.,2026-04-21T12:35:59Z,2020,2020-01-01,2020-12-31
59010,MDG_0000000025,COUNTRY,PRI,AMR,Americas,YEAR,2021,,,,,,,,,100,99.9,,,Pan American Health Organization/World Health Organization. Core Indicators Portal. Region of the Americas. Washington D.C. [Accessed: 09 September 2025]. Available from: https://opendata.paho.org/en/core-indicators.,2026-04-21T12:35:59Z,2021,2021-01-01,2021-12-31
59011,MDG_0000000025,COUNTRY,PRI,AMR,Americas,YEAR,2022,,,,,,,,,100,99.8,,,Pan American Health Organization/World Health Organization. Core Indicators Portal. Region of the Americas. Washington D.C. [Accessed: 09 September 2025]. Available from: https://opendata.paho.org/en/core-indicators.,2026-04-21T12:35:59Z,2022,2022-01-01,2022-12-31
59012,MDG_0000000025,COUNTRY,KOR,WPR,Western Pacific,YEAR,2024,,,,,,,,,100,99.8,,,Korea Institute for Health and Social Affairs. The 2024 National Survey on Fertility; Family Health & Welfare in Korea. 2024. (https://repository.kihasa.re.kr/en/handle/201002/47423; accessed 12 September 2025).,2026-04-21T12:35:59Z,2024,2024-01-01,2024-12-31
59013,MDG_0000000025,COUNTRY,MDA,EUR,Europe,YEAR,2023,,,,,,,,,100,99.6,,,National Bureau of Statistics (Republic of Moldova). Statistical databank: Share of births attended by skilled health personnel by Indicators and Years [online database]. Chisinau; 2025. (https://statbank.statistica.md/pxweb/pxweb/en/50%20Statistica%20gender/50%20Statistica%20gender__GEN04/GEN040600soc.px/table/tableViewLayout1/?rxid=b2ff27d7-0b96-43c9-934b-42e1a2a9a774; accessed 12 September 2025).,2026-04-21T12:35:59Z,2023,2023-01-01,2023-12-31
59014,MDG_0000000025,COUNTRY,MDA,EUR,Europe,YEAR,2024,,,,,,,,,100,99.6,,,National Bureau of Statistics (Republic of Moldova). Statistical databank: Share of births attended by skilled health personnel by Indicators and Years [online database]. Chisinau; 2025. (https://statbank.statistica.md/pxweb/pxweb/en/50%20Statistica%20gender/50%20Statistica%20gender__GEN04/GEN040600soc.px/table/tableViewLayout1/?rxid=b2ff27d7-0b96-43c9-934b-42e1a2a9a774; accessed 12 September 2025).,2026-04-21T12:35:59Z,2024,2024-01-01,2024-12-31
59015,MDG_0000000025,COUNTRY,RUS,EUR,Europe,YEAR,2023,,,,,,,,,100,99.7,,,Federal State Statistics Service. Data on SDG Indicators [Internet]. Russia; 2023 [cited 2025 Sep 7]. Available from: https://eng.rosstat.gov.ru/sdg/data,2026-04-21T12:35:59Z,2023,2023-01-01,2023-12-31
59016,MDG_0000000025,COUNTRY,KNA,AMR,Americas,YEAR,2022,,,,,,,,,100,100,,,Pan American Health Organization (PAHO); World Health Organization (WHO). PLISA Health Information Platform: Indicator profile Births attended by skilled health personnel (%) [Internet]. Washington (DC): PAHO/WHO; 2025 [cited 2025 Aug 29]. Available from: [https://opendata.paho.org/es/indicadores-basicos/tablero-de-los-indicadores-basicos](https://opendata.paho.org/es/indicadores-basicos/tablero-de-los-indicadores-basicos),2026-04-21T12:35:59Z,2022,2022-01-01,2022-12-31
59017,MDG_0000000025,COUNTRY,KNA,AMR,Americas,YEAR,2023,,,,,,,,,100,100,,,Pan American Health Organization (PAHO); World Health Organization (WHO). PLISA Health Information Platform: Indicator profile Births attended by skilled health personnel (%) [Internet]. Washington (DC): PAHO/WHO; 2025 [cited 2025 Aug 29]. Available from: [https://opendata.paho.org/es/indicadores-basicos/tablero-de-los-indicadores-basicos](https://opendata.paho.org/es/indicadores-basicos/tablero-de-los-indicadores-basicos),2026-04-21T12:35:59Z,2023,2023-01-01,2023-12-31
59018,MDG_0000000025,COUNTRY,KNA,AMR,Americas,YEAR,2024,,,,,,,,,99,99.4,,,Pan American Health Organization (PAHO); World Health Organization (WHO). PLISA Health Information Platform: Indicator profile Births attended by skilled health personnel (%) [Internet]. Washington (DC): PAHO/WHO; 2025 [cited 2025 Aug 29]. Available from: [https://opendata.paho.org/es/indicadores-basicos/tablero-de-los-indicadores-basicos](https://opendata.paho.org/es/indicadores-basicos/tablero-de-los-indicadores-basicos),2026-04-21T12:35:59Z,2024,2024-01-01,2024-12-31
59019,MDG_0000000025,COUNTRY,LCA,AMR,Americas,YEAR,2022,,,,,,,,,100,100,,,Pan American Health Organization (PAHO); World Health Organization (WHO). PLISA Health Information Platform: Indicator profile Births attended by skilled health personnel (%) [Internet]. Washington (DC): PAHO/WHO; 2025 [cited 2025 Aug 29]. Available from: [https://opendata.paho.org/es/indicadores-basicos/tablero-de-los-indicadores-basicos](https://opendata.paho.org/es/indicadores-basicos/tablero-de-los-indicadores-basicos),2026-04-21T12:35:59Z,2022,2022-01-01,2022-12-31
59020,MDG_0000000025,COUNTRY,LCA,AMR,Americas,YEAR,2023,,,,,,,,,100,100,,,Pan American Health Organization (PAHO); World Health Organization (WHO). PLISA Health Information Platform: Indicator profile Births attended by skilled health personnel (%) [Internet]. Washington (DC): PAHO/WHO; 2025 [cited 2025 Aug 29]. Available from: [https://opendata.paho.org/es/indicadores-basicos/tablero-de-los-indicadores-basicos](https://opendata.paho.org/es/indicadores-basicos/tablero-de-los-indicadores-basicos),2026-04-21T12:35:59Z,2023,2023-01-01,2023-12-31
59021,MDG_0000000025,COUNTRY,LCA,AMR,Americas,YEAR,2024,,,,,,,,,100,100,,,Pan American Health Organization (PAHO); World Health Organization (WHO). PLISA Health Information Platform: Indicator profile Births attended by skilled health personnel (%) [Internet]. Washington (DC): PAHO/WHO; 2025 [cited 2025 Aug 29]. Available from: [https://opendata.paho.org/es/indicadores-basicos/tablero-de-los-indicadores-basicos](https://opendata.paho.org/es/indicadores-basicos/tablero-de-los-indicadores-basicos),2026-04-21T12:35:59Z,2024,2024-01-01,2024-12-31
59022,MDG_0000000025,COUNTRY,SRB,EUR,Europe,YEAR,2020,,,,,,,,,100,99.8,,,Statistical Office of the Republic of Serbia; Statistical Yearbook f the Republic of Serbia; 2024,2026-04-21T12:35:59Z,2020,2020-01-01,2020-12-31
59023,MDG_0000000025,COUNTRY,SRB,EUR,Europe,YEAR,2021,,,,,,,,,100,99.8,,,Statistical Office of the Republic of Serbia; Statistical Yearbook f the Republic of Serbia; 2024,2026-04-21T12:35:59Z,2021,2021-01-01,2021-12-31
59024,MDG_0000000025,COUNTRY,SRB,EUR,Europe,YEAR,2022,,,,,,,,,100,99.8,,,Statistical Office of the Republic of Serbia; Statistical Yearbook f the Republic of Serbia; 2024,2026-04-21T12:35:59Z,2022,2022-01-01,2022-12-31
59025,MDG_0000000025,COUNTRY,SRB,EUR,Europe,YEAR,2023,,,,,,,,,100,99.8,,,Statistical Office of the Republic of Serbia; Statistical Yearbook f the Republic of Serbia; 2024,2026-04-21T12:35:59Z,2023,2023-01-01,2023-12-31
59026,MDG_0000000025,COUNTRY,SGP,WPR,Western Pacific,YEAR,2023,,,,,,,,,100,99.5,,,Sustainable Development Goals Singapore: Department of Statistics Singapore; 2025 (Sustainable Development Goals: Indicator 3.2.1 [online database] https://www.singstat.gov.sg/find-data/sdg/goal-3#t1; accessed 26 September 2025).,2026-04-21T12:35:59Z,2023,2023-01-01,2023-12-31
59027,MDG_0000000025,COUNTRY,SGP,WPR,Western Pacific,YEAR,2024,,,,,,,,,100,99.5,,,Registry of Births and Deaths. Immigration and Checkpoints Authority Singapore. 2024.,2026-04-21T12:35:59Z,2024,2024-01-01,2024-12-31
59028,MDG_0000000025,REGION,SEAR,,,YEAR,2025,,,,,,,,,91,90.9,,,Estimate based on Joint UNICEF-WHO Database on Skilled Birth Attendance 2025,2026-04-21T12:35:59Z,2025,2025-01-01,2025-12-31
59029,MDG_0000000025,COUNTRY,ESP,EUR,Europe,YEAR,2016,,,,,,,,,100,99.9,,,INEbase. Goals and targets from the 2030 Agenda for Sustainabale Development. Indicator 3.1.2 [online database]. Madrid: Insittuto Nacional de Estadstica (INE) [Spain]; 2025 (https://www.ine.es/dyngs/ODS/en/indicador.htm?id=4942#_gs318) accessed August 31 2025).,2026-04-21T12:35:59Z,2016,2016-01-01,2016-12-31
59030,MDG_0000000025,COUNTRY,ESP,EUR,Europe,YEAR,2017,,,,,,,,,100,99.9,,,INEbase. Goals and targets from the 2030 Agenda for Sustainabale Development. Indicator 3.1.2 [online database]. Madrid: Insittuto Nacional de Estadstica (INE) [Spain]; 2025 (https://www.ine.es/dyngs/ODS/en/indicador.htm?id=4942#_gs318) accessed August 31 2025).,2026-04-21T12:35:59Z,2017,2017-01-01,2017-12-31
59031,MDG_0000000025,COUNTRY,ESP,EUR,Europe,YEAR,2023,,,,,,,,,100,99.9,,,INEbase. Goals and targets from the 2030 Agenda for Sustainabale Development. Indicator 3.1.2 [online database]. Madrid: Insittuto Nacional de Estadstica (INE) [Spain]; 2025 (https://www.ine.es/dyngs/ODS/en/indicador.htm?id=4942#_gs318) accessed August 31 2025).,2026-04-21T12:35:59Z,2023,2023-01-01,2023-12-31
59032,MDG_0000000025,COUNTRY,TLS,SEAR,South-East Asia,YEAR,2022,,,,,,,,,69,68.5,,,National Institute of Statistics; Timor-Leste. Timor-Leste Population and Housing Census 2022: Main Report [Internet]. Dili (TL): National Institute of Statistics; 2023 [cited 2025 Sep 1]. Available from: https://timor-leste.unfpa.org/sites/default/files/pub-pdf/final-main-report_tlphc-census_2022.pdf,2026-04-21T12:35:59Z,2022,2022-01-01,2022-12-31
59033,MDG_0000000025,COUNTRY,TTO,AMR,Americas,YEAR,2023,,,,,,,,,100,100,,,Pan American Health Organization (PAHO); World Health Organization (WHO). PLISA Health Information Platform: Indicator profile Births attended by skilled health personnel (%) [Internet]. Washington (DC): PAHO/WHO; 2025 [cited 2025 Sept 1]. Available from: [https://opendata.paho.org/es/indicadores-basicos/tablero-de-los-indicadores-basicos](https://opendata.paho.org/es/indicadores-basicos/tablero-de-los-indicadores-basicos),2026-04-21T12:35:59Z,2023,2023-01-01,2023-12-31
59034,MDG_0000000025,COUNTRY,TTO,AMR,Americas,YEAR,2024,,,,,,,,,100,100,,,Pan American Health Organization (PAHO); World Health Organization (WHO). PLISA Health Information Platform: Indicator profile Births attended by skilled health personnel (%) [Internet]. Washington (DC): PAHO/WHO; 2025 [cited 2025 Sept 1]. Available from: [https://opendata.paho.org/es/indicadores-basicos/tablero-de-los-indicadores-basicos](https://opendata.paho.org/es/indicadores-basicos/tablero-de-los-indicadores-basicos),2026-04-21T12:35:59Z,2024,2024-01-01,2024-12-31
59035,MDG_0000000025,COUNTRY,USA,AMR,Americas,YEAR,2022,,,,,,,,,99,98.7,,,Osterman MJK; Hamilton BE; Martin JA; Driscoll AK; Valenzuela CP. Births: Final data for 2022. National Vital Statistics Reports. 2024;73(2). Hyattsville (MD): National Center for Health Statistics.,2026-04-21T12:35:59Z,2022,2022-01-01,2022-12-31
59036,MDG_0000000025,COUNTRY,USA,AMR,Americas,YEAR,2023,,,,,,,,,99,98.8,,,Osterman MJK; Hamilton BE; Martin JA; Driscoll AK; Valenzuela CP. Births: Final data for 2022. National Vital Statistics Reports. 2024;73(2). Hyattsville (MD): National Center for Health Statistics.,2026-04-21T12:35:59Z,2023,2023-01-01,2023-12-31
59037,MDG_0000000025,COUNTRY,URY,AMR,Americas,YEAR,2022,,,,,,,,,100,100,,,Pan American Health Organization (PAHO); World Health Organization (WHO). PLISA Health Information Platform: Indicator profile Births attended by skilled health personnel (%) [Internet]. Washington (DC): PAHO/WHO; 2025 [cited 2025 Aug 26]. Available from: [https://opendata.paho.org/es/indicadores-basicos/tablero-de-los-indicadores-basicos](https://opendata.paho.org/es/indicadores-basicos/tablero-de-los-indicadores-basicos),2026-04-21T12:35:59Z,2022,2022-01-01,2022-12-31
59038,MDG_0000000025,COUNTRY,URY,AMR,Americas,YEAR,2023,,,,,,,,,100,100,,,Pan American Health Organization (PAHO); World Health Organization (WHO). PLISA Health Information Platform: Indicator profile Births attended by skilled health personnel (%) [Internet]. Washington (DC): PAHO/WHO; 2025 [cited 2025 Aug 26]. Available from: [https://opendata.paho.org/es/indicadores-basicos/tablero-de-los-indicadores-basicos](https://opendata.paho.org/es/indicadores-basicos/tablero-de-los-indicadores-basicos),2026-04-21T12:35:59Z,2023,2023-01-01,2023-12-31
59039,MDG_0000000025,REGION,WPR,,,YEAR,2025,,,,,,,,,98,97.6,,,Estimate based on Joint UNICEF-WHO Database on Skilled Birth Attendance 2025,2026-04-21T12:35:59Z,2025,2025-01-01,2025-12-31
59040,MDG_0000000025,COUNTRY,ZMB,AFR,Africa,YEAR,2018,,,,,,,,,84,83.5,,,Demographic and Health Survey 2018,2026-04-21T12:35:59Z,2018,2018-01-01,2018-12-31
59041,MDG_0000000025,COUNTRY,ZWE,AFR,Africa,YEAR,2024,,,,,,,,,85,84.6,,,Zimbabwe National Statistics Agency (ZIMSTAT); ICF. Zimbabwe Demographic and Health Survey 202324: Key Indicators Report. Harare (ZW) and Rockville (MD): ZIMSTAT and ICF; 2024.,2026-04-21T12:35:59Z,2024,2024-01-01,2024-12-31
59042,MDG_0000000025,GLOBAL,GLOBAL,,,YEAR,2025,,,,,,,,,87,87.2,,,Estimate based on Joint UNICEF-WHO Database on Skilled Birth Attendance 2025,2026-04-21T12:35:59Z,2025,2025-01-01,2025-12-31
1061364,MDG_0000000025,COUNTRY,RUS,EUR,Europe,YEAR,2000,,,,,,,,,99,99,,,"Skilled health personnel Transformative Monitoring for Enhanced Equity (TransMonEE) 2012 Database [online database]. Geneva: UNICEF Europe and Central Asia Regional Office; 2012 (www.transmonee.org, accessed 1 November 2012). ",2025-04-07T06:46:44Z,2000,2000-01-01,2000-12-31
1061497,MDG_0000000025,COUNTRY,AUS,WPR,Western Pacific,YEAR,2004,,,,,,,,,99,99,,," Laws PJ, Grayson N, Sullivan EA. Australia’s mothers and babies 2004. Perinatal statistics series no. 18. AIHW cat. no. PER 34. Sydney: Australian Institute of Health and Welfare (AIHW) National Perinatal Statistics Unit; 2006.",2025-04-07T06:46:44Z,2004,2004-01-01,2004-12-31
1071134,MDG_0000000025,COUNTRY,CIV,AFR,Africa,YEAR,2000,,,,,,,,,63,63,,," L'Ecole Nationale Supérieure de Statistique et d'Economie Appliquée (ENSEA), Fonds des Nations Unies pour l’Enfance (UNICEF). Enquête à Indicateurs Multiples MICS 2000. Rapport final. Abidjan: L'Ecole Nationale Supérieure de Statistique et d'Economie Appliquée (ENSEA), Fonds des Nations Unies pour l’Enfance (UNICEF); 2000 (in French).",2025-04-07T06:46:44Z,2000,2000-01-01,2000-12-31
1074927,MDG_0000000025,COUNTRY,CYP,EUR,Europe,YEAR,2000,,,,,,,,,98,98,,, Statistical Service. Demographic Report 2009. Republic of Cyprus; 2011.,2025-04-07T06:46:44Z,2000,2000-01-01,2000-12-31
1081231,MDG_0000000025,COUNTRY,SGP,WPR,Western Pacific,YEAR,2022,,,,,,,,,100,99.5,,,Registry of Births and Deaths 2022; Immigration and Checkpoints Authority Singapore,2026-04-21T12:35:59Z,2022,2022-01-01,2022-12-31
1086496,MDG_0000000025,COUNTRY,PLW,WPR,Western Pacific,YEAR,2007,,,,,,,,,100,100,,, 2013 Statistical Yearbook. Koror: Ministry of Finance [Palau]; 2014.,2025-04-07T06:46:44Z,2007,2007-01-01,2007-12-31
1088322,MDG_0000000025,COUNTRY,CZE,EUR,Europe,YEAR,2012,,,,,,,,,100,100,,, Rodi?ka a novorozenec 2012 [Mother and Newborn 2012]. Prague: Ústav zdravotnických informací a statistiky ?R [Institute of Health Information and Statistics of the Czech Republic]; 2013 (in Czech).,2025-04-07T06:46:44Z,2012,2012-01-01,2012-12-31
1090008,MDG_0000000025,REGION,EMR,,,YEAR,2023,,,,,,,,,84,84.2,,,Estimate based on Joint UNICEF-WHO Database on Skilled Birth Attendance 2025,2026-04-21T12:35:59Z,2023,2023-01-01,2023-12-31
1092488,MDG_0000000025,COUNTRY,PRT,EUR,Europe,YEAR,2011,,,,,,,,,100,100,,," Annual Statistics Portugal – Live births (No.) by Place of residence of mother (NUTS - 2013), Sex, Place of delivery of the mother, Medical assistance and Size class of weight at birth; Annual. 2011 [online database]. Lisbon: Instituto Nacional de Estadística (INE) [Portugal]; 2020 ",2025-04-07T06:46:44Z,2011,2011-01-01,2011-12-31
1094402,MDG_0000000025,COUNTRY,SLE,AFR,Africa,YEAR,2013,,,,,,,,,60,60,,," Statistics Sierra Leone (SSL), ICF International. Sierra Leone Demographic and Health Survey 2013. Freetown, Sierra Leone and Rockville, Maryland, USA: SSL, ICF International; 2014.",2025-04-07T06:46:44Z,2013,2013-01-01,2013-12-31
1108335,MDG_0000000025,COUNTRY,PLW,WPR,Western Pacific,YEAR,2019,,,,,,,,,100,100,,,2020 Statistical Yearbook. Koror: Ministry of Finance [Palau]; 2021.,2026-04-21T12:35:59Z,2019,2019-01-01,2019-12-31
1109747,MDG_0000000025,COUNTRY,PLW,WPR,Western Pacific,YEAR,2017,,,,,,,,,100,100,,,2017 Statistical Yearbook. Koror: Ministry of Finance [Palau]; 2018.,2026-04-21T12:35:59Z,2017,2017-01-01,2017-12-31
1112842,MDG_0000000025,COUNTRY,BDI,AFR,Africa,YEAR,2010,,,,,,,,,60,60,,," Institut de Statistiques et d’Études Économiques du Burundi (ISTEEBU), Ministère de la Santé Publique et de la Lutte contre le Sida [Burundi] (MSPLS), ICF International. Enquête Démographique et de Santé Burundi 2010. Bujumbura, Burundi : ISTEEBU, MSPLS, ICF International; 2012 (in French).",2025-04-07T06:46:44Z,2010,2010-01-01,2010-12-31
1116831,MDG_0000000025,COUNTRY,PER,AMR,Americas,YEAR,2011,,,,,,,,,85,85,,," Instituto Nacional de Estadística e Informática (INEI) [Perú]. Perú Encuesta Demográfica y de Salud Familiar - ENDES 2011. Lima, Perú: Instituto Nacional de Estadística e Informática (INEI) [Perú]; 2012 (in Spanish).",2025-04-07T06:46:44Z,2011,2011-01-01,2011-12-31
1122173,MDG_0000000025,COUNTRY,LCA,AMR,Americas,YEAR,2019,,,,,,,,,100,100,,,PLISA Health Information Platform. Indicator profile: Deliveries attended by skilled birth attendants (%) [online database]. Washington; DC: Pan American Health Organization/World Health Organization (PAHO/WHO); 2021 (https://opendata.paho.org/es/indicadores-basicos/tablero-de-los-indicadores-basicos; accessed 30 December 2021).,2026-04-21T12:35:59Z,2019,2019-01-01,2019-12-31
1126534,MDG_0000000025,COUNTRY,QAT,EMR,Eastern Mediterranean,YEAR,2020,,,,,,,,,100,100,,,Vital Statistics; Annual Bulletin. Births and Deaths 2020. Doha: Ministry of Development Planning and Statistics [Qatar]; 2022.,2026-04-21T12:35:59Z,2020,2020-01-01,2020-12-31
1126841,MDG_0000000025,COUNTRY,CZE,EUR,Europe,YEAR,2004,,,,,,,,,100,100,,, Rodi?ka a novorozenec 2004 [Mother and Newborn 2004]. Prague: Ústav zdravotnických informací a statistiky ?R [Institute of Health Information and Statistics of the Czech Republic]; 2005 (in Czech).,2025-04-07T06:46:44Z,2004,2004-01-01,2004-12-31
1128191,MDG_0000000025,COUNTRY,UZB,EUR,Europe,YEAR,2020,,,,,,,,,100,100,,,The State ommittee of Republic Uzbekistan on statistics 2021. The global goals. 3.1.2 - Proportion of births attended by skilled health personnel [website]. Uzbekistan; 2021 (http://nsdg.stat.uz/en/databanks/indicator-table?id=3.1.2; accessed 30 December 2021).,2026-04-21T12:35:59Z,2020,2020-01-01,2020-12-31
1128926,MDG_0000000025,COUNTRY,ALB,EUR,Europe,YEAR,2005,,,,,,,,,100,100,,,"Doctor, nurse, midwife, auxiliary midwife Albanian National Institute of Statistics. Albania Multiple Indicator Cluster Survey 2005, Final Report. Tirana, Albania: Albanian National Institute of Statistics; 2007.",2025-04-07T06:46:44Z,2005,2005-01-01,2005-12-31
1131322,MDG_0000000025,COUNTRY,MSR,AMR,Americas,YEAR,2014,,,,,,,,,98,98,,,"Trained personnel PLISA Health Information Platform. Indicator profile: Deliveries attended by skilled birth attendants (%) [online database]. Washington, DC: Pan American Health Organization/World Health Organization (PAHO/WHO); 2021 (https://opendata.paho.org/es/indicadores-basicos/tablero-de-los-indicadores-basicos, accessed 30 December 2021). ",2025-04-07T06:46:44Z,2014,2014-01-01,2014-12-31
1132340,MDG_0000000025,COUNTRY,MLT,EUR,Europe,YEAR,2009,,,,,,,,,100,100,,, National Obstetric Information System (NOIS). Annual Report – 2009. Malta: Department of Health Information and Research (DHIR); 2010.,2025-04-07T06:46:44Z,2009,2009-01-01,2009-12-31
1138715,MDG_0000000025,COUNTRY,MEX,AMR,Americas,YEAR,2017,,,,,,,,,97,96.6,,,Encuesta Nacional de la Dinmica Demogrfica ENADID 2018. Aguascalientes: Instituto Nacional de Estadstica y Geografa (INEGI); Consejo Nacional de Poblacin (CONAPO); 2019 (in Spanish).,2026-04-21T12:35:59Z,2017,2017-01-01,2017-12-31
1140667,MDG_0000000025,COUNTRY,MKD,EUR,Europe,YEAR,2000,,,,,,,,,98,98,,, Statistical Yearbook of the Republic of Macedonia 2001. Skopje: State Statistical Office [Macedonia]; 2002.,2025-04-07T06:46:44Z,2000,2000-01-01,2000-12-31
1142352,MDG_0000000025,COUNTRY,SLV,AMR,Americas,YEAR,2019,,,,,,,,,100,99.6,,,PLISA Health Information Platform. Indicator profile: Deliveries attended by skilled birth attendants (%) [online database]. Washington; DC: Pan American Health Organization/World Health Organization (PAHO/WHO); 2023 (https://opendata.paho.org/es/indicadores-basicos/tablero-de-los-indicadores-basicos; accessed 21 September 2023).,2026-04-21T12:35:59Z,2019,2019-01-01,2019-12-31
1145851,MDG_0000000025,COUNTRY,MNG,WPR,Western Pacific,YEAR,2000,,,,,,,,,97,97,,,"Doctor, nurse/midwife, Auxiliary midwife Mongolia Child and Development survey 2000 (MICS-2). National Report. Ulaanbaatar: National Statistical Office of Mongolia, United Nations Children's Fund (UNICEF); 2001.",2025-04-07T06:46:44Z,2000,2000-01-01,2000-12-31
1145889,MDG_0000000025,REGION,SEAR,,,YEAR,2005,,,,,,,,,50,50,,,,2025-04-07T06:46:44Z,2005,2005-01-01,2005-12-31
1146716,MDG_0000000025,COUNTRY,EST,EUR,Europe,YEAR,2021,,,,,,,,,99,99,,,Estonian Medical Birth Registry (EMBR). SR03: Births by hospital and women's place of residence; 2021. Tallinn: National Institute for Health Development [Estonia]; 2023.,2026-04-21T12:35:59Z,2021,2021-01-01,2021-12-31
1151340,MDG_0000000025,COUNTRY,ARG,AMR,Americas,YEAR,2001,,,,,,,,,98,98,,," Indicadores básicos Argentina 2010. Buenos Aires: Ministerio de Salud, Argentina, Organización Panamericana de la Salud/Organización Mundial de la Salud (OPS/OMS) [Pan American Health Organization/World Health Organization (PAHO/WHO)]; 2010 (in Spanish). ",2025-04-07T06:46:44Z,2001,2001-01-01,2001-12-31
1153578,MDG_0000000025,COUNTRY,BRB,AMR,Americas,YEAR,2018,,,,,,,,,99,99,,,PLISA Health Information Platform. Indicator profile: Deliveries attended by skilled birth attendants (%) [online database]. Washington; DC: Pan American Health Organization/World Health Organization (PAHO/WHO); 2021 (https://opendata.paho.org/es/indicadores-basicos/tablero-de-los-indicadores-basicos; accessed 30 December 2021).,2026-04-21T12:35:59Z,2018,2018-01-01,2018-12-31
1154730,MDG_0000000025,COUNTRY,GIN,AFR,Africa,YEAR,2016,,,,,,,,,63,62.7,,,Institut National de la Statistique [Guine]; Fonds des Nations Unies pour l'Enfance (UNICEF); USAID; le Fonds mondial [the Global Fund]; Fonds des Nations Unies pour la Population (FNUAP/UNFPA); Programme des Nations Unies pour le dveloppement (PNUD/UNDP). Enqute par grappes indicateurs multiples (MICS 2016); Rapport final. Conakry: Institut National de la Statistique [Guine]; 2017 (in French).,2026-04-21T12:35:59Z,2016,2016-01-01,2016-12-31
1161538,MDG_0000000025,COUNTRY,FIN,EUR,Europe,YEAR,2019,,,,,,,,,100,99.5,,,Statistics Finland: https://pxnet2.stat.fi/PXWeb/pxweb/en/SDG/; last accessed 29/12/2021,2026-04-21T12:35:59Z,2019,2019-01-01,2019-12-31
1165174,MDG_0000000025,COUNTRY,BMU,AMR,Americas,YEAR,2018,,,,,,,,,99,99.4,,,PLISA Health Information Platform. Indicator profile: Deliveries attended by skilled birth attendants (%) [online database]. Washington; DC: Pan American Health Organization/World Health Organization (PAHO/WHO); 2023 (https://opendata.paho.org/es/indicadores-basicos/tablero-de-los-indicadores-basicos; accessed 20 September 2023).,2026-04-21T12:35:59Z,2018,2018-01-01,2018-12-31
1167486,MDG_0000000025,REGION,AFR,,,YEAR,2020,,,,,,,,,69,68.7,,,Estimate based on Joint UNICEF-WHO Database on Skilled Birth Attendance 2025,2026-04-21T12:35:59Z,2020,2020-01-01,2020-12-31
1175432,MDG_0000000025,COUNTRY,BLR,EUR,Europe,YEAR,2000,,,,,,,,,100,100,,,"Skilled health personnel Transformative Monitoring for Enhanced Equity (TransMonEE) 2012 Database [online database]. Geneva: UNICEF Europe and Central Asia Regional Office; 2012 (www.transmonee.org, accessed 1 November 2012). ",2025-04-07T06:46:44Z,2000,2000-01-01,2000-12-31
1179600,MDG_0000000025,COUNTRY,VEN,AMR,Americas,YEAR,2015,,,,,,,,,99,99,,,"Trained personnel PLISA Health Information Platform. Indicator profile: Deliveries attended by skilled birth attendants (%) [online database]. Washington, DC: Pan American Health Organization/World Health Organization (PAHO/WHO); 2021 (https://opendata.paho.org/es/indicadores-basicos/tablero-de-los-indicadores-basicos, accessed 30 December 2021). ",2025-04-07T06:46:44Z,2015,2015-01-01,2015-12-31
1181502,MDG_0000000025,COUNTRY,BLR,EUR,Europe,YEAR,2012,,,,,,,,,100,100,,," National Statistical Committee of the Republic of Belarus, United Nations Children’s Fund (UNICEF). Multiple Indicator Cluster Survey of the Situation of Children and Women in the Republic of Belarus (????4), 2012. Final Report. Minsk, Belarus: National Statistical Committee of the Republic of Belarus, the United Nations Children’s Fund (UNICEF); 2013. ",2025-04-07T06:46:44Z,2012,2012-01-01,2012-12-31
1185971,MDG_0000000025,COUNTRY,SLE,AFR,Africa,YEAR,2010,,,,,,,,,61,61,,," Statistics Sierra Leone, United Nations Children's Fund (UNICEF) Sierra Leone. Sierra Leone Multiple Indicator Cluster Survey 2010, Final Report. Freetown, Sierra Leone: Statistics Sierra Leone, UNICEF Sierra Leone; 2011.",2025-04-07T06:46:44Z,2010,2010-01-01,2010-12-31
1187304,MDG_0000000025,COUNTRY,GUY,AMR,Americas,YEAR,2018,,,,,,,,,95,95.1,,,PLISA Health Information Platform. Indicator profile: Deliveries attended by skilled birth attendants (%) [online database]. Washington; DC: Pan American Health Organization/World Health Organization (PAHO/WHO); 2021 (https://opendata.paho.org/es/indicadores-basicos/tablero-de-los-indicadores-basicos; accessed 30 December 2021).,2026-04-21T12:35:59Z,2018,2018-01-01,2018-12-31
1187443,MDG_0000000025,COUNTRY,MDA,EUR,Europe,YEAR,2012,,,,,,,,,99,99,,," 2012 Republic of Moldova Multiple Indicator Cluster Survey, Final Report. Chi?in?u, Republic of Moldova: National Centre of Public Health of the Ministry of Health of the Republic of Moldova, United Nations Children’s Fund (UNICEF); 2014.",2025-04-07T06:46:44Z,2012,2012-01-01,2012-12-31
1187875,MDG_0000000025,COUNTRY,MLI,AFR,Africa,YEAR,2023,,,,,,,,,66,65.5,,,Septime Enqute Dmographique et de Sant au Mali 20232024. Indicateurs Cls. Bamako; Mali; et Rockville; Maryland; USA: INSTAT; CPS/SS-DS-PF; et ICF; 2024.,2026-04-21T12:35:59Z,2023,2023-01-01,2023-12-31
1188277,MDG_0000000025,COUNTRY,LVA,EUR,Europe,YEAR,2017,,,,,,,,,100,99.9,,,Statistical Yearbook of Health Care in Latvia 19th edition; 2017. Riga: The Centre for Disease Prevention and Control of Latvia; 2018.,2026-04-21T12:35:59Z,2017,2017-01-01,2017-12-31
1196646,MDG_0000000025,COUNTRY,KGZ,EUR,Europe,YEAR,2005,,,,,,,,,98,98,,,"Skilled health personnel Transformative Monitoring for Enhanced Equity (TransMonEE) Kyrgyzstan. [2.A. Performance Health of Mother and Child] [online database]. Bishkek City: National Statistical Committee of the Kyrgyz Republic; 2012 (www.stat.kg, accessed 6 November 2012, in Russian/Kyrgyz). ",2025-04-07T06:46:44Z,2005,2005-01-01,2005-12-31
1216614,MDG_0000000025,COUNTRY,USA,AMR,Americas,YEAR,2008,,,,,,,,,99,99,,," Martin JA, Hamilton BE, Sutton PD, Ventura SJ, Mathews TJ, Osterman MJK. Births: Final Data for 2008. National Vital Statistics Reports; vol. 59, no.1. Hyattsville, MD: National Center for Health Statistics; 2010.",2025-04-07T06:46:44Z,2008,2008-01-01,2008-12-31
1222249,MDG_0000000025,COUNTRY,KHM,WPR,Western Pacific,YEAR,2014,,,,,,,,,89,89,,,"Doctor, Nurse / Midwife, Auxilliary Nurse/Midwife National Institute of Statistics, Directorate General for Health, ICF International. Cambodia Demographic and Health Survey 2014. Phnom Penh, Cambodia, and Rockville, Maryland, USA: National Institute of Statistics, Directorate General for Health, ICF International; 2015.",2025-04-07T06:46:44Z,2014,2014-01-01,2014-12-31
1224081,MDG_0000000025,COUNTRY,SRB,EUR,Europe,YEAR,2019,,,,,,,,,100,99.9,,,Statistical Office of the Republic of Serbia and UNICEF. Serbia Multiple Indicator Cluster Survey and Serbia Roma Settlements Multiple Indicator Cluster Survey; 2019; Survey Findings Report. Belgrade; Serbia: Statistical Office of the Republic of Serbia and UNICEF; 2019.,2026-04-21T12:35:59Z,2019,2019-01-01,2019-12-31
1224177,MDG_0000000025,COUNTRY,MLT,EUR,Europe,YEAR,2019,,,,,,,,,100,99.7,,,National Obstetric Information System (NOIS). Annual Report 2019. Malta: Directorate for Health Information and Research (DHIR); 2020. https://deputyprimeminister.gov.mt/en/dhir/Pages/Registries/births.aspx,2026-04-21T12:35:59Z,2019,2019-01-01,2019-12-31
1224261,MDG_0000000025,COUNTRY,EST,EUR,Europe,YEAR,2010,,,,,,,,,100,100,,," Estonian Medical Birth Registry (EMBR). Skilled birth attendant, 1992-2019. Tallinn: National Institute for Health Development [Estonia]; 2020",2025-04-07T06:46:44Z,2010,2010-01-01,2010-12-31
1226536,MDG_0000000025,COUNTRY,CZE,EUR,Europe,YEAR,2002,,,,,,,,,100,100,,, Rodi?ka a novorozenec 2002 [Mother and Newborn 2002]. Prague: Ústav zdravotnických informací a statistiky ?R [Institute of Health Information and Statistics of the Czech Republic]; 2004 (in Czech).,2025-04-07T06:46:44Z,2002,2002-01-01,2002-12-31
1228775,MDG_0000000025,COUNTRY,CUB,AMR,Americas,YEAR,2001,,,,,,,,,100,100,,," Portal de Salud de Cuba [website]. Habana: Centro Nacional de Información de Ciencias Médicas-Infomed; 2012 (http://www.sld.cu/anuario/indice.html. Anuario del 2011, accessed 27 July 2012, in Spanish).",2025-04-07T06:46:44Z,2001,2001-01-01,2001-12-31
1230308,MDG_0000000025,COUNTRY,JPN,WPR,Western Pacific,YEAR,2008,,,,,,,,,100,100,,," 2009 Vital Statistics of Japan. Table 4.8: Trends in percent distribution of live births by place of delivery [website]. Tokyo: Ministry of Health, Labour and Welfare [Japan]; 2010 (http://www.mhlw.go.jp). ",2025-04-07T06:46:44Z,2008,2008-01-01,2008-12-31
1230494,MDG_0000000025,COUNTRY,EGY,EMR,Eastern Mediterranean,YEAR,2021,,,,,,,,,97,97.1,,,Egypt Family Health Survey (EFHS) 2021.,2026-04-21T12:35:59Z,2021,2021-01-01,2021-12-31
1233008,MDG_0000000025,COUNTRY,AUS,WPR,Western Pacific,YEAR,2008,,,,,,,,,99,99,,," Laws PJ, Li Z, Sullivan EA. Australia's mothers and babies 2008. Perinatal statistics series no. 24. Cat. No. PER 50. Canberra: Australian Institute of Health and Welfare (AIHW); 2010. ",2025-04-07T06:46:44Z,2008,2008-01-01,2008-12-31
1233290,MDG_0000000025,COUNTRY,MEX,AMR,Americas,YEAR,2010,,,,,,,,,95,95,,," SS. Dirección General de Información en Salud (DGIS) [Mexico]; 2020. (http://www.agenda2030.mx/ODSind.html?ind=ODS003000030020&cveind=27&cveCob=99&lang=es#/Indicator, last accessed 28 January 2021)",2025-04-07T06:46:44Z,2010,2010-01-01,2010-12-31
1243437,MDG_0000000025,COUNTRY,PER,AMR,Americas,YEAR,2017,,,,,,,,,94,93.6,,,Per: Encuesta Demogrfica y de Salud Familiar - ENDES 2019. Lima: Instituto Nacional de Estadstica e Informtica (INEI) [Per]; 2019 (in Spanish).,2026-04-21T12:35:59Z,2017,2017-01-01,2017-12-31
1243567,MDG_0000000025,COUNTRY,ESP,EUR,Europe,YEAR,2018,,,,,,,,,100,99.9,,,INEbase. Goals and targets from the 2030 Agenda for Sustainabale Development. Indicator 3.1.2 [online database]. Madrid: Insittuto Nacional de Estadstica (INE) [Spain]; 2019 (https://www.ine.es/dynt3/ODS/en/objetivo.htm?id=4846; accessed 8 January 2021).,2026-04-21T12:35:59Z,2018,2018-01-01,2018-12-31
1243637,MDG_0000000025,COUNTRY,FRA,EUR,Europe,YEAR,2009,,,,,,,,,98,98,,," Tableau 64: Conditions d'accouchement selon le groupe d'âges de la mère. Année 2009 [website]. Paris: Institut National de la Statistique et des Études Économiques (INSEE) [National Institute of Statistics and Economic Studies]; 2010 (http://www.insee.fr/en/insee-statistique-publique/default.asp, accessed 23 November 2011, in French).
",2025-04-07T06:46:44Z,2009,2009-01-01,2009-12-31
1250325,MDG_0000000025,COUNTRY,MNE,EUR,Europe,YEAR,2003,,,,,,,,,99,99,,, Statistical Yearbook 2006. Podgorica: Statistical Office [Montenegro]; 2006.,2025-04-07T06:46:44Z,2003,2003-01-01,2003-12-31
1257505,MDG_0000000025,COUNTRY,THA,SEAR,South-East Asia,YEAR,2000,,,,,,,,,99,99,,,"Skilled attendant Health Promotion in Reproductive Age Women, Evaluation on Health Promotion Programs under the 8th National Social and Economic Development Plan. Bangkok: Bureau of Health Information, Department of Health, Ministry of Public Health [Thailand]; 2001 (in Thai).",2025-04-07T06:46:44Z,2000,2000-01-01,2000-12-31
1257741,MDG_0000000025,GLOBAL,GLOBAL,,,YEAR,2021,,,,,,,,,84,84.4,,,Estimate based on Joint UNICEF-WHO Database on Skilled Birth Attendance 2025,2026-04-21T12:35:59Z,2021,2021-01-01,2021-12-31
1264543,MDG_0000000025,COUNTRY,SRB,EUR,Europe,YEAR,2010,,,,,,,,,100,100,,," Statistical Office of the Republic of Serbia, United Nations Children’s Fund (UNICEF). Republic of Serbia Multiple Indicator Cluster Survey 2010, Final Report. Belgrade, Republic of Serbia: Statistical Office of the Republic of Serbia; 2011.",2025-04-07T06:46:44Z,2010,2010-01-01,2010-12-31
1264999,MDG_0000000025,COUNTRY,VCT,AMR,Americas,YEAR,2011,,,,,,,,,99,99,,,"Trained personnel PLISA Health Information Platform. Indicator profile: Deliveries attended by skilled birth attendants (%) [online database]. Washington, DC: Pan American Health Organization/World Health Organization (PAHO/WHO); 2021 (https://opendata.paho.org/es/indicadores-basicos/tablero-de-los-indicadores-basicos, accessed 30 December 2021). ",2025-04-07T06:46:44Z,2011,2011-01-01,2011-12-31
1270360,MDG_0000000025,COUNTRY,VCT,AMR,Americas,YEAR,2019,,,,,,,,,100,99.5,,,PLISA Health Information Platform. Indicator profile: Deliveries attended by skilled birth attendants (%) [online database]. Washington; DC: Pan American Health Organization/World Health Organization (PAHO/WHO); 2023 (https://opendata.paho.org/es/indicadores-basicos/tablero-de-los-indicadores-basicos; accessed 21 September 2023).,2026-04-21T12:35:59Z,2019,2019-01-01,2019-12-31
1270711,MDG_0000000025,COUNTRY,MEX,AMR,Americas,YEAR,2016,,,,,,,,,98,98,,,SS. Direccin General de Informacin en Salud (DGIS) [Mexico]; 2020. (http://www.agenda2030.mx/ODSind.html?ind=ODS003000030020&cveind=27&cveCob=99&lang=es#/Indicator; last accessed 28 January 2021),2026-04-21T12:35:59Z,2016,2016-01-01,2016-12-31
1276806,MDG_0000000025,COUNTRY,MUS,AFR,Africa,YEAR,2009,,,,,,,,,99,99,,,Skilled health personnel Millennium Development Goals. Status Report 2010. Port Louis: Republic of Mauritius; 2012.,2025-04-07T06:46:44Z,2009,2009-01-01,2009-12-31
1279023,MDG_0000000025,COUNTRY,NOR,EUR,Europe,YEAR,2006,,,,,,,,,99,99,,," Dataset: F11: Fødested. 2006. [online database]. Oslo: Folkehelseinstituttet, Medisinsk fødselsregister [Norwegian Institute of Public Health (NIPH), Medical Birth Registry]; 2007 (http://statistikkbank.fhi.no/mfr, accessed 10 October 2011, in Norwegian). ",2025-04-07T06:46:44Z,2006,2006-01-01,2006-12-31
1281299,MDG_0000000025,COUNTRY,ATG,AMR,Americas,YEAR,2012,,,,,,,,,100,100,,,"Trained personnel Health Situation in the Americas: Basic Indicators 2013. Washington, DC: Pan American Health Organization/World Health Organization (PAHO/WHO), Communicable Diseases and Health Analysis/Health Information and Analysis; 2013.",2025-04-07T06:46:44Z,2012,2012-01-01,2012-12-31
1285278,MDG_0000000025,COUNTRY,BOL,AMR,Americas,YEAR,2020,,,,,,,,,74,73.6,,,Registros administrativos del Sistema Nacional de Salud y Vigilancia Epidemiolgica del Ministerio de Salud y Deportes - 2022,2026-04-21T12:35:59Z,2020,2020-01-01,2020-12-31
1292351,MDG_0000000025,COUNTRY,EST,EUR,Europe,YEAR,2019,,,,,,,,,100,99.7,,,Estonian Medical Birth Registry (EMBR). Skilled birth attendant; 1992-2019. Tallinn: National Institute for Health Development [Estonia]; 2020,2026-04-21T12:35:59Z,2019,2019-01-01,2019-12-31
1300979,MDG_0000000025,COUNTRY,DEU,EUR,Europe,YEAR,2018,,,,,,,,,96,96.2,,,Indicator 3..2.1: proportion of births attended by skilled health personnel [online database]. Wiesbaden: Statistisches Bundesamt (DESTATIS); 2021 (https://sustainabledevelopment-germany.github.io/en/3-1-2/); accessed 28 September 2021).,2026-04-21T12:35:59Z,2018,2018-01-01,2018-12-31
1301610,MDG_0000000025,COUNTRY,EST,EUR,Europe,YEAR,2011,,,,,,,,,100,100,,," Estonian Medical Birth Registry (EMBR). Skilled birth attendant, 1992-2019. Tallinn: National Institute for Health Development [Estonia]; 2020",2025-04-07T06:46:44Z,2011,2011-01-01,2011-12-31
1309842,MDG_0000000025,COUNTRY,MYS,WPR,Western Pacific,YEAR,2005,,,,,,,,,98,98,,,Trained personnel Health Indicators 2005: Indicators for Monitoring and Evaluation of Strategy Health for All. Putrajaya: Ministry of Health [Malaysia]; 2006.,2025-04-07T06:46:44Z,2005,2005-01-01,2005-12-31
1315315,MDG_0000000025,COUNTRY,TGO,AFR,Africa,YEAR,2000,,,,,,,,,35,35,,," Bilan De Fin de Décennie. Rapport Des Objectifs Du Sommet Mondial Pour Les Enfants (MICS 2000) République du Togo. Togo: Ministre de l’Economie, des Finances et des Privations, Fonds des Nations Unies pour l'Enfance (UNICEF); 2000 (in French). ",2025-04-07T06:46:44Z,2000,2000-01-01,2000-12-31
1316408,MDG_0000000025,COUNTRY,IRL,EUR,Europe,YEAR,2013,,,,,,,,,100,100,,," Healthcare Pricing Office (HPO), Health Service Executive (HSE). Perinatal Statistics Report 2013. Version 1.0. Dublin: HSE; 2014.  ",2025-04-07T06:46:44Z,2013,2013-01-01,2013-12-31
1322477,MDG_0000000025,COUNTRY,NZL,WPR,Western Pacific,YEAR,2013,,,,,,,,,97,97,,," Report on Maternity web tool [online database]. Birth place and year and DHB. Wellington: Ministry of Health [New Zealand]; 2020 (https://minhealthnz.shinyapps.io/Maternity_report_webtool/, accessed 8 January 2021).",2025-04-07T06:46:44Z,2013,2013-01-01,2013-12-31
1323933,MDG_0000000025,COUNTRY,EGY,EMR,Eastern Mediterranean,YEAR,2000,,,,,,,,,61,61,,," El-Zanaty F, Way A (Ministry of Health and Population [Egypt], National Population Council, ORC Macro). Egypt Demographic and Health Survey 2000. Calverton, Maryland [USA]: Ministry of Health and Population [Egypt], National Population Council, ORC Macro; 2001.",2025-04-07T06:46:44Z,2000,2000-01-01,2000-12-31
1336044,MDG_0000000025,COUNTRY,SYC,AFR,Africa,YEAR,2021,,,,,,,,,99,99,,,Seychelles Annual Health Sector Performance Report 2021. Ministry of Health; Seychelles; 2022.,2026-04-21T12:35:59Z,2021,2021-01-01,2021-12-31
1336847,MDG_0000000025,COUNTRY,MLT,EUR,Europe,YEAR,2015,,,,,,,,,100,100,,, National Obstetric Information System (NOIS). Annual Report – 2015. Malta: Directorate for Health Information and Research (DHIR); 2016.,2025-04-07T06:46:44Z,2015,2015-01-01,2015-12-31
1348003,MDG_0000000025,COUNTRY,FIN,EUR,Europe,YEAR,2009,,,,,,,,,100,100,,,"Skilled health personnel Statistics Finland: https://pxnet2.stat.fi/PXWeb/pxweb/en/SDG/, last accessed 29/12/2021",2025-04-07T06:46:44Z,2009,2009-01-01,2009-12-31
1348408,MDG_0000000025,COUNTRY,BTN,SEAR,South-East Asia,YEAR,2015,,,,,,,,,89,89,,,"Trained personnel Statistical Yearbook of Bhutan 2017. Thimphu: National Statistics Bureau, Bhutan; 2017. ",2025-04-07T06:46:44Z,2015,2015-01-01,2015-12-31
1348999,MDG_0000000025,COUNTRY,NRU,WPR,Western Pacific,YEAR,2007,,,,,,,,,97,97,,,"Doctor, nurse, midwife, auxiliary nurse/midwife Nauru Bureau of Statistics, Secretariat of the Pacific Community (SPC), Macro International Inc. Nauru 2007 Demographic and Health Survey. Noumea: SPC; 2009.",2025-04-07T06:46:44Z,2007,2007-01-01,2007-12-31
1356514,MDG_0000000025,COUNTRY,CHL,AMR,Americas,YEAR,2003,,,,,,,,,100,100,,,"Trained personnel PLISA Health Information Platform. Indicator profile: Deliveries attended by skilled birth attendants (%) [online database]. Washington, DC: Pan American Health Organization/World Health Organization (PAHO/WHO); 2021 (https://opendata.paho.org/es/indicadores-basicos/tablero-de-los-indicadores-basicos, accessed 30 December 2021). ",2025-04-07T06:46:44Z,2003,2003-01-01,2003-12-31
1357209,MDG_0000000025,COUNTRY,NOR,EUR,Europe,YEAR,2020,,,,,,,,,99,99.2,,,Dataset: F11: Fdested. 2020. [online database]. Oslo: Folkehelseinstituttet; Medisinsk fdselsregister [Norwegian Institute of Public Health (NIPH); Medical Birth Registry]; 2021 (http://statistikkbank.fhi.no/mfr/); accessed 28 September 2021; in Norwegian).,2026-04-21T12:35:59Z,2020,2020-01-01,2020-12-31
1360031,MDG_0000000025,REGION,WPR,,,YEAR,2001,,,,,,,,,90,90,,,,2024-04-26T13:59:03Z,2001,2001-01-01,2001-12-31
1365892,MDG_0000000025,COUNTRY,MHL,WPR,Western Pacific,YEAR,2011,,,,,,,,,90,90,,, Annual Report FY 2011. Ministry of Health [Republic of the Marshall Islands]; 2012.,2025-04-07T06:46:44Z,2011,2011-01-01,2011-12-31
1366160,MDG_0000000025,COUNTRY,CYP,EUR,Europe,YEAR,2017,,,,,,,,,100,99.9,,,Health Monitoring Unit (HMU); Ministry of Health,2026-04-21T12:35:59Z,2017,2017-01-01,2017-12-31
1373697,MDG_0000000025,COUNTRY,BOL,AMR,Americas,YEAR,2012,,,,,,,,,82,82,,, Registros administrativos del Sistema Nacional de Salud y Vigilancia Epidemiológica del Ministerio de Salud y Deportes - 2022,2025-04-07T06:46:44Z,2012,2012-01-01,2012-12-31
1392728,MDG_0000000025,COUNTRY,MYS,WPR,Western Pacific,YEAR,2012,,,,,,,,,99,99,,,Trained personnel Health Indicators 2013: Indicators for Monitoring and Evaluation of Strategy Health for All. Putrajaya: Ministry of Health [Malaysia]; 2013.,2025-04-07T06:46:44Z,2012,2012-01-01,2012-12-31
1396151,MDG_0000000025,COUNTRY,PER,AMR,Americas,YEAR,2020,,,,,,,,,96,95.7,,,Encuesta Demografica y de Salud Familiar 2020,2026-04-21T12:35:59Z,2020,2020-01-01,2020-12-31
1400872,MDG_0000000025,COUNTRY,NOR,EUR,Europe,YEAR,2014,,,,,,,,,99,99,,," Dataset: F11: Fødested. 2014. [online database]. Oslo: Folkehelseinstituttet, Medisinsk fødselsregister [Norwegian Institute of Public Health (NIPH), Medical Birth Registry]; 2015 (http://statistikkbank.fhi.no/mfr, accessed 28 January 2016, in Norwegian). ",2025-04-07T06:46:44Z,2014,2014-01-01,2014-12-31
1425737,MDG_0000000025,COUNTRY,UGA,AFR,Africa,YEAR,2011,,,,,,,,,57,57,,," Uganda Bureau of Statistics (UBOS), ICF International. Uganda Demographic and Health Survey 2011. Kampala, Uganda: UBOS, ICF International; 2012.",2025-04-07T06:46:44Z,2011,2011-01-01,2011-12-31
1426747,MDG_0000000025,COUNTRY,AIA,AMR,Americas,YEAR,2018,,,,,,,,,100,100,,,PLISA Health Information Platform. Indicator profile: Deliveries attended by skilled birth attendants (%) [online database]. Washington; DC: Pan American Health Organization/World Health Organization (PAHO/WHO); 2021 (https://opendata.paho.org/es/indicadores-basicos/tablero-de-los-indicadores-basicos); accessed December 30; 2021).,2026-04-21T12:35:59Z,2018,2018-01-01,2018-12-31
1427907,MDG_0000000025,COUNTRY,BEN,AFR,Africa,YEAR,2006,,,,,,,,,74,74,,," Institut National de la Statistique et de l’Analyse Économique (INSAE) [Bénin], Macro International Inc. Enquête Démographique et de Santé (EDSB-III) - Bénin 2006. Calverton, Maryland, USA: Institut National de la Statistique et de l’Analyse Économique, Macro International Inc.; 2007 (in French). ",2025-04-07T06:46:44Z,2006,2006-01-01,2006-12-31
1428906,MDG_0000000025,COUNTRY,BGD,SEAR,South-East Asia,YEAR,2017,,,,,,,,,68,67.8,,,Report on Bangladesh Sample Vital Statistics 2017. Dhaka: Bangladesh Bureau of Statistics (BBS); 2018. (with supplementary table provided during SDG consultation).,2026-04-21T12:35:59Z,2017,2017-01-01,2017-12-31
1443853,MDG_0000000025,COUNTRY,BGR,EUR,Europe,YEAR,2008,,,,,,,,,94,94,,, National Statistical Institute of Bulgaria; 2023.,2025-04-07T06:46:44Z,2008,2008-01-01,2008-12-31
1448504,MDG_0000000025,COUNTRY,EGY,EMR,Eastern Mediterranean,YEAR,2014,,,,,,,,,92,92,,," Ministry of Health and Population [Egypt], El-Zanaty and Associates [Egypt], ICF International. Egypt Demographic and Health Survey 2014. Cairo, Egypt and Rockville, Maryland, USA: Ministry of Health and Population, ICF International; 2015.",2025-04-07T06:46:44Z,2014,2014-01-01,2014-12-31
1451490,MDG_0000000025,COUNTRY,BGD,SEAR,South-East Asia,YEAR,2014,,,,,,,,,42,42,,,"Doctor, nurse, midwife, paramedic, family welfare visitor, and CSBA National Institute of Population Research and Training (NIPORT), Mitra and Associates, ICF International. Bangladesh Demographic and Health Survey 2014. Dhaka, Bangladesh, and Rockville, Maryland, USA: NIPORT, Mitra and Associates, ICF International; 2016.
",2025-04-07T06:46:44Z,2014,2014-01-01,2014-12-31
1466576,MDG_0000000025,COUNTRY,CPV,AFR,Africa,YEAR,2013,,,,,,,,,92,92,,," Relatório Estatístico 2013 [Statistical Report 2013]. Praia: Ministério da Saúde [Ministry of Health], República de Cabo Verde; 2014 (in Portuguese).",2025-04-07T06:46:44Z,2013,2013-01-01,2013-12-31
1474564,MDG_0000000025,REGION,AMR,,,YEAR,2012,,,,,,,,,95,95,,,,2024-04-26T13:59:03Z,2012,2012-01-01,2012-12-31
1476755,MDG_0000000025,COUNTRY,USA,AMR,Americas,YEAR,2001,,,,,,,,,99,99,,," Martin JA, Hamilton BE, Ventura SJ, Menacker F, Park MM, Sutton PD. Births: Final data for 2001. National Vital Statistics Reports; vol. 51, no. 2. Hyattsville, Maryland: National Center for Health Statistics; 2002.",2025-04-07T06:46:44Z,2001,2001-01-01,2001-12-31
1486188,MDG_0000000025,COUNTRY,MUS,AFR,Africa,YEAR,2021,,,,,,,,,100,99.7,,,Ministry of Health and Wellness,2026-04-21T12:35:59Z,2021,2021-01-01,2021-12-31
1487075,MDG_0000000025,GLOBAL,GLOBAL,,,YEAR,2003,,,,,,,,,63,63,,,,2025-04-07T06:46:44Z,2003,2003-01-01,2003-12-31
2724431,MDG_0000000025,COUNTRY,KGZ,EUR,Europe,YEAR,2013,,,,,,,,,99,99,,,"Skilled health personnel Transformative Monitoring for Enhanced Equity (TransMonEE) 2016 Database [online database]. Geneva: UNICEF Europe and Central Asia Regional Office; 2016 (www.transmonee.org, accessed 17 October 2016). ",2025-04-07T06:46:44Z,2013,2013-01-01,2013-12-31
2726320,MDG_0000000025,COUNTRY,CIV,AFR,Africa,YEAR,2016,,,,,,,,,74,73.6,,,Enqute par grappes indicateurs multiples - Cte d'Ivoire 2016 (MICS 2016). Abidjan: Ministre du Plan et du Dveloppement [Cte d'Ivoire]; Institut National de la Statistique (INS) [Cte d'Ivoire]; Fonds des Nations Unies pour l'Enfance (UNICEF); le Fonds mondial [the Global Fund]; Contrat de Dsendettement et de Dveloppement; Fonds des Nations unies pour la population (FNUAP/UNFPA); 2017 (in French).,2026-04-21T12:35:59Z,2016,2016-01-01,2016-12-31
2728101,MDG_0000000025,COUNTRY,TUR,EUR,Europe,YEAR,2008,,,,,,,,,91,91,,," Hacettepe University Institute of Population Studies. Turkey Demographic and Health Survey, 2008. Ankara, Turkey: Hacettepe University Institute of Population Studies, Ministry of Health General Directorate of Mother and Child Health and Family Planning, T.R. Prime Ministry Undersecretary of State Planning Organization, TÜB?TAK; 2009.",2025-04-07T06:46:44Z,2008,2008-01-01,2008-12-31
2732588,MDG_0000000025,COUNTRY,FIN,EUR,Europe,YEAR,2007,,,,,,,,,100,100,,,"Skilled health personnel Statistics Finland: https://pxnet2.stat.fi/PXWeb/pxweb/en/SDG/, last accessed 29/12/2021",2025-04-07T06:46:44Z,2007,2007-01-01,2007-12-31
2734751,MDG_0000000025,COUNTRY,NPL,SEAR,South-East Asia,YEAR,2011,,,,,,,,,36,36,,," Ministry of Health and Population (MOHP) [Nepal], New ERA [Nepal], ICF International. Nepal Demographic and Health Survey 2011. Kathmandu, Nepal: MOHP [Nepal], New ERA [Nepal], ICF International; 2012.",2025-04-07T06:46:44Z,2011,2011-01-01,2011-12-31
2736456,MDG_0000000025,COUNTRY,CRI,AMR,Americas,YEAR,2020,,,,,,,,,99,99.2,,,Estadsticas Vitales 2020: Poblacin; Nacimientos Defunciones y Matrimonios [recurso electrnico]/Instituto Nacional de Estadstica y Censos. San Jos; Costa; 2021.,2026-04-21T12:35:59Z,2020,2020-01-01,2020-12-31
2745272,MDG_0000000025,COUNTRY,TLS,SEAR,South-East Asia,YEAR,2003,,,,,,,,,18,18,,," Ministry of Health and National Statistics Office  [Timor-Leste], University of Newcastle  [Australia], The Australian National University [Australia], ACIL Australia Pty Ltd [Australia]. Timor-Leste 2003 Demographic and Health Survey. Newcastle: University of Newcastle; 2004.",2025-04-07T06:46:44Z,2003,2003-01-01,2003-12-31
2745407,MDG_0000000025,COUNTRY,STP,AFR,Africa,YEAR,2006,,,,,,,,,81,81,,," Institute of National Statistics (INE) of the Democratic Republic of São Tomé e Príncipe, United Nations Children’s Fund (UNICEF). The 2006 São Tomé e Príncipe Multiple Indicator Cluster Survey: Final Report. São Tomé: Institute of National Statistics (INE) of the Democratic Republic of São Tomé e Príncipe, United Nations Children’s Fund (UNICEF); 2007.",2025-04-07T06:46:44Z,2006,2006-01-01,2006-12-31
2764073,MDG_0000000025,COUNTRY,BIH,EUR,Europe,YEAR,2014,,,,,,,,,100,100,,, Statistical Yearbook Federation of Bosnia and Herzegovina 2015. Sarajevo: Institute for Statistics of Federation of Bosnia and Herzegovina; 2015.,2025-04-07T06:46:44Z,2014,2014-01-01,2014-12-31
2775196,MDG_0000000025,COUNTRY,BMU,AMR,Americas,YEAR,2008,,,,,,,,,100,100,,,"Trained personnel PLISA Health Information Platform. Indicator profile: Deliveries attended by skilled birth attendants (%) [online database]. Washington, DC: Pan American Health Organization/World Health Organization (PAHO/WHO); 2023 (https://opendata.paho.org/es/indicadores-basicos/tablero-de-los-indicadores-basicos, accessed 20 September 2023).",2025-04-07T06:46:44Z,2008,2008-01-01,2008-12-31
2782331,MDG_0000000025,COUNTRY,LVA,EUR,Europe,YEAR,2013,,,,,,,,,98,98,,," Statistical Yearbook of Health Care in Latvia 15th edition, 2013. Riga: The Centre for Disease Prevention and Control of Latvia; 2014.",2025-04-07T06:46:44Z,2013,2013-01-01,2013-12-31
2799780,MDG_0000000025,COUNTRY,CUB,AMR,Americas,YEAR,2013,,,,,,,,,100,100,,," Anuario Estadístico de Salud 2015. La Habana: Dirección de Registros Médicos y Estadísticas de Salud, Ministerio de Salud Pública de Cuba; 2016 (in Spanish).",2025-04-07T06:46:44Z,2013,2013-01-01,2013-12-31
2804077,MDG_0000000025,COUNTRY,PLW,WPR,Western Pacific,YEAR,2000,,,,,,,,,100,100,,,"Skilled personnel Ministry of Finance [Palau], United Nations Development Programme (UNDP). The Millennium Development Goals: Initial Status Report. Republic of Palau 2008. Suva: UNDP; 2009. ",2025-04-07T06:46:44Z,2000,2000-01-01,2000-12-31
2807597,MDG_0000000025,COUNTRY,FJI,WPR,Western Pacific,YEAR,2011,,,,,,,,,100,100,,,Skilled health personnel Annual Report 2012. Suva: Ministry of Health [Fiji]; 2013. ,2025-04-07T06:46:44Z,2011,2011-01-01,2011-12-31
2807619,MDG_0000000025,COUNTRY,GEO,EUR,Europe,YEAR,2018,,,,,,,,,100,99.8,,,Health Care; Statistical Yearbook 2020 Georgia. Tbilisi: Ministry of Labour; Health and Social Affairs of Georgia; National Centre for Disease Control and Public Health; 2021.,2026-04-21T12:35:59Z,2018,2018-01-01,2018-12-31
2808582,MDG_0000000025,COUNTRY,LAO,WPR,Western Pacific,YEAR,2000,,,,,,,,,17,17,,," Multiple Indicators Cluster Survey 2000. Premilimary Report. Vientiane: State Planning Committee, National Statistical Center, United Nations Children's Fund (UNICEF); 2001.",2025-04-07T06:46:44Z,2000,2000-01-01,2000-12-31
2816803,MDG_0000000025,COUNTRY,IRL,EUR,Europe,YEAR,2000,,,,,,,,,100,100,,, Report on Perinatal Statistics for 2000. Dublin: The Economic and Social Research Institute (ESRI); 2004.  ,2025-04-07T06:46:44Z,2000,2000-01-01,2000-12-31
2819611,MDG_0000000025,COUNTRY,ITA,EUR,Europe,YEAR,2010,,,,,,,,,100,100,,, Certificato di assistenza al parto (CeDAP). Analisi dell’evento nascita - Anno 2010. Roma: Direzione Generale del Sistema Informativo e Statistico Sanitario – Ufficio di Statistica; 2013 (in Italian). ,2025-04-07T06:46:44Z,2010,2010-01-01,2010-12-31
2823317,MDG_0000000025,COUNTRY,AFG,EMR,Eastern Mediterranean,YEAR,2015,,,,,,,,,51,51,,,"Doctor, nurse, midwife, or auxiliary midwife. Central Statistics Organization (CSO), Ministry of Public Health (MoPH), ICF. Afghanistan Demographic and Health Survey 2015. Kabul, Afghanistan: Central Statistics Organization; 2017.",2025-04-07T06:46:44Z,2015,2015-01-01,2015-12-31
2832672,MDG_0000000025,COUNTRY,ARM,EUR,Europe,YEAR,2000,,,,,,,,,97,97,,," National Statistical Service [Armenia], Ministry of Health [Armenia], ORC Macro. Armenia Demographic and Health Survey 2000. Calverton, Maryland: National Statistical Service, Ministry of Health, ORC Macro; 2001.",2025-04-07T06:46:44Z,2000,2000-01-01,2000-12-31
2835218,MDG_0000000025,REGION,AFR,,,YEAR,2017,,,,,,,,,63,63.3,,,Estimate based on Joint UNICEF-WHO Database on Skilled Birth Attendance 2025,2026-04-21T12:35:59Z,2017,2017-01-01,2017-12-31
2835685,MDG_0000000025,COUNTRY,GUY,AMR,Americas,YEAR,2001,,,,,,,,,94,94,,,"Trained personnel PLISA Health Information Platform. Indicator profile: Deliveries attended by skilled birth attendants (%) [online database]. Washington, DC: Pan American Health Organization/World Health Organization (PAHO/WHO); 2021 (https://opendata.paho.org/es/indicadores-basicos/tablero-de-los-indicadores-basicos, accessed 30 December 2021). ",2025-04-07T06:46:44Z,2001,2001-01-01,2001-12-31
2841134,MDG_0000000025,COUNTRY,GAB,AFR,Africa,YEAR,2012,,,,,,,,,89,89,,,"Doctor, midwife, nurse, auxiliary nurse Direction Générale de la Statistique (DGS), ICF International. Enquête Démographique et de Santé du Gabon 2012. Calverton, Maryland, Libreville, Gabon: DGS, ICF International; 2013 (in French).",2025-04-07T06:46:44Z,2012,2012-01-01,2012-12-31
2841759,MDG_0000000025,COUNTRY,KOR,WPR,Western Pacific,YEAR,2021,,,,,,,,,100,100,,,The 2021 National Survey on Fertility; Family Health & Welfare in Korea; Korea Institue for Health and Social Affairs; 2022,2026-04-21T12:35:59Z,2021,2021-01-01,2021-12-31
2842077,MDG_0000000025,COUNTRY,POL,EUR,Europe,YEAR,2015,,,,,,,,,100,100,,," Statistics Poland (GUS) [Website]. Warsaw: Statistics Poland (GUS); 2020 (https://sdg.gov.pl/en/statistics_glob/3-1-2/, accessed 28 February 2021).",2025-04-07T06:46:44Z,2015,2015-01-01,2015-12-31
2842485,MDG_0000000025,COUNTRY,FIN,EUR,Europe,YEAR,2001,,,,,,,,,100,100,,,"Skilled health personnel Statistics Finland: https://pxnet2.stat.fi/PXWeb/pxweb/en/SDG/, last accessed 29/12/2021",2025-04-07T06:46:44Z,2001,2001-01-01,2001-12-31
2848964,MDG_0000000025,COUNTRY,AUS,WPR,Western Pacific,YEAR,2003,,,,,,,,,99,99,,," Laws PJ, Sullivan EA. Australia’s mothers and babies 2003. Perinatal Statistics Series No. 16. AIHW Cat. No. PER 29. Sydney: Australian Institute of Health and Welfare (AIHW) National Perinatal Statistics Unit; 2005.",2025-04-07T06:46:44Z,2003,2003-01-01,2003-12-31
2855287,MDG_0000000025,REGION,WPR,,,YEAR,2016,,,,,,,,,96,96.2,,,Estimate based on Joint UNICEF-WHO Database on Skilled Birth Attendance 2025,2026-04-21T12:35:59Z,2016,2016-01-01,2016-12-31
2858949,MDG_0000000025,COUNTRY,BRN,WPR,Western Pacific,YEAR,2000,,,,,,,,,99,99,,,Skilled health personnel Health Information Booklet 2011. Bandar Seri Begawan: Ministry of Health [Brunei Darussalam]; 2011.,2025-04-07T06:46:44Z,2000,2000-01-01,2000-12-31
2872904,MDG_0000000025,COUNTRY,AIA,AMR,Americas,YEAR,2014,,,,,,,,,100,100,,,"Trained personnel PLISA Health Information Platform. Indicator profile: Deliveries attended by skilled birth attendants (%) [online database]. Washington, DC: Pan American Health Organization/World Health Organization (PAHO/WHO); 2021 (https://opendata.paho.org/es/indicadores-basicos/tablero-de-los-indicadores-basicos), accessed December 30, 2021). 	",2025-04-07T06:46:44Z,2014,2014-01-01,2014-12-31
2874779,MDG_0000000025,COUNTRY,LTU,EUR,Europe,YEAR,2019,,,,,,,,,100,100,,,Official Statistics Portal; 2021 (https://osp.stat.gov.lt/nacionaliniai-darnaus-vystymosi-rodikliai; accessed 30/12/2021),2026-04-21T12:35:59Z,2019,2019-01-01,2019-12-31
2880523,MDG_0000000025,COUNTRY,LVA,EUR,Europe,YEAR,2012,,,,,,,,,99,99,,," Statistical Yearbook of Health Care in Latvia 14th edition, 2012. Riga: The Centre for Disease Prevention and Control of Latvia; 2013.",2025-04-07T06:46:44Z,2012,2012-01-01,2012-12-31
2898171,MDG_0000000025,COUNTRY,TON,WPR,Western Pacific,YEAR,2005,,,,,,,,,96,96,,,Trained personnel Report of the Minister of Health for the Year 2005. Tonga: Ministry of Health [Tonga]; 2006.,2025-04-07T06:46:44Z,2005,2005-01-01,2005-12-31
2900064,MDG_0000000025,COUNTRY,UKR,EUR,Europe,YEAR,2001,,,,,,,,,100,100,,,"Skilled health personnel Transformative Monitoring for Enhanced Equity (TransMonEE) 2012 Database [online database]. Geneva: UNICEF Europe and Central Asia Regional Office; 2012 (www.transmonee.org, accessed 1 November 2012). ",2025-04-07T06:46:44Z,2001,2001-01-01,2001-12-31
2906934,MDG_0000000025,COUNTRY,CHL,AMR,Americas,YEAR,2011,,,,,,,,,100,100,,, Estadísticas Vitales - Informe  Annual 2011. Santiago: Instituto Nacional de Estadísticas [Chile]; 2013 (in Spanish).,2025-04-07T06:46:44Z,2011,2011-01-01,2011-12-31
2907451,MDG_0000000025,COUNTRY,POL,EUR,Europe,YEAR,2003,,,,,,,,,100,100,,,"Skilled health personnel Transformative Monitoring for Enhanced Equity (TransMonEE) 2012 Database [online database]. Geneva: UNICEF Europe and Central Asia Regional Office; 2012 (www.transmonee.org, accessed 1 November 2012). ",2025-04-07T06:46:44Z,2003,2003-01-01,2003-12-31
2913716,MDG_0000000025,COUNTRY,NPL,SEAR,South-East Asia,YEAR,2022,,,,,,,,,80,80.1,,,Ministry of Health and Population [Nepal]; New ERA; and ICF. 2023. Nepal Demographic and Health Survey2022. Kathmandu; Nepal: Ministry of Health and Population [Nepal].,2026-04-21T12:35:59Z,2022,2022-01-01,2022-12-31
2917296,MDG_0000000025,COUNTRY,SLB,WPR,Western Pacific,YEAR,2015,,,,,,,,,86,86,,,"Doctor, midwife, registered nurse and nurse aid Solomon Islands National Statistics Office, Solomon Islands Ministry of Health and Medical Services (SIMoHMS), Pacific Community (SPC), Australian Aid, United Nations Children’s Fund (UNICEF) . Solomon Islands Demographic and Health Survey 2015. Noumea: SPC; 2017. ",2025-04-07T06:46:44Z,2015,2015-01-01,2015-12-31
2918885,MDG_0000000025,COUNTRY,MDV,SEAR,South-East Asia,YEAR,2005,,,,,,,,,92,92,,, The Maldives Health Statistics 2009. Malé: Ministry of Health and Family [Republic of Maldives]; 2010.,2025-04-07T06:46:44Z,2005,2005-01-01,2005-12-31
2918929,MDG_0000000025,COUNTRY,HRV,EUR,Europe,YEAR,2014,,,,,,,,,100,100,,, Statistical Yearbook of the Republic of Croatia 2015. Zagreb: Croatian Bureau of Statistics; 2015.  ,2025-04-07T06:46:44Z,2014,2014-01-01,2014-12-31
2920621,MDG_0000000025,COUNTRY,AUT,EUR,Europe,YEAR,2008,,,,,,,,,99,99,,, Jahrbuch der Gesundheitsstatistik 2012. Wien: Statistik Austria; 2013 (in German).,2025-04-07T06:46:44Z,2008,2008-01-01,2008-12-31
2920983,MDG_0000000025,COUNTRY,NZL,WPR,Western Pacific,YEAR,2018,,,,,,,,,96,96.4,,,Report on Maternity web tool [online database]. Birth place and year and DHB. Wellington: Ministry of Health [New Zealand]; 2020 (https://minhealthnz.shinyapps.io/Maternity_report_webtool/; accessed 8 January 2021).,2026-04-21T12:35:59Z,2018,2018-01-01,2018-12-31
2925393,MDG_0000000025,COUNTRY,MLT,EUR,Europe,YEAR,2001,,,,,,,,,100,100,,, National Obstetric Information System (NOIS). Annual Report – 2001. Malta: Department of Health Information (DHI); 2002.,2025-04-07T06:46:44Z,2001,2001-01-01,2001-12-31
2935788,MDG_0000000025,COUNTRY,SAU,EMR,Eastern Mediterranean,YEAR,2019,,,,,,,,,95,94.8,,,Ministry of Health [Saudi Arabia]. 2019. World Health Survey Saudi Arabia 2019 Final Report.,2026-04-21T12:35:59Z,2019,2019-01-01,2019-12-31
2936427,MDG_0000000025,COUNTRY,CRI,AMR,Americas,YEAR,2009,,,,,,,,,99,99,,, Estadísticas Vitales 2009. San José: Instituto Nacional de Estadística y Censos (INEC); 2010 (in Spanish).,2025-04-07T06:46:44Z,2009,2009-01-01,2009-12-31
2936927,MDG_0000000025,COUNTRY,MKD,EUR,Europe,YEAR,2002,,,,,,,,,98,98,,, Statistical Yearbook of the Republic of Macedonia 2004. Skopje: State Statistical Office [Macedonia]; 2005.,2025-04-07T06:46:44Z,2002,2002-01-01,2002-12-31
2937325,MDG_0000000025,COUNTRY,GRC,EUR,Europe,YEAR,2020,,,,,,,,,100,99.9,,,Hellenic Republic; Hellenic Statistical Authority; Directorate General of Statistics; Population and Migration Statistics Section.,2026-04-21T12:35:59Z,2020,2020-01-01,2020-12-31
2946365,MDG_0000000025,COUNTRY,VEN,AMR,Americas,YEAR,2000,,,,,,,,,94,94,,," Encuesta por conglomerados de indicadores múltiples de final de década MICS Venezuela 2000. Documento técnico. Venezuela: Instituto Nacional do Estadística, Fondo de las Naciones Unidas para la Infancia (UNICEF); 2001 (in Spanish). ",2025-04-07T06:46:44Z,2000,2000-01-01,2000-12-31
2946440,MDG_0000000025,COUNTRY,BRB,AMR,Americas,YEAR,2002,,,,,,,,,100,100,,,"Trained personnel Health Situation in the Americas: Basic Indicators 2004. Washington, DC: Pan American Health Organization/World Health Organization (PAHO/WHO), Area of Health Analysis and Information Systems (AIS); 2004.",2025-04-07T06:46:44Z,2002,2002-01-01,2002-12-31
2948540,MDG_0000000025,COUNTRY,SLV,AMR,Americas,YEAR,2016,,,,,,,,,100,99.9,,,Informe de Labores 2016-2017. San Salvador: Ministerio de Salud de El Salvador; 2017 (in Spanish).,2026-04-21T12:35:59Z,2016,2016-01-01,2016-12-31
2949786,MDG_0000000025,COUNTRY,BIH,EUR,Europe,YEAR,2002,,,,,,,,,100,100,,, Statistical Yearbook Federation of Bosnia and Herzegovina 2006. Sarajevo: Federal Office of Statistics [Federation of Bosnia and Herzegovina]; 2006.,2025-04-07T06:46:44Z,2002,2002-01-01,2002-12-31
2955212,MDG_0000000025,COUNTRY,JPN,WPR,Western Pacific,YEAR,2003,,,,,,,,,100,100,,," 2009 Vital Statistics of Japan. Table 4.8: Trends in percent distribution of live births by place of delivery [website]. Tokyo: Ministry of Health, Labour and Welfare [Japan]; 2010 (http://www.mhlw.go.jp). ",2025-04-07T06:46:44Z,2003,2003-01-01,2003-12-31
2964440,MDG_0000000025,COUNTRY,BGR,EUR,Europe,YEAR,2005,,,,,,,,,97,97,,, National Statistical Institute of Bulgaria; 2023.,2025-04-07T06:46:44Z,2005,2005-01-01,2005-12-31
2968827,MDG_0000000025,COUNTRY,BLR,EUR,Europe,YEAR,2006,,,,,,,,,100,100,,,"Skilled health personnel Transformative Monitoring for Enhanced Equity (TransMonEE) 2012 Database [online database]. Geneva: UNICEF Europe and Central Asia Regional Office; 2012 (www.transmonee.org, accessed 1 November 2012). ",2025-04-07T06:46:44Z,2006,2006-01-01,2006-12-31
2968939,MDG_0000000025,COUNTRY,BRN,WPR,Western Pacific,YEAR,2021,,,,,,,,,100,99.6,,,Ministry of Health [Brunei Darussalam]; 2022.,2026-04-21T12:35:59Z,2021,2021-01-01,2021-12-31
2969078,MDG_0000000025,COUNTRY,FJI,WPR,Western Pacific,YEAR,2013,,,,,,,,,99,99,,, Fiji National Immunisation Coverage Survey 2013. Suva: Ministry of Health [Fiji]; 2014.,2025-04-07T06:46:44Z,2013,2013-01-01,2013-12-31
2970141,MDG_0000000025,COUNTRY,DOM,AMR,Americas,YEAR,2006,,,,,,,,,96,96,,," Encuesta Nacional de Hogares de Propósitos Múltiples (ENHOGAR) 2006. Informe General. Santo Domingo: República Dominicana, Oficina Nacional de Estadística (ONE), Fondo de Naciones Unidas para la Infancia (UNICEF); 2008 (in Spanish).",2025-04-07T06:46:44Z,2006,2006-01-01,2006-12-31
2988946,MDG_0000000025,COUNTRY,NER,AFR,Africa,YEAR,2006,,,,,,,,,18,18,,," Institut National de la Statistique (INS) [Niger], Macro International Inc. Enquête Démographique et de Santé et à Indicateurs Multiples du Niger 2006. Calverton, Maryland, USA: INS [Niger], Macro International Inc.; 2007 (in French).",2025-04-07T06:46:44Z,2006,2006-01-01,2006-12-31
2993926,MDG_0000000025,COUNTRY,CRI,AMR,Americas,YEAR,2007,,,,,,,,,99,99,,, Estadísticas Vitales 2007. San José: Instituto Nacional de Estadística y Censos (INEC); 2008 (in Spanish).,2025-04-07T06:46:44Z,2007,2007-01-01,2007-12-31
3011232,MDG_0000000025,COUNTRY,EST,EUR,Europe,YEAR,2016,,,,,,,,,100,99.7,,,Estonian Medical Birth Registry (EMBR). Skilled birth attendant; 1992-2019. Tallinn: National Institute for Health Development [Estonia]; 2020,2026-04-21T12:35:59Z,2016,2016-01-01,2016-12-31
3014017,MDG_0000000025,COUNTRY,MYS,WPR,Western Pacific,YEAR,2009,,,,,,,,,99,99,,,Trained personnel Health Indicators 2009: Indicators for Monitoring and Evaluation of Strategy Health for All. Putrajaya: Ministry of Health [Malaysia]; 2010.,2025-04-07T06:46:44Z,2009,2009-01-01,2009-12-31
3021624,MDG_0000000025,COUNTRY,EST,EUR,Europe,YEAR,2020,,,,,,,,,100,99.6,,,Estonian Medical Birth Registry (EMBR). Skilled birth attendant; 2020. Tallinn: National Institute for Health Development [Estonia]; 2021,2026-04-21T12:35:59Z,2020,2020-01-01,2020-12-31
3021673,MDG_0000000025,COUNTRY,BHR,EMR,Eastern Mediterranean,YEAR,2018,,,,,,,,,100,99.6,,,Health Statistics of 2018. Bahrain: Ministry of Health; 2019.,2026-04-21T12:35:59Z,2018,2018-01-01,2018-12-31
3028212,MDG_0000000025,COUNTRY,ARG,AMR,Americas,YEAR,2000,,,,,,,,,99,99,,," Indicadores básicos Argentina 2010. Buenos Aires: Ministerio de Salud, Argentina, Organización Panamericana de la Salud/Organización Mundial de la Salud (OPS/OMS) [Pan American Health Organization/World Health Organization (PAHO/WHO)]; 2010 (in Spanish). ",2025-04-07T06:46:44Z,2000,2000-01-01,2000-12-31
3032946,MDG_0000000025,COUNTRY,SVK,EUR,Europe,YEAR,2018,,,,,,,,,98,98,,,National Health Information Centre of the Slovak Republic [Slovakia]; Provided during SDG country consultation 2021.,2026-04-21T12:35:59Z,2018,2018-01-01,2018-12-31
3036215,MDG_0000000025,REGION,AFR,,,YEAR,2008,,,,,,,,,48,48,,,,2024-04-26T13:59:03Z,2008,2008-01-01,2008-12-31
3038235,MDG_0000000025,COUNTRY,CUB,AMR,Americas,YEAR,2019,,,,,,,,,100,100,,,Cuba Encuesta de Indicadores Mltiples por Conglomerados 2019; Informe de resultados de la encuesta. La Habana: Direccin de Registros Mdicos y Estadsticas de Salud; 2020 (in Spanish).,2026-04-21T12:35:59Z,2019,2019-01-01,2019-12-31
3048178,MDG_0000000025,COUNTRY,CHL,AMR,Americas,YEAR,2017,,,,,,,,,100,99.8,,,Anuario de estadsticas vitales; 2017. Santiago: Instituto Nacional de Estadsticas [Chile]; 2019 (in Spanish).,2026-04-21T12:35:59Z,2017,2017-01-01,2017-12-31
3049145,MDG_0000000025,COUNTRY,AUS,WPR,Western Pacific,YEAR,2016,,,,,,,,,99,98.8,,,Australia's mothers and babies 2016 - in brief. Perinatal statistics series no. 34. Cat no. PER 97. Canberra: Australian Institute of Health and Welfare (AIHW); 2018.,2026-04-21T12:35:59Z,2016,2016-01-01,2016-12-31
3049338,MDG_0000000025,COUNTRY,MSR,AMR,Americas,YEAR,2018,,,,,,,,,100,100,,,PLISA Health Information Platform. Indicator profile: Deliveries attended by skilled birth attendants (%) [online database]. Washington; DC: Pan American Health Organization/World Health Organization (PAHO/WHO); 2021 (https://opendata.paho.org/es/indicadores-basicos/tablero-de-los-indicadores-basicos; accessed 30 December 2021).,2026-04-21T12:35:59Z,2018,2018-01-01,2018-12-31
3065504,MDG_0000000025,COUNTRY,LTU,EUR,Europe,YEAR,2009,,,,,,,,,100,100,,,"Skilled health personnel Transformative Monitoring for Enhanced Equity (TransMonEE) 2016 Database [online database]. Geneva: UNICEF Europe and Central Asia Regional Office; 2016 (www.transmonee.org, accessed 17 October 2016). ",2025-04-07T06:46:44Z,2009,2009-01-01,2009-12-31
3067756,MDG_0000000025,COUNTRY,ARM,EUR,Europe,YEAR,2010,,,,,,,,,100,100,,," National Statistical Service [Armenia], Ministry of Health [Armenia], ICF International. Armenia Demographic and Health Survey 2010. Calverton, Maryland: National Statistical Service, Ministry of Health, ICF International; 2012.",2025-04-07T06:46:44Z,2010,2010-01-01,2010-12-31
3079016,MDG_0000000025,COUNTRY,DNK,EUR,Europe,YEAR,2017,,,,,,,,,95,95.1,,,Det Medicinske Fdselsregister (MFR); MFR-kuben; Institutional deliveries [online database]. Copenhagen: Sundhedsdatastyrelsen [National Board of Health Data; Denmark]; 2018 (http://www.esundhed.dk/sundhedsregistre/MFR/Sider/MFR06A.aspx; accessed 21 September 2018; in Danish).,2026-04-21T12:35:59Z,2017,2017-01-01,2017-12-31
3083158,MDG_0000000025,COUNTRY,CYP,EUR,Europe,YEAR,2018,,,,,,,,,100,99.9,,,Health Monitoring Unit (HMU); Ministry of Health,2026-04-21T12:35:59Z,2018,2018-01-01,2018-12-31
3089665,MDG_0000000025,COUNTRY,MNE,EUR,Europe,YEAR,2004,,,,,,,,,98,98,,, Statistical Yearbook 2009. Podgorica: Statistical Office [Montenegro]; 2009.,2025-04-07T06:46:44Z,2004,2004-01-01,2004-12-31
3090821,MDG_0000000025,COUNTRY,BGR,EUR,Europe,YEAR,2000,,,,,,,,,99,99,,, National Statistical Institute of Bulgaria; 2023.,2025-04-07T06:46:44Z,2000,2000-01-01,2000-12-31
3093282,MDG_0000000025,COUNTRY,GMB,AFR,Africa,YEAR,2018,,,,,,,,,83,82.7,,,The Gambia Multiple Indicator Cluster Survey 2018; Survey Findings Report. Banjul: The Gambia Bureau of Statistics (GBOS); 2019.,2026-04-21T12:35:59Z,2018,2018-01-01,2018-12-31
3093899,MDG_0000000025,COUNTRY,ARG,AMR,Americas,YEAR,2019,,,,,,,,,100,99.6,,,PLISA Health Information Platform. Indicator profile: Deliveries attended by skilled birth attendants (%) [online database]. Washington; DC: Pan American Health Organization/World Health Organization (PAHO/WHO); 2021 (https://opendata.paho.org/es/indicadores-basicos/tablero-de-los-indicadores-basicos; accessed 30 December 2021).,2026-04-21T12:35:59Z,2019,2019-01-01,2019-12-31
3097634,MDG_0000000025,COUNTRY,LAO,WPR,Western Pacific,YEAR,2023,,,,,,,,,80,79.8,,,Lao Statistics Bureau. Lao Social Indicator Survey 2023 Key Indicators Report. Vientiane; Lao People's Democratic Republic; 2024.,2026-04-21T12:35:59Z,2023,2023-01-01,2023-12-31
3100287,MDG_0000000025,COUNTRY,PSE,EMR,Eastern Mediterranean,YEAR,2006,,,,,,,,,97,97,,," Palestinian Family Health Survey, 2006: Final Report. Ramallah: Palestinian Central Bureau of Statistics; 2007.",2025-04-07T06:46:44Z,2006,2006-01-01,2006-12-31
3100574,MDG_0000000025,COUNTRY,DEU,EUR,Europe,YEAR,2004,,,,,,,,,98,98,,, Qualitätsbericht 2012. Außerklinische Geburtshilfe in Deutschland. Storkow: Gesellschaft für Qualität in der außerklinischen Geburtshilfe e.V. (QUAG e.V.); 2014 (in German).  ,2025-04-07T06:46:44Z,2004,2004-01-01,2004-12-31
3120584,MDG_0000000025,REGION,AFR,,,YEAR,2006,,,,,,,,,45,45,,,,2024-04-26T13:59:03Z,2006,2006-01-01,2006-12-31
3121702,MDG_0000000025,COUNTRY,FJI,WPR,Western Pacific,YEAR,2003,,,,,,,,,97,97,,, Annual Report 2006. Suva: Ministry of Health [Fiji]; 2007. ,2025-04-07T06:46:44Z,2003,2003-01-01,2003-12-31
3126692,MDG_0000000025,COUNTRY,CUB,AMR,Americas,YEAR,2015,,,,,,,,,100,100,,," Anuario Estadístico de Salud 2015. La Habana: Dirección de Registros Médicos y Estadísticas de Salud, Ministerio de Salud Pública de Cuba; 2016 (in Spanish).",2025-04-07T06:46:44Z,2015,2015-01-01,2015-12-31
3131376,MDG_0000000025,COUNTRY,PAN,AMR,Americas,YEAR,2005,,,,,,,,,91,91,,,"Health professional Panamá en Cifras: años 2005-2009 [electronic publication]. Panamá: Instituto Nacional de Estadística y Censo (INEC) [Panama]; 2010 (http://www.contraloria.gob.pa/inec/Publicaciones, accessed 18 April 2011, in Spanish).",2025-04-07T06:46:44Z,2005,2005-01-01,2005-12-31
3132808,MDG_0000000025,COUNTRY,MEX,AMR,Americas,YEAR,2006,,,,,,,,,93,93,,," Shamah-Levy T, Villalpando-Hernández S, Rivera-Dommarco JA (Instituto Nacional de Salud Pública [Mexico]). Resultados de Nutrición de la ENSANUT 2006. Cuernavaca: Instituto Nacional de Salud Pública; 2007 (in Spanish).",2025-04-07T06:46:44Z,2006,2006-01-01,2006-12-31
3137127,MDG_0000000025,COUNTRY,NZL,WPR,Western Pacific,YEAR,2017,,,,,,,,,97,96.6,,,Report on Maternity web tool [online database]. Birth place and year and DHB. Wellington: Ministry of Health [New Zealand]; 2020 (https://minhealthnz.shinyapps.io/Maternity_report_webtool/; accessed 8 January 2021).,2026-04-21T12:35:59Z,2017,2017-01-01,2017-12-31
3137195,MDG_0000000025,COUNTRY,FIN,EUR,Europe,YEAR,2013,,,,,,,,,100,100,,,"Skilled health personnel Statistics Finland: https://pxnet2.stat.fi/PXWeb/pxweb/en/SDG/, last accessed 29/12/2021",2025-04-07T06:46:44Z,2013,2013-01-01,2013-12-31
3138745,MDG_0000000025,COUNTRY,VUT,WPR,Western Pacific,YEAR,2013,,,,,,,,,89,89,,,"Doctor, nurse, midwife and auxiliary midwife Vanuatu Ministry of Health, Vanuatu National Statistics Office, Secretariat of the Pacific Community (SPC). Vanuatu Demographic and Health Survey 2013. Final Report. Noumea: SPC; 2014.
",2025-04-07T06:46:44Z,2013,2013-01-01,2013-12-31
3139240,MDG_0000000025,REGION,WPR,,,YEAR,2010,,,,,,,,,95,95,,,,2024-04-26T13:59:03Z,2010,2010-01-01,2010-12-31
3141022,MDG_0000000025,COUNTRY,BRN,WPR,Western Pacific,YEAR,2005,,,,,,,,,100,100,,,Skilled health personnel Health Information Booklet 2012. Bandar Seri Begawan: Ministry of Health [Brunei Darussalam]; 2013.,2025-04-07T06:46:44Z,2005,2005-01-01,2005-12-31
3146331,MDG_0000000025,COUNTRY,CAN,AMR,Americas,YEAR,2010,,,,,,,,,99,99,,," CANSIM. Table 102-4516 - Live births and fetal deaths (stillbirths), by place of birth (hospital and non-hospital), Canada, provinces and territories, annual [database]. Ottawa: Statistics Canada, Government of Canada; 2013 (https://www80.statcan.gc.ca, accessed 17 October 2014).",2025-04-07T06:46:44Z,2010,2010-01-01,2010-12-31
3170653,MDG_0000000025,GLOBAL,GLOBAL,,,YEAR,2000,,,,,,,,,61,61,,,,2024-04-26T13:59:03Z,2000,2000-01-01,2000-12-31
3171618,MDG_0000000025,COUNTRY,TLS,SEAR,South-East Asia,YEAR,2016,,,,,,,,,57,56.7,,,Timor-Leste Demographic and Health Survey 2016. Dili; Timor-Leste and Rockville; Maryland; USA: General Directorate of Statistics (GDS); ICF; 2018.,2026-04-21T12:35:59Z,2016,2016-01-01,2016-12-31
3178109,MDG_0000000025,COUNTRY,PAN,AMR,Americas,YEAR,2006,,,,,,,,,91,91,,,"Health professional Panamá en Cifras: años 2005-2009 [electronic publication]. Panamá: Instituto Nacional de Estadística y Censo (INEC) [Panama]; 2010 (http://www.contraloria.gob.pa/inec/Publicaciones, accessed 18 April 2011, in Spanish).",2025-04-07T06:46:44Z,2006,2006-01-01,2006-12-31
3178452,MDG_0000000025,COUNTRY,JPN,WPR,Western Pacific,YEAR,2011,,,,,,,,,100,100,,," 2012 Vital Statistics of Japan [website]. Tokyo: e-stat (Portal Site of Official Statistics of Japan), National Statistics Center [Japan]; 2013 (https://www.e-stat.go.jp/SG1/estat/ListE.do?lid=000001099723, accessed 22 October 2013).",2025-04-07T06:46:44Z,2011,2011-01-01,2011-12-31
3179090,MDG_0000000025,COUNTRY,CUB,AMR,Americas,YEAR,2016,,,,,,,,,100,99.9,,,Anuario Estadstico de Salud 2016. La Habana: Direccin de Registros Mdicos y Estadsticas de Salud; Ministerio de Salud Pblica de Cuba; 2017 (in Spanish).,2026-04-21T12:35:59Z,2016,2016-01-01,2016-12-31
3179503,MDG_0000000025,COUNTRY,BRB,AMR,Americas,YEAR,2006,,,,,,,,,100,100,,,"Trained personnel Health Situation in the Americas: Basic Indicators 2008. Washington, DC: Pan American Health Organization/World Health Organization (PAHO/WHO), Health Information and Analysis; 2008.",2025-04-07T06:46:44Z,2006,2006-01-01,2006-12-31
3183757,MDG_0000000025,COUNTRY,LTU,EUR,Europe,YEAR,2013,,,,,,,,,100,100,,,"Skilled health personnel Transformative Monitoring for Enhanced Equity (TransMonEE) 2016 Database [online database]. Geneva: UNICEF Europe and Central Asia Regional Office; 2016 (www.transmonee.org, accessed 17 October 2016). ",2025-04-07T06:46:44Z,2013,2013-01-01,2013-12-31
3190890,MDG_0000000025,COUNTRY,CAN,AMR,Americas,YEAR,2009,,,,,,,,,99,99,,," CANSIM. Table 102-4516 - Live births and fetal deaths (stillbirths), by place of birth (hospital and non-hospital), Canada, provinces and territories, annual [database]. Ottawa: Statistics Canada, Government of Canada; 2013 (https://www80.statcan.gc.ca, accessed 17 October 2014).",2025-04-07T06:46:44Z,2009,2009-01-01,2009-12-31
3192041,MDG_0000000025,COUNTRY,USA,AMR,Americas,YEAR,2002,,,,,,,,,100,100,,," Martin JA, Hamilton BE, Sutton PD, Ventura SJ, Menacker F, Munson ML. Births: Final data for 2002. National Vital Statistics Reports; vol. 52, no. 10. Hyattsville, Maryland: National Center for Health Statistics; 2003.",2025-04-07T06:46:44Z,2002,2002-01-01,2002-12-31
3195325,MDG_0000000025,COUNTRY,NGA,AFR,Africa,YEAR,2011,,,,,,,,,47,47,,," Nigeria Multiple Indicator Cluster Survey 2011. Main Report. Abuja: National Bureau of Statistics (NBS) [Nigeria], United Nations Children's Fund (UNICEF), United Nations Population Fund (UNFPA); 2013.",2025-04-07T06:46:44Z,2011,2011-01-01,2011-12-31
3197036,MDG_0000000025,COUNTRY,CUB,AMR,Americas,YEAR,2012,,,,,,,,,100,100,,," Anuario Estadístico de Salud 2015. La Habana: Dirección de Registros Médicos y Estadísticas de Salud, Ministerio de Salud Pública de Cuba; 2016 (in Spanish).",2025-04-07T06:46:44Z,2012,2012-01-01,2012-12-31
3201471,MDG_0000000025,COUNTRY,TTO,AMR,Americas,YEAR,2002,,,,,,,,,99,99,,, Annual Statistical Report 2004-2005. Trinidad and Tobago: Ministry of Health; 2005.,2025-04-07T06:46:44Z,2002,2002-01-01,2002-12-31
3201963,MDG_0000000025,COUNTRY,FRA,EUR,Europe,YEAR,2017,,,,,,,,,98,98,,,T64: Ns vivants selon la condition de l'accouchement et le groupe d'ges de la mre. France mtropolitaine. Anne 2017 [website]. Paris: Institut National de la Statistique et des tudes conomiques (INSEE) [National Institute of Statistics and Economic Studies]; 2018 (https://www.insee.fr/fr/statistiques/3576469?sommaire=3576483; accessed 14 September 2018; in French).,2026-04-21T12:35:59Z,2017,2017-01-01,2017-12-31
3210364,MDG_0000000025,COUNTRY,IRQ,EMR,Eastern Mediterranean,YEAR,2006,,,,,,,,,89,89,,," Iraq Multiple Indicator Cluster Survey 2006, Final Report. Baghdad: Central Organization for Statistics and Information Technology, Kurdistan Regional Statistics Office, Minstry of Health [Iraq], United Nations Cildren's Fund (UNICEF); 2007.",2025-04-07T06:46:44Z,2006,2006-01-01,2006-12-31
3215016,MDG_0000000025,COUNTRY,TUN,EMR,Eastern Mediterranean,YEAR,2023,,,,,,,,,98,98,,,National Institute of Statistics (Tunisia); United Nations Children's Fund (UNICEF). Tunisia Multiple Indicator Cluster Survey 2023. New York: United Nations Children's Fund (UNICEF); 2023.,2026-04-21T12:35:59Z,2023,2023-01-01,2023-12-31
3215485,MDG_0000000025,COUNTRY,GRC,EUR,Europe,YEAR,2019,,,,,,,,,100,99.9,,,Hellenic Republic; Hellenic Statistical Authority; Directorate General of Statistics; Population and Migration Statistics Section.,2026-04-21T12:35:59Z,2019,2019-01-01,2019-12-31
3216345,MDG_0000000025,COUNTRY,UZB,EUR,Europe,YEAR,2004,,,,,,,,,100,100,,,"Skilled health personnel Transformative Monitoring for Enhanced Equity (TransMonEE) 2012 Database [online database]. Geneva: UNICEF Europe and Central Asia Regional Office; 2012 (www.transmonee.org, accessed 1 November 2012). ",2025-04-07T06:46:44Z,2004,2004-01-01,2004-12-31
3218520,MDG_0000000025,COUNTRY,SAU,EMR,Eastern Mediterranean,YEAR,2015,,,,,,,,,98,98,,,Skilled health personnel Sustainable Development Goals (SDGs) Indicators Report 2020. General Authority of Statistics. Saudi Arabia; 2020.,2025-04-07T06:46:44Z,2015,2015-01-01,2015-12-31
3219218,MDG_0000000025,COUNTRY,RUS,EUR,Europe,YEAR,2007,,,,,,,,,100,100,,,"Skilled health personnel Transformative Monitoring for Enhanced Equity (TransMonEE) 2012 Database [online database]. Geneva: UNICEF Europe and Central Asia Regional Office; 2012 (www.transmonee.org, accessed 1 November 2012). ",2025-04-07T06:46:44Z,2007,2007-01-01,2007-12-31
3221898,MDG_0000000025,COUNTRY,JPN,WPR,Western Pacific,YEAR,2018,,,,,,,,,100,99.9,,,Trends in live births by place of delivery: Japan; each prefecture and 21 major cities. 2018 Vital Statistics of Japan [website]. Tokyo: e-stat (Portal Site of Official Statistics of Japan); National Statistics Center [Japan]; 2019 (https://www.e-stat.go.jp/en/stat-search?page=2&query=2018%20vital%20statistics&layout=dataset&metadata=1&data=1; accessed 29 January 2020).,2026-04-21T12:35:59Z,2018,2018-01-01,2018-12-31
3227536,MDG_0000000025,COUNTRY,SGP,WPR,Western Pacific,YEAR,2004,,,,,,,,,100,100,,,"  Registry of Births and Deaths, Immigration and Checkpoints Authority Singapore",2025-04-07T06:46:44Z,2004,2004-01-01,2004-12-31
3227987,MDG_0000000025,COUNTRY,CIV,AFR,Africa,YEAR,2006,,,,,,,,,57,57,,," Institut National de la Statistique (INS) [Côte d’Ivoire], Fonds des Nations Unies pour l’Enfance (UNICEF). Enquête à indicateurs multiples, Côte d’Ivoire 2006, Rapport final. Abidjan, Côte d’Ivoire: Institut National de la Statistique; 2007 (in French).",2025-04-07T06:46:44Z,2006,2006-01-01,2006-12-31
3237960,MDG_0000000025,COUNTRY,BHR,EMR,Eastern Mediterranean,YEAR,2009,,,,,,,,,99,99,,,Trained health personnel Health Statistics of 2009. Bahrain: Ministry of Health; 2010.,2025-04-07T06:46:44Z,2009,2009-01-01,2009-12-31
3241423,MDG_0000000025,COUNTRY,LCA,AMR,Americas,YEAR,2000,,,,,,,,,100,100,,,"Trained personnel Health Situation in the Americas: Basic Indicators 2002. Washington, DC: Pan American Health Organization/World Health Organization (PAHO/WHO), Special Program for Health Analysis; 2002.",2025-04-07T06:46:44Z,2000,2000-01-01,2000-12-31
3241475,MDG_0000000025,COUNTRY,CHN,WPR,Western Pacific,YEAR,2006,,,,,,,,,98,98,,,Skilled attendant China Statistical Yearbook for Health and Family Planning 2013. Beijing: National Health and Family Planning Commission of China (NHFPC); 2013. ,2025-04-07T06:46:44Z,2006,2006-01-01,2006-12-31
3250840,MDG_0000000025,COUNTRY,PER,AMR,Americas,YEAR,2009,,,,,,,,,83,83,,," Instituto Nacional de Estadística e Informática (INEI) [Perú], ORC Macro. Perú Encuesta Demográfica y de Salud Familiar - ENDES 2009. Lima, Perú: Instituto Nacional de Estadística e Informática (INEI) [Perú], ORC Macro; 2010 (in Spanish).",2025-04-07T06:46:44Z,2009,2009-01-01,2009-12-31
3254031,MDG_0000000025,COUNTRY,ARE,EMR,Eastern Mediterranean,YEAR,2019,,,,,,,,,100,100,,,Ministry of Health and Prevention,2026-04-21T12:35:59Z,2019,2019-01-01,2019-12-31
3258816,MDG_0000000025,COUNTRY,MSR,AMR,Americas,YEAR,2006,,,,,,,,,100,100,,,"Trained personnel PLISA Health Information Platform. Indicator profile: Deliveries attended by skilled birth attendants (%) [online database]. Washington, DC: Pan American Health Organization/World Health Organization (PAHO/WHO); 2021 (https://opendata.paho.org/es/indicadores-basicos/tablero-de-los-indicadores-basicos, accessed 30 December 2021). ",2025-04-07T06:46:44Z,2006,2006-01-01,2006-12-31
3260318,MDG_0000000025,COUNTRY,ECU,AMR,Americas,YEAR,2000,,,,,,,,,71,71,,,"Doctors, obstetrician and nurse Estadísticas Vitales: Registro Estadístico de Nacidos Vivos y Defunciones 2020. Quito: Instituto Nacional de Estadística y Censos (INEC); 2021 (in Spanish). ",2025-04-07T06:46:44Z,2000,2000-01-01,2000-12-31
3261775,MDG_0000000025,COUNTRY,AUT,EUR,Europe,YEAR,2009,,,,,,,,,99,99,,, Jahrbuch der Gesundheitsstatistik 2012. Wien: Statistik Austria; 2013 (in German).,2025-04-07T06:46:44Z,2009,2009-01-01,2009-12-31
3266960,MDG_0000000025,COUNTRY,SGP,WPR,Western Pacific,YEAR,2003,,,,,,,,,100,100,,," Yearbook of Statistics Singapore 2007. Singapore: Department of Statistics, Ministry of Trade and Industry [Singapore]; 2007.",2025-04-07T06:46:44Z,2003,2003-01-01,2003-12-31
3281860,MDG_0000000025,COUNTRY,COL,AMR,Americas,YEAR,2008,,,,,,,,,98,98,,," DANE [online database]. Estadísticas Vitales - Nacimientos. 2008. Bogotá D.C.: Departamento Administrativo Nacional de Estadística (DANE); 2011 (http://www.dane.gov.co/daneweb_V09/index.php?option=com_content&view=article&id=786&Itemid=119, accessed 30 May 2011, in Spanish).  ",2025-04-07T06:46:44Z,2008,2008-01-01,2008-12-31
3284758,MDG_0000000025,COUNTRY,BRN,WPR,Western Pacific,YEAR,2013,,,,,,,,,100,100,,,Skilled health personnel Health Information Booklet 2017. Bandar Seri Begawan: Ministry of Health [Brunei Darussalam]; 2018.,2025-04-07T06:46:44Z,2013,2013-01-01,2013-12-31
3286167,MDG_0000000025,COUNTRY,VCT,AMR,Americas,YEAR,2009,,,,,,,,,99,99,,,"Trained personnel PLISA Health Information Platform. Indicator profile: Deliveries attended by skilled birth attendants (%) [online database]. Washington, DC: Pan American Health Organization/World Health Organization (PAHO/WHO); 2021 (https://opendata.paho.org/es/indicadores-basicos/tablero-de-los-indicadores-basicos, accessed 30 December 2021). ",2025-04-07T06:46:44Z,2009,2009-01-01,2009-12-31
3295624,MDG_0000000025,COUNTRY,CAN,AMR,Americas,YEAR,2005,,,,,,,,,99,99,,," CANSIM. Table 102-4516 - Live births and fetal deaths (stillbirths), by place of birth (hospital and non-hospital), Canada, provinces and territories, annual [database]. Ottawa: Statistics Canada, Government of Canada; 2013 (https://www80.statcan.gc.ca, accessed 17 October 2014).",2025-04-07T06:46:44Z,2005,2005-01-01,2005-12-31
3296918,MDG_0000000025,COUNTRY,GEO,EUR,Europe,YEAR,2008,,,,,,,,,100,100,,," Health Care, Statistical Yearbook 2011 Georgia. Tbilisi: Ministry of Labour, Health and Social Affairs of Georgia, National Centre for Disease Control and Public Health; 2012.",2025-04-07T06:46:44Z,2008,2008-01-01,2008-12-31
3299903,MDG_0000000025,COUNTRY,POL,EUR,Europe,YEAR,2000,,,,,,,,,99,99,,, Demographic Yearbook of Poland 2010 - Branch Yearbooks. Warsaw: Central Statistical Office [Poland]; 2010.,2025-04-07T06:46:44Z,2000,2000-01-01,2000-12-31
3300657,MDG_0000000025,COUNTRY,BLR,EUR,Europe,YEAR,2002,,,,,,,,,100,100,,,"Skilled health personnel Transformative Monitoring for Enhanced Equity (TransMonEE) 2012 Database [online database]. Geneva: UNICEF Europe and Central Asia Regional Office; 2012 (www.transmonee.org, accessed 1 November 2012). ",2025-04-07T06:46:44Z,2002,2002-01-01,2002-12-31
3306677,MDG_0000000025,COUNTRY,MRT,AFR,Africa,YEAR,2011,,,,,,,,,65,65,,," Mauritanie Enquête Par Grappes À Indicateurs Multiples MICS 2011. Rapport Final. Nouakchott: Office National De La Statistique [Mauritanie], Fonds des Nations unies pour l’enfance (UNICEF), Fonds des Nations Unies pour la Population (FNUAP/UNFPA); 2014 (in French). ",2025-04-07T06:46:44Z,2011,2011-01-01,2011-12-31
3307423,MDG_0000000025,COUNTRY,JAM,AMR,Americas,YEAR,2021,,,,,,,,,100,99.6,,,National Family Planning Board. 2021 Reproductive Health Survey Jamaica: Final Report. Kingston (Jamaica): Statistical Institute of Jamaica; 2023. Available from: https://jnfpb.org/wp-content/uploads/2024/01/NFPB-2021-RHS-Report-Dec-28-2023-final.pdf,2026-04-21T12:35:59Z,2021,2021-01-01,2021-12-31
3308746,MDG_0000000025,COUNTRY,MYS,WPR,Western Pacific,YEAR,2017,,,,,,,,,100,99.6,,,Health Indicators 2018: Indicators for Monitoring and Evaluation of Strategy Health for All. Putrajaya: Ministry of Health [Malaysia]; 2019.,2026-04-21T12:35:59Z,2017,2017-01-01,2017-12-31
3319855,MDG_0000000025,COUNTRY,PRK,SEAR,South-East Asia,YEAR,2004,,,,,,,,,97,97,,," DPRK 2004 Nutrition Assessment Report of Survey Results. DPR Korea: Central Bureau of Statistics (CBS), Institute of Child Nutrition, United Nations Children's Fund (UNICEF), WFP; 2005.",2025-04-07T06:46:44Z,2004,2004-01-01,2004-12-31
3327370,MDG_0000000025,COUNTRY,FRA,EUR,Europe,YEAR,2015,,,,,,,,,98,98,,," T64: Nés vivants selon la condition de l’accouchement et le groupe d'âges de la mère. Année 2015 [website]. Paris: Institut National de la Statistique et des Études Économiques (INSEE) [National Institute of Statistics and Economic Studies]; 2016 (http://www.insee.fr/en/insee-statistique-publique/default.asp, accessed 18 October 2016, in French).",2025-04-07T06:46:44Z,2015,2015-01-01,2015-12-31
3332952,MDG_0000000025,COUNTRY,BGR,EUR,Europe,YEAR,2004,,,,,,,,,97,97,,, National Statistical Institute of Bulgaria; 2023.,2025-04-07T06:46:44Z,2004,2004-01-01,2004-12-31
3341306,MDG_0000000025,COUNTRY,LVA,EUR,Europe,YEAR,2011,,,,,,,,,99,99,,," Statistical Yearbook of Health Care in Latvia 13th edition, 2011. Riga: The Centre for Disease Prevention and Control of Latvia; 2012.",2025-04-07T06:46:44Z,2011,2011-01-01,2011-12-31
3353152,MDG_0000000025,COUNTRY,GEO,EUR,Europe,YEAR,2003,,,,,,,,,97,97,,," Health Care, Statistical Yearbook 2011 Georgia. Tbilisi: Ministry of Labour, Health and Social Affairs of Georgia, National Centre for Disease Control and Public Health; 2012.",2025-04-07T06:46:44Z,2003,2003-01-01,2003-12-31
3361339,MDG_0000000025,COUNTRY,HUN,EUR,Europe,YEAR,2006,,,,,,,,,100,100,,,"Skilled health personnel Transformative Monitoring for Enhanced Equity (TransMonEE) 2012 Database [online database]. Geneva: UNICEF Europe and Central Asia Regional Office; 2012 (www.transmonee.org, accessed 1 November 2012). ",2025-04-07T06:46:44Z,2006,2006-01-01,2006-12-31
3362517,MDG_0000000025,COUNTRY,ISR,EUR,Europe,YEAR,2022,,,,,,,,,100,99.6,,,Israel Medical Birth Registry. Institutional Delivery. Israel Central Bureau of Statistics; 2023. Country Consultation 2024,2026-04-21T12:35:59Z,2022,2022-01-01,2022-12-31
3369023,MDG_0000000025,COUNTRY,SLV,AMR,Americas,YEAR,2015,,,,,,,,,100,100,,, Informe de Labores 2016-2017. San Salvador: Ministerio de Salud de El Salvador; 2017 (in Spanish).,2025-04-07T06:46:44Z,2015,2015-01-01,2015-12-31
3374626,MDG_0000000025,COUNTRY,USA,AMR,Americas,YEAR,2017,,,,,,,,,99,99.1,,,Martin JA; Hamilton BE; Osterman MJK; Driscoll AK; Drake P. Births: Final Data for 2017. National Vital Statistics Reports; vol 67; no 8. Hyattsville; MD: National Center for Health Statistics; 2018.,2026-04-21T12:35:59Z,2017,2017-01-01,2017-12-31
3378423,MDG_0000000025,COUNTRY,MDV,SEAR,South-East Asia,YEAR,2014,,,,,,,,,96,96,,, The Maldives Health Statistics 2014. Malé: Ministry of Health [Republic of Maldives]; 2017.,2025-04-07T06:46:44Z,2014,2014-01-01,2014-12-31
3388134,MDG_0000000025,COUNTRY,CHL,AMR,Americas,YEAR,2020,,,,,,,,,100,99.8,,,PLISA Health Information Platform. Indicator profile: Deliveries attended by skilled birth attendants (%) [online database]. Washington; DC: Pan American Health Organization/World Health Organization (PAHO/WHO); 2023 (https://opendata.paho.org/es/indicadores-basicos/tablero-de-los-indicadores-basicos; accessed 21 September 2023).,2026-04-21T12:35:59Z,2020,2020-01-01,2020-12-31
3390186,MDG_0000000025,COUNTRY,POL,EUR,Europe,YEAR,2012,,,,,,,,,100,100,,," Statistics Poland (GUS) [Website]. Warsaw: Statistics Poland (GUS); 2020 (https://sdg.gov.pl/en/statistics_glob/3-1-2/, accessed 28 February 2021).",2025-04-07T06:46:44Z,2012,2012-01-01,2012-12-31
3390264,MDG_0000000025,COUNTRY,BHS,AMR,Americas,YEAR,2009,,,,,,,,,99,99,,,"Trained personnel PLISA Health Information Platform. Indicator profile: Deliveries attended by skilled birth attendants (%) [online database]. Washington, DC: Pan American Health Organization/World Health Organization (PAHO/WHO); 2021 (https://opendata.paho.org/es/indicadores-basicos/tablero-de-los-indicadores-basicos, accessed 30 December 2021). ",2025-04-07T06:46:44Z,2009,2009-01-01,2009-12-31
3393562,MDG_0000000025,COUNTRY,RUS,EUR,Europe,YEAR,2008,,,,,,,,,100,100,,,"Skilled health personnel Transformative Monitoring for Enhanced Equity (TransMonEE) 2012 Database [online database]. Geneva: UNICEF Europe and Central Asia Regional Office; 2012 (www.transmonee.org, accessed 1 November 2012). ",2025-04-07T06:46:44Z,2008,2008-01-01,2008-12-31
3410217,MDG_0000000025,COUNTRY,MSR,AMR,Americas,YEAR,2010,,,,,,,,,100,100,,,"Trained personnel PLISA Health Information Platform. Indicator profile: Deliveries attended by skilled birth attendants (%) [online database]. Washington, DC: Pan American Health Organization/World Health Organization (PAHO/WHO); 2021 (https://opendata.paho.org/es/indicadores-basicos/tablero-de-los-indicadores-basicos, accessed 30 December 2021). ",2025-04-07T06:46:44Z,2010,2010-01-01,2010-12-31
3412395,MDG_0000000025,COUNTRY,LCA,AMR,Americas,YEAR,2014,,,,,,,,,99,99,,,"Trained personnel PLISA Health Information Platform. Indicator profile: Deliveries attended by skilled birth attendants (%) [online database]. Washington, DC: Pan American Health Organization/World Health Organization (PAHO/WHO); 2018 (http://www.paho.org/data/index.php/en/indicators/visualization.html, accessed 11 February 2020). ",2025-04-07T06:46:44Z,2014,2014-01-01,2014-12-31
3416078,MDG_0000000025,COUNTRY,ZWE,AFR,Africa,YEAR,2014,,,,,,,,,80,80,,," Zimbabwe National Statistics Agency (ZIMSTAT), United Nations Children's Fund (UNICEF), United Nations Population Fund (UNFPA), United Nations Development Programme (UNDP), USAID. Zimbabwe Multiple Indicator Cluster Survey 2014, Final Report. Harare, Zimbabwe: ZIMSTAT, UNICEF, UNFPA, UNDP, USAID; 2015.",2025-04-07T06:46:44Z,2014,2014-01-01,2014-12-31
3417249,MDG_0000000025,COUNTRY,KNA,AMR,Americas,YEAR,2014,,,,,,,,,100,100,,,"Trained personnel PLISA Health Information Platform. Indicator profile: Deliveries attended by skilled birth attendants (%) [online database]. Washington, DC: Pan American Health Organization/World Health Organization (PAHO/WHO); 2021 (https://opendata.paho.org/es/indicadores-basicos/tablero-de-los-indicadores-basicos, accessed 30 December 2021). ",2025-04-07T06:46:44Z,2014,2014-01-01,2014-12-31
3425158,MDG_0000000025,COUNTRY,COL,AMR,Americas,YEAR,2022,,,,,,,,,98,98,,,DANE. Estadsticas Vitales - Nacimientos 2022; partos atendidos por mdico o enfermero(a). Bogot D.C.: Departamento Administrativo Nacional de Estadstica (DANE); 2022.,2026-04-21T12:35:59Z,2022,2022-01-01,2022-12-31
3432000,MDG_0000000025,COUNTRY,MNE,EUR,Europe,YEAR,2000,,,,,,,,,99,99,,,"Skilled health personnel Transformative Monitoring for Enhanced Equity (TransMonEE) 2012 Database [online database]. Geneva: UNICEF Europe and Central Asia Regional Office; 2012 (www.transmonee.org, accessed 1 November 2012). ",2025-04-07T06:46:44Z,2000,2000-01-01,2000-12-31
3432540,MDG_0000000025,COUNTRY,MEX,AMR,Americas,YEAR,2004,,,,,,,,,90,90,,," SS. Dirección General de Información en Salud (DGIS) [Mexico]; 2020. (http://www.agenda2030.mx/ODSind.html?ind=ODS003000030020&cveind=27&cveCob=99&lang=es#/Indicator, last accessed 28 January 2021)",2025-04-07T06:46:44Z,2004,2004-01-01,2004-12-31
3435905,MDG_0000000025,COUNTRY,USA,AMR,Americas,YEAR,2006,,,,,,,,,99,99,,," Martin JA, Hamilton BE, Sutton PD, Ventura SJ, Menacker F, Kirmeyer S et al. Births: Final data for 2006. National Vital Statistics Reports; vol.57, no. 7. Hyattsville, MD: National Center for Health Statistics; 2009.",2025-04-07T06:46:44Z,2006,2006-01-01,2006-12-31
3437886,MDG_0000000025,COUNTRY,MEX,AMR,Americas,YEAR,2001,,,,,,,,,88,88,,," SS. Dirección General de Información en Salud (DGIS) [Mexico]; 2020. (http://www.agenda2030.mx/ODSind.html?ind=ODS003000030020&cveind=27&cveCob=99&lang=es#/Indicator, last accessed 28 January 2021)",2025-04-07T06:46:44Z,2001,2001-01-01,2001-12-31
3444429,MDG_0000000025,COUNTRY,CAN,AMR,Americas,YEAR,2019,,,,,,,,,98,98.1,,,Statistics Canada. Table 13-10-0429-01 Live births and fetal deaths (stillbirths); by place of birth (hospital or non-hospital). Canada; 2023. DOI: https://doi.org/10.25318/1310042901-eng,2026-04-21T12:35:59Z,2019,2019-01-01,2019-12-31
3444953,MDG_0000000025,GLOBAL,GLOBAL,,,YEAR,2005,,,,,,,,,64,64,,,,2024-04-26T13:59:03Z,2005,2005-01-01,2005-12-31
3445362,MDG_0000000025,COUNTRY,SVK,EUR,Europe,YEAR,2010,,,,,,,,,99,99,,,"Skilled health personnel Transformative Monitoring for Enhanced Equity (TransMonEE) 2012 Database [online database]. Geneva: UNICEF Europe and Central Asia Regional Office; 2012 (www.transmonee.org, accessed 1 November 2012). ",2025-04-07T06:46:44Z,2010,2010-01-01,2010-12-31
3445934,MDG_0000000025,COUNTRY,MKD,EUR,Europe,YEAR,2018,,,,,,,,,100,99.9,,,Statistical Yearbook of the Republic of Macedonia 2019. Skopje: State Statistical Office [Macedonia]; 2019.,2026-04-21T12:35:59Z,2018,2018-01-01,2018-12-31
3448488,MDG_0000000025,COUNTRY,RUS,EUR,Europe,YEAR,2002,,,,,,,,,99,99,,,"Skilled health personnel Transformative Monitoring for Enhanced Equity (TransMonEE) 2012 Database [online database]. Geneva: UNICEF Europe and Central Asia Regional Office; 2012 (www.transmonee.org, accessed 1 November 2012). ",2025-04-07T06:46:44Z,2002,2002-01-01,2002-12-31
3449889,MDG_0000000025,REGION,EMR,,,YEAR,2016,,,,,,,,,75,74.7,,,Estimate based on Joint UNICEF-WHO Database on Skilled Birth Attendance 2025,2026-04-21T12:35:59Z,2016,2016-01-01,2016-12-31
3453547,MDG_0000000025,COUNTRY,PRY,AMR,Americas,YEAR,2007,,,,,,,,,91,91,,,"Trained personnel PLISA Health Information Platform. Indicator profile: Deliveries attended by skilled birth attendants (%) [online database]. Washington, DC: Pan American Health Organization/World Health Organization (PAHO/WHO); 2021 (https://opendata.paho.org/es/indicadores-basicos/tablero-de-los-indicadores-basicos, accessed 30 December 2021). ",2025-04-07T06:46:44Z,2007,2007-01-01,2007-12-31
3463141,MDG_0000000025,COUNTRY,POL,EUR,Europe,YEAR,2007,,,,,,,,,99,99,,, Demographic Yearbook of Poland 2009 - Branch Yearbooks. Warsaw: Central Statistical Office [Poland]; 2009.,2025-04-07T06:46:44Z,2007,2007-01-01,2007-12-31
3463261,MDG_0000000025,REGION,SEAR,,,YEAR,2002,,,,,,,,,46,46,,,,2025-04-07T06:46:44Z,2002,2002-01-01,2002-12-31
3468812,MDG_0000000025,COUNTRY,GRC,EUR,Europe,YEAR,2005,,,,,,,,,100,100,,,"Skilled persons Hellenic Republic, Hellenic Statistical Authority, General Directorate of Statistical Surveys, Vital and Migration Statistics Section, Statistical Output, provided during SDG Country Consultation",2025-04-07T06:46:44Z,2005,2005-01-01,2005-12-31
3469484,MDG_0000000025,COUNTRY,PAN,AMR,Americas,YEAR,2018,,,,,,,,,93,92.9,,,Estadsticas Vitales - Volumen II - Nacimientos Vivos y Defunciones Fetales: Ao 2018 [electronic publication]. Panam: Instituto Nacional de Estadstica y Censo (INEC) [Panama]; 2019 (http://www.contraloria.gob.pa/inec/Publicaciones/subcategoria.aspx?ID_CATEGORIA=3&ID_SUBCATEGORIA=6&ID_IDIOMA=1; accessed 24 January 2019; in Spanish).,2026-04-21T12:35:59Z,2018,2018-01-01,2018-12-31
3472542,MDG_0000000025,REGION,AMR,,,YEAR,2005,,,,,,,,,92,92,,,,2024-04-26T13:59:03Z,2005,2005-01-01,2005-12-31
3489118,MDG_0000000025,REGION,EMR,,,YEAR,2005,,,,,,,,,52,52,,,,2024-04-26T13:59:03Z,2005,2005-01-01,2005-12-31
3491702,MDG_0000000025,REGION,WPR,,,YEAR,2006,,,,,,,,,92,92,,,,2024-04-26T13:59:03Z,2006,2006-01-01,2006-12-31
3497200,MDG_0000000025,COUNTRY,CIV,AFR,Africa,YEAR,2005,,,,,,,,,55,55,,," Institut National de la Statistique (INS) et Ministère de la Lutte contre le Sida [Côte d’Ivoire], ORC Macro. Enquête sur les Indicateurs du Sida, Côte d’Ivoire 2005. Calverton, Maryland, USA: INS, ORC Macro; 2006 (in French).",2025-04-07T06:46:44Z,2005,2005-01-01,2005-12-31
3503427,MDG_0000000025,COUNTRY,CZE,EUR,Europe,YEAR,2009,,,,,,,,,100,100,,, Rodi?ka a novorozenec 2009 [Mother and Newborn 2009]. Prague: Ústav zdravotnických informací a statistiky ?R [Institute of Health Information and Statistics of the Czech Republic]; 2009 (in Czech).,2025-04-07T06:46:44Z,2009,2009-01-01,2009-12-31
3509711,MDG_0000000025,COUNTRY,BGR,EUR,Europe,YEAR,2014,,,,,,,,,95,95,,, National Statistical Institute of Bulgaria; 2023.,2025-04-07T06:46:44Z,2014,2014-01-01,2014-12-31
3510386,MDG_0000000025,COUNTRY,IRN,EMR,Eastern Mediterranean,YEAR,2010,,,,,,,,,96,96,,," Rashidian A, Khosravi A, Khabiri R, Khodayari-Moez E, Elahi E, Arab M, Radaie Z. Islamic Republic of Iran’s Multiple Indicator Demographic and Health Survey (IrMIDHS) 2010. Tehran: Ministry of Health and Medical Education; 2012 (in Persian).",2025-04-07T06:46:44Z,2010,2010-01-01,2010-12-31
3513969,MDG_0000000025,COUNTRY,GIN,AFR,Africa,YEAR,2003,,,,,,,,,49,49,,, UNICEF. Multiple Indicator Cluster Survey Guinea 2003. Reanalyzed by UNICEF HQ; June 2005.,2025-04-07T06:46:44Z,2003,2003-01-01,2003-12-31
3542757,MDG_0000000025,REGION,EUR,,,YEAR,2004,,,,,,,,,97,97,,,,2025-04-07T06:46:44Z,2004,2004-01-01,2004-12-31
3551063,MDG_0000000025,COUNTRY,LCA,AMR,Americas,YEAR,2015,,,,,,,,,99,99,,," Health Situation in the Americas: Core Indicators 2016. Washington, DC: Pan American Health Organization/World Health Organization (PAHO/WHO), Communicable Diseases and Health Analysis/Health Information and Analysis; 2016.",2025-04-07T06:46:44Z,2015,2015-01-01,2015-12-31
3553625,MDG_0000000025,COUNTRY,KAZ,EUR,Europe,YEAR,2015,,,,,,,,,99,99,,," The Statistics Committee of the Ministry of National Economy of the Republic of Kazakhstan (Statistics Committee of the MNE RK), the United Nations Children’s Fund (UNICEF), the United Nations Population Fund (UNFPA). 2015 Kazakhstan Multiple Indicator Cluster Survey, Final Report. Astana, Kazakhstan: The Statistics Committee
of the MNE RK, UNICEF, UNFPA; 2016.",2025-04-07T06:46:44Z,2015,2015-01-01,2015-12-31
3556085,MDG_0000000025,COUNTRY,VCT,AMR,Americas,YEAR,2010,,,,,,,,,98,98,,,"Trained personnel PLISA Health Information Platform. Indicator profile: Deliveries attended by skilled birth attendants (%) [online database]. Washington, DC: Pan American Health Organization/World Health Organization (PAHO/WHO); 2021 (https://opendata.paho.org/es/indicadores-basicos/tablero-de-los-indicadores-basicos, accessed 30 December 2021). ",2025-04-07T06:46:44Z,2010,2010-01-01,2010-12-31
3569447,MDG_0000000025,COUNTRY,TJK,EUR,Europe,YEAR,2007,,,,,,,,,88,88,,," Tajikistan Living Standards Measurement Survey 2007. Dushanbe: State Committee on Statistics Republic of Tajikistan, United Nations Children's Fund (UNICEF); 2009.",2025-04-07T06:46:44Z,2007,2007-01-01,2007-12-31
3574745,MDG_0000000025,COUNTRY,DEU,EUR,Europe,YEAR,2001,,,,,,,,,99,99,,, Qualitätsbericht 2012. Außerklinische Geburtshilfe in Deutschland. Storkow: Gesellschaft für Qualität in der außerklinischen Geburtshilfe e.V. (QUAG e.V.); 2014 (in German).,2025-04-07T06:46:44Z,2001,2001-01-01,2001-12-31
3579210,MDG_0000000025,COUNTRY,TJK,EUR,Europe,YEAR,2008,,,,,,,,,85,85,,,"Skilled health personnel Transformative Monitoring for Enhanced Equity (TransMonEE) 2012 Database [online database]. Geneva: UNICEF Europe and Central Asia Regional Office; 2012 (www.transmonee.org, accessed 1 November 2012). ",2025-04-07T06:46:44Z,2008,2008-01-01,2008-12-31
3581320,MDG_0000000025,COUNTRY,BGD,SEAR,South-East Asia,YEAR,2001,,,,,,,,,12,12,,,"Doctor, nurse, midwife, family welfare visitor Bangladesh Maternal Health Services and Maternal Mortality Survey 2001. Dhaka: National Institute of Population Research and Training - NIPORT [Bangladesh], ORC Macro, Johns Hopkins University, Centre for Health and Population Research - icddr,b [Bangladesh]; 2003.",2025-04-07T06:46:44Z,2001,2001-01-01,2001-12-31
3589306,MDG_0000000025,COUNTRY,ROU,EUR,Europe,YEAR,2016,,,,,,,,,95,95,,,National Institute of Statistics; Vital Statistics regarding live births [Romania]; 2021,2026-04-21T12:35:59Z,2016,2016-01-01,2016-12-31
3591843,MDG_0000000025,COUNTRY,MSR,AMR,Americas,YEAR,2012,,,,,,,,,100,100,,,"Trained personnel PLISA Health Information Platform. Indicator profile: Deliveries attended by skilled birth attendants (%) [online database]. Washington, DC: Pan American Health Organization/World Health Organization (PAHO/WHO); 2021 (https://opendata.paho.org/es/indicadores-basicos/tablero-de-los-indicadores-basicos, accessed 30 December 2021). ",2025-04-07T06:46:44Z,2012,2012-01-01,2012-12-31
3601460,MDG_0000000025,COUNTRY,NOR,EUR,Europe,YEAR,2003,,,,,,,,,99,99,,," Dataset: F11: Fødested. 2003. [online database]. Oslo: Folkehelseinstituttet, Medisinsk fødselsregister [Norwegian Institute of Public Health (NIPH), Medical Birth Registry]; 2004 (http://statistikkbank.fhi.no/mfr, accessed 10 October 2011, in Norwegian). ",2025-04-07T06:46:44Z,2003,2003-01-01,2003-12-31
3602164,MDG_0000000025,COUNTRY,DNK,EUR,Europe,YEAR,2003,,,,,,,,,99,99,,," Sundhedsstyrelsen [National Board of Health, Denmark]. Nye tal fra Sundhedsstyrelsen - Fødselsregisteret 2004, 2005:4 [New figures from the National Board of Health, Denmark - Birth Registry 2004, 2005:4]. Copenhagen: Sundhedsstyrelsen; 2005 (in Danish).",2025-04-07T06:46:44Z,2003,2003-01-01,2003-12-31
3602946,MDG_0000000025,COUNTRY,FRA,EUR,Europe,YEAR,2011,,,,,,,,,96,96,,," Tableau 64: Conditions d'accouchement selon le groupe d'âges de la mère. Année 2011 [website]. Paris: Institut National de la Statistique et des Études Économiques (INSEE) [National Institute of Statistics and Economic Studies]; 2012 (http://www.insee.fr/en/insee-statistique-publique/default.asp, accessed 18 October 2013, in French).",2025-04-07T06:46:44Z,2011,2011-01-01,2011-12-31
3608033,MDG_0000000025,COUNTRY,CHL,AMR,Americas,YEAR,2014,,,,,,,,,100,100,,, Estadísticas Vitales - Anuario 2014. Santiago: Instituto Nacional de Estadísticas [Chile]; 2016 (in Spanish).,2025-04-07T06:46:44Z,2014,2014-01-01,2014-12-31
3611182,MDG_0000000025,COUNTRY,ISL,EUR,Europe,YEAR,2019,,,,,,,,,98,98.3,,,Births: Home deliveries as percentage of all deliveries in Iceland 1980-2020 [website]. Reykjavk: Directorate of Health [Iceland]; 2021 (https://www.landlaeknir.is/tolfraedi-og-rannsoknir/tolfraedi/allt-talnaefni/); accessed 28 September 2021.,2026-04-21T12:35:59Z,2019,2019-01-01,2019-12-31
3615730,MDG_0000000025,COUNTRY,BHR,EMR,Eastern Mediterranean,YEAR,2001,,,,,,,,,98,98,,, Health Statistics of 2001. Bahrain: Ministry of Health; 2002.,2025-04-07T06:46:44Z,2001,2001-01-01,2001-12-31
3625009,MDG_0000000025,COUNTRY,BGD,SEAR,South-East Asia,YEAR,2019,,,,,,,,,59,59,,,Progotir Pathey; Bangladesh Multiple Indicator Cluster Survey 2019; Survey Findings Report. Dhaka:Bangladesh Bureau of Statistics (BBS); UNICEF Bangladesh; 2019.,2026-04-21T12:35:59Z,2019,2019-01-01,2019-12-31
3626962,MDG_0000000025,COUNTRY,KAZ,EUR,Europe,YEAR,2012,,,,,,,,,100,100,,,"Skilled health personnel Transformative Monitoring for Enhanced Equity (TransMonEE) 2016 Database [online database]. Geneva: UNICEF Europe and Central Asia Regional Office; 2016 (www.transmonee.org, accessed 17 October 2016). ",2025-04-07T06:46:44Z,2012,2012-01-01,2012-12-31
3628608,MDG_0000000025,COUNTRY,GEO,EUR,Europe,YEAR,2014,,,,,,,,,100,100,,," Health Care, Statistical Yearbook 2014 Georgia. Tbilisi: Ministry of Labour, Health and Social Affairs of Georgia, National Centre for Disease Control and Public Health; 2015.",2025-04-07T06:46:44Z,2014,2014-01-01,2014-12-31
3634133,MDG_0000000025,COUNTRY,MLT,EUR,Europe,YEAR,2003,,,,,,,,,100,100,,, National Obstetric Information System (NOIS). Annual Report – 2003. Malta: Department of Health Information (DHI); 2004.,2025-04-07T06:46:44Z,2003,2003-01-01,2003-12-31
3637115,MDG_0000000025,COUNTRY,ATG,AMR,Americas,YEAR,2009,,,,,,,,,100,100,,,"Trained personnel Health Situation in the Americas: Basic Indicators 2010. Washington, DC: Pan American Health Organization/World Health Organization (PAHO/WHO), Health Information and Analysis Project (HSD/HA); 2010.",2025-04-07T06:46:44Z,2009,2009-01-01,2009-12-31
3637547,MDG_0000000025,REGION,EMR,,,YEAR,2013,,,,,,,,,68,68,,,,2024-04-26T13:59:03Z,2013,2013-01-01,2013-12-31
3637599,MDG_0000000025,COUNTRY,PSE,EMR,Eastern Mediterranean,YEAR,2000,,,,,,,,,97,97,,, Health Survey- 2000: Main Findings. Ramallah: Palestinian Central Bureau of Statistics; 2000.,2025-04-07T06:46:44Z,2000,2000-01-01,2000-12-31
3640585,MDG_0000000025,COUNTRY,EST,EUR,Europe,YEAR,2000,,,,,,,,,100,100,,," Estonian Medical Birth Registry (EMBR). Skilled birth attendant, 1992-2019. Tallinn: National Institute for Health Development [Estonia]; 2020 (http://www.tai.ee/en/r-and-d/registers/estonian-medical-birth-registry-and-estonian-abortion-registry/statistics, accessed 15 October 2013).",2025-04-07T06:46:44Z,2000,2000-01-01,2000-12-31
3641527,MDG_0000000025,COUNTRY,TKM,EUR,Europe,YEAR,2002,,,,,,,,,97,97,,,"Skilled health personnel Transformative Monitoring for Enhanced Equity (TransMonEE) 2012 Database [online database]. Geneva: UNICEF Europe and Central Asia Regional Office; 2012 (www.transmonee.org, accessed 1 November 2012). ",2025-04-07T06:46:44Z,2002,2002-01-01,2002-12-31
3643769,MDG_0000000025,COUNTRY,BHR,EMR,Eastern Mediterranean,YEAR,2011,,,,,,,,,100,100,,,Skilled health personnel Health Statistics of 2011. Bahrain: Ministry of Health; 2012.,2025-04-07T06:46:44Z,2011,2011-01-01,2011-12-31
3644267,MDG_0000000025,COUNTRY,SUR,AMR,Americas,YEAR,2009,,,,,,,,,90,90,,,"Trained personnel PLISA Health Information Platform. Indicator profile: Deliveries attended by skilled birth attendants (%) [online database]. Washington, DC: Pan American Health Organization/World Health Organization (PAHO/WHO); 2018 (http://www.paho.org/data/index.php/en/indicators/visualization.html, accessed 11 February 2020). ",2025-04-07T06:46:44Z,2009,2009-01-01,2009-12-31
3647358,MDG_0000000025,COUNTRY,ESP,EUR,Europe,YEAR,2019,,,,,,,,,100,99.9,,,INEbase. Goals and targets from the 2030 Agenda for Sustainabale Development. Indicator 3.1.2 [online database]. Madrid: Insittuto Nacional de Estadstica (INE) [Spain]; 2021 (https://www.ine.es/dynt3/ODS/en/objetivo.htm?id=4846) accessed September 29 2021).,2026-04-21T12:35:59Z,2019,2019-01-01,2019-12-31
3654384,MDG_0000000025,COUNTRY,BHS,AMR,Americas,YEAR,2015,,,,,,,,,98,98,,,"Trained personnel PLISA Health Information Platform. Indicator profile: Deliveries attended by skilled birth attendants (%) [online database]. Washington, DC: Pan American Health Organization/World Health Organization (PAHO/WHO); 2021 (https://opendata.paho.org/es/indicadores-basicos/tablero-de-los-indicadores-basicos, accessed 30 December 2021). ",2025-04-07T06:46:44Z,2015,2015-01-01,2015-12-31
3661242,MDG_0000000025,REGION,AFR,,,YEAR,2015,,,,,,,,,59,59,,,,2024-04-26T13:59:03Z,2015,2015-01-01,2015-12-31
3676046,MDG_0000000025,COUNTRY,NER,AFR,Africa,YEAR,2012,,,,,,,,,29,29,,," Institut National de la Statistique (INS) [Niger], ICF International. Enquête Démographique et de Santé et à Indicateurs Multiples du Niger 2012. Calverton, Maryland, USA: INS [Niger], ICF International; 2013 (in French).",2025-04-07T06:46:44Z,2012,2012-01-01,2012-12-31
3678462,MDG_0000000025,COUNTRY,ARM,EUR,Europe,YEAR,2001,,,,,,,,,98,98,,,"Skilled health personnel Transformative Monitoring for Enhanced Equity (TransMonEE) 2012 Database [online database]. Geneva: UNICEF Europe and Central Asia Regional Office; 2012 (www.transmonee.org, accessed 1 November 2012). ",2025-04-07T06:46:44Z,2001,2001-01-01,2001-12-31
3690899,MDG_0000000025,COUNTRY,SUR,AMR,Americas,YEAR,2006,,,,,,,,,87,87,,," General Bureau of Statistics, Ministry of Planning and Development Cooperation and Ministry of Social Affairs and Housing, United Nations Children's Fund (UNICEF). Suriname Multiple Indicator Cluster Survey 2006, Final Report. Paramaribo: General Bureau of Statistics, Ministry of Planning and Development Cooperation and Ministry of Social Affairs and Housing, UNICEF; 2009.",2025-04-07T06:46:44Z,2006,2006-01-01,2006-12-31
3697593,MDG_0000000025,COUNTRY,GHA,AFR,Africa,YEAR,2008,,,,,,,,,55,55,,," Ghana Statistical Service (GSS), Ghana Health Service (GHS), ICF Macro. Ghana Demographic and Health Survey 2008. Accra, Ghana: GSS, GHS, ICF Macro; 2009.",2025-04-07T06:46:44Z,2008,2008-01-01,2008-12-31
3703359,MDG_0000000025,COUNTRY,BRA,AMR,Americas,YEAR,2002,,,,,,,,,99,99,,," DATASUS [online database]. Brazil: MS/SVS/DASIS - Sistema de Informações sobre Nacidos Vivos – SINASC. Nascim p/resid.mãe por ocorrência segundo Região. Período: 2002; 2011 (http://tabnet.datasus.gov.br/cgi/deftohtm.exe?sinasc/cnv/nvuf.def, accessed 27 July 2011, in Portuguese).",2025-04-07T06:46:44Z,2002,2002-01-01,2002-12-31
3704281,MDG_0000000025,COUNTRY,BWA,AFR,Africa,YEAR,2011,,,,,,,,,100,100,,, Botswana Maternal Mortality Ratio (MMR) 2008 – 2012. Stats Brief. No. 2014/2. Gaborone: Statistics Botswana (CSO); 2014.,2025-04-07T06:46:44Z,2011,2011-01-01,2011-12-31
3709338,MDG_0000000025,COUNTRY,TJK,EUR,Europe,YEAR,2000,,,,,,,,,71,71,,," Ministry of Health, United Nations Children's Fund (UNICEF). Tajikistan Multiple Indicator Cluster Survey (MICS) 2000. Tajikistan: Ministry of Health, UNICEF; 2001.",2025-04-07T06:46:44Z,2000,2000-01-01,2000-12-31
3710614,MDG_0000000025,REGION,EUR,,,YEAR,2001,,,,,,,,,97,97,,,,2024-04-26T13:59:03Z,2001,2001-01-01,2001-12-31
3718602,MDG_0000000025,COUNTRY,TJK,EUR,Europe,YEAR,2011,,,,,,,,,89,89,,,"Skilled health personnel Transformative Monitoring for Enhanced Equity (TransMonEE) 2016 Database [online database]. Geneva: UNICEF Europe and Central Asia Regional Office; 2016 (www.transmonee.org, accessed 17 October 2016). ",2025-04-07T06:46:44Z,2011,2011-01-01,2011-12-31
3718623,MDG_0000000025,COUNTRY,CHL,AMR,Americas,YEAR,2015,,,,,,,,,100,100,,, Estadísticas Vitales - Anuario 2015. Santiago: Instituto Nacional de Estadísticas [Chile]; 2017 (in Spanish).,2025-04-07T06:46:44Z,2015,2015-01-01,2015-12-31
3719270,MDG_0000000025,COUNTRY,ECU,AMR,Americas,YEAR,2018,,,,,,,,,96,96,,,Registro Estadstico de Nacidos Vivos; Instituto Nacional de Estadstica y Censos,2026-04-21T12:35:59Z,2018,2018-01-01,2018-12-31
3726790,MDG_0000000025,COUNTRY,AZE,EUR,Europe,YEAR,2011,,,,,,,,,97,97,,,"Doctor, nurse, midwife and feldsher (0.3%) Public Health and Reforms Centre (PHRC) [Azerbaijan]. Demographic and Health Survey, Azerbaijan, 2011. Baku: Ministry of Health (MoH) [Azerbaijan]; 2013.",2025-04-07T06:46:44Z,2011,2011-01-01,2011-12-31
3728658,MDG_0000000025,COUNTRY,BWA,AFR,Africa,YEAR,2010,,,,,,,,,99,99,,,"Skilled health personnel Stats Brief. Vision 2016 and Millennium Development Goals Indicators Report, 2012. No. 2012/3. Gaborone: Statistics Botswana (CSO); 2012.",2025-04-07T06:46:44Z,2010,2010-01-01,2010-12-31
3734509,MDG_0000000025,COUNTRY,ROU,EUR,Europe,YEAR,2010,,,,,,,,,100,100,,,"Skilled health personnel Transformative Monitoring for Enhanced Equity (TransMonEE) 2016 Database [online database]. Geneva: UNICEF Europe and Central Asia Regional Office; 2016 (www.transmonee.org, accessed 17 October 2016). ",2025-04-07T06:46:44Z,2010,2010-01-01,2010-12-31
3736521,MDG_0000000025,COUNTRY,BLZ,AMR,Americas,YEAR,2007,,,,,,,,,91,91,,,"Trained personnel PLISA Health Information Platform. Indicator profile: Deliveries attended by skilled birth attendants (%) [online database]. Washington, DC: Pan American Health Organization/World Health Organization (PAHO/WHO); 2021 (https://opendata.paho.org/es/indicadores-basicos/tablero-de-los-indicadores-basicos, accessed 30 December 2021). ",2025-04-07T06:46:44Z,2007,2007-01-01,2007-12-31
3748711,MDG_0000000025,COUNTRY,GRD,AMR,Americas,YEAR,2000,,,,,,,,,100,100,,,"Trained personnel Health Situation in the Americas: Basic Indicators 2002. Washington, DC: Pan American Health Organization/World Health Organization (PAHO/WHO), Special Program for Health Analysis; 2002.",2025-04-07T06:46:44Z,2000,2000-01-01,2000-12-31
3754489,MDG_0000000025,COUNTRY,FRA,EUR,Europe,YEAR,2001,,,,,,,,,100,100,,," Doisneau, L. Une femme accouche en moyenne à 14 kilomètres de son domicile. In: INSEE Première. Paris: Institut National de la Statistique et des Études Économiques (INSEE) [National Institute of Statistics and Economic Studies]; 2003: No 903 - Juin 2003 (in French).",2025-04-07T06:46:44Z,2001,2001-01-01,2001-12-31
3754976,MDG_0000000025,COUNTRY,BLZ,AMR,Americas,YEAR,2002,,,,,,,,,97,97,,,"Trained personnel PLISA Health Information Platform. Indicator profile: Deliveries attended by skilled birth attendants (%) [online database]. Washington, DC: Pan American Health Organization/World Health Organization (PAHO/WHO); 2021 (https://opendata.paho.org/es/indicadores-basicos/tablero-de-los-indicadores-basicos, accessed 30 December 2021). ",2025-04-07T06:46:44Z,2002,2002-01-01,2002-12-31
3768842,MDG_0000000025,COUNTRY,SAU,EMR,Eastern Mediterranean,YEAR,2006,,,,,,,,,96,96,,,"Skilled health personnel Kingdom of Saudi Arabia. Millennium Development Goals 1431 H, 2010 G. Riyadh: Ministry of Economy and Planning [Saudi Arabia], UN-DESA, United Nations Development Programme (UNDP); 2010.",2025-04-07T06:46:44Z,2006,2006-01-01,2006-12-31
3784487,MDG_0000000025,COUNTRY,SVK,EUR,Europe,YEAR,2015,,,,,,,,,97,97,,, National Health Information Centre of the Slovak Republic [Slovakia]; Provided during SDG country consultation 2021. ,2025-04-07T06:46:44Z,2015,2015-01-01,2015-12-31
3787370,MDG_0000000025,REGION,AMR,,,YEAR,2020,,,,,,,,,96,96.1,,,Estimate based on Joint UNICEF-WHO Database on Skilled Birth Attendance 2025,2026-04-21T12:35:59Z,2020,2020-01-01,2020-12-31
3797534,MDG_0000000025,COUNTRY,WSM,WPR,Western Pacific,YEAR,2000,,,,,,,,,80,80,,,"Doctor, nurse, and midwife (i.e. all attendants except “traditional birth attendants”) Secretariat of the Pacific Community (SPC), United Nations Development Programme (UNDP), the UN/CROP MDG Working Group. Pacific Islands Regional Millennium Development Goals Report 2004. Noumea: Secretariat of the Pacific Community (SPC); 2004.",2025-04-07T06:46:44Z,2000,2000-01-01,2000-12-31
3799959,MDG_0000000025,COUNTRY,BOL,AMR,Americas,YEAR,2001,,,,,,,,,56,56,,, Registros administrativos del Sistema Nacional de Salud y Vigilancia Epidemiológica del Ministerio de Salud y Deportes - 2022,2025-04-07T06:46:44Z,2001,2001-01-01,2001-12-31
3802056,MDG_0000000025,COUNTRY,KGZ,EUR,Europe,YEAR,2002,,,,,,,,,99,99,,,"Skilled health personnel Transformative Monitoring for Enhanced Equity (TransMonEE) 2012 Database [online database]. Geneva: UNICEF Europe and Central Asia Regional Office; 2012 (www.transmonee.org, accessed 1 November 2012). ",2025-04-07T06:46:44Z,2002,2002-01-01,2002-12-31
3806334,MDG_0000000025,COUNTRY,AZE,EUR,Europe,YEAR,2003,,,,,,,,,96,96,,,Skilled health personnel Statistical Yearbook of Azerbaijan 2013. Baku: State Statistical Committee of the Republic of Azerbaijan; 2013.,2025-04-07T06:46:44Z,2003,2003-01-01,2003-12-31
3809884,MDG_0000000025,REGION,EMR,,,YEAR,2012,,,,,,,,,66,66,,,,2024-04-26T13:59:03Z,2012,2012-01-01,2012-12-31
3811250,MDG_0000000025,COUNTRY,GEO,EUR,Europe,YEAR,2021,,,,,,,,,100,99.8,,,Health Care: Statistical Yearbook 2021 Georgia. Tbilisi: Ministry of Labour; Health and Social Affairs of Georgia; National Centre for Disease Control and Public Health; 2022.,2026-04-21T12:35:59Z,2021,2021-01-01,2021-12-31
3814207,MDG_0000000025,COUNTRY,MLT,EUR,Europe,YEAR,2011,,,,,,,,,100,100,,, National Obstetric Information System (NOIS). Annual Report – 2011. Malta: Department of Health Information and Research (DHIR); 2012.,2025-04-07T06:46:44Z,2011,2011-01-01,2011-12-31
3816198,MDG_0000000025,COUNTRY,BLZ,AMR,Americas,YEAR,2020,,,,,,,,,95,94.6,,,PLISA Health Information Platform. Indicator profile: Deliveries attended by skilled birth attendants (%) [online database]. Washington; DC: Pan American Health Organization/World Health Organization (PAHO/WHO); 2021 (https://opendata.paho.org/es/indicadores-basicos/tablero-de-los-indicadores-basicos; accessed 30 December 2021).,2026-04-21T12:35:59Z,2020,2020-01-01,2020-12-31
3822095,MDG_0000000025,COUNTRY,CHL,AMR,Americas,YEAR,2013,,,,,,,,,100,100,,, Estadísticas Vitales - Anuario 2013. Santiago: Instituto Nacional de Estadísticas [Chile]; 2015 (in Spanish).,2025-04-07T06:46:44Z,2013,2013-01-01,2013-12-31
3854502,MDG_0000000025,COUNTRY,USA,AMR,Americas,YEAR,2009,,,,,,,,,99,99,,," Martin JA, Hamilton BE, Ventura SJ, Osterman MJK, Kirmeyer S, Mathews TJ et al. Births: Final Data for 2009. National Vital Statistics Reports; vol. 60, no.1. Hyattsville, MD: National Center for Health Statistics; 2011.",2025-04-07T06:46:44Z,2009,2009-01-01,2009-12-31
3856168,MDG_0000000025,COUNTRY,HRV,EUR,Europe,YEAR,2007,,,,,,,,,100,100,,, Statistical Yearbook of the Republic of Croatia 2011. Zagreb: Croatian Bureau of Statistics; 2011.  ,2025-04-07T06:46:44Z,2007,2007-01-01,2007-12-31
3882830,MDG_0000000025,COUNTRY,MLT,EUR,Europe,YEAR,2021,,,,,,,,,100,99.8,,,National Obstetric Information System; Directorate for Health Information and Research [Malta] 2021; 2022,2026-04-21T12:35:59Z,2021,2021-01-01,2021-12-31
3884807,MDG_0000000025,COUNTRY,LCA,AMR,Americas,YEAR,2021,,,,,,,,,100,100,,,PLISA Health Information Platform. Indicator profile: Deliveries attended by skilled birth attendants (%) [online database]. Washington; DC: Pan American Health Organization/World Health Organization (PAHO/WHO); 2023 (https://opendata.paho.org/es/indicadores-basicos/tablero-de-los-indicadores-basicos; accessed 21 September 2023).,2026-04-21T12:35:59Z,2021,2021-01-01,2021-12-31
3888073,MDG_0000000025,COUNTRY,VCT,AMR,Americas,YEAR,2001,,,,,,,,,100,100,,,"Trained personnel PLISA Health Information Platform. Indicator profile: Deliveries attended by skilled birth attendants (%) [online database]. Washington, DC: Pan American Health Organization/World Health Organization (PAHO/WHO); 2021 (https://opendata.paho.org/es/indicadores-basicos/tablero-de-los-indicadores-basicos, accessed 30 December 2021). ",2025-04-07T06:46:44Z,2001,2001-01-01,2001-12-31
3888460,MDG_0000000025,COUNTRY,ATG,AMR,Americas,YEAR,2013,,,,,,,,,100,100,,,"Trained personnel Health Situation in the Americas: Basic Indicators 2014. Washington, DC: Pan American Health Organization/World Health Organization (PAHO/WHO), Communicable Diseases and Health Analysis/Health Information and Analysis; 2014.",2025-04-07T06:46:44Z,2013,2013-01-01,2013-12-31
3892652,MDG_0000000025,COUNTRY,GRD,AMR,Americas,YEAR,2018,,,,,,,,,100,100,,,PLISA Health Information Platform. Indicator profile: Deliveries attended by skilled birth attendants (%) [online database]. Washington; DC: Pan American Health Organization/World Health Organization (PAHO/WHO); 2023 (https://opendata.paho.org/es/indicadores-basicos/tablero-de-los-indicadores-basicos; accessed 21 September 2023).,2026-04-21T12:35:59Z,2018,2018-01-01,2018-12-31
3893466,MDG_0000000025,COUNTRY,HRV,EUR,Europe,YEAR,2008,,,,,,,,,100,100,,, Statistical Yearbook of the Republic of Croatia 2011. Zagreb: Croatian Bureau of Statistics; 2011.  ,2025-04-07T06:46:44Z,2008,2008-01-01,2008-12-31
3898865,MDG_0000000025,COUNTRY,GEO,EUR,Europe,YEAR,2002,,,,,,,,,97,97,,," Health Care, Statistical Yearbook 2011 Georgia. Tbilisi: Ministry of Labour, Health and Social Affairs of Georgia, National Centre for Disease Control and Public Health; 2012.",2025-04-07T06:46:44Z,2002,2002-01-01,2002-12-31
3900615,MDG_0000000025,COUNTRY,CYP,EUR,Europe,YEAR,2009,,,,,,,,,98,98,,, Statistical Service. Demographic Report 2009. Republic of Cyprus; 2011.,2025-04-07T06:46:44Z,2009,2009-01-01,2009-12-31
3905337,MDG_0000000025,COUNTRY,PAN,AMR,Americas,YEAR,2020,,,,,,,,,95,95,,,PLISA Health Information Platform. Indicator profile: Deliveries attended by skilled birth attendants (%) [online database]. Washington; DC: Pan American Health Organization/World Health Organization (PAHO/WHO); 2023 (https://opendata.paho.org/es/indicadores-basicos/tablero-de-los-indicadores-basicos; accessed 21 September 2023).,2026-04-21T12:35:59Z,2020,2020-01-01,2020-12-31
3924552,MDG_0000000025,REGION,EMR,,,YEAR,2019,,,,,,,,,79,78.7,,,Estimate based on Joint UNICEF-WHO Database on Skilled Birth Attendance 2025,2026-04-21T12:35:59Z,2019,2019-01-01,2019-12-31
3932146,MDG_0000000025,COUNTRY,PER,AMR,Americas,YEAR,2010,,,,,,,,,84,84,,," Instituto Nacional de Estadística e Informática (INEI) [Perú], ORC Macro. Perú Encuesta Demográfica y de Salud Familiar - ENDES 2010. Lima, Perú: Instituto Nacional de Estadística e Informática (INEI) [Perú], ORC Macro; 2011 (in Spanish).",2025-04-07T06:46:44Z,2010,2010-01-01,2010-12-31
3938597,MDG_0000000025,REGION,WPR,,,YEAR,2013,,,,,,,,,96,96,,,,2024-04-26T13:59:03Z,2013,2013-01-01,2013-12-31
3939364,MDG_0000000025,COUNTRY,BRA,AMR,Americas,YEAR,2009,,,,,,,,,99,99,,," DATASUS [online database]. Brazil: MS/SVS/DASIS - Sistema de Informações sobre Nacidos Vivos – SINASC. Nascim p/resid.mãe por Local ocorrência segundo Região. Período: 2009; 2011 (http://tabnet.datasus.gov.br/cgi/deftohtm.exe?sinasc/cnv/nvuf.def, accessed 27 July 2011, in Portuguese).",2025-04-07T06:46:44Z,2009,2009-01-01,2009-12-31
3941515,MDG_0000000025,COUNTRY,UKR,EUR,Europe,YEAR,2007,,,,,,,,,99,99,,," Ukrainian Center for Social Reforms (UCSR), State Statistical Committee (SSC) [Ukraine], Ministry of Health (MOH) [Ukraine], Macro International Inc. Ukraine Demographic and Health Survey 2007. Calverton, Maryland, USA: UCSR, Macro International; 2008.",2025-04-07T06:46:44Z,2007,2007-01-01,2007-12-31
3946312,MDG_0000000025,COUNTRY,FJI,WPR,Western Pacific,YEAR,2016,,,,,,,,,100,99.8,,,Health Status Report 2016. Suva: Ministry of Health & Medical Services [Fiji]; 2017.,2026-04-21T12:35:59Z,2016,2016-01-01,2016-12-31
3950601,MDG_0000000025,REGION,AFR,,,YEAR,2012,,,,,,,,,55,55,,,,2025-04-07T06:46:44Z,2012,2012-01-01,2012-12-31
3955776,MDG_0000000025,COUNTRY,SVK,EUR,Europe,YEAR,2019,,,,,,,,,98,98.3,,,National Health Information Centre of the Slovak Republic [Slovakia]; Provided during SDG country consultation 2021.,2026-04-21T12:35:59Z,2019,2019-01-01,2019-12-31
3955859,MDG_0000000025,COUNTRY,SGP,WPR,Western Pacific,YEAR,2000,,,,,,,,,100,100,,,"  Registry of Births and Deaths, Immigration and Checkpoints Authority Singapore",2025-04-07T06:46:44Z,2000,2000-01-01,2000-12-31
3965156,MDG_0000000025,COUNTRY,NER,AFR,Africa,YEAR,2021,,,,,,,,,44,43.7,,,L'Enqute Nationale sur la Fcondit et la Mortalit des Enfants; ENAFEME Niger 2021,2026-04-21T12:35:59Z,2021,2021-01-01,2021-12-31
3969027,MDG_0000000025,COUNTRY,LCA,AMR,Americas,YEAR,2012,,,,,,,,,99,99,,," Ministry of Social Transformation, Local Government and Community Empowerment, Central Statistics Office, United Nations Children’s Fund (UNICEF). Saint Lucia Multiple Indicator Cluster Survey 2012: Final Report. Castries, Saint Lucia: Ministry of Social Transformation, Local Government and Community Empowerment, Central Statistics Office, United Nations Children’s Fund (UNICEF); 2014.",2025-04-07T06:46:44Z,2012,2012-01-01,2012-12-31
3976931,MDG_0000000025,COUNTRY,JPN,WPR,Western Pacific,YEAR,2016,,,,,,,,,100,99.8,,,Trends in live births by place of delivery: Japan; urban/rural residence. 2016 Vital Statistics of Japan [website]. Tokyo: e-stat (Portal Site of Official Statistics of Japan); National Statistics Center [Japan]; 2017 (https://www.e-stat.go.jp/en/stat-search/files?page=1&query=live%20births%20by%20place&layout=dataset&year=20160&stat_infid=000031621290; accessed 19 September 2018).,2026-04-21T12:35:59Z,2016,2016-01-01,2016-12-31
3980552,MDG_0000000025,COUNTRY,FSM,WPR,Western Pacific,YEAR,2002,,,,,,,,,82,82,,," Statistical Yearbook Federated States of Micronesia 2008. Palikir, Pohnpei: Division of Statistics, Office of Statistics, Budget and Economic Management, Overseas Development Assistance & Compact Management (SBOC) [Federated States of Micronesia]; 2008.",2025-04-07T06:46:44Z,2002,2002-01-01,2002-12-31
3984484,MDG_0000000025,COUNTRY,TJK,EUR,Europe,YEAR,2014,,,,,,,,,90,90,,,"Skilled health personnel Transformative Monitoring for Enhanced Equity (TransMonEE) 2016 Database [online database]. Geneva: UNICEF Europe and Central Asia Regional Office; 2016 (www.transmonee.org, accessed 17 October 2016). ",2025-04-07T06:46:44Z,2014,2014-01-01,2014-12-31
3998927,MDG_0000000025,COUNTRY,POL,EUR,Europe,YEAR,2019,,,,,,,,,100,99.8,,,Statistics Poland (GUS) [Website]. Warsaw: Statistics Poland (GUS); 2020 (https://sdg.gov.pl/en/statistics_glob/3-1-2/; accessed 28 February 2021).,2026-04-21T12:35:59Z,2019,2019-01-01,2019-12-31
3999257,MDG_0000000025,COUNTRY,ARG,AMR,Americas,YEAR,2006,,,,,,,,,99,99,,, Estadísticas Vitales. Información Básica – Año 2006. Buenos Aires: Ministerio de Salud [Argentina]; 2007 (in Spanish).,2025-04-07T06:46:44Z,2006,2006-01-01,2006-12-31
4001092,MDG_0000000025,REGION,WPR,,,YEAR,2015,,,,,,,,,97,97,,,,2024-04-26T13:59:03Z,2015,2015-01-01,2015-12-31
4002796,MDG_0000000025,REGION,EUR,,,YEAR,2011,,,,,,,,,98,98,,,,2025-04-07T06:46:44Z,2011,2011-01-01,2011-12-31
4008180,MDG_0000000025,COUNTRY,NOR,EUR,Europe,YEAR,2021,,,,,,,,,99,99.2,,,Dataset: 1b: Fdested. 2022. [online database]. Oslo: Folkehelseinstituttet; Medisinsk fdselsregister [Norwegian Institute of Public Health (NIPH); Medical Birth Registry]; 2021 (http://statistikkbank.fhi.no/mfr/); accessed 28 September 2022; in Norwegian).,2026-04-21T12:35:59Z,2021,2021-01-01,2021-12-31
4019365,MDG_0000000025,COUNTRY,VCT,AMR,Americas,YEAR,2016,,,,,,,,,99,98.6,,,PLISA Health Information Platform. Indicator profile: Deliveries attended by skilled birth attendants (%) [online database]. Washington; DC: Pan American Health Organization/World Health Organization (PAHO/WHO); 2021 (https://opendata.paho.org/es/indicadores-basicos/tablero-de-los-indicadores-basicos; accessed 30 December 2021).,2026-04-21T12:35:59Z,2016,2016-01-01,2016-12-31
4029873,MDG_0000000025,COUNTRY,BHR,EMR,Eastern Mediterranean,YEAR,2019,,,,,,,,,100,99.6,,,Health Statistics of 2019. Bahrain: Ministry of Health; 2020.,2026-04-21T12:35:59Z,2019,2019-01-01,2019-12-31
4045197,MDG_0000000025,COUNTRY,USA,AMR,Americas,YEAR,2018,,,,,,,,,99,99.1,,,Martin JA; Hamilton BE; Osterman MJK; Driscoll AK. Births: Final Data for 2018. National Vital Statistics Reports; vol 68; no 13. Supplemental tables. Table I-4. Hyattsville; MD: National Center for Health Statistics; 2019.,2026-04-21T12:35:59Z,2018,2018-01-01,2018-12-31
4045229,MDG_0000000025,COUNTRY,SGP,WPR,Western Pacific,YEAR,2019,,,,,,,,,100,99.6,,,Registry of Births and Deaths. Singapore: Department of Statistics Singapore; 2021 (Sustainable Development Goals: Indicator 3.2.1 [online database] https://www.singstat.gov.sg/find-data/sdg/goal-3#t1; accessed 30 December 2021).,2026-04-21T12:35:59Z,2019,2019-01-01,2019-12-31
4050758,MDG_0000000025,COUNTRY,MLT,EUR,Europe,YEAR,2018,,,,,,,,,100,99.7,,,National Obstetric Information System (NOIS). Annual Report 2018. Malta: Directorate for Health Information and Research (DHIR); 2019. https://deputyprimeminister.gov.mt/en/dhir/Pages/Registries/births.aspx,2026-04-21T12:35:59Z,2018,2018-01-01,2018-12-31
4053897,MDG_0000000025,REGION,EMR,,,YEAR,2017,,,,,,,,,76,76.4,,,Estimate based on Joint UNICEF-WHO Database on Skilled Birth Attendance 2025,2026-04-21T12:35:59Z,2017,2017-01-01,2017-12-31
4054380,MDG_0000000025,REGION,WPR,,,YEAR,2012,,,,,,,,,96,96,,,,2024-04-26T13:59:03Z,2012,2012-01-01,2012-12-31
4056118,MDG_0000000025,COUNTRY,AZE,EUR,Europe,YEAR,2010,,,,,,,,,99,99,,,Skilled health personnel Statistical Yearbook of Azerbaijan 2013. Baku: State Statistical Committee of the Republic of Azerbaijan; 2013.,2025-04-07T06:46:44Z,2010,2010-01-01,2010-12-31
4059095,MDG_0000000025,REGION,EMR,,,YEAR,2015,,,,,,,,,72,72,,,,2025-04-07T06:46:44Z,2015,2015-01-01,2015-12-31
4059244,MDG_0000000025,COUNTRY,FIN,EUR,Europe,YEAR,2002,,,,,,,,,100,100,,,"Skilled health personnel Statistics Finland: https://pxnet2.stat.fi/PXWeb/pxweb/en/SDG/, last accessed 29/12/2021",2025-04-07T06:46:44Z,2002,2002-01-01,2002-12-31
4060499,MDG_0000000025,COUNTRY,JAM,AMR,Americas,YEAR,2020,,,,,,,,,100,99.8,,,PLISA Health Information Platform. Indicator profile: Deliveries attended by skilled birth attendants (%) [online database]. Washington; DC: Pan American Health Organization/World Health Organization (PAHO/WHO); 2023 (https://opendata.paho.org/es/indicadores-basicos/tablero-de-los-indicadores-basicos; accessed 21 September 2023).,2026-04-21T12:35:59Z,2020,2020-01-01,2020-12-31
4063416,MDG_0000000025,COUNTRY,SGP,WPR,Western Pacific,YEAR,2007,,,,,,,,,100,100,,," Yearbook of Statistics Singapore 2010. Singapore: Department of Statistics, Ministry of Trade and Industry [Singapore]; 2010.",2025-04-07T06:46:44Z,2007,2007-01-01,2007-12-31
4074480,MDG_0000000025,COUNTRY,SLV,AMR,Americas,YEAR,2009,,,,,,,,,98,98,,, Informe de Labores 2012-2013. San Salvador: Ministerio de Salud de El Salvador; 2013 (in Spanish).,2025-04-07T06:46:44Z,2009,2009-01-01,2009-12-31
4075586,MDG_0000000025,COUNTRY,AIA,AMR,Americas,YEAR,2010,,,,,,,,,100,100,,,"Trained personnel PLISA Health Information Platform. Indicator profile: Deliveries attended by skilled birth attendants (%) [online database]. Washington, DC: Pan American Health Organization/World Health Organization (PAHO/WHO); 2021 (https://opendata.paho.org/es/indicadores-basicos/tablero-de-los-indicadores-basicos), accessed December 30, 2021). 	",2025-04-07T06:46:44Z,2010,2010-01-01,2010-12-31
4091917,MDG_0000000025,COUNTRY,MLT,EUR,Europe,YEAR,2013,,,,,,,,,100,100,,, National Obstetric Information System (NOIS). Annual Report – 2013. Malta: Directorate for Health Information and Research (DHIR); 2014.,2025-04-07T06:46:44Z,2013,2013-01-01,2013-12-31
4100866,MDG_0000000025,COUNTRY,LUX,EUR,Europe,YEAR,2009,,,,,,,,,100,100,,, Surveillance de la santé périnatale au Luxembourg. Évolution de 2001 à 2011. Luxembourg: Ministère de la Santé – Centre de Recherche Public de la Santé [Luxembourg]; 2013 (in French).,2025-04-07T06:46:44Z,2009,2009-01-01,2009-12-31
4101545,MDG_0000000025,COUNTRY,JPN,WPR,Western Pacific,YEAR,2017,,,,,,,,,100,99.9,,,Trends in live births by place of delivery: Japan; urban/rural residence. 2017 Vital Statistics of Japan [website]. Tokyo: e-stat (Portal Site of Official Statistics of Japan); National Statistics Center [Japan]; 2018 (https://www.e-stat.go.jp/en/stat-search/files?page=1&query=live%20births%20by%20place&layout=dataset&year=20170&stat_infid=000031743390; accessed 19 September 2018).,2026-04-21T12:35:59Z,2017,2017-01-01,2017-12-31
4106385,MDG_0000000025,COUNTRY,MKD,EUR,Europe,YEAR,2005,,,,,,,,,99,99,,, Statistical Yearbook of the Republic of Macedonia 2010. Skopje: State Statistical Office [Macedonia]; 2010.,2025-04-07T06:46:44Z,2005,2005-01-01,2005-12-31
4112071,MDG_0000000025,COUNTRY,HRV,EUR,Europe,YEAR,2023,,,,,,,,,100,99.9,,,Natural Change in Population; 2023. Zagreb: Croatian Bureau of Statistics; 2024.,2026-04-21T12:35:59Z,2023,2023-01-01,2023-12-31
4114642,MDG_0000000025,REGION,WPR,,,YEAR,2022,,,,,,,,,97,97.1,,,Estimate based on Joint UNICEF-WHO Database on Skilled Birth Attendance 2025,2026-04-21T12:35:59Z,2022,2022-01-01,2022-12-31
4127300,MDG_0000000025,COUNTRY,POL,EUR,Europe,YEAR,2002,,,,,,,,,100,100,,,"Skilled health personnel Transformative Monitoring for Enhanced Equity (TransMonEE) 2012 Database [online database]. Geneva: UNICEF Europe and Central Asia Regional Office; 2012 (www.transmonee.org, accessed 1 November 2012). ",2025-04-07T06:46:44Z,2002,2002-01-01,2002-12-31
4133160,MDG_0000000025,COUNTRY,GRC,EUR,Europe,YEAR,2007,,,,,,,,,100,100,,,"Skilled persons Hellenic Republic, Hellenic Statistical Authority, General Directorate of Statistical Surveys, Vital and Migration Statistics Section, Statistical Output, provided during SDG Country Consultation",2025-04-07T06:46:44Z,2007,2007-01-01,2007-12-31
4146432,MDG_0000000025,COUNTRY,ESP,EUR,Europe,YEAR,2022,,,,,,,,,100,99.9,,,INEbase. Goals and targets from the 2030 Agenda for Sustainabale Development. Indicator 3.1.2 [online database]. Madrid: Insittuto Nacional de Estadstica (INE) [Spain]; 2024 (https://www.ine.es/dynt3/ODS/en/objetivo.htm?id=4846) accessed February 23 2024).,2026-04-21T12:35:59Z,2022,2022-01-01,2022-12-31
4148952,MDG_0000000025,COUNTRY,FIN,EUR,Europe,YEAR,2012,,,,,,,,,100,100,,,"Skilled health personnel Statistics Finland: https://pxnet2.stat.fi/PXWeb/pxweb/en/SDG/, last accessed 29/12/2021",2025-04-07T06:46:44Z,2012,2012-01-01,2012-12-31
4157627,MDG_0000000025,COUNTRY,NGA,AFR,Africa,YEAR,2022,,,,,,,,,51,50.7,,,National Bureau of Statistics (NBS) and United Nations Children's Fund (UNICEF). August; 2022.Multiple Indicator Cluster Survey 2021; Survey Findings Report. Abuja; Nigeria: National Bureau ofStatistics and United Nations Children's Fund.,2026-04-21T12:35:59Z,2022,2022-01-01,2022-12-31
4163405,MDG_0000000025,COUNTRY,BTN,SEAR,South-East Asia,YEAR,2012,,,,,,,,,75,75,,,"Doctors, nurses, assistant clinical officers, health assistants, and basic health workers 2012 National Health Survey (NHS). Thimphu: Ministry of Health, Bhutan; 2014.",2025-04-07T06:46:44Z,2012,2012-01-01,2012-12-31
4165614,MDG_0000000025,COUNTRY,PSE,EMR,Eastern Mediterranean,YEAR,2004,,,,,,,,,98,98,,, Demographic and Health Survey – 2004: Final Report. Ramallah: Palestinian Central Bureau of Statistics; 2006. ,2025-04-07T06:46:44Z,2004,2004-01-01,2004-12-31
4167205,MDG_0000000025,COUNTRY,TTO,AMR,Americas,YEAR,2003,,,,,,,,,100,100,,,"Trained health personnel Health Situation in the Americas: Basic Indicators 2007. Washington, DC: Pan American Health Organization/World Health Organization (PAHO/WHO), Health Analysis and Statistics Unit (HA); 2007.",2025-04-07T06:46:44Z,2003,2003-01-01,2003-12-31
4169715,MDG_0000000025,COUNTRY,URY,AMR,Americas,YEAR,2018,,,,,,,,,100,100,,,PLISA Health Information Platform. Indicator profile: Deliveries attended by skilled birth attendants (%) [online database]. Washington; DC: Pan American Health Organization/World Health Organization (PAHO/WHO); 2021 (https://opendata.paho.org/es/indicadores-basicos/tablero-de-los-indicadores-basicos; accessed 30 December 2021).,2026-04-21T12:35:59Z,2018,2018-01-01,2018-12-31
4174521,MDG_0000000025,COUNTRY,DOM,AMR,Americas,YEAR,2014,,,,,,,,,99,99,,," Oficina Nacional de Estadísticas, Fondo de las Naciones Unidas para la Infancia (UNICEF). Encuesta Nacional de Hogares de Propósitos Múltiples - Encuesta de Indicadores Múltiples por Conglomerados 2014. Informe final. Santo Domingo, República Dominicana: Oficina Nacional de Estadística; 2016 (in Spanish). ",2025-04-07T06:46:44Z,2014,2014-01-01,2014-12-31
4174878,MDG_0000000025,COUNTRY,AZE,EUR,Europe,YEAR,2015,,,,,,,,,100,100,,,Skilled health personnel Statistical Yearbook of Azerbaijan 2016. Baku: State Statistical Committee of the Republic of Azerbaijan; 2016.,2025-04-07T06:46:44Z,2015,2015-01-01,2015-12-31
4189307,MDG_0000000025,COUNTRY,BHS,AMR,Americas,YEAR,2018,,,,,,,,,99,99,,,PLISA Health Information Platform. Indicator profile: Deliveries attended by skilled birth attendants (%) [online database]. Washington; DC: Pan American Health Organization/World Health Organization (PAHO/WHO); 2021 (https://opendata.paho.org/es/indicadores-basicos/tablero-de-los-indicadores-basicos; accessed 30 December 2021).,2026-04-21T12:35:59Z,2018,2018-01-01,2018-12-31
4189672,MDG_0000000025,COUNTRY,BMU,AMR,Americas,YEAR,2007,,,,,,,,,100,100,,,"Trained personnel PLISA Health Information Platform. Indicator profile: Deliveries attended by skilled birth attendants (%) [online database]. Washington, DC: Pan American Health Organization/World Health Organization (PAHO/WHO); 2023 (https://opendata.paho.org/es/indicadores-basicos/tablero-de-los-indicadores-basicos, accessed 20 September 2023).",2025-04-07T06:46:44Z,2007,2007-01-01,2007-12-31
4192293,MDG_0000000025,COUNTRY,BGD,SEAR,South-East Asia,YEAR,2010,,,,,,,,,27,27,,,"Qualified doctor, nurse, midwife, paramedic, family welfare visitor Bangladesh Maternal Mortality and Health Care Survey 2010. Dhaka: National Institute of Population Research and Training (NIPORT), MEASURE Evaluation, icddr,b.; 2012.",2025-04-07T06:46:44Z,2010,2010-01-01,2010-12-31
4196846,MDG_0000000025,COUNTRY,LTU,EUR,Europe,YEAR,2011,,,,,,,,,100,100,,,"Skilled health personnel Transformative Monitoring for Enhanced Equity (TransMonEE) 2016 Database [online database]. Geneva: UNICEF Europe and Central Asia Regional Office; 2016 (www.transmonee.org, accessed 17 October 2016). ",2025-04-07T06:46:44Z,2011,2011-01-01,2011-12-31
4199551,MDG_0000000025,COUNTRY,NOR,EUR,Europe,YEAR,2001,,,,,,,,,99,99,,," Dataset: F11: Fødested. 2001. [online database]. Oslo: Folkehelseinstituttet, Medisinsk fødselsregister [Norwegian Institute of Public Health (NIPH), Medical Birth Registry]; 2002 (http://statistikkbank.fhi.no/mfr, accessed 10 October 2011, in Norwegian). ",2025-04-07T06:46:44Z,2001,2001-01-01,2001-12-31
4200562,MDG_0000000025,COUNTRY,GEO,EUR,Europe,YEAR,2004,,,,,,,,,98,98,,," Health Care, Statistical Yearbook 2011 Georgia. Tbilisi: Ministry of Labour, Health and Social Affairs of Georgia, National Centre for Disease Control and Public Health; 2012.",2025-04-07T06:46:44Z,2004,2004-01-01,2004-12-31
4204217,MDG_0000000025,COUNTRY,NAM,AFR,Africa,YEAR,2013,,,,,,,,,88,88,,," The Namibia Ministry of Health and Social Services (MoHSS), ICF International. The Namibia Demographic and Health Survey 2013. Windhoek, Namibia, Rockville, Maryland, USA: MoHSS, ICF International; 2014.",2025-04-07T06:46:44Z,2013,2013-01-01,2013-12-31
4206873,MDG_0000000025,COUNTRY,HRV,EUR,Europe,YEAR,2010,,,,,,,,,100,100,,, Statistical Yearbook of the Republic of Croatia 2011. Zagreb: Croatian Bureau of Statistics; 2011.  ,2025-04-07T06:46:44Z,2010,2010-01-01,2010-12-31
4207342,MDG_0000000025,REGION,EUR,,,YEAR,2020,,,,,,,,,99,99,,,Estimate based on Joint UNICEF-WHO Database on Skilled Birth Attendance 2025,2026-04-21T12:35:59Z,2020,2020-01-01,2020-12-31
4213362,MDG_0000000025,COUNTRY,HUN,EUR,Europe,YEAR,2000,,,,,,,,,100,100,,,"Skilled health personnel Transformative Monitoring for Enhanced Equity (TransMonEE) 2012 Database [online database]. Geneva: UNICEF Europe and Central Asia Regional Office; 2012 (www.transmonee.org, accessed 1 November 2012). ",2025-04-07T06:46:44Z,2000,2000-01-01,2000-12-31
4213971,MDG_0000000025,COUNTRY,CUB,AMR,Americas,YEAR,2004,,,,,,,,,100,100,,," Anuario Estadístico de Salud 2011. Edición Especial. La Habana: Dirección Nacional de Registros Médicos y Estadísticas de Salud, Ministerio de Salud Pública de Cuba; 2012 (in Spanish).",2025-04-07T06:46:44Z,2004,2004-01-01,2004-12-31
4218850,MDG_0000000025,COUNTRY,PRY,AMR,Americas,YEAR,2021,,,,,,,,,91,91.2,,,MSPBS/DIGIES/DES. Subsistema de Informacin de Estadsticas Vitales (SSIEV). 2015-2021Recopilado por el INE - Sistema de Indicadores ODS,2026-04-21T12:35:59Z,2021,2021-01-01,2021-12-31
4223535,MDG_0000000025,COUNTRY,BLZ,AMR,Americas,YEAR,2009,,,,,,,,,94,94,,,"Trained personnel PLISA Health Information Platform. Indicator profile: Deliveries attended by skilled birth attendants (%) [online database]. Washington, DC: Pan American Health Organization/World Health Organization (PAHO/WHO); 2021 (https://opendata.paho.org/es/indicadores-basicos/tablero-de-los-indicadores-basicos, accessed 30 December 2021). ",2025-04-07T06:46:44Z,2009,2009-01-01,2009-12-31
4230151,MDG_0000000025,COUNTRY,DOM,AMR,Americas,YEAR,2012,,,,,,,,,99,99,,," República Dominicana: Compendio de Estadísticas Vitales 2010-2014. Santo Domingo: República Dominicana, Oficina Nacional de Estadística (ONE); 2016 (in Spanish).",2025-04-07T06:46:44Z,2012,2012-01-01,2012-12-31
4232158,MDG_0000000025,COUNTRY,OMN,EMR,Eastern Mediterranean,YEAR,2015,,,,,,,,,99,99,,, Statistical year book 2019. Issue 47. Oman: National Centre for Statistics & Information; 2019.  ,2025-04-07T06:46:44Z,2015,2015-01-01,2015-12-31
4232326,MDG_0000000025,COUNTRY,KGZ,EUR,Europe,YEAR,2012,,,,,,,,,99,99,,," National Statistical Committee of the Kyrgyz Republic (NSC), Ministry of Health [Kyrgyz Republic], ICF International. Kyrgyz Republic Demographic and Health Survey 2012. Bishkek, Kyrgyz Republic, Calverton, Maryland, USA: NSC, MOH, ICF International; 2013.",2025-04-07T06:46:44Z,2012,2012-01-01,2012-12-31
4255773,MDG_0000000025,COUNTRY,MYS,WPR,Western Pacific,YEAR,2011,,,,,,,,,99,99,,,Trained personnel Health Indicators 2012: Indicators for Monitoring and Evaluation of Strategy Health for All. Putrajaya: Ministry of Health [Malaysia]; 2013.,2025-04-07T06:46:44Z,2011,2011-01-01,2011-12-31
4260819,MDG_0000000025,COUNTRY,HUN,EUR,Europe,YEAR,2010,,,,,,,,,99,99,,,"Skilled health personnel Transformative Monitoring for Enhanced Equity (TransMonEE) 2012 Database [online database]. Geneva: UNICEF Europe and Central Asia Regional Office; 2012 (www.transmonee.org, accessed 1 November 2012). ",2025-04-07T06:46:44Z,2010,2010-01-01,2010-12-31
4267832,MDG_0000000025,COUNTRY,IRL,EUR,Europe,YEAR,2016,,,,,,,,,100,99.7,,,Healthcare Pricing Office (HPO); Health Service Executive (HSE). Perinatal Statistics Report 2016. Version 1.0. Dublin: HSE; 2018.,2026-04-21T12:35:59Z,2016,2016-01-01,2016-12-31
4268356,MDG_0000000025,COUNTRY,ITA,EUR,Europe,YEAR,2019,,,,,,,,,100,99.8,,,Certificato di assistenza al parto (CeDAP). Analisi dell'evento nascita - Anno 2019. Roma: Direzione Generale della Digitalizzazione; del Sistema Informativo Sanitario e della Statistica Ufficio di Statistica; 2021 (in Italian).,2026-04-21T12:35:59Z,2019,2019-01-01,2019-12-31
4269094,MDG_0000000025,COUNTRY,SYR,EMR,Eastern Mediterranean,YEAR,2006,,,,,,,,,92,92,,," Central Bureau of Statistics, United Nations Children's Fund (UNICEF), Pan-Arab Project for Famliy Health, League of Arab States. Syrian Arab Republic Multiple Indicator Cluster Survey 2006. Syrian Arab Republic: Central Bureau of Statistics, UNICEF, Pan-Arab Project for Famliy Health, League of Arab States; 2008.",2025-04-07T06:46:44Z,2006,2006-01-01,2006-12-31
4282697,MDG_0000000025,COUNTRY,BGR,EUR,Europe,YEAR,2007,,,,,,,,,95,95,,, National Statistical Institute of Bulgaria; 2023.,2025-04-07T06:46:44Z,2007,2007-01-01,2007-12-31
4287442,MDG_0000000025,COUNTRY,GEO,EUR,Europe,YEAR,2009,,,,,,,,,100,100,,," Health Care, Statistical Yearbook 2011 Georgia. Tbilisi: Ministry of Labour, Health and Social Affairs of Georgia, National Centre for Disease Control and Public Health; 2012.",2025-04-07T06:46:44Z,2009,2009-01-01,2009-12-31
4288473,MDG_0000000025,COUNTRY,SRB,EUR,Europe,YEAR,2002,,,,,,,,,99,99,,, Statistical Yearbook 2010. Belgrade: Statistical Office of the Republic of Serbia; 2010.,2025-04-07T06:46:44Z,2002,2002-01-01,2002-12-31
4288642,MDG_0000000025,COUNTRY,TJK,EUR,Europe,YEAR,2009,,,,,,,,,87,87,,,"Skilled health personnel Transformative Monitoring for Enhanced Equity (TransMonEE) 2012 Database [online database]. Geneva: UNICEF Europe and Central Asia Regional Office; 2012 (www.transmonee.org, accessed 1 November 2012). ",2025-04-07T06:46:44Z,2009,2009-01-01,2009-12-31
4288647,MDG_0000000025,COUNTRY,ARG,AMR,Americas,YEAR,2015,,,,,,,,,100,100,,, Estadísticas Vitales. Información Básica – Año 2015. Buenos Aires: Ministerio de Salud [Argentina]; 2016 (in Spanish).,2025-04-07T06:46:44Z,2015,2015-01-01,2015-12-31
4295920,MDG_0000000025,COUNTRY,CAN,AMR,Americas,YEAR,2002,,,,,,,,,99,99,,," CANSIM. Table 102-4516 - Live births and fetal deaths (stillbirths), by place of birth (hospital and non-hospital), Canada, provinces and territories, annual [database]. Ottawa: Statistics Canada, Government of Canada; 2013 (https://www80.statcan.gc.ca, accessed 17 October 2014).",2025-04-07T06:46:44Z,2002,2002-01-01,2002-12-31
4297063,MDG_0000000025,REGION,EUR,,,YEAR,2012,,,,,,,,,99,99,,,,2024-04-26T13:59:03Z,2012,2012-01-01,2012-12-31
4299708,MDG_0000000025,COUNTRY,NOR,EUR,Europe,YEAR,2010,,,,,,,,,99,99,,," Dataset: F11: Fødested. 2010. [online database]. Oslo: Folkehelseinstituttet, Medisinsk fødselsregister [Norwegian Institute of Public Health (NIPH), Medical Birth Registry]; 2011 (http://statistikkbank.fhi.no/mfr, accessed 7 November 2014, in Norwegian). ",2025-04-07T06:46:44Z,2010,2010-01-01,2010-12-31
4309230,MDG_0000000025,REGION,WPR,,,YEAR,2020,,,,,,,,,97,96.8,,,Estimate based on Joint UNICEF-WHO Database on Skilled Birth Attendance 2025,2026-04-21T12:35:59Z,2020,2020-01-01,2020-12-31
4314459,MDG_0000000025,COUNTRY,KWT,EMR,Eastern Mediterranean,YEAR,2020,,,,,,,,,100,99.9,,,Annual Bulletin for Vital Statistics - Births and Deaths 2020. Kuwait City: Central Statistical Bureau (Office) [Kuwait]; 2021.,2026-04-21T12:35:59Z,2020,2020-01-01,2020-12-31
4317439,MDG_0000000025,COUNTRY,IDN,WPR,Western Pacific,YEAR,2017,,,,,,,,,91,90.9,,,Indonesia Demographic and Health Survey 2017. Jakarta: National Population and Family Planning Board (BKKBN); Statistics Indonesia (BPS); Ministry of Health(Kemenkes); ICF; 2018.,2026-04-21T12:35:59Z,2017,2017-01-01,2017-12-31
4320192,MDG_0000000025,COUNTRY,KAZ,EUR,Europe,YEAR,2000,,,,,,,,,98,98,,,"Skilled health personnel Transformative Monitoring for Enhanced Equity (TransMonEE) 2012 Database [online database]. Geneva: UNICEF Europe and Central Asia Regional Office; 2012 (www.transmonee.org, accessed 1 November 2012). ",2025-04-07T06:46:44Z,2000,2000-01-01,2000-12-31
4341719,MDG_0000000025,COUNTRY,GRC,EUR,Europe,YEAR,2022,,,,,,,,,100,99.9,,,Hellenic Republic; Hellenic Statistical Authority; Directorate General of Statistics; Population and Migration Statistics Section.,2026-04-21T12:35:59Z,2022,2022-01-01,2022-12-31
4345681,MDG_0000000025,COUNTRY,NZL,WPR,Western Pacific,YEAR,2014,,,,,,,,,97,97,,," Report on Maternity web tool [online database]. Birth place and year and DHB. Wellington: Ministry of Health [New Zealand]; 2020 (https://minhealthnz.shinyapps.io/Maternity_report_webtool/, accessed 8 January 2021).",2025-04-07T06:46:44Z,2014,2014-01-01,2014-12-31
4349786,MDG_0000000025,COUNTRY,PRY,AMR,Americas,YEAR,2010,,,,,,,,,96,96,,," Estadísticas Vitales del Paraguay 2010. Fernando de la Mora: Dirección General de Estadística, Encuestas y Censos (DGEEC) [Paraguay]; 2013 (in Spanish).",2025-04-07T06:46:44Z,2010,2010-01-01,2010-12-31
4355829,MDG_0000000025,COUNTRY,KNA,AMR,Americas,YEAR,2000,,,,,,,,,99,99,,,"Trained personnel Health Situation in the Americas: Basic Indicators 2002. Washington, DC: Pan American Health Organization/World Health Organization (PAHO/WHO), Special Program for Health Analysis; 2002.",2025-04-07T06:46:44Z,2000,2000-01-01,2000-12-31
4356488,MDG_0000000025,COUNTRY,KWT,EMR,Eastern Mediterranean,YEAR,2005,,,,,,,,,99,99,,, Annual Bulletin for Vital Statistics - Births and Deaths 2005. Kuwait City: Central Statistical Bureau (Office) [Kuwait]; 2006.,2025-04-07T06:46:44Z,2005,2005-01-01,2005-12-31
4359471,MDG_0000000025,REGION,AFR,,,YEAR,2019,,,,,,,,,67,67.3,,,Estimate based on Joint UNICEF-WHO Database on Skilled Birth Attendance 2025,2026-04-21T12:35:59Z,2019,2019-01-01,2019-12-31
4361879,MDG_0000000025,REGION,WPR,,,YEAR,2005,,,,,,,,,92,92,,,,2024-04-26T13:59:03Z,2005,2005-01-01,2005-12-31
4372556,MDG_0000000025,COUNTRY,GRC,EUR,Europe,YEAR,2014,,,,,,,,,100,100,,,"Skilled persons Hellenic Republic, Hellenic Statistical Authority, General Directorate of Statistical Surveys, Vital and Migration Statistics Section, Statistical Output, provided during SDG Country Consultation",2025-04-07T06:46:44Z,2014,2014-01-01,2014-12-31
4379009,MDG_0000000025,COUNTRY,FJI,WPR,Western Pacific,YEAR,2006,,,,,,,,,99,99,,,"Skilled health personnel Annual Report 2008. Suva: Ministry of Health, Women, Social Welfare & Poverty Alleviation [Fiji]; 2009. ",2025-04-07T06:46:44Z,2006,2006-01-01,2006-12-31
4384664,MDG_0000000025,COUNTRY,SRB,EUR,Europe,YEAR,2007,,,,,,,,,100,100,,, Statistical Yearbook 2010. Belgrade: Statistical Office of the Republic of Serbia; 2010.,2025-04-07T06:46:44Z,2007,2007-01-01,2007-12-31
4385507,MDG_0000000025,COUNTRY,SYC,AFR,Africa,YEAR,2005,,,,,,,,,99,99,,,Skilled health staff Seychelles Millennium Development Goals: Status Report 2010. Mahé: Ministry of Foreign Affairs [Seychelles]; 2010.,2025-04-07T06:46:44Z,2005,2005-01-01,2005-12-31
4386928,MDG_0000000025,COUNTRY,ARE,EMR,Eastern Mediterranean,YEAR,2020,,,,,,,,,100,100,,,Ministry of Health and Prevention,2026-04-21T12:35:59Z,2020,2020-01-01,2020-12-31
4387090,MDG_0000000025,COUNTRY,QAT,EMR,Eastern Mediterranean,YEAR,2017,,,,,,,,,100,100,,,Vital Statistics; Annual Bulletin. Births and Deaths 2017. Doha: Ministry of Development Planning and Statistics [Qatar]; 2018.,2026-04-21T12:35:59Z,2017,2017-01-01,2017-12-31
4388695,MDG_0000000025,COUNTRY,KWT,EMR,Eastern Mediterranean,YEAR,2011,,,,,,,,,99,99,,, Annual Bulletin for Vital Statistics - Births and Deaths 2011. Kuwait City: Central Statistical Bureau (Office) [Kuwait]; 2012.,2025-04-07T06:46:44Z,2011,2011-01-01,2011-12-31
4388722,MDG_0000000025,REGION,EMR,,,YEAR,2006,,,,,,,,,54,54,,,,2025-04-07T06:46:44Z,2006,2006-01-01,2006-12-31
4393132,MDG_0000000025,COUNTRY,ATG,AMR,Americas,YEAR,2010,,,,,,,,,100,100,,,"Trained personnel Health Situation in the Americas: Basic Indicators 2011. Washington, DC: Pan American Health Organization/World Health Organization (PAHO/WHO), Health Information and Analysis Project; 2011.",2025-04-07T06:46:44Z,2010,2010-01-01,2010-12-31
4393635,MDG_0000000025,COUNTRY,KGZ,EUR,Europe,YEAR,2000,,,,,,,,,99,99,,,"Skilled health personnel Transformative Monitoring for Enhanced Equity (TransMonEE) 2012 Database [online database]. Geneva: UNICEF Europe and Central Asia Regional Office; 2012 (www.transmonee.org, accessed 1 November 2012). ",2025-04-07T06:46:44Z,2000,2000-01-01,2000-12-31
4397379,MDG_0000000025,COUNTRY,BRB,AMR,Americas,YEAR,2005,,,,,,,,,100,100,,,"Trained personnel Health Situation in the Americas: Basic Indicators 2007. Washington, DC: Pan American Health Organization/World Health Organization (PAHO/WHO), Health Analysis and Statistics Unit (HA); 2007.",2025-04-07T06:46:44Z,2005,2005-01-01,2005-12-31
4403820,MDG_0000000025,COUNTRY,BOL,AMR,Americas,YEAR,2022,,,,,,,,,72,71.5,,,Registros administrativos del Sistema Nacional de Salud y Vigilancia Epidemiolgica del Ministerio de Salud y Deportes - 2022,2026-04-21T12:35:59Z,2022,2022-01-01,2022-12-31
4410335,MDG_0000000025,REGION,AMR,,,YEAR,2001,,,,,,,,,91,91,,,,2025-04-07T06:46:44Z,2001,2001-01-01,2001-12-31
4411331,MDG_0000000025,COUNTRY,TON,WPR,Western Pacific,YEAR,2008,,,,,,,,,97,97,,,Trained personnel Report of the Minister for Health for the Year 2010. Tonga: Ministry of Health [Tonga]; 2011.,2025-04-07T06:46:44Z,2008,2008-01-01,2008-12-31
4413000,MDG_0000000025,REGION,SEAR,,,YEAR,2004,,,,,,,,,48,48,,,,2025-04-07T06:46:44Z,2004,2004-01-01,2004-12-31
4414947,MDG_0000000025,COUNTRY,CAN,AMR,Americas,YEAR,2017,,,,,,,,,98,97.9,,,Table 13-10-0429-01 - Live births and fetal deaths (stillbirths); by place of birth (hospital or non-hospital) [database]. Ottawa: Statistics Canada; Government of Canada; 2019 (https://www150.statcan.gc.ca/t1/tbl1/en/tv.action?pid=1310042901; accessed 24 January 2019).,2026-04-21T12:35:59Z,2017,2017-01-01,2017-12-31
4417761,MDG_0000000025,COUNTRY,BRN,WPR,Western Pacific,YEAR,2006,,,,,,,,,100,100,,,Skilled health personnel Health Information Booklet 2012. Bandar Seri Begawan: Ministry of Health [Brunei Darussalam]; 2013.,2025-04-07T06:46:44Z,2006,2006-01-01,2006-12-31
4424459,MDG_0000000025,COUNTRY,DEU,EUR,Europe,YEAR,2008,,,,,,,,,99,99,,, Qualitätsbericht 2012. Außerklinische Geburtshilfe in Deutschland. Storkow: Gesellschaft für Qualität in der außerklinischen Geburtshilfe e.V. (QUAG e.V.); 2014 (in German).  ,2025-04-07T06:46:44Z,2008,2008-01-01,2008-12-31
4427725,MDG_0000000025,COUNTRY,AUT,EUR,Europe,YEAR,2016,,,,,,,,,98,98.4,,,Vital statistics. Live births (with place of birth in Austria) by medical characteristics since 2006 [website]. Vienna: Statistics Austria; 2017 (http://www.statistik.at/web_en/statistics/PeopleSociety/health/medical_and_sociomedical_characteristics_of_live_birth/110639.html; accessed 27 October 2017).,2026-04-21T12:35:59Z,2016,2016-01-01,2016-12-31
4433720,MDG_0000000025,COUNTRY,KWT,EMR,Eastern Mediterranean,YEAR,2012,,,,,,,,,99,99,,, Annual Bulletin for Vital Statistics - Births and Deaths 2012. Kuwait City: Central Statistical Bureau (Office) [Kuwait]; 2013.,2025-04-07T06:46:44Z,2012,2012-01-01,2012-12-31
4439633,MDG_0000000025,COUNTRY,URY,AMR,Americas,YEAR,2021,,,,,,,,,100,100,,,PLISA Health Information Platform. Indicator profile: Deliveries attended by skilled birth attendants (%) [online database]. Washington; DC: Pan American Health Organization/World Health Organization (PAHO/WHO); 2023 (https://opendata.paho.org/es/indicadores-basicos/tablero-de-los-indicadores-basicos; accessed 21 September 2023).,2026-04-21T12:35:59Z,2021,2021-01-01,2021-12-31
4441077,MDG_0000000025,COUNTRY,BMU,AMR,Americas,YEAR,2006,,,,,,,,,100,100,,,"Trained personnel PLISA Health Information Platform. Indicator profile: Deliveries attended by skilled birth attendants (%) [online database]. Washington, DC: Pan American Health Organization/World Health Organization (PAHO/WHO); 2023 (https://opendata.paho.org/es/indicadores-basicos/tablero-de-los-indicadores-basicos, accessed 20 September 2023).",2025-04-07T06:46:44Z,2006,2006-01-01,2006-12-31
4450559,MDG_0000000025,GLOBAL,GLOBAL,,,YEAR,2013,,,,,,,,,77,77,,,,2024-04-26T13:59:03Z,2013,2013-01-01,2013-12-31
4452224,MDG_0000000025,COUNTRY,BMU,AMR,Americas,YEAR,2014,,,,,,,,,100,100,,,"Trained personnel PLISA Health Information Platform. Indicator profile: Deliveries attended by skilled birth attendants (%) [online database]. Washington, DC: Pan American Health Organization/World Health Organization (PAHO/WHO); 2023 (https://opendata.paho.org/es/indicadores-basicos/tablero-de-los-indicadores-basicos, accessed 20 September 2023).",2025-04-07T06:46:44Z,2014,2014-01-01,2014-12-31
4452600,MDG_0000000025,COUNTRY,PRY,AMR,Americas,YEAR,2003,,,,,,,,,86,86,,,"Trained personnel Health Situation in the Americas: Basic Indicators 2006. Washington, DC: Pan American Health Organization/World Health Organization (PAHO/WHO), Health Analysis and Statistics Unit (HA); 2006.",2025-04-07T06:46:44Z,2003,2003-01-01,2003-12-31
4456270,MDG_0000000025,COUNTRY,GUY,AMR,Americas,YEAR,2008,,,,,,,,,96,96,,,"Trained health personnel Publications: Statistical Bulletin Second Quarter 2010 [website]. Georgetown: Bureau of Statistics [Guyana]; 2010 (http://www.statisticsguyana.gov.gy/pubs.html, accessed 16 June 2011).  ",2025-04-07T06:46:44Z,2008,2008-01-01,2008-12-31
4462516,MDG_0000000025,COUNTRY,FIN,EUR,Europe,YEAR,2020,,,,,,,,,100,99.6,,,Statistics Finland: https://pxnet2.stat.fi/PXWeb/pxweb/en/SDG/; last accessed 29/12/2021,2026-04-21T12:35:59Z,2020,2020-01-01,2020-12-31
4467174,MDG_0000000025,COUNTRY,BFA,AFR,Africa,YEAR,2010,,,,,,,,,66,66,,," Institut National de la Statistique et de la Démographie (INSD), ICF International. Enquête Démographique et de Santé et à Indicateurs Multiples du Burkina Faso 2010. Calverton, Maryland, USA: INSD, ICF International; 2012 (in French).",2025-04-07T06:46:44Z,2010,2010-01-01,2010-12-31
4469124,MDG_0000000025,COUNTRY,CUB,AMR,Americas,YEAR,2005,,,,,,,,,100,100,,," Anuario Estadístico de Salud 2015. La Habana: Dirección de Registros Médicos y Estadísticas de Salud, Ministerio de Salud Pública de Cuba; 2016 (in Spanish).",2025-04-07T06:46:44Z,2005,2005-01-01,2005-12-31
4472322,MDG_0000000025,COUNTRY,ITA,EUR,Europe,YEAR,2016,,,,,,,,,100,99.9,,,Certificato di assistenza al parto (CeDAP). Analisi dell'evento nascita - Anno 2016. Roma: Direzione Generale della Digitalizzazione; del Sistema Informativo Sanitario e della Statistica Ufficio di Statistica; 2019 (in Italian).,2026-04-21T12:35:59Z,2016,2016-01-01,2016-12-31
4472970,MDG_0000000025,COUNTRY,LTU,EUR,Europe,YEAR,2017,,,,,,,,,100,100,,,Official Statistics Portal; 2021 (https://osp.stat.gov.lt/nacionaliniai-darnaus-vystymosi-rodikliai; accessed 30/12/2021),2026-04-21T12:35:59Z,2017,2017-01-01,2017-12-31
4482891,MDG_0000000025,COUNTRY,BGR,EUR,Europe,YEAR,2016,,,,,,,,,95,95.1,,,National Statistical Institute of Bulgaria; 2022. (Reported on 2 December 2022),2026-04-21T12:35:59Z,2016,2016-01-01,2016-12-31
4484608,MDG_0000000025,COUNTRY,BHR,EMR,Eastern Mediterranean,YEAR,2010,,,,,,,,,99,99,,,Skilled health personnel Health Statistics of 2010. Bahrain: Ministry of Health; 2011.,2025-04-07T06:46:44Z,2010,2010-01-01,2010-12-31
4489168,MDG_0000000025,COUNTRY,GEO,EUR,Europe,YEAR,2015,,,,,,,,,100,100,,," Health Care, Statistical Yearbook 2015 Georgia. Tbilisi: Ministry of Labour, Health and Social Affairs of Georgia, National Centre for Disease Control and Public Health; 2016.",2025-04-07T06:46:44Z,2015,2015-01-01,2015-12-31
4503467,MDG_0000000025,COUNTRY,GTM,AMR,Americas,YEAR,2012,,,,,,,,,59,59,,,"Trained personnel PLISA Health Information Platform. Indicator profile: Deliveries attended by skilled birth attendants (%) [online database]. Washington, DC: Pan American Health Organization/World Health Organization (PAHO/WHO); 2021 (https://opendata.paho.org/es/indicadores-basicos/tablero-de-los-indicadores-basicos, accessed 30 December 2021). ",2025-04-07T06:46:44Z,2012,2012-01-01,2012-12-31
4505493,MDG_0000000025,COUNTRY,CYP,EUR,Europe,YEAR,2004,,,,,,,,,96,96,,, Statistical Service. Demographic Report 2009. Republic of Cyprus; 2011.,2025-04-07T06:46:44Z,2004,2004-01-01,2004-12-31
4507247,MDG_0000000025,COUNTRY,CYP,EUR,Europe,YEAR,2007,,,,,,,,,98,98,,, Statistical Service. Demographic Report 2009. Republic of Cyprus; 2011.,2025-04-07T06:46:44Z,2007,2007-01-01,2007-12-31
4511402,MDG_0000000025,COUNTRY,CAN,AMR,Americas,YEAR,2016,,,,,,,,,98,97.8,,,Table 13-10-0429-01 - Live births and fetal deaths (stillbirths); by place of birth (hospital or non-hospital) [database]. Ottawa: Statistics Canada; Government of Canada; 2018 (https://www150.statcan.gc.ca/t1/tbl1/en/tv.action?pid=1310042901; accessed 13 September 2018).,2026-04-21T12:35:59Z,2016,2016-01-01,2016-12-31
4514291,MDG_0000000025,REGION,AFR,,,YEAR,2024,,,,,,,,,73,72.9,,,Estimate based on Joint UNICEF-WHO Database on Skilled Birth Attendance 2025,2026-04-21T12:35:59Z,2024,2024-01-01,2024-12-31
4528630,MDG_0000000025,COUNTRY,URY,AMR,Americas,YEAR,2005,,,,,,,,,100,100,,, Anuario Estadístico 2010. Uruguay: Instituto Nacional de Estadística (INE); 2011 (in Spanish).  ,2025-04-07T06:46:44Z,2005,2005-01-01,2005-12-31
4529372,MDG_0000000025,COUNTRY,NOR,EUR,Europe,YEAR,2012,,,,,,,,,99,99,,," Dataset: F11: Fødested. 2012. [online database]. Oslo: Folkehelseinstituttet, Medisinsk fødselsregister [Norwegian Institute of Public Health (NIPH), Medical Birth Registry]; 2013 (http://statistikkbank.fhi.no/mfr, accessed 7 November 2014, in Norwegian). ",2025-04-07T06:46:44Z,2012,2012-01-01,2012-12-31
4531468,MDG_0000000025,COUNTRY,QAT,EMR,Eastern Mediterranean,YEAR,2009,,,,,,,,,100,100,,," Vital Statistics, Annual Bulletin. Births and Deaths 2009. Doha: Statistics Authority [Qatar]; 2010.",2025-04-07T06:46:44Z,2009,2009-01-01,2009-12-31
4534246,MDG_0000000025,COUNTRY,KNA,AMR,Americas,YEAR,2018,,,,,,,,,100,100,,,PLISA Health Information Platform. Indicator profile: Deliveries attended by skilled birth attendants (%) [online database]. Washington; DC: Pan American Health Organization/World Health Organization (PAHO/WHO); 2021 (https://opendata.paho.org/es/indicadores-basicos/tablero-de-los-indicadores-basicos; accessed 30 December 2021).,2026-04-21T12:35:59Z,2018,2018-01-01,2018-12-31
4548899,MDG_0000000025,REGION,AFR,,,YEAR,2010,,,,,,,,,52,52,,,,2025-04-07T06:46:44Z,2010,2010-01-01,2010-12-31
4553502,MDG_0000000025,COUNTRY,GMB,AFR,Africa,YEAR,2000,,,,,,,,,52,52,,," The Gambia Multiple Indicator Cluster Survey Report, 2000. The Gambia: Government of the Gambia, United Nations Children's Fund (UNICEF); 2002.",2025-04-07T06:46:44Z,2000,2000-01-01,2000-12-31
4563888,MDG_0000000025,COUNTRY,MUS,AFR,Africa,YEAR,2019,,,,,,,,,100,99.8,,,Sustainable Development Goals [online database]. Port Louis: Statistics Mauritius; 2020 (https://statsmauritius.govmu.org/Pages/Statistics/By_Subject/SDGs/SB_SDG.aspx; accessed 8 January 2021).,2026-04-21T12:35:59Z,2019,2019-01-01,2019-12-31
4564094,MDG_0000000025,COUNTRY,COK,WPR,Western Pacific,YEAR,2000,,,,,,,,,98,98,,,"Doctor, nurse, and midwife (i.e. all attendants except “traditional birth attendants”) Secretariat of the Pacific Community (SPC), United Nations Development Programme (UNDP), the UN/CROP MDG Working Group. Pacific Islands Regional Millennium Development Goals Report 2004. Noumea: Secretariat of the Pacific Community (SPC); 2004.",2025-04-07T06:46:44Z,2000,2000-01-01,2000-12-31
4577790,MDG_0000000025,COUNTRY,KAZ,EUR,Europe,YEAR,2017,,,,,,,,,100,99.9,,,Ministry of Healthcare of the Republic of Kazakhstan. Country consultation Dec 2019; 2019.,2026-04-21T12:35:59Z,2017,2017-01-01,2017-12-31
4580323,MDG_0000000025,COUNTRY,KAZ,EUR,Europe,YEAR,2016,,,,,,,,,100,99.9,,,Ministry of Healthcare of the Republic of Kazakhstan. Country consultation Dec 2019; 2019.,2026-04-21T12:35:59Z,2016,2016-01-01,2016-12-31
4582453,MDG_0000000025,COUNTRY,ISR,EUR,Europe,YEAR,2019,,,,,,,,,100,99.7,,,Israel Medical Birth Registry. Institutional Delivery. Israel Central Bureau of Statistics; 2023. Country Consultation 2024,2026-04-21T12:35:59Z,2019,2019-01-01,2019-12-31
4585943,MDG_0000000025,COUNTRY,FRA,EUR,Europe,YEAR,2014,,,,,,,,,98,98,,," T64: Nés vivants selon la condition de l’accouchement et le groupe d'âges de la mère. Année 2014 [website]. Paris: Institut National de la Statistique et des Études Économiques (INSEE) [National Institute of Statistics and Economic Studies]; 2015 (http://www.insee.fr/en/insee-statistique-publique/default.asp, accessed 18 October 2016, in French).",2025-04-07T06:46:44Z,2014,2014-01-01,2014-12-31
4586430,MDG_0000000025,COUNTRY,LVA,EUR,Europe,YEAR,2021,,,,,,,,,98,98.1,,,Health Statistics Database - Maternal and child health care (Veselbas statistikas datubze). Latvia; 2023 (https://statistika.spkc.gov.lv/pxweb/en/Health/Health__Mates_berna_veseliba/MCH010_dzemdibu_raditaji_regioni.px/ accessed 21 September 2023),2026-04-21T12:35:59Z,2021,2021-01-01,2021-12-31
4588070,MDG_0000000025,COUNTRY,RUS,EUR,Europe,YEAR,2017,,,,,,,,,100,99.7,,,Federal State Statistics Service. Data on SDG Indicators. Russia; 2021. (https://eng.rosstat.gov.ru/3.1.2) accessed September 29; 2021.,2026-04-21T12:35:59Z,2017,2017-01-01,2017-12-31
4590146,MDG_0000000025,COUNTRY,BFA,AFR,Africa,YEAR,2021,,,,,,,,,96,95.8,,,INSD et ICF. Enqute Dmographique et de Sant du Burkina Faso 2021. Ouagadougou; Burkina Faso et Rockville; Maryland; USA : INSD et ICF; 2023,2026-04-21T12:35:59Z,2021,2021-01-01,2021-12-31
4590381,MDG_0000000025,COUNTRY,POL,EUR,Europe,YEAR,2011,,,,,,,,,100,100,,," Statistics Poland (GUS) [Website]. Warsaw: Statistics Poland (GUS); 2020 (https://sdg.gov.pl/en/statistics_glob/3-1-2/, accessed 28 February 2021).",2025-04-07T06:46:44Z,2011,2011-01-01,2011-12-31
4593821,MDG_0000000025,COUNTRY,PRK,SEAR,South-East Asia,YEAR,2000,,,,,,,,,97,97,,," Central Bureau of Statistics, United Nations Children's Fund (UNICEF). Report of the Second Multiple Indicator Cluster Survey 2000, DPRK. DPR Korea; 2000.",2025-04-07T06:46:44Z,2000,2000-01-01,2000-12-31
4599735,MDG_0000000025,COUNTRY,MKD,EUR,Europe,YEAR,2008,,,,,,,,,100,100,,, Statistical Yearbook of the Republic of Macedonia 2012. Skopje: State Statistical Office [Macedonia]; 2012.,2025-04-07T06:46:44Z,2008,2008-01-01,2008-12-31
4616441,MDG_0000000025,COUNTRY,AUS,WPR,Western Pacific,YEAR,2011,,,,,,,,,99,99,,," Li Z, Zeki R, Hilder L, Sullivan EA. Australia’s mothers and babies 2011. Perinatal statistics series no. 28. Cat. no. PER 59. Canberra: Australian Institute of Health and Welfare (AIHW) National Perinatal Epidemiology and Statistics Unit; 2013.",2025-04-07T06:46:44Z,2011,2011-01-01,2011-12-31
4619840,MDG_0000000025,COUNTRY,CHN,WPR,Western Pacific,YEAR,2005,,,,,,,,,98,98,,,Skilled attendant China Statistical Yearbook for Health and Family Planning 2013. Beijing: National Health and Family Planning Commission of China (NHFPC); 2013. ,2025-04-07T06:46:44Z,2005,2005-01-01,2005-12-31
4620063,MDG_0000000025,COUNTRY,GMB,AFR,Africa,YEAR,2013,,,,,,,,,57,57,,," The Gambia Bureau of Statistics (GBOS), ICF International. The Gambia Demographic and Health Survey 2013. Banjul, The Gambia, Rockville, Maryland, USA: GBOS, ICF International; 2014. ",2025-04-07T06:46:44Z,2013,2013-01-01,2013-12-31
4624949,MDG_0000000025,COUNTRY,FIN,EUR,Europe,YEAR,2008,,,,,,,,,100,100,,,"Skilled health personnel Statistics Finland: https://pxnet2.stat.fi/PXWeb/pxweb/en/SDG/, last accessed 29/12/2021",2025-04-07T06:46:44Z,2008,2008-01-01,2008-12-31
4629859,MDG_0000000025,COUNTRY,PRY,AMR,Americas,YEAR,2004,,,,,,,,,77,77,,," Encuesta Nacional de Demografía y Salud Reproductiva (ENDSSR) 2004. Informe Final. Asunción: Centro Paraguayo de Estudios de Población (CEPEP), Agencia del Gobierno de los Estados Unidos para el Desarrollo Internacional (USAID), Centros para el Control y Prevención de Enfermedades (CDC), Fondo de Población de las Naciones Unidas (UNFPA), Federación Internacional de Planificación Familiar (IPPF); 2005 (in Spanish).",2025-04-07T06:46:44Z,2004,2004-01-01,2004-12-31
4634108,MDG_0000000025,COUNTRY,DNK,EUR,Europe,YEAR,2018,,,,,,,,,95,95.3,,,Det Medicinske Fdselsregister (MFR); MFR-kuben; Institutional deliveries [online database]. Copenhagen: Sundhedsdatastyrelsen [National Board of Health Data; Denmark]; 2019 (https://www.esundhed.dk/Registre/Det-medicinske-foedselsregister/Foedte-og-foedsler-1997-og-frem#tabpanel61119A72216248AC86DB508579760DED; accessed 12 February 2020; in Danish).,2026-04-21T12:35:59Z,2018,2018-01-01,2018-12-31
4647181,MDG_0000000025,REGION,SEAR,,,YEAR,2017,,,,,,,,,81,80.7,,,Estimate based on Joint UNICEF-WHO Database on Skilled Birth Attendance 2025,2026-04-21T12:35:59Z,2017,2017-01-01,2017-12-31
4654842,MDG_0000000025,COUNTRY,PRY,AMR,Americas,YEAR,2005,,,,,,,,,88,88,,," Estadísticas Vitales del Paraguay 2005. Fernando de la Mora: Dirección General de Estadística, Encuestas y Censos (DGEEC) [Paraguay]; 2007 (in Spanish).",2025-04-07T06:46:44Z,2005,2005-01-01,2005-12-31
4654956,MDG_0000000025,COUNTRY,DNK,EUR,Europe,YEAR,2007,,,,,,,,,98,98,,," Sundhedsstyrelsen [National Board of Health, Denmark]. Nye tal fra Sundhedsstyrelsen - Fødselsregisteret 1. Halvår 2008, 2008:8 [New figures from the National Board of Health, Denmark - Birth Registry 1. Half year 2008, 2008:8]. Copenhagen: Sundhedsstyrelsen; 2008 (in Danish).",2025-04-07T06:46:44Z,2007,2007-01-01,2007-12-31
4658038,MDG_0000000025,COUNTRY,TTO,AMR,Americas,YEAR,2022,,,,,,,,,99,98.8,,,Central Statistical Office (Trinidad and Tobago). Trinidad and Tobago Multiple Indicator Cluster Survey 2022: Survey Findings Report. Port of Spain (Trinidad and Tobago): Central Statistical Office; 2023. Available from: https://mics.unicef.org/sites/mics/files/2024-08/Trinidad%20and%20Tobago%202022%20MICS%20Survey%20Findings%20Report_English.pdf,2026-04-21T12:35:59Z,2022,2022-01-01,2022-12-31
4659557,MDG_0000000025,COUNTRY,SVN,EUR,Europe,YEAR,2009,,,,,,,,,100,100,,, Statistical Yearbook 2011. Ljubljana: Statistical Office of the Republic of Slovenia; 2011.,2025-04-07T06:46:44Z,2009,2009-01-01,2009-12-31
4669849,MDG_0000000025,COUNTRY,ARG,AMR,Americas,YEAR,2009,,,,,,,,,98,98,,, Estadísticas Vitales. Información Básica – Año 2009. Buenos Aires: Ministerio de Salud [Argentina]; 2010 (in Spanish).,2025-04-07T06:46:44Z,2009,2009-01-01,2009-12-31
4672562,MDG_0000000025,COUNTRY,SVK,EUR,Europe,YEAR,2017,,,,,,,,,99,98.8,,,National Health Information Centre of the Slovak Republic [Slovakia]; Provided during SDG country consultation 2021.,2026-04-21T12:35:59Z,2017,2017-01-01,2017-12-31
4685843,MDG_0000000025,COUNTRY,VUT,WPR,Western Pacific,YEAR,2005,,,,,,,,,92,92,,,Skilled health personnel Western Pacific Country Health Information Profiles: 2007 Revision. Manila: World Health Organization Regional Office for the Western Pacific (WPRO); 2007.,2025-04-07T06:46:44Z,2005,2005-01-01,2005-12-31
4688126,MDG_0000000025,COUNTRY,BTN,SEAR,South-East Asia,YEAR,2018,,,,,,,,,96,96.2,,,Statistical Yearbook of Bhutan 2019. Thimphu: National Statistics Bureau [Bhutan]; 2019.,2026-04-21T12:35:59Z,2018,2018-01-01,2018-12-31
4689987,MDG_0000000025,COUNTRY,VCT,AMR,Americas,YEAR,2004,,,,,,,,,100,100,,,"Trained personnel PLISA Health Information Platform. Indicator profile: Deliveries attended by skilled birth attendants (%) [online database]. Washington, DC: Pan American Health Organization/World Health Organization (PAHO/WHO); 2021 (https://opendata.paho.org/es/indicadores-basicos/tablero-de-los-indicadores-basicos, accessed 30 December 2021). ",2025-04-07T06:46:44Z,2004,2004-01-01,2004-12-31
4691918,MDG_0000000025,REGION,EMR,,,YEAR,2014,,,,,,,,,70,70,,,,2025-04-07T06:46:44Z,2014,2014-01-01,2014-12-31
4700985,MDG_0000000025,COUNTRY,SAU,EMR,Eastern Mediterranean,YEAR,2000,,,,,,,,,91,91,,,"Skilled health personnel Kingdom of Saudi Arabia. Millennium Development Goals 1431 H, 2010 G. Riyadh: Ministry of Economy and Planning [Saudi Arabia], UN-DESA, United Nations Development Programme (UNDP); 2010.",2025-04-07T06:46:44Z,2000,2000-01-01,2000-12-31
4705748,MDG_0000000025,COUNTRY,CYP,EUR,Europe,YEAR,2020,,,,,,,,,100,99.9,,,Health Monitoring Unit (HMU); Ministry of Health,2026-04-21T12:35:59Z,2020,2020-01-01,2020-12-31
4708904,MDG_0000000025,COUNTRY,PAN,AMR,Americas,YEAR,2009,,,,,,,,,89,89,,," Panamá en Cifras: años 2005-2009 [electronic publication]. Panamá: Instituto Nacional de Estadística y Censo (INEC) [Panama]; 2010 (http://www.contraloria.gob.pa/inec/Publicaciones, accessed 18 April 2011, in Spanish).",2025-04-07T06:46:44Z,2009,2009-01-01,2009-12-31
4713294,MDG_0000000025,COUNTRY,LSO,AFR,Africa,YEAR,2018,,,,,,,,,87,86.6,,,Lesotho Multiple Indicator Cluster Survey 2018; Survey Findings Report. Maseru: Bureau of Statistics [Lesotho]; 2019.,2026-04-21T12:35:59Z,2018,2018-01-01,2018-12-31
4713596,MDG_0000000025,GLOBAL,GLOBAL,,,YEAR,2022,,,,,,,,,85,85.1,,,Estimate based on Joint UNICEF-WHO Database on Skilled Birth Attendance 2025,2026-04-21T12:35:59Z,2022,2022-01-01,2022-12-31
4714010,MDG_0000000025,COUNTRY,MYS,WPR,Western Pacific,YEAR,2022,,,,,,,,,100,99.8,,,Sustainable Development Goals (SDG) Indicators Malaysia 2022,2026-04-21T12:35:59Z,2022,2022-01-01,2022-12-31
4719234,MDG_0000000025,COUNTRY,MYS,WPR,Western Pacific,YEAR,2000,,,,,,,,,97,97,,,Safe deliveries Annual Report 2002. Putrajaya: Ministry of Health [Malaysia]; 2003.,2025-04-07T06:46:44Z,2000,2000-01-01,2000-12-31
4729699,MDG_0000000025,COUNTRY,BIH,EUR,Europe,YEAR,2005,,,,,,,,,100,100,,, Statistical Yearbook Federation of Bosnia and Herzegovina 2006. Sarajevo: Federal Office of Statistics [Federation of Bosnia and Herzegovina]; 2006.,2025-04-07T06:46:44Z,2005,2005-01-01,2005-12-31
4730728,MDG_0000000025,GLOBAL,GLOBAL,,,YEAR,2014,,,,,,,,,78,78,,,,2024-04-26T13:59:03Z,2014,2014-01-01,2014-12-31
4738821,MDG_0000000025,COUNTRY,GNB,AFR,Africa,YEAR,2010,,,,,,,,,43,43,,,"Skilled personnel Ministério da Economia, do Plano e Integração Regional – Direcção Geral do Plano, Fundo das Nações Unidas para a Infância (UNICEF). Inquérito aos Indicadores Múltiplos, Inquérito Demográfico de Saúde Reprodutiva 2010. Relatório Final. Guiné-Bissau: Ministério da Economia, do Plano e Integração Regional – Direcção Geral do Plano; 2011 (in Portuguese).",2025-04-07T06:46:44Z,2010,2010-01-01,2010-12-31
4743399,MDG_0000000025,COUNTRY,ZWE,AFR,Africa,YEAR,2019,,,,,,,,,86,86,,,Zimbabwe Multiple Indicator Cluster Survey 2019; Survey Findings Report. Harare: Zimbabwe National Statistics Agency (ZIMSTAT); UNICEF; 2019.,2026-04-21T12:35:59Z,2019,2019-01-01,2019-12-31
4743405,MDG_0000000025,COUNTRY,EST,EUR,Europe,YEAR,2004,,,,,,,,,100,100,,," Estonian Medical Birth Registry (EMBR). Skilled birth attendant, 1992-2019. Tallinn: National Institute for Health Development [Estonia]; 2020 (http://www.tai.ee/en/r-and-d/registers/estonian-medical-birth-registry-and-estonian-abortion-registry/statistics, accessed 15 October 2013).",2025-04-07T06:46:44Z,2004,2004-01-01,2004-12-31
4743989,MDG_0000000025,COUNTRY,CZE,EUR,Europe,YEAR,2006,,,,,,,,,100,100,,, Rodi?ka a novorozenec 2006 [Mother and Newborn 2006]. Prague: Ústav zdravotnických informací a statistiky ?R [Institute of Health Information and Statistics of the Czech Republic]; 2007 (in Czech).,2025-04-07T06:46:44Z,2006,2006-01-01,2006-12-31
4749327,MDG_0000000025,COUNTRY,GRC,EUR,Europe,YEAR,2004,,,,,,,,,100,100,,,"Skilled persons Hellenic Republic, Hellenic Statistical Authority, General Directorate of Statistical Surveys, Vital and Migration Statistics Section, Statistical Output, provided during SDG Country Consultation",2025-04-07T06:46:44Z,2004,2004-01-01,2004-12-31
4754569,MDG_0000000025,COUNTRY,KNA,AMR,Americas,YEAR,2002,,,,,,,,,100,100,,,"Trained personnel Health Situation in the Americas: Basic Indicators 2004. Washington, DC: Pan American Health Organization/World Health Organization (PAHO/WHO), Area of Health Analysis and Information Systems (AIS); 2004.",2025-04-07T06:46:44Z,2002,2002-01-01,2002-12-31
4757194,MDG_0000000025,COUNTRY,PLW,WPR,Western Pacific,YEAR,2011,,,,,,,,,100,100,,, 2013 Statistical Yearbook. Koror: Ministry of Finance [Palau]; 2014.,2025-04-07T06:46:44Z,2011,2011-01-01,2011-12-31
4768559,MDG_0000000025,COUNTRY,MYS,WPR,Western Pacific,YEAR,2003,,,,,,,,,98,98,,,Trained personnel Health Indicators 2003: Indicators for Monitoring and Evaluation of Strategy Health for All. Putrajaya: Ministry of Health [Malaysia]; 2004.,2025-04-07T06:46:44Z,2003,2003-01-01,2003-12-31
4772488,MDG_0000000025,REGION,AFR,,,YEAR,2002,,,,,,,,,42,42,,,,2025-04-07T06:46:44Z,2002,2002-01-01,2002-12-31
4775510,MDG_0000000025,COUNTRY,MLI,AFR,Africa,YEAR,2001,,,,,,,,,41,41,,,"Doctor, nurse, midwife, aide soignante and matrone Cellule de Planification et de Statistique du Ministère de la Santé (CPS/MS), Direction Nationale de la Statistique et de l'Informatique (DNSI), ORC Macro. Enquête Démographique et de Santé au Mali 2001. Calverton, Maryland, USA: CPS/MS, DNSI, ORC Macro; 2002 (in French).",2025-04-07T06:46:44Z,2001,2001-01-01,2001-12-31
4786963,MDG_0000000025,COUNTRY,BOL,AMR,Americas,YEAR,2015,,,,,,,,,88,88,,, Registros administrativos del Sistema Nacional de Salud y Vigilancia Epidemiológica del Ministerio de Salud y Deportes - 2022,2025-04-07T06:46:44Z,2015,2015-01-01,2015-12-31
4787756,MDG_0000000025,COUNTRY,DMA,AMR,Americas,YEAR,2004,,,,,,,,,100,100,,,"Trained personnel Health Situation in the Americas: Basic Indicators 2007. Washington, DC: Pan American Health Organization/World Health Organization (PAHO/WHO), Health Analysis and Statistics Unit (HA); 2007.",2025-04-07T06:46:44Z,2004,2004-01-01,2004-12-31
4791239,MDG_0000000025,REGION,EUR,,,YEAR,2009,,,,,,,,,98,98,,,,2025-04-07T06:46:44Z,2009,2009-01-01,2009-12-31
4793125,MDG_0000000025,COUNTRY,UGA,AFR,Africa,YEAR,2022,,,,,,,,,88,88.4,,,Uganda Bureau of Statistics 2023. Uganda Demographic and Health Survey 2022 Volume 1. Kampala; Uganda: UBOS.,2026-04-21T12:35:59Z,2022,2022-01-01,2022-12-31
4795631,MDG_0000000025,COUNTRY,NOR,EUR,Europe,YEAR,2022,,,,,,,,,99,99.1,,,Folkehelseinstituttet; Medisinsk fdselsregister [Norwegian Institute of Public Health (NIPH); Medical Birth Registry]. Medisinsk fdselsregister - statistikkbank. Norway; 2023. (https://statistikkbank.fhi.no/mfr/ accessed 22 September 2023).,2026-04-21T12:35:59Z,2022,2022-01-01,2022-12-31
4805931,MDG_0000000025,COUNTRY,QAT,EMR,Eastern Mediterranean,YEAR,2018,,,,,,,,,100,100,,,Vital Statistics; Annual Bulletin. Births and Deaths 2019. Doha: Ministry of Development Planning and Statistics [Qatar]; 2021.,2026-04-21T12:35:59Z,2018,2018-01-01,2018-12-31
4806074,MDG_0000000025,GLOBAL,GLOBAL,,,YEAR,2008,,,,,,,,,69,69,,,,2024-04-26T13:59:03Z,2008,2008-01-01,2008-12-31
4806839,MDG_0000000025,COUNTRY,SVK,EUR,Europe,YEAR,2007,,,,,,,,,99,99,,,"Skilled health personnel Transformative Monitoring for Enhanced Equity (TransMonEE) 2012 Database [online database]. Geneva: UNICEF Europe and Central Asia Regional Office; 2012 (www.transmonee.org, accessed 1 November 2012). ",2025-04-07T06:46:44Z,2007,2007-01-01,2007-12-31
4807136,MDG_0000000025,COUNTRY,BGR,EUR,Europe,YEAR,2022,,,,,,,,,94,94.2,,,National Statistical Institute of Bulgaria; 2023.,2026-04-21T12:35:59Z,2022,2022-01-01,2022-12-31
4823681,MDG_0000000025,COUNTRY,NIU,WPR,Western Pacific,YEAR,2001,,,,,,,,,100,100,,,"Skilled health personnel Economics, Planning Development and Statistices Unit [Niue]. Niue Millennium Development Goals, 2007 Report. Alofi: Statistics Niue; 2007.",2025-04-07T06:46:44Z,2001,2001-01-01,2001-12-31
4826174,MDG_0000000025,COUNTRY,SVN,EUR,Europe,YEAR,2007,,,,,,,,,100,100,,, Statistical Yearbook 2011. Ljubljana: Statistical Office of the Republic of Slovenia; 2011.,2025-04-07T06:46:44Z,2007,2007-01-01,2007-12-31
4829134,MDG_0000000025,COUNTRY,AZE,EUR,Europe,YEAR,2005,,,,,,,,,94,94,,,Skilled health personnel Statistical Yearbook of Azerbaijan 2013. Baku: State Statistical Committee of the Republic of Azerbaijan; 2013.,2025-04-07T06:46:44Z,2005,2005-01-01,2005-12-31
4832659,MDG_0000000025,COUNTRY,ZAF,AFR,Africa,YEAR,2016,,,,,,,,,97,96.7,,,National Department of Health (NDoH); Statistics South Africa (Stats SA); South African Medical Research Council (SAMRC); ICF. South Africa Demographic and Health Survey 2016. Pretoria; South Africa and Rockville; Maryland; USA: NDoH; Stats SA; SAMRC; ICF; 2019.,2026-04-21T12:35:59Z,2016,2016-01-01,2016-12-31
4833678,MDG_0000000025,COUNTRY,ISL,EUR,Europe,YEAR,2016,,,,,,,,,98,97.9,,,Births: Home deliveries as percentage of all deliveries in Iceland 1980-2016 [website]. Reykjavk: Directorate of Health [Iceland]; 2017 (https://www.landlaeknir.is/english/statistics/births/; accessed 10 October 2017).,2026-04-21T12:35:59Z,2016,2016-01-01,2016-12-31
4852092,MDG_0000000025,COUNTRY,ITA,EUR,Europe,YEAR,2017,,,,,,,,,100,99.9,,,Certificato di assistenza al parto (CeDAP). Analisi dell'evento nascita - Anno 2017. Roma: Direzione Generale della Digitalizzazione; del Sistema Informativo Sanitario e della Statistica Ufficio di Statistica; 2020 (in Italian).,2026-04-21T12:35:59Z,2017,2017-01-01,2017-12-31
4858366,MDG_0000000025,COUNTRY,BRN,WPR,Western Pacific,YEAR,2012,,,,,,,,,100,100,,,Skilled health personnel Health Information Booklet 2017. Bandar Seri Begawan: Ministry of Health [Brunei Darussalam]; 2018.,2025-04-07T06:46:44Z,2012,2012-01-01,2012-12-31
4859291,MDG_0000000025,COUNTRY,CPV,AFR,Africa,YEAR,2010,,,,,,,,,99,99,,," Relatório Estatístico 2011 [Statistical Report 2011]. Praia: Ministério da Saúde [Ministry of Health], República de Cabo Verde; 2012 (in Portuguese).",2025-04-07T06:46:44Z,2010,2010-01-01,2010-12-31
4860868,MDG_0000000025,COUNTRY,UZB,EUR,Europe,YEAR,2012,,,,,,,,,100,100,,,"Skilled health personnel Transformative Monitoring for Enhanced Equity (TransMonEE) 2016 Database [online database]. Geneva: UNICEF Europe and Central Asia Regional Office; 2016 (www.transmonee.org, accessed 17 October 2016). ",2025-04-07T06:46:44Z,2012,2012-01-01,2012-12-31
4864857,MDG_0000000025,REGION,EUR,,,YEAR,2000,,,,,,,,,97,97,,,,2024-04-26T13:59:03Z,2000,2000-01-01,2000-12-31
4872067,MDG_0000000025,COUNTRY,AUT,EUR,Europe,YEAR,2004,,,,,,,,,98,98,,, Jahrbuch der Gesundheitsstatistik 2012. Wien: Statistik Austria; 2013 (in German).,2025-04-07T06:46:44Z,2004,2004-01-01,2004-12-31
4874492,MDG_0000000025,COUNTRY,SVK,EUR,Europe,YEAR,2004,,,,,,,,,100,100,,,"Skilled health personnel Transformative Monitoring for Enhanced Equity (TransMonEE) 2012 Database [online database]. Geneva: UNICEF Europe and Central Asia Regional Office; 2012 (www.transmonee.org, accessed 1 November 2012). ",2025-04-07T06:46:44Z,2004,2004-01-01,2004-12-31
4874638,MDG_0000000025,COUNTRY,UZB,EUR,Europe,YEAR,2014,,,,,,,,,100,100,,,"Skilled health personnel Transformative Monitoring for Enhanced Equity (TransMonEE) 2016 Database [online database]. Geneva: UNICEF Europe and Central Asia Regional Office; 2016 (www.transmonee.org, accessed 17 October 2016). ",2025-04-07T06:46:44Z,2014,2014-01-01,2014-12-31
4879511,MDG_0000000025,COUNTRY,CPV,AFR,Africa,YEAR,2007,,,,,,,,,74,74,,," Relatório Estatístico 2009 [Statistical Report 2009]. Praia: Ministério da Saúde [Ministry of Health], República de Cabo Verde; 2010 (in Portuguese).",2025-04-07T06:46:44Z,2007,2007-01-01,2007-12-31
4885928,MDG_0000000025,COUNTRY,SGP,WPR,Western Pacific,YEAR,2002,,,,,,,,,100,100,,,"  Registry of Births and Deaths, Immigration and Checkpoints Authority Singapore",2025-04-07T06:46:44Z,2002,2002-01-01,2002-12-31
4886432,MDG_0000000025,COUNTRY,UZB,EUR,Europe,YEAR,2007,,,,,,,,,100,100,,,"Skilled health personnel Transformative Monitoring for Enhanced Equity (TransMonEE) 2016 Database [online database]. Geneva: UNICEF Europe and Central Asia Regional Office; 2016 (www.transmonee.org, accessed 17 October 2016). ",2025-04-07T06:46:44Z,2007,2007-01-01,2007-12-31
4894087,MDG_0000000025,COUNTRY,ARG,AMR,Americas,YEAR,2017,,,,,,,,,94,93.9,,,Estadsticas Vitales. Informacin Bsica Ao 2017. Buenos Aires: Ministerio de Salud [Argentina]; 2018 (in Spanish).,2026-04-21T12:35:59Z,2017,2017-01-01,2017-12-31
4899559,MDG_0000000025,COUNTRY,MDV,SEAR,South-East Asia,YEAR,2008,,,,,,,,,98,98,,, The Maldives Health Statistics 2009. Male': Ministry of Health and Family [Republic of Maldives]; 2010.,2025-04-07T06:46:44Z,2008,2008-01-01,2008-12-31
4904090,MDG_0000000025,COUNTRY,MKD,EUR,Europe,YEAR,2015,,,,,,,,,100,100,,,Health personnel Statistical Yearbook of the Republic of Macedonia 2017. Skopje: State Statistical Office [Macedonia]; 2017.,2025-04-07T06:46:44Z,2015,2015-01-01,2015-12-31
4905463,MDG_0000000025,COUNTRY,ARE,EMR,Eastern Mediterranean,YEAR,2004,,,,,,,,,100,100,,,"Skilled health personnel Millennium Development Goals United Arab Emirates Report (Second Report). Abu Dhabi: Ministry of Economy [UAE], United Nations Development Programme (UNDP); 2007. ",2025-04-07T06:46:44Z,2004,2004-01-01,2004-12-31
4905936,MDG_0000000025,COUNTRY,LVA,EUR,Europe,YEAR,2009,,,,,,,,,99,99,,," Mother and Child Health 11th edition, 2009. Riga: The Centre of Health Economics; 2010.",2025-04-07T06:46:44Z,2009,2009-01-01,2009-12-31
4905966,MDG_0000000025,COUNTRY,HUN,EUR,Europe,YEAR,2008,,,,,,,,,100,100,,,"Skilled health personnel Transformative Monitoring for Enhanced Equity (TransMonEE) 2012 Database [online database]. Geneva: UNICEF Europe and Central Asia Regional Office; 2012 (www.transmonee.org, accessed 1 November 2012). ",2025-04-07T06:46:44Z,2008,2008-01-01,2008-12-31
4907259,MDG_0000000025,COUNTRY,GTM,AMR,Americas,YEAR,2014,,,,,,,,,67,67,,,"Trained personnel PLISA Health Information Platform. Indicator profile: Deliveries attended by skilled birth attendants (%) [online database]. Washington, DC: Pan American Health Organization/World Health Organization (PAHO/WHO); 2021 (https://opendata.paho.org/es/indicadores-basicos/tablero-de-los-indicadores-basicos, accessed 30 December 2021). ",2025-04-07T06:46:44Z,2014,2014-01-01,2014-12-31
4907800,MDG_0000000025,COUNTRY,URY,AMR,Americas,YEAR,2007,,,,,,,,,99,99,,, Anuario Estadístico 2010. Uruguay: Instituto Nacional de Estadística (INE); 2011 (in Spanish).  ,2025-04-07T06:46:44Z,2007,2007-01-01,2007-12-31
4923967,MDG_0000000025,COUNTRY,OMN,EMR,Eastern Mediterranean,YEAR,2021,,,,,,,,,100,100,,,Annual Health Report 2022. Muscat: Ministry of Health; Department of Health Information and Statistics; Directorate General of Planning [Oman]; 2023.,2026-04-21T12:35:59Z,2021,2021-01-01,2021-12-31
4924576,MDG_0000000025,COUNTRY,MEX,AMR,Americas,YEAR,2013,,,,,,,,,96,96,,," SS. Dirección General de Información en Salud (DGIS) [Mexico]; 2020. (http://www.agenda2030.mx/ODSind.html?ind=ODS003000030020&cveind=27&cveCob=99&lang=es#/Indicator, last accessed 28 January 2021)",2025-04-07T06:46:44Z,2013,2013-01-01,2013-12-31
4931675,MDG_0000000025,COUNTRY,COL,AMR,Americas,YEAR,2011,,,,,,,,,99,99,,," DANE [online database]. Estadísticas Vitales - Nacimientos. 2011. Bogotá D.C.: Departamento Administrativo Nacional de Estadística (DANE); 2011 (http://www.dane.gov.co/index.php?option=com_content&view=article&id=786&Itemid=119, accessed 29 August 2012, in Spanish).  ",2025-04-07T06:46:44Z,2011,2011-01-01,2011-12-31
4933810,MDG_0000000025,COUNTRY,IRQ,EMR,Eastern Mediterranean,YEAR,2000,,,,,,,,,65,65,,," Iraq Multiple Indicator Cluster Survey for the Year 2000 (Detailed Report). Baghdad: Council of Ministers, Planning Commission, Central Statistical Organisation [Iraq], United Nations Children's Fund (UNICEF); 2001.",2025-04-07T06:46:44Z,2000,2000-01-01,2000-12-31
4938035,MDG_0000000025,COUNTRY,BRA,AMR,Americas,YEAR,2019,,,,,,,,,98,98.4,,,Ministrio da Sade; Sistema de Informaes sobre Nascidos Vivos (SINASC); (https://odsbrasil.gov.br/objetivo3/indicador312#); 2021,2026-04-21T12:35:59Z,2019,2019-01-01,2019-12-31
4938945,MDG_0000000025,COUNTRY,MSR,AMR,Americas,YEAR,2001,,,,,,,,,98,98,,,"Trained personnel PLISA Health Information Platform. Indicator profile: Deliveries attended by skilled birth attendants (%) [online database]. Washington, DC: Pan American Health Organization/World Health Organization (PAHO/WHO); 2021 (https://opendata.paho.org/es/indicadores-basicos/tablero-de-los-indicadores-basicos, accessed 30 December 2021). ",2025-04-07T06:46:44Z,2001,2001-01-01,2001-12-31
4943929,MDG_0000000025,GLOBAL,GLOBAL,,,YEAR,2012,,,,,,,,,76,76,,,,2024-04-26T13:59:03Z,2012,2012-01-01,2012-12-31
4944620,MDG_0000000025,COUNTRY,RUS,EUR,Europe,YEAR,2018,,,,,,,,,100,99.7,,,Federal State Statistics Service. Data on SDG Indicators. Russia; 2021. (https://eng.rosstat.gov.ru/3.1.2) accessed September 29; 2021.,2026-04-21T12:35:59Z,2018,2018-01-01,2018-12-31
4949213,MDG_0000000025,COUNTRY,CRI,AMR,Americas,YEAR,2018,,,,,,,,,99,98.5,,,Ministerio de Salud (MS); Instituto Nacional de Estadstica y Censos (INEC) y Fondo de las Naciones Unidas para la Infancia (UNICEF). Encuesta de Mujeres; Niez y Adolescencia (EMNA); Informe de resultados de la encuesta 2018. San Jos; Costa Rica; 2020. (in Spanish),2026-04-21T12:35:59Z,2018,2018-01-01,2018-12-31
4950377,MDG_0000000025,COUNTRY,KGZ,EUR,Europe,YEAR,2014,,,,,,,,,98,98,,," National Statistical Committee of the Kyrgyz Republic, United Nations Children's Fund (UNICEF). Kyrgyz Republic Multiple Indicator Cluster Survey 2014, Final Report. Bishkek, Kyrgyzstan: National Statistical Committee of the Kyrgyz Republic, UNICEF; 2016.",2025-04-07T06:46:44Z,2014,2014-01-01,2014-12-31
4950466,MDG_0000000025,COUNTRY,BWA,AFR,Africa,YEAR,2020,,,,,,,,,100,100,,, Botswana Maternal Mortality Ratio 2020. Gaborone: Statistics Botswana (CSO); 2020.,2025-04-07T06:46:44Z,2020,2020-01-01,2020-12-31
4962253,MDG_0000000025,COUNTRY,COL,AMR,Americas,YEAR,2009,,,,,,,,,99,99,,," DANE [online database]. Estadísticas Vitales - Nacimientos. 2009. Bogotá D.C.: Departamento Administrativo Nacional de Estadística (DANE); 2011 (http://www.dane.gov.co/daneweb_V09/index.php?option=com_content&view=article&id=786&Itemid=119, accessed 30 May 2011, in Spanish).  ",2025-04-07T06:46:44Z,2009,2009-01-01,2009-12-31
4968037,MDG_0000000025,COUNTRY,MNG,WPR,Western Pacific,YEAR,2010,,,,,,,,,99,99,,," Mongolia ""Child Development - 2010"" survey. Multiple Indicator Cluster Survey - 4. Final Report. Ulaanbaatar: National Statistical Office of Mongolia, United Nations Children's Fund (UNICEF); 2013.",2025-04-07T06:46:44Z,2010,2010-01-01,2010-12-31
4970908,MDG_0000000025,COUNTRY,DNK,EUR,Europe,YEAR,2005,,,,,,,,,99,99,,," Sundhedsstyrelsen [National Board of Health, Denmark]. Nye tal fra Sundhedsstyrelsen - Fødselsregisteret 2006, 2007:4 [New figures from the National Board of Health, Denmark - Birth Registry 2006, 2007:4]. Copenhagen: Sundhedsstyrelsen; 2007 (in Danish).",2025-04-07T06:46:44Z,2005,2005-01-01,2005-12-31
4974521,MDG_0000000025,COUNTRY,TJK,EUR,Europe,YEAR,2005,,,,,,,,,82,82,,," State Committee on Statistics of the Republic of Tajikistan, United Nations Children's Fund (UNICEF). Tajikistan Multiple Indicator Cluster Survey 2005, Final Report. Dushanbe, Tajikistan: State Committee on Statistics of the Republic of Tajikistan; 2007.",2025-04-07T06:46:44Z,2005,2005-01-01,2005-12-31
4979357,MDG_0000000025,COUNTRY,LCA,AMR,Americas,YEAR,2008,,,,,,,,,100,100,,,"Trained personnel PLISA Health Information Platform. Indicator profile: Deliveries attended by skilled birth attendants (%) [online database]. Washington, DC: Pan American Health Organization/World Health Organization (PAHO/WHO); 2018 (http://www.paho.org/data/index.php/en/indicators/visualization.html, accessed 11 February 2020). ",2025-04-07T06:46:44Z,2008,2008-01-01,2008-12-31
4982123,MDG_0000000025,COUNTRY,GUY,AMR,Americas,YEAR,2015,,,,,,,,,96,96,,,"Trained personnel PLISA Health Information Platform. Indicator profile: Deliveries attended by skilled birth attendants (%) [online database]. Washington, DC: Pan American Health Organization/World Health Organization (PAHO/WHO); 2021 (https://opendata.paho.org/es/indicadores-basicos/tablero-de-los-indicadores-basicos, accessed 30 December 2021). ",2025-04-07T06:46:44Z,2015,2015-01-01,2015-12-31
4983126,MDG_0000000025,COUNTRY,BWA,AFR,Africa,YEAR,2019,,,,,,,,,100,99.8,,,Botswana Maternal Mortality Ratio 2021. Gaborone: Statistics Botswana (CSO); 2023.,2026-04-21T12:35:59Z,2019,2019-01-01,2019-12-31
4983841,MDG_0000000025,COUNTRY,DMA,AMR,Americas,YEAR,2002,,,,,,,,,100,100,,,"Trained personnel Health Situation in the Americas: Basic Indicators 2005. Washington, DC: Pan American Health Organization/World Health Organization (PAHO/WHO), Area of Health Analysis and Information Systems (AIS); 2005.",2025-04-07T06:46:44Z,2002,2002-01-01,2002-12-31
4985132,MDG_0000000025,COUNTRY,SYC,AFR,Africa,YEAR,2008,,,,,,,,,100,100,,,Skilled health staff Seychelles Millennium Development Goals: Status Report 2010. Mahé: Ministry of Foreign Affairs [Seychelles]; 2010.,2025-04-07T06:46:44Z,2008,2008-01-01,2008-12-31
4985328,MDG_0000000025,COUNTRY,TJK,EUR,Europe,YEAR,2006,,,,,,,,,78,78,,,"Skilled health personnel Transformative Monitoring for Enhanced Equity (TransMonEE) 2012 Database [online database]. Geneva: UNICEF Europe and Central Asia Regional Office; 2012 (www.transmonee.org, accessed 1 November 2012). ",2025-04-07T06:46:44Z,2006,2006-01-01,2006-12-31
4986138,MDG_0000000025,COUNTRY,AUT,EUR,Europe,YEAR,2002,,,,,,,,,98,98,,, Jahrbuch der Gesundheitsstatistik 2003. Wien: Statistik Austria; 2005 (in German).,2025-04-07T06:46:44Z,2002,2002-01-01,2002-12-31
4988635,MDG_0000000025,COUNTRY,LVA,EUR,Europe,YEAR,2019,,,,,,,,,98,98,,,Health Statistics Database - Maternal and child health care (Veselbas statistikas datubze). Latvia; 2023 (https://statistika.spkc.gov.lv/pxweb/en/Health/Health__Mates_berna_veseliba/MCH010_dzemdibu_raditaji_regioni.px/ accessed 21 September 2023),2026-04-21T12:35:59Z,2019,2019-01-01,2019-12-31
4989654,MDG_0000000025,COUNTRY,KNA,AMR,Americas,YEAR,2020,,,,,,,,,100,100,,,PLISA Health Information Platform. Indicator profile: Deliveries attended by skilled birth attendants (%) [online database]. Washington; DC: Pan American Health Organization/World Health Organization (PAHO/WHO); 2021 (https://opendata.paho.org/es/indicadores-basicos/tablero-de-los-indicadores-basicos; accessed 30 December 2021).,2026-04-21T12:35:59Z,2020,2020-01-01,2020-12-31
4997365,MDG_0000000025,REGION,AFR,,,YEAR,2001,,,,,,,,,41,41,,,,2025-04-07T06:46:44Z,2001,2001-01-01,2001-12-31
4998020,MDG_0000000025,COUNTRY,PER,AMR,Americas,YEAR,2023,,,,,,,,,95,94.8,,,Per: Encuesta Demogrfica y de Salud Familiar - ENDES 2023. Lima: Instituto Nacional de Estadstica e Informtica (INEI) [Per]; 2023 (in Spanish).,2026-04-21T12:35:59Z,2023,2023-01-01,2023-12-31
5003790,MDG_0000000025,COUNTRY,KOR,WPR,Western Pacific,YEAR,2009,,,,,,,,,100,100,,," The 2009 National Survey on Fertility, Family Health & Welfare in Korea. Sejong City: Korea Institute for Health and Social Affairs; 2009 (in Korean). ",2025-04-07T06:46:44Z,2009,2009-01-01,2009-12-31
5004101,MDG_0000000025,COUNTRY,COD,AFR,Africa,YEAR,2001,,,,,,,,,61,61,,," Gouvernement République Démocratique du Congo, Fonds des Nations Unies pour l'Enfance (UNICEF). Enquete Nationale sur la Situation des Enfants et des Femmes MICS2/2001. Rapport d'analyse. Kinshasa, République Démocratique du Congo; 2002 (in French).",2025-04-07T06:46:44Z,2001,2001-01-01,2001-12-31
5004556,MDG_0000000025,COUNTRY,MEX,AMR,Americas,YEAR,2000,,,,,,,,,89,89,,," Encuesta Nacional de Salud 2000. Tomo 2. La salud de los adultos. Cuernavaca, Morelos: Instituto Nacional de Salud Pública [Mexico]; 2003 (in Spanish).",2025-04-07T06:46:44Z,2000,2000-01-01,2000-12-31
5014039,MDG_0000000025,COUNTRY,RUS,EUR,Europe,YEAR,2014,,,,,,,,,100,100,,,"Skilled health personnel Federal State Statistics Service. Data on SDG Indicators. Russia; 2021. (https://eng.rosstat.gov.ru/3.1.2) accessed September 29, 2021.",2025-04-07T06:46:44Z,2014,2014-01-01,2014-12-31
5018612,MDG_0000000025,COUNTRY,UKR,EUR,Europe,YEAR,2014,,,,,,,,,100,100,,,"Skilled health personnel Transformative Monitoring for Enhanced Equity (TransMonEE) 2016 Database [online database]. Geneva: UNICEF Europe and Central Asia Regional Office; 2016 (www.transmonee.org, accessed 17 October 2016). ",2025-04-07T06:46:44Z,2014,2014-01-01,2014-12-31
5030330,MDG_0000000025,COUNTRY,SEN,AFR,Africa,YEAR,2016,,,,,,,,,59,58.6,,,Agence Nationale de la Statistique et de la Dmographie (ANSD) [Sngal]; ICF. Sngal: Enqute Dmographique et de Sant Continue (EDS-Continue) 2016. Rockville; Maryland; USA: ANSD; ICF; 2017 (in French).,2026-04-21T12:35:59Z,2016,2016-01-01,2016-12-31
5035914,MDG_0000000025,COUNTRY,PLW,WPR,Western Pacific,YEAR,2015,,,,,,,,,100,100,,, 2015 Statistical Yearbook. Koror: Ministry of Finance [Palau]; 2016.,2025-04-07T06:46:44Z,2015,2015-01-01,2015-12-31
5039601,MDG_0000000025,COUNTRY,MDV,SEAR,South-East Asia,YEAR,2010,,,,,,,,,98,98,,, The Maldives Health Statistics 2011. Male': Ministry of Health and Family [Republic of Maldives]; 2012.,2025-04-07T06:46:44Z,2010,2010-01-01,2010-12-31
5040261,MDG_0000000025,COUNTRY,BRA,AMR,Americas,YEAR,2013,,,,,,,,,98,98,,," Ministério da Saúde, Sistema de Informações sobre Nascidos Vivos (SINASC); (https://odsbrasil.gov.br/objetivo3/indicador312#); 2021",2025-04-07T06:46:44Z,2013,2013-01-01,2013-12-31
5050347,MDG_0000000025,COUNTRY,SUR,AMR,Americas,YEAR,2010,,,,,,,,,90,90,,," Ministry of Social Affairs and Housing, General Bureau of Statistics, United Nations Children's Fund (UNICEF). Suriname Multiple Indicator Cluster Survey 2010, Final Report. Paramaribo: Ministry of Social Affairs and Housing, General Bureau of Statistics, UNICEF; 2012.",2025-04-07T06:46:44Z,2010,2010-01-01,2010-12-31
5050689,MDG_0000000025,COUNTRY,KEN,AFR,Africa,YEAR,2003,,,,,,,,,42,42,,," Central Bureau of Statistics (CBS) [Kenya], Ministry of Health (MOH) [Kenya], ORC Macro. Kenya Demographic and Health Survey 2003. Calverton, Maryland: CBS, MOH, ORC Macro; 2004.",2025-04-07T06:46:44Z,2003,2003-01-01,2003-12-31
5056329,MDG_0000000025,COUNTRY,BWA,AFR,Africa,YEAR,2004,,,,,,,,,97,97,,,"Skilled health personnel Stats Brief. Vision 2016 and Millennium Development Goals Indicators Report, 2012. No. 2012/3. Gaborone: Statistics Botswana (CSO); 2012.",2025-04-07T06:46:44Z,2004,2004-01-01,2004-12-31
5057025,MDG_0000000025,COUNTRY,EST,EUR,Europe,YEAR,2014,,,,,,,,,100,100,,," Estonian Medical Birth Registry (EMBR). Skilled birth attendant, 1992-2019. Tallinn: National Institute for Health Development [Estonia]; 2020",2025-04-07T06:46:44Z,2014,2014-01-01,2014-12-31
5075233,MDG_0000000025,COUNTRY,SVN,EUR,Europe,YEAR,2012,,,,,,,,,100,100,,, Statistical Yearbook 2013. Ljubljana: Statistical Office of the Republic of Slovenia; 2013.,2025-04-07T06:46:44Z,2012,2012-01-01,2012-12-31
5079040,MDG_0000000025,COUNTRY,SVK,EUR,Europe,YEAR,2009,,,,,,,,,100,100,,,"Skilled health personnel Transformative Monitoring for Enhanced Equity (TransMonEE) 2012 Database [online database]. Geneva: UNICEF Europe and Central Asia Regional Office; 2012 (www.transmonee.org, accessed 1 November 2012). ",2025-04-07T06:46:44Z,2009,2009-01-01,2009-12-31
5079958,MDG_0000000025,COUNTRY,MEX,AMR,Americas,YEAR,2003,,,,,,,,,90,90,,," SS. Dirección General de Información en Salud (DGIS) [Mexico]; 2020. (http://www.agenda2030.mx/ODSind.html?ind=ODS003000030020&cveind=27&cveCob=99&lang=es#/Indicator, last accessed 28 January 2021)",2025-04-07T06:46:44Z,2003,2003-01-01,2003-12-31
5089036,MDG_0000000025,COUNTRY,FIN,EUR,Europe,YEAR,2021,,,,,,,,,100,99.5,,,Statistics Finland: https://pxnet2.stat.fi/PXWeb/pxweb/en/SDG/,2026-04-21T12:35:59Z,2021,2021-01-01,2021-12-31
5098290,MDG_0000000025,COUNTRY,USA,AMR,Americas,YEAR,2003,,,,,,,,,99,99,,," Martin JA, Hamilton BE, Sutton PD, Ventura SJ, Menacker F, Munson ML. Births: Final data for 2003. National Vital Statistics Reports; vol. 54, no. 2. Hyattsville, MD: National Center for Health Statistics; 2005.",2025-04-07T06:46:44Z,2003,2003-01-01,2003-12-31
5113375,MDG_0000000025,COUNTRY,MNG,WPR,Western Pacific,YEAR,2004,,,,,,,,,100,100,,,Skilled health personnel Western Pacific Country Health Information Profiles: 2006 Revision. Manila: World Health Organization Regional Office for the Western Pacific (WPRO); 2006.,2025-04-07T06:46:44Z,2004,2004-01-01,2004-12-31
5114632,MDG_0000000025,COUNTRY,PRY,AMR,Americas,YEAR,2011,,,,,,,,,96,96,,,Trained personnel Ministry of Health provided by the PAHO/WHO Country Office to the Health Information and Analysis Project (HA) - Regional Health Observatory Database. (Data provided by UNICEF April 2016).,2025-04-07T06:46:44Z,2011,2011-01-01,2011-12-31
5119413,MDG_0000000025,COUNTRY,LBY,EMR,Eastern Mediterranean,YEAR,2010,,,,,,,,,100,100,,,Trained personnel Vital Statistics 2010. Libya: Ministry of Health [Libya]; 2011.,2025-04-07T06:46:44Z,2010,2010-01-01,2010-12-31
5132238,MDG_0000000025,COUNTRY,BHS,AMR,Americas,YEAR,2007,,,,,,,,,98,98,,,"Trained personnel PLISA Health Information Platform. Indicator profile: Deliveries attended by skilled birth attendants (%) [online database]. Washington, DC: Pan American Health Organization/World Health Organization (PAHO/WHO); 2021 (https://opendata.paho.org/es/indicadores-basicos/tablero-de-los-indicadores-basicos, accessed 30 December 2021). ",2025-04-07T06:46:44Z,2007,2007-01-01,2007-12-31
5133703,MDG_0000000025,COUNTRY,DMA,AMR,Americas,YEAR,2011,,,,,,,,,100,100,,,"Trained personnel PLISA Health Information Platform. Indicator profile: Deliveries attended by skilled birth attendants (%) [online database]. Washington, DC: Pan American Health Organization/World Health Organization (PAHO/WHO); 2021 (https://opendata.paho.org/es/indicadores-basicos/tablero-de-los-indicadores-basicos, accessed 30 December 2021). ",2025-04-07T06:46:44Z,2011,2011-01-01,2011-12-31
5137709,MDG_0000000025,COUNTRY,CRI,AMR,Americas,YEAR,2003,,,,,,,,,98,98,,, Estadísticas Vitales 2003. San José: Instituto Nacional de Estadística y Censos (INEC); 2005 (in Spanish).,2025-04-07T06:46:44Z,2003,2003-01-01,2003-12-31
5138491,MDG_0000000025,COUNTRY,ITA,EUR,Europe,YEAR,2008,,,,,,,,,100,100,,, Certificato di assistenza al parto (CeDAP). Analisi dell’evento nascita - Anno 2008. Roma: Direzione Generale del Sistema Informativo – Ufficio di Statistica; 2011 (in Italian). ,2025-04-07T06:46:44Z,2008,2008-01-01,2008-12-31
5144353,MDG_0000000025,COUNTRY,PAN,AMR,Americas,YEAR,2001,,,,,,,,,92,92,,,"Health professional Panamá en Cifras: años 1999-2003 [electronic publication]. Panamá: Instituto Nacional de Estadística y Censo (INEC) [Panama]; 2004 (http://www.contraloria.gob.pa/inec/Publicaciones, accessed 18 April 2011, in Spanish).",2025-04-07T06:46:44Z,2001,2001-01-01,2001-12-31
5145342,MDG_0000000025,COUNTRY,JPN,WPR,Western Pacific,YEAR,2010,,,,,,,,,100,100,,," 2011 Vital Statistics of Japan [website]. Tokyo: e-stat (Portal Site of Official Statistics of Japan), National Statistics Center [Japan]; 2012 (https://www.e-stat.go.jp/en).",2025-04-07T06:46:44Z,2010,2010-01-01,2010-12-31
5153956,MDG_0000000025,COUNTRY,CMR,AFR,Africa,YEAR,2006,,,,,,,,,59,59,,,"Doctor, IDEA and midwife Ministère de l'Economie De la Planification et de L'Aménagement du Territoire, Insitut National de la Statistique, Fonds des Nations Unies pour l'Enfance (UNICEF). Enquête par grappes à indicateurs multiples 2006. Rapport Principal. Cameroun; 2008 (in French).",2025-04-07T06:46:44Z,2006,2006-01-01,2006-12-31
5157223,MDG_0000000025,COUNTRY,BRB,AMR,Americas,YEAR,2014,,,,,,,,,100,100,,,"Trained personnel PLISA Health Information Platform. Indicator profile: Deliveries attended by skilled birth attendants (%) [online database]. Washington, DC: Pan American Health Organization/World Health Organization (PAHO/WHO); 2021 (https://opendata.paho.org/es/indicadores-basicos/tablero-de-los-indicadores-basicos, accessed 30 December 2021). ",2025-04-07T06:46:44Z,2014,2014-01-01,2014-12-31
5162901,MDG_0000000025,COUNTRY,LTU,EUR,Europe,YEAR,2012,,,,,,,,,100,100,,,"Skilled health personnel Transformative Monitoring for Enhanced Equity (TransMonEE) 2016 Database [online database]. Geneva: UNICEF Europe and Central Asia Regional Office; 2016 (www.transmonee.org, accessed 17 October 2016). ",2025-04-07T06:46:44Z,2012,2012-01-01,2012-12-31
5163171,MDG_0000000025,COUNTRY,TTO,AMR,Americas,YEAR,2012,,,,,,,,,100,100,,,"Trained personnel PLISA Health Information Platform. Indicator profile: Deliveries attended by skilled birth attendants (%) [online database]. Washington, DC: Pan American Health Organization/World Health Organization (PAHO/WHO); 2021 (https://opendata.paho.org/es/indicadores-basicos/tablero-de-los-indicadores-basicos, accessed 30 December 2021). ",2025-04-07T06:46:44Z,2012,2012-01-01,2012-12-31
5166208,MDG_0000000025,COUNTRY,BFA,AFR,Africa,YEAR,2003,,,,,,,,,38,38,,,"Doctor (1.4%), nurse, midwife and trained TBA (nurse, midwife and trained TBA: 55.1%) Institut National de la Statistique et de la Démographie (INSD), ORC Macro. Enquête Démographique et de Santé du Burkina Faso 2003. Calverton, Maryland, USA: INSD; ORC Macro; 2004 (in French).",2025-04-07T06:46:44Z,2003,2003-01-01,2003-12-31
5166729,MDG_0000000025,REGION,AMR,,,YEAR,2002,,,,,,,,,91,91,,,,2024-04-26T13:59:03Z,2002,2002-01-01,2002-12-31
5175989,MDG_0000000025,REGION,AMR,,,YEAR,2000,,,,,,,,,90,90,,,,2024-04-26T13:59:03Z,2000,2000-01-01,2000-12-31
5176213,MDG_0000000025,COUNTRY,BRN,WPR,Western Pacific,YEAR,2002,,,,,,,,,100,100,,,Skilled health personnel Health Information Booklet 2012. Bandar Seri Begawan: Ministry of Health [Brunei Darussalam]; 2013.,2025-04-07T06:46:44Z,2002,2002-01-01,2002-12-31
5183938,MDG_0000000025,COUNTRY,RUS,EUR,Europe,YEAR,2005,,,,,,,,,99,99,,,"Skilled health personnel Transformative Monitoring for Enhanced Equity (TransMonEE) 2012 Database [online database]. Geneva: UNICEF Europe and Central Asia Regional Office; 2012 (www.transmonee.org, accessed 1 November 2012). ",2025-04-07T06:46:44Z,2005,2005-01-01,2005-12-31
5184251,MDG_0000000025,COUNTRY,BRB,AMR,Americas,YEAR,2011,,,,,,,,,100,100,,,"Trained personnel PLISA Health Information Platform. Indicator profile: Deliveries attended by skilled birth attendants (%) [online database]. Washington, DC: Pan American Health Organization/World Health Organization (PAHO/WHO); 2021 (https://opendata.paho.org/es/indicadores-basicos/tablero-de-los-indicadores-basicos, accessed 30 December 2021). ",2025-04-07T06:46:44Z,2011,2011-01-01,2011-12-31
5185418,MDG_0000000025,COUNTRY,SUR,AMR,Americas,YEAR,2021,,,,,,,,,100,100,,,PLISA Health Information Platform. Indicator profile: Deliveries attended by skilled birth attendants (%) [online database]. Washington; DC: Pan American Health Organization/World Health Organization (PAHO/WHO); 2023 (https://opendata.paho.org/es/indicadores-basicos/tablero-de-los-indicadores-basicos; accessed 21 September 2023).,2026-04-21T12:35:59Z,2021,2021-01-01,2021-12-31
5193186,MDG_0000000025,COUNTRY,CRI,AMR,Americas,YEAR,2017,,,,,,,,,99,98.7,,,Estadsticas Vitales 2017. San Jos: Instituto Nacional de Estadstica y Censos (INEC); 2018 (in Spanish).,2026-04-21T12:35:59Z,2017,2017-01-01,2017-12-31
5198245,MDG_0000000025,COUNTRY,IRL,EUR,Europe,YEAR,2017,,,,,,,,,100,99.7,,,Healthcare Pricing Office (HPO); Health Service Executive (HSE). Perinatal Statistics Report 2017. Version 1.0. Dublin: HSE; 2020.,2026-04-21T12:35:59Z,2017,2017-01-01,2017-12-31
5202710,MDG_0000000025,COUNTRY,NGA,AFR,Africa,YEAR,2003,,,,,,,,,35,35,,,"Doctor (6.6%), nurse, midwife, auxiliary midwife (28.6%) National Population Commission (NPC) [Nigeria], ORC Macro. Nigeria Demographic and Health Survey 2003. Calverton, Maryland: National Population Commission, ORC Macro; 2004.",2025-04-07T06:46:44Z,2003,2003-01-01,2003-12-31
5203059,MDG_0000000025,COUNTRY,RUS,EUR,Europe,YEAR,2022,,,,,,,,,100,99.7,,,Federal State Statistics Service. Data on SDG Indicators. Russia; 2023. (https://eng.rosstat.gov.ru/3.1.2) accessed September 27; 2023.,2026-04-21T12:35:59Z,2022,2022-01-01,2022-12-31
5207040,MDG_0000000025,COUNTRY,ITA,EUR,Europe,YEAR,2009,,,,,,,,,100,100,,, Certificato di assistenza al parto (CeDAP). Analisi dell’evento nascita - Anno 2009. Roma: Direzione Generale del Sistema Informativo – Ufficio di Statistica; 2012 (in Italian). ,2025-04-07T06:46:44Z,2009,2009-01-01,2009-12-31
5213124,MDG_0000000025,COUNTRY,CZE,EUR,Europe,YEAR,2014,,,,,,,,,100,100,,, Rodi?ka a novorozenec 2014-2015 [Mother and Newborn 2014-2015]. Prague: Ústav zdravotnických informací a statistiky ?R [Institute of Health Information and Statistics of the Czech Republic]; 2017 (in Czech).,2025-04-07T06:46:44Z,2014,2014-01-01,2014-12-31
5216980,MDG_0000000025,COUNTRY,MUS,AFR,Africa,YEAR,2017,,,,,,,,,100,99.8,,,Sustainable Development Goals [online database]. Port Louis: Statistics Mauritius; 2020 (https://statsmauritius.govmu.org/Pages/Statistics/By_Subject/SDGs/SB_SDG.aspx; accessed 8 January 2021).,2026-04-21T12:35:59Z,2017,2017-01-01,2017-12-31
5223666,MDG_0000000025,COUNTRY,BOL,AMR,Americas,YEAR,2003,,,,,,,,,59,59,,, Registros administrativos del Sistema Nacional de Salud y Vigilancia Epidemiológica del Ministerio de Salud y Deportes - 2022,2025-04-07T06:46:44Z,2003,2003-01-01,2003-12-31
5232784,MDG_0000000025,COUNTRY,ISL,EUR,Europe,YEAR,2014,,,,,,,,,98,98,,," Births: Home deliveries as percentage of all deliveries in Iceland 1980-2016 [website]. Reykjavík: Directorate of Health [Iceland]; 2017 (https://www.landlaeknir.is/english/statistics/births/, accessed 10 October 2017). ",2025-04-07T06:46:44Z,2014,2014-01-01,2014-12-31
5236346,MDG_0000000025,COUNTRY,GHA,AFR,Africa,YEAR,2017,,,,,,,,,78,78.1,,,Ghana Maternal Health Survey 2017. Accra; Ghana: Ghana Statistical Service (GSS); Ghana Health Service (GHS); ICF; 2018.,2026-04-21T12:35:59Z,2017,2017-01-01,2017-12-31
5236917,MDG_0000000025,COUNTRY,BWA,AFR,Africa,YEAR,2002,,,,,,,,,97,97,,,"Skilled health personnel Stats Brief. Vision 2016 and Millennium Development Goals Indicators Report, 2012. No. 2012/3. Gaborone: Statistics Botswana (CSO); 2012.",2025-04-07T06:46:44Z,2002,2002-01-01,2002-12-31
5237110,MDG_0000000025,COUNTRY,AUT,EUR,Europe,YEAR,2010,,,,,,,,,99,99,,, Jahrbuch der Gesundheitsstatistik 2012. Wien: Statistik Austria; 2013 (in German).,2025-04-07T06:46:44Z,2010,2010-01-01,2010-12-31
5242273,MDG_0000000025,COUNTRY,GTM,AMR,Americas,YEAR,2002,,,,,,,,,41,41,,," Encuesta Nacional de Salud Materno Infantil (ENSMI) 2002. Ciudad de Guatemala: Ministerio de Salud Pública y Asistencia Social (MSPAS) [Guatemala], Instituto Nacional de Estadística (INE) [Guatemala], Centros de Control y Prevención de Enfermedades (CDC); 2003 (in Spanish). ",2025-04-07T06:46:44Z,2002,2002-01-01,2002-12-31
5243166,MDG_0000000025,COUNTRY,QAT,EMR,Eastern Mediterranean,YEAR,2004,,,,,,,,,100,100,,," Vital Statistics, Annual Bulletin. Births and Deaths 2004. Doha: The Planning Council [Qatar]; 2005.",2025-04-07T06:46:44Z,2004,2004-01-01,2004-12-31
5245111,MDG_0000000025,COUNTRY,UZB,EUR,Europe,YEAR,2010,,,,,,,,,100,100,,,"Skilled health personnel Transformative Monitoring for Enhanced Equity (TransMonEE) 2016 Database [online database]. Geneva: UNICEF Europe and Central Asia Regional Office; 2016 (www.transmonee.org, accessed 17 October 2016). ",2025-04-07T06:46:44Z,2010,2010-01-01,2010-12-31
5247323,MDG_0000000025,COUNTRY,FIN,EUR,Europe,YEAR,2014,,,,,,,,,100,100,,,"Skilled health personnel Statistics Finland: https://pxnet2.stat.fi/PXWeb/pxweb/en/SDG/, last accessed 29/12/2021",2025-04-07T06:46:44Z,2014,2014-01-01,2014-12-31
5249792,MDG_0000000025,COUNTRY,SRB,EUR,Europe,YEAR,2009,,,,,,,,,100,100,,, Statistical Yearbook 2010. Belgrade: Statistical Office of the Republic of Serbia; 2010.,2025-04-07T06:46:44Z,2009,2009-01-01,2009-12-31
5251678,MDG_0000000025,COUNTRY,CHL,AMR,Americas,YEAR,2002,,,,,,,,,100,100,,,Skilled personnel Indicadores Básicos de Salud 2004. Chile: Ministerio de Salud - Departamento de Estadísticas e Información de Salud (DEIS); 2004 (in Spanish).,2025-04-07T06:46:44Z,2002,2002-01-01,2002-12-31
5255378,MDG_0000000025,COUNTRY,TCD,AFR,Africa,YEAR,2010,,,,,,,,,17,17,,," Enquête par grappes à indicateurs multiples Tchad 2010 - Rapport Final. Tchad: Ministère du Plan, de l’Economie et de la Coopération Internationale. Institut National de la Statistique, des Études Économiques et Démographiques (INSEED), Fonds des Nations Unies pour la population (FNUAP/UNFPA), Fonds des Nations Unies pour l'Enfance (UNICEF); 2011 (in French).",2025-04-07T06:46:44Z,2010,2010-01-01,2010-12-31
5260955,MDG_0000000025,COUNTRY,KGZ,EUR,Europe,YEAR,2004,,,,,,,,,98,98,,,"Skilled health personnel Transformative Monitoring for Enhanced Equity (TransMonEE) 2012 Database [online database]. Geneva: UNICEF Europe and Central Asia Regional Office; 2012 (www.transmonee.org, accessed 1 November 2012). ",2025-04-07T06:46:44Z,2004,2004-01-01,2004-12-31
5262223,MDG_0000000025,COUNTRY,DEU,EUR,Europe,YEAR,2021,,,,,,,,,96,96.3,,,Indicator 3..2.1: proportion of births attended by skilled health personnel [online database]. Wiesbaden: Statistisches Bundesamt (DESTATIS); 2023 (http://sdg-indikatoren.de/en/3-1-2/); accessed 21 September 2023).,2026-04-21T12:35:59Z,2021,2021-01-01,2021-12-31
5264705,MDG_0000000025,COUNTRY,ROU,EUR,Europe,YEAR,2019,,,,,,,,,92,91.5,,,National Institute of Statistics; Vital Statistics regarding live births [Romania]; 2021,2026-04-21T12:35:59Z,2019,2019-01-01,2019-12-31
5278735,MDG_0000000025,COUNTRY,EST,EUR,Europe,YEAR,2006,,,,,,,,,100,100,,," Estonian Medical Birth Registry (EMBR). Skilled birth attendant, 1992-2019. Tallinn: National Institute for Health Development [Estonia]; 2020 (http://www.tai.ee/en/r-and-d/registers/estonian-medical-birth-registry-and-estonian-abortion-registry/statistics, accessed 15 October 2013).",2025-04-07T06:46:44Z,2006,2006-01-01,2006-12-31
5279879,MDG_0000000025,COUNTRY,SLV,AMR,Americas,YEAR,2020,,,,,,,,,99,99.3,,,PLISA Health Information Platform. Indicator profile: Deliveries attended by skilled birth attendants (%) [online database]. Washington; DC: Pan American Health Organization/World Health Organization (PAHO/WHO); 2023 (https://opendata.paho.org/es/indicadores-basicos/tablero-de-los-indicadores-basicos; accessed 21 September 2023).,2026-04-21T12:35:59Z,2020,2020-01-01,2020-12-31
5283404,MDG_0000000025,COUNTRY,BHS,AMR,Americas,YEAR,2020,,,,,,,,,99,99,,,PLISA Health Information Platform. Indicator profile: Deliveries attended by skilled birth attendants (%) [online database]. Washington; DC: Pan American Health Organization/World Health Organization (PAHO/WHO); 2021 (https://opendata.paho.org/es/indicadores-basicos/tablero-de-los-indicadores-basicos; accessed 20 Septemner 2023).,2026-04-21T12:35:59Z,2020,2020-01-01,2020-12-31
5291180,MDG_0000000025,COUNTRY,BHS,AMR,Americas,YEAR,2014,,,,,,,,,99,99,,,"Trained personnel PLISA Health Information Platform. Indicator profile: Deliveries attended by skilled birth attendants (%) [online database]. Washington, DC: Pan American Health Organization/World Health Organization (PAHO/WHO); 2021 (https://opendata.paho.org/es/indicadores-basicos/tablero-de-los-indicadores-basicos, accessed 30 December 2021). ",2025-04-07T06:46:44Z,2014,2014-01-01,2014-12-31
5307208,MDG_0000000025,COUNTRY,MKD,EUR,Europe,YEAR,2012,,,,,,,,,100,100,,, Statistical Yearbook of the Republic of Macedonia 2012. Skopje: State Statistical Office [Macedonia]; 2012.,2025-04-07T06:46:44Z,2012,2012-01-01,2012-12-31
5308353,MDG_0000000025,COUNTRY,ISL,EUR,Europe,YEAR,2017,,,,,,,,,98,98,,,Births: Home deliveries as percentage of all deliveries in Iceland 1980-2018 [website]. Reykjavk: Directorate of Health [Iceland]; 2019 (https://www.landlaeknir.is/tolfraedi-og-rannsoknir/tolfraedi/allt-talnaefni/; accessed 10 February 2020).,2026-04-21T12:35:59Z,2017,2017-01-01,2017-12-31
5309524,MDG_0000000025,COUNTRY,KNA,AMR,Americas,YEAR,2012,,,,,,,,,100,100,,,"Trained personnel PLISA Health Information Platform. Indicator profile: Deliveries attended by skilled birth attendants (%) [online database]. Washington, DC: Pan American Health Organization/World Health Organization (PAHO/WHO); 2021 (https://opendata.paho.org/es/indicadores-basicos/tablero-de-los-indicadores-basicos, accessed 30 December 2021). ",2025-04-07T06:46:44Z,2012,2012-01-01,2012-12-31
5310268,MDG_0000000025,REGION,SEAR,,,YEAR,2022,,,,,,,,,88,87.7,,,Estimate based on Joint UNICEF-WHO Database on Skilled Birth Attendance 2025,2026-04-21T12:35:59Z,2022,2022-01-01,2022-12-31
5320704,MDG_0000000025,REGION,EUR,,,YEAR,2008,,,,,,,,,98,98,,,,2024-04-26T13:59:03Z,2008,2008-01-01,2008-12-31
5322382,MDG_0000000025,COUNTRY,TJK,EUR,Europe,YEAR,2010,,,,,,,,,88,88,,,"Skilled health personnel Transformative Monitoring for Enhanced Equity (TransMonEE) 2012 Database [online database]. Geneva: UNICEF Europe and Central Asia Regional Office; 2012 (www.transmonee.org, accessed 1 November 2012). ",2025-04-07T06:46:44Z,2010,2010-01-01,2010-12-31
5325945,MDG_0000000025,COUNTRY,PNG,WPR,Western Pacific,YEAR,2004,,,,,,,,,39,39,,,Skilled health personnel Western Pacific Country Health Information Profiles: 2006 Revision. Manila: World Health Organization Regional Office for the Western Pacific (WPRO); 2006.,2025-04-07T06:46:44Z,2004,2004-01-01,2004-12-31
5329557,MDG_0000000025,COUNTRY,NPL,SEAR,South-East Asia,YEAR,2001,,,,,,,,,11,11,,,"Doctor, nurse, auxiliary nurse and  midwife  Ministry of Health [Nepal], New ERA, ORC Macro. Nepal Demographic and Health Survey 2001. Calverton, Maryland, USA: Family Health Division, Ministry of Health; New ERA; ORC Macro; 2002.",2025-04-07T06:46:44Z,2001,2001-01-01,2001-12-31
5333558,MDG_0000000025,COUNTRY,SGP,WPR,Western Pacific,YEAR,2008,,,,,,,,,100,100,,," Yearbook of Statistics Singapore 2010. Singapore: Department of Statistics, Ministry of Trade and Industry [Singapore]; 2010.",2025-04-07T06:46:44Z,2008,2008-01-01,2008-12-31
5336304,MDG_0000000025,COUNTRY,GUY,AMR,Americas,YEAR,2009,,,,,,,,,87,87,,," Ministry of Health (MOH), Bureau of Statistics (BOS), ICF Macro. Guyana Demographic and Health Survey 2009. Georgetown, Guyana: MOH, BOS, ICF Macro; 2010.",2025-04-07T06:46:44Z,2009,2009-01-01,2009-12-31
5343041,MDG_0000000025,COUNTRY,SDN,EMR,Eastern Mediterranean,YEAR,2006,,,,,,,,,49,49,,,"Doctor, nurse, midwife, auxilliary midwife Sudan Household Health Survey (SHHS) - 2006. Sudan: Government of National Unity, Government of Southern Sudan, League of Arab States, United Nations World Food Programme, United Nations Population Fund (UNFPA), World Health Organization (WHO), United States Agency for International Development (USAID); 2007.",2025-04-07T06:46:44Z,2006,2006-01-01,2006-12-31
5346855,MDG_0000000025,COUNTRY,IRL,EUR,Europe,YEAR,2005,,,,,,,,,100,100,,," Perinatal Statistics Report 2005. Dublin: Health Research and Information Division, the Economic and Social Research Institute (ESRI); 2008.  ",2025-04-07T06:46:44Z,2005,2005-01-01,2005-12-31
5348692,MDG_0000000025,COUNTRY,BHR,EMR,Eastern Mediterranean,YEAR,2020,,,,,,,,,98,98.2,,,Health Statistics of 2020. Bahrain: Ministry of Health; 2021.,2026-04-21T12:35:59Z,2020,2020-01-01,2020-12-31
5358374,MDG_0000000025,COUNTRY,ISL,EUR,Europe,YEAR,2018,,,,,,,,,98,98.2,,,Births: Home deliveries as percentage of all deliveries in Iceland 1980-2018 [website]. Reykjavk: Directorate of Health [Iceland]; 2019 (https://www.landlaeknir.is/tolfraedi-og-rannsoknir/tolfraedi/allt-talnaefni/; accessed 10 February 2020).,2026-04-21T12:35:59Z,2018,2018-01-01,2018-12-31
5364852,MDG_0000000025,COUNTRY,ESP,EUR,Europe,YEAR,2021,,,,,,,,,100,99.9,,,INEbase. Goals and targets from the 2030 Agenda for Sustainabale Development. Indicator 3.1.2 [online database]. Madrid: Insittuto Nacional de Estadstica (INE) [Spain]; 2024 (https://www.ine.es/dynt3/ODS/en/objetivo.htm?id=4846) accessed February 23 2024).,2026-04-21T12:35:59Z,2021,2021-01-01,2021-12-31
5365627,MDG_0000000025,COUNTRY,DMA,AMR,Americas,YEAR,2015,,,,,,,,,100,100,,,"Trained personnel PLISA Health Information Platform. Indicator profile: Deliveries attended by skilled birth attendants (%) [online database]. Washington, DC: Pan American Health Organization/World Health Organization (PAHO/WHO); 2021 (https://opendata.paho.org/es/indicadores-basicos/tablero-de-los-indicadores-basicos, accessed 30 December 2021). ",2025-04-07T06:46:44Z,2015,2015-01-01,2015-12-31
5367262,MDG_0000000025,COUNTRY,KWT,EMR,Eastern Mediterranean,YEAR,2021,,,,,,,,,100,99.9,,,Annual Bulletin for Vital Statistics - Births and Deaths 2021. Kuwait City: Central Statistical Bureau (Office) [Kuwait]; 2022.,2026-04-21T12:35:59Z,2021,2021-01-01,2021-12-31
5379831,MDG_0000000025,COUNTRY,HTI,AMR,Americas,YEAR,2013,,,,,,,,,49,49,,," Rapport Statistique 2013. République d'Haïti, Ministère de la Santé Publique et de la Population, Unité d'Études et de Programmation; 2014 (in French).",2025-04-07T06:46:44Z,2013,2013-01-01,2013-12-31
5406665,MDG_0000000025,COUNTRY,LBY,EMR,Eastern Mediterranean,YEAR,2012,,,,,,,,,100,100,,,Trained personnel Vital Statistics 2012. Libya: Ministry of Health [Libya]; 2013.,2025-04-07T06:46:44Z,2012,2012-01-01,2012-12-31
5408232,MDG_0000000025,COUNTRY,PRT,EUR,Europe,YEAR,2016,,,,,,,,,100,99.9,,,Annual Statistics Portugal Live births (No.) by Place of residence of mother (NUTS - 2013); Sex; Place of delivery of the mother; Medical assistance and Size class of weight at birth; Annual. 2016 [online database]. Lisbon: Instituto Nacional de Estadstica (INE) [Portugal]; 2020,2026-04-21T12:35:59Z,2016,2016-01-01,2016-12-31
5418708,MDG_0000000025,COUNTRY,TUR,EUR,Europe,YEAR,2019,,,,,,,,,97,97,,,Salk statistikleri Yll 2019 Haber Blteni. [Health Statistics Yearbook 2019 Newsletter]. Ankara: Ministry of Health [Turkey]; 2020 (in Turkish).,2026-04-21T12:35:59Z,2019,2019-01-01,2019-12-31
5426722,MDG_0000000025,REGION,EUR,,,YEAR,2021,,,,,,,,,99,99,,,Estimate based on Joint UNICEF-WHO Database on Skilled Birth Attendance 2025,2026-04-21T12:35:59Z,2021,2021-01-01,2021-12-31
5427546,MDG_0000000025,COUNTRY,COL,AMR,Americas,YEAR,2019,,,,,,,,,99,98.8,,,DANE. Estadsticas Vitales - Nacimientos 2019; partos atendidos por mdico o enfermero(a). Bogot D.C.: Departamento Administrativo Nacional de Estadstica (DANE); 2020.,2026-04-21T12:35:59Z,2019,2019-01-01,2019-12-31
5429442,MDG_0000000025,COUNTRY,JPN,WPR,Western Pacific,YEAR,2020,,,,,,,,,100,99.9,,,Trends in live births by place of delivery: Japan; each prefecture (special wards and specified cities) . 2021 Vital Statistics of Japan [website]. Tokyo: e-stat (Portal Site of Official Statistics of Japan); National Statistics Center [Japan]; 2021 (https://www.e-stat.go.jp/stat-search/files?page=1&layout=datalist&toukei=00450011&tstat=000001028897&cycle=7&year=20200&month=0&tclass1=000001053058&tclass2=000001053061&tclass3=000001053064&stat_infid=000032118535&result_back=1&tclass4val=0; accessed 30 November 2021).,2026-04-21T12:35:59Z,2020,2020-01-01,2020-12-31
5430788,MDG_0000000025,COUNTRY,BHR,EMR,Eastern Mediterranean,YEAR,2012,,,,,,,,,100,100,,,Skilled health personnel Health Statistics of 2012. Bahrain: Ministry of Health; 2013.,2025-04-07T06:46:44Z,2012,2012-01-01,2012-12-31
5434391,MDG_0000000025,COUNTRY,KAZ,EUR,Europe,YEAR,2009,,,,,,,,,99,99,,,Skilled health personnel Women and Men in Kazakhstan. Statistical brochure. Astana: Agency of the Republic of Kazakhstan on Statistics; 2010.,2025-04-07T06:46:44Z,2009,2009-01-01,2009-12-31
5436479,MDG_0000000025,REGION,SEAR,,,YEAR,2018,,,,,,,,,82,81.8,,,Estimate based on Joint UNICEF-WHO Database on Skilled Birth Attendance 2025,2026-04-21T12:35:59Z,2018,2018-01-01,2018-12-31
5441152,MDG_0000000025,COUNTRY,ETH,AFR,Africa,YEAR,2005,,,,,,,,,6,6,,,"Health professional Central Statistical Agency, ORC Macro. Ethiopia Demographic and Health Survey 2005. Addis Ababa, Ethiopia and Calverton, Maryland, USA: Central Statistical Agency, ORC Macro; 2006.",2025-04-07T06:46:44Z,2005,2005-01-01,2005-12-31
5447497,MDG_0000000025,COUNTRY,PRK,SEAR,South-East Asia,YEAR,2009,,,,,,,,,100,100,,," Central Bureau of Statistics (CBS), UNICEF. DPR Korea Multiple Indicator Cluster Survey 2009, Final Report. Pyongyang, DPR Korea: Central Bureau of Statistics (CBS), UNICEF; 2010.",2025-04-07T06:46:44Z,2009,2009-01-01,2009-12-31
5449401,MDG_0000000025,COUNTRY,BOL,AMR,Americas,YEAR,2006,,,,,,,,,65,65,,, Registros administrativos del Sistema Nacional de Salud y Vigilancia Epidemiológica del Ministerio de Salud y Deportes - 2022,2025-04-07T06:46:44Z,2006,2006-01-01,2006-12-31
5452360,MDG_0000000025,COUNTRY,MDA,EUR,Europe,YEAR,2009,,,,,,,,,100,100,,,"Skilled health personnel Transformative Monitoring for Enhanced Equity (TransMonEE) 2012 Database [online database]. Geneva: UNICEF Europe and Central Asia Regional Office; 2012 (www.transmonee.org, accessed 1 November 2012). ",2025-04-07T06:46:44Z,2009,2009-01-01,2009-12-31
5452552,MDG_0000000025,COUNTRY,SLV,AMR,Americas,YEAR,2018,,,,,,,,,100,99.9,,,Informe de Labores 2018-2019. San Salvador: Ministerio de Salud de El Salvador; 2019 (in Spanish).,2026-04-21T12:35:59Z,2018,2018-01-01,2018-12-31
5456631,MDG_0000000025,COUNTRY,CRI,AMR,Americas,YEAR,2002,,,,,,,,,99,99,,, Estadísticas Vitales 2003. San José: Instituto Nacional de Estadística y Censos (INEC); 2002 (in Spanish).,2025-04-07T06:46:44Z,2002,2002-01-01,2002-12-31
5458218,MDG_0000000025,COUNTRY,FIN,EUR,Europe,YEAR,2006,,,,,,,,,100,100,,,"Skilled health personnel Statistics Finland: https://pxnet2.stat.fi/PXWeb/pxweb/en/SDG/, last accessed 29/12/2021",2025-04-07T06:46:44Z,2006,2006-01-01,2006-12-31
5463263,MDG_0000000025,COUNTRY,AUS,WPR,Western Pacific,YEAR,2009,,,,,,,,,99,99,,," Li Z, McNally L, Hilder L, Sullivan EA. Australia’s mothers and babies 2009. Perinatal statistics series no. 25. Cat. no. PER 52. Sydney: Australian Institute of Health and Welfare (AIHW) National Perinatal Epidemiology and Statistics Unit; 2011.",2025-04-07T06:46:44Z,2009,2009-01-01,2009-12-31
5464092,MDG_0000000025,COUNTRY,BOL,AMR,Americas,YEAR,2008,,,,,,,,,71,71,,," Ramiro C, Ochoa LH, Macro International. Bolivia Encuesta Nacional de Demografía y Salud - ENDSA - 2008. Calverton, Maryland: Ministerio de Salud y Deportes and Macro International; 2009 (in Spanish).",2025-04-07T06:46:44Z,2008,2008-01-01,2008-12-31
5468479,MDG_0000000025,COUNTRY,KNA,AMR,Americas,YEAR,2013,,,,,,,,,100,100,,,"Trained personnel PLISA Health Information Platform. Indicator profile: Deliveries attended by skilled birth attendants (%) [online database]. Washington, DC: Pan American Health Organization/World Health Organization (PAHO/WHO); 2021 (https://opendata.paho.org/es/indicadores-basicos/tablero-de-los-indicadores-basicos, accessed 30 December 2021). ",2025-04-07T06:46:44Z,2013,2013-01-01,2013-12-31
5471571,MDG_0000000025,COUNTRY,SAU,EMR,Eastern Mediterranean,YEAR,2013,,,,,,,,,98,98,,,"Skilled health personnel Kingdom of Saudi Arabia. Millennium Development Goals 1435 H, 2014 G. Riyadh: Ministry of Economy and Planning [Saudi Arabia], UN-DESA, United Nations Development Programme (UNDP); 2014.",2025-04-07T06:46:44Z,2013,2013-01-01,2013-12-31
5476336,MDG_0000000025,COUNTRY,BMU,AMR,Americas,YEAR,2021,,,,,,,,,100,99.8,,,PLISA Health Information Platform. Indicator profile: Deliveries attended by skilled birth attendants (%) [online database]. Washington; DC: Pan American Health Organization/World Health Organization (PAHO/WHO); 2023 (https://opendata.paho.org/es/indicadores-basicos/tablero-de-los-indicadores-basicos; accessed 20 September 2023).,2026-04-21T12:35:59Z,2021,2021-01-01,2021-12-31
5476672,MDG_0000000025,COUNTRY,PRT,EUR,Europe,YEAR,2017,,,,,,,,,100,99.9,,,Annual Statistics Portugal Live births (No.) by Place of residence of mother (NUTS - 2013); Sex; Place of delivery of the mother; Medical assistance and Size class of weight at birth; Annual. 2017 [online database]. Lisbon: Instituto Nacional de Estadstica (INE) [Portugal]; 2020,2026-04-21T12:35:59Z,2017,2017-01-01,2017-12-31
5478666,MDG_0000000025,COUNTRY,MYS,WPR,Western Pacific,YEAR,2015,,,,,,,,,99,99,,,Trained personnel Health Indicators 2016: Indicators for Monitoring and Evaluation of Strategy Health for All. Putrajaya: Ministry of Health [Malaysia]; 2016.,2025-04-07T06:46:44Z,2015,2015-01-01,2015-12-31
5482443,MDG_0000000025,COUNTRY,SUR,AMR,Americas,YEAR,2007,,,,,,,,,90,90,,,"Trained personnel PLISA Health Information Platform. Indicator profile: Deliveries attended by skilled birth attendants (%) [online database]. Washington, DC: Pan American Health Organization/World Health Organization (PAHO/WHO); 2018 (http://www.paho.org/data/index.php/en/indicators/visualization.html, accessed 11 February 2020). ",2025-04-07T06:46:44Z,2007,2007-01-01,2007-12-31
5484793,MDG_0000000025,COUNTRY,MNE,EUR,Europe,YEAR,2013,,,,,,,,,99,99,,," Statistical Office of Montenegro (MONSTAT), United Nations Children's Fund (UNICEF). 2013 Montenegro Multiple Indicator Cluster Survey and 2013 Montenegro Roma Settlements Multiple Indicator Cluster Survey, Final Report. Podgorica, Montenegro: Statistical Office of Montenegro (MONSTAT), UNICEF; 2014.",2025-04-07T06:46:44Z,2013,2013-01-01,2013-12-31
5488453,MDG_0000000025,COUNTRY,BLZ,AMR,Americas,YEAR,2014,,,,,,,,,93,93,,,"Trained personnel PLISA Health Information Platform. Indicator profile: Deliveries attended by skilled birth attendants (%) [online database]. Washington, DC: Pan American Health Organization/World Health Organization (PAHO/WHO); 2021 (https://opendata.paho.org/es/indicadores-basicos/tablero-de-los-indicadores-basicos, accessed 30 December 2021). ",2025-04-07T06:46:44Z,2014,2014-01-01,2014-12-31
5501440,MDG_0000000025,COUNTRY,YEM,EMR,Eastern Mediterranean,YEAR,2006,,,,,,,,,36,36,,," Yemen Multiple Indicator Cluster Survey 2006, Final Report. Yemen: Ministry of Health and Population, United Nations Children's Fund (UNICEF); 2007.",2025-04-07T06:46:44Z,2006,2006-01-01,2006-12-31
5509887,MDG_0000000025,COUNTRY,GEO,EUR,Europe,YEAR,2020,,,,,,,,,100,99.8,,,Health Care; Statistical Yearbook 2020 Georgia. Tbilisi: Ministry of Labour; Health and Social Affairs of Georgia; National Centre for Disease Control and Public Health; 2021.,2026-04-21T12:35:59Z,2020,2020-01-01,2020-12-31
5510255,MDG_0000000025,COUNTRY,DOM,AMR,Americas,YEAR,2000,,,,,,,,,98,98,,," Encuesta por Conglomerados de Indicadores Múltiples (MICS-2000). Santo Domingo: Secretariado Técnico de la Presidencia República Dominicana, Fondo de las Naciones Unidas para la Infancia (UNICEF); 2001 (in Spanish).",2025-04-07T06:46:44Z,2000,2000-01-01,2000-12-31
5510544,MDG_0000000025,COUNTRY,SGP,WPR,Western Pacific,YEAR,2009,,,,,,,,,100,100,,,"  Registry of Births and Deaths, Immigration and Checkpoints Authority Singapore",2025-04-07T06:46:44Z,2009,2009-01-01,2009-12-31
5512195,MDG_0000000025,COUNTRY,SEN,AFR,Africa,YEAR,2005,,,,,,,,,52,52,,,"Doctor, nurse, midwife and auxiliary midwife Ndiaye S, Ayad M (Centre de Recherche pour le Développement Humain [Sénégal], ORC Macro). Enquête Démographique et de Santé au Sénégal 2005. Calverton, Maryland, USA: Centre de Recherche pour le Développement Humain [Sénégal], ORC Macro; 2006 (in French).",2025-04-07T06:46:44Z,2005,2005-01-01,2005-12-31
5514855,MDG_0000000025,COUNTRY,BRA,AMR,Americas,YEAR,2020,,,,,,,,,98,98.4,,,Ministrio da Sade; Sistema de Informaes sobre Nascidos Vivos (SINASC); (https://odsbrasil.gov.br/objetivo3/indicador312#); 2021,2026-04-21T12:35:59Z,2020,2020-01-01,2020-12-31
5517730,MDG_0000000025,COUNTRY,POL,EUR,Europe,YEAR,2021,,,,,,,,,100,99.6,,,Statistics Poland (GUS) [Website]. Warsaw: Statistics Poland (GUS); 2021 (https://sdg.gov.pl/en/statistics_glob/3-1-2/; accessed 30 December 2022).,2026-04-21T12:35:59Z,2021,2021-01-01,2021-12-31
5533139,MDG_0000000025,COUNTRY,KWT,EMR,Eastern Mediterranean,YEAR,2004,,,,,,,,,98,98,,, Annual Bulletin for Vital Statistics - Births and Deaths 2004. Kuwait City: Central Statistical Bureau (Office) [Kuwait]; 2005.,2025-04-07T06:46:44Z,2004,2004-01-01,2004-12-31
5539869,MDG_0000000025,COUNTRY,PRY,AMR,Americas,YEAR,2020,,,,,,,,,91,91.2,,,PLISA Health Information Platform. Indicator profile: Deliveries attended by skilled birth attendants (%) [online database]. Washington; DC: Pan American Health Organization/World Health Organization (PAHO/WHO); 2023 (https://opendata.paho.org/es/indicadores-basicos/tablero-de-los-indicadores-basicos; accessed 21 September 2023).,2026-04-21T12:35:59Z,2020,2020-01-01,2020-12-31
5541816,MDG_0000000025,COUNTRY,BFA,AFR,Africa,YEAR,2015,,,,,,,,,80,80,,,"physician, nurse, midwife, auxiliary birth attendant, trained birth attendant Enquête Module Démographie et Santé (EMDS 2015). Burkina Faso: Institut National de la Statistique et de la Démographie (INSD).",2025-04-07T06:46:44Z,2015,2015-01-01,2015-12-31
5543987,MDG_0000000025,COUNTRY,SYR,EMR,Eastern Mediterranean,YEAR,2009,,,,,,,,,96,96,,,"Assisted delivery Syrian Households [2009]. Syrian Arab Republic: Central Bureau of Statistics [Syrian Arab Republic], League of Arab States PAPFAM, United Nations Children’s Fund (UNICEF), United Nations Population Fund (UNFPA), World Health Organization (WHO); 2010.",2025-04-07T06:46:44Z,2009,2009-01-01,2009-12-31
5550985,MDG_0000000025,COUNTRY,SLV,AMR,Americas,YEAR,2013,,,,,,,,,100,100,,, Informe de Labores 2013-2014. San Salvador: Ministerio de Salud de El Salvador; 2014 (in Spanish).,2025-04-07T06:46:44Z,2013,2013-01-01,2013-12-31
5557364,MDG_0000000025,COUNTRY,PRY,AMR,Americas,YEAR,2014,,,,,,,,,96,96,,," Estadísticas Vitales del Paraguay 2014. Fernando de la Mora: Dirección General de Estadística, Encuestas y Censos (DGEEC) [Paraguay]; 2016 (in Spanish).",2025-04-07T06:46:44Z,2014,2014-01-01,2014-12-31
5568552,MDG_0000000025,COUNTRY,SLV,AMR,Americas,YEAR,2017,,,,,,,,,100,99.9,,,Informe de Labores 2017-2018. San Salvador: Ministerio de Salud de El Salvador; 2018 (in Spanish).,2026-04-21T12:35:59Z,2017,2017-01-01,2017-12-31
5575080,MDG_0000000025,COUNTRY,MEX,AMR,Americas,YEAR,2007,,,,,,,,,93,93,,," SS. Dirección General de Información en Salud (DGIS) [Mexico]; 2020. (http://www.agenda2030.mx/ODSind.html?ind=ODS003000030020&cveind=27&cveCob=99&lang=es#/Indicator, last accessed 28 January 2021)",2025-04-07T06:46:44Z,2007,2007-01-01,2007-12-31
5589062,MDG_0000000025,COUNTRY,PRK,SEAR,South-East Asia,YEAR,2017,,,,,,,,,100,99.5,,,DPR Korea Multiple Indicator Cluster Survey 2017; Survey Findings Report. Pyongyang: Central Bureau of Statistics of the DPR Korea; United Nations Children's Fund (UNICEF); 2017.,2026-04-21T12:35:59Z,2017,2017-01-01,2017-12-31
5596094,MDG_0000000025,COUNTRY,ZMB,AFR,Africa,YEAR,2007,,,,,,,,,45,45,,," Central Statistical Office (CSO), Ministry of Health (MOH), Tropical Diseases Research Centre (TDRC), University of Zambia, Macro International Inc. Zambia Demographic and Health Survey 2007. Calverton, Maryland, USA: CSO, Macro International Inc.; 2009.",2025-04-07T06:46:44Z,2007,2007-01-01,2007-12-31
5602235,MDG_0000000025,COUNTRY,SWZ,AFR,Africa,YEAR,2010,,,,,,,,,82,82,,," Central Statistical Office, United Nations Children's Fund (UNICEF). Swaziland Multiple Indicator Cluster Survey 2010. Final Report. Mbabane, Swaziland: Central Statistical Office, UNICEF; 2011.",2025-04-07T06:46:44Z,2010,2010-01-01,2010-12-31
5604385,MDG_0000000025,REGION,EMR,,,YEAR,2010,,,,,,,,,62,62,,,,2025-04-07T06:46:44Z,2010,2010-01-01,2010-12-31
5607275,MDG_0000000025,COUNTRY,IRL,EUR,Europe,YEAR,2015,,,,,,,,,100,100,,," Healthcare Pricing Office (HPO), Health Service Executive (HSE). Perinatal Statistics Report 2015. Version 1.0. Dublin: HSE; 2017.  ",2025-04-07T06:46:44Z,2015,2015-01-01,2015-12-31
5608857,MDG_0000000025,REGION,SEAR,,,YEAR,2019,,,,,,,,,84,83.6,,,Estimate based on Joint UNICEF-WHO Database on Skilled Birth Attendance 2025,2026-04-21T12:35:59Z,2019,2019-01-01,2019-12-31
5612239,MDG_0000000025,COUNTRY,FIN,EUR,Europe,YEAR,2015,,,,,,,,,100,100,,,"Skilled health personnel Statistics Finland: https://pxnet2.stat.fi/PXWeb/pxweb/en/SDG/, last accessed 29/12/2021",2025-04-07T06:46:44Z,2015,2015-01-01,2015-12-31
5614247,MDG_0000000025,COUNTRY,KNA,AMR,Americas,YEAR,2015,,,,,,,,,100,100,,," Health Situation in the Americas: Core Indicators 2016. Washington, DC: Pan American Health Organization/World Health Organization (PAHO/WHO), Communicable Diseases and Health Analysis/Health Information and Analysis; 2016.",2025-04-07T06:46:44Z,2015,2015-01-01,2015-12-31
5617421,MDG_0000000025,COUNTRY,PSE,EMR,Eastern Mediterranean,YEAR,2010,,,,,,,,,99,99,,, Final Report of the Palestinian Family Survey 2010. Ramallah: Palestinian Central Bureau of Statistics; 2013.,2025-04-07T06:46:44Z,2010,2010-01-01,2010-12-31
5617787,MDG_0000000025,COUNTRY,MKD,EUR,Europe,YEAR,2009,,,,,,,,,100,100,,, Statistical Yearbook of the Republic of Macedonia 2012. Skopje: State Statistical Office [Macedonia]; 2012.,2025-04-07T06:46:44Z,2009,2009-01-01,2009-12-31
5618020,MDG_0000000025,COUNTRY,ITA,EUR,Europe,YEAR,2021,,,,,,,,,99,99.4,,,Certificato di assistenza al parto (CeDAP). Analisi dell'evento nascita - Anno 2021. Roma: Direzione Generale della Digitalizzazione; del Sistema Informativo Sanitario e della Statistica Ufficio di Statistica; 2022 (in Italian).,2026-04-21T12:35:59Z,2021,2021-01-01,2021-12-31
5618294,MDG_0000000025,COUNTRY,CPV,AFR,Africa,YEAR,2015,,,,,,,,,91,91,,, Relatório Estatístico 2015 [Statistical Report 2015]. Praia: Ministério da Saúde e da Segurança Social [Cabo Verde]; 2017 (in Portuguese). ,2025-04-07T06:46:44Z,2015,2015-01-01,2015-12-31
5620732,MDG_0000000025,COUNTRY,JPN,WPR,Western Pacific,YEAR,2007,,,,,,,,,100,100,,," 2009 Vital Statistics of Japan. Table 4.8: Trends in percent distribution of live births by place of delivery [website]. Tokyo: Ministry of Health, Labour and Welfare [Japan]; 2010 (http://www.mhlw.go.jp). ",2025-04-07T06:46:44Z,2007,2007-01-01,2007-12-31
5628327,MDG_0000000025,COUNTRY,UZB,EUR,Europe,YEAR,2009,,,,,,,,,100,100,,,"Skilled health personnel Transformative Monitoring for Enhanced Equity (TransMonEE) 2016 Database [online database]. Geneva: UNICEF Europe and Central Asia Regional Office; 2016 (www.transmonee.org, accessed 17 October 2016). ",2025-04-07T06:46:44Z,2009,2009-01-01,2009-12-31
5631809,MDG_0000000025,COUNTRY,CYP,EUR,Europe,YEAR,2008,,,,,,,,,97,97,,, Statistical Service. Demographic Report 2009. Republic of Cyprus; 2011.,2025-04-07T06:46:44Z,2008,2008-01-01,2008-12-31
5633862,MDG_0000000025,COUNTRY,CHN,WPR,Western Pacific,YEAR,2002,,,,,,,,,97,97,,,Skilled attendant China Statistical Yearbook for Health and Family Planning 2013. Beijing: National Health and Family Planning Commission of China (NHFPC); 2013. ,2025-04-07T06:46:44Z,2002,2002-01-01,2002-12-31
5640838,MDG_0000000025,COUNTRY,ARG,AMR,Americas,YEAR,2014,,,,,,,,,100,100,,, Estadísticas Vitales. Información Básica – Año 2014. Buenos Aires: Ministerio de Salud [Argentina]; 2015 (in Spanish).,2025-04-07T06:46:44Z,2014,2014-01-01,2014-12-31
5644286,MDG_0000000025,REGION,EMR,,,YEAR,2004,,,,,,,,,51,51,,,,2025-04-07T06:46:44Z,2004,2004-01-01,2004-12-31
5651631,MDG_0000000025,COUNTRY,KNA,AMR,Americas,YEAR,2004,,,,,,,,,100,100,,,"Trained personnel Health Situation in the Americas: Basic Indicators 2005. Washington, DC: Pan American Health Organization/World Health Organization (PAHO/WHO), Area of Health Analysis and Information Systems (AIS); 2005.",2025-04-07T06:46:44Z,2004,2004-01-01,2004-12-31
5654559,MDG_0000000025,COUNTRY,AZE,EUR,Europe,YEAR,2016,,,,,,,,,100,99.8,,,Statistical Yearbook 2017. Women and Men in Azerbaijan. Baku: State Statistical Committee of the Republic of Azerbaijan; 2017.,2026-04-21T12:35:59Z,2016,2016-01-01,2016-12-31
5655062,MDG_0000000025,COUNTRY,ROU,EUR,Europe,YEAR,2011,,,,,,,,,99,99,,,"Skilled health personnel Transformative Monitoring for Enhanced Equity (TransMonEE) 2016 Database [online database]. Geneva: UNICEF Europe and Central Asia Regional Office; 2016 (www.transmonee.org, accessed 17 October 2016). ",2025-04-07T06:46:44Z,2011,2011-01-01,2011-12-31
5656879,MDG_0000000025,COUNTRY,LTU,EUR,Europe,YEAR,2018,,,,,,,,,100,100,,,Official Statistics Portal; 2021 (https://osp.stat.gov.lt/nacionaliniai-darnaus-vystymosi-rodikliai; accessed 30/12/2021),2026-04-21T12:35:59Z,2018,2018-01-01,2018-12-31
5664011,MDG_0000000025,COUNTRY,EST,EUR,Europe,YEAR,2018,,,,,,,,,100,99.6,,,Estonian Medical Birth Registry (EMBR). Skilled birth attendant; 1992-2019. Tallinn: National Institute for Health Development [Estonia]; 2020,2026-04-21T12:35:59Z,2018,2018-01-01,2018-12-31
5665402,MDG_0000000025,COUNTRY,MYS,WPR,Western Pacific,YEAR,2004,,,,,,,,,98,98,,,Trained personnel Health Indicators 2004: Indicators for Monitoring and Evaluation of Strategy Health for All. Putrajaya: Ministry of Health [Malaysia]; 2005.,2025-04-07T06:46:44Z,2004,2004-01-01,2004-12-31
5686517,MDG_0000000025,COUNTRY,GRD,AMR,Americas,YEAR,2013,,,,,,,,,99,99,,,"Trained personnel PLISA Health Information Platform. Indicator profile: Deliveries attended by skilled birth attendants (%) [online database]. Washington, DC: Pan American Health Organization/World Health Organization (PAHO/WHO); 2018 (http://www.paho.org/data/index.php/en/indicators/visualization.html, accessed 11 February 2020). ",2025-04-07T06:46:44Z,2013,2013-01-01,2013-12-31
5687414,MDG_0000000025,COUNTRY,CAN,AMR,Americas,YEAR,2012,,,,,,,,,98,98,,," CANSIM. Table 102-4516 - Live births and fetal deaths (stillbirths), by place of birth (hospital and non-hospital), Canada, provinces and territories, annual [database]. Ottawa: Statistics Canada, Government of Canada; 2017 (https://www80.statcan.gc.ca, accessed 22 December 2017).",2025-04-07T06:46:44Z,2012,2012-01-01,2012-12-31
5689797,MDG_0000000025,COUNTRY,PER,AMR,Americas,YEAR,2019,,,,,,,,,94,94.4,,,Per: Encuesta Demogrfica y de Salud Familiar - ENDES 2019. Lima: Instituto Nacional de Estadstica e Informtica (INEI) [Per]; 2019 (in Spanish).,2026-04-21T12:35:59Z,2019,2019-01-01,2019-12-31
5691166,MDG_0000000025,COUNTRY,CAN,AMR,Americas,YEAR,2013,,,,,,,,,98,98,,," CANSIM. Table 102-4516 - Live births and fetal deaths (stillbirths), by place of birth (hospital and non-hospital), Canada, provinces and territories, annual [database]. Ottawa: Statistics Canada, Government of Canada; 2017 (https://www80.statcan.gc.ca, accessed 22 December 2017).",2025-04-07T06:46:44Z,2013,2013-01-01,2013-12-31
5691958,MDG_0000000025,COUNTRY,ECU,AMR,Americas,YEAR,2010,,,,,,,,,89,89,,,"Doctors, obstetrician and nurse Registro Estadístico de Nacidos Vivos, Instituto Nacional de Estadística y Censos",2025-04-07T06:46:44Z,2010,2010-01-01,2010-12-31
5694168,MDG_0000000025,COUNTRY,KNA,AMR,Americas,YEAR,2008,,,,,,,,,100,100,,,"Trained personnel PLISA Health Information Platform. Indicator profile: Deliveries attended by skilled birth attendants (%) [online database]. Washington, DC: Pan American Health Organization/World Health Organization (PAHO/WHO); 2021 (https://opendata.paho.org/es/indicadores-basicos/tablero-de-los-indicadores-basicos, accessed 30 December 2021). ",2025-04-07T06:46:44Z,2008,2008-01-01,2008-12-31
5718399,MDG_0000000025,COUNTRY,BIH,EUR,Europe,YEAR,2003,,,,,,,,,100,100,,, Statistical Yearbook Federation of Bosnia and Herzegovina 2006. Sarajevo: Federal Office of Statistics [Federation of Bosnia and Herzegovina]; 2006.,2025-04-07T06:46:44Z,2003,2003-01-01,2003-12-31
5727819,MDG_0000000025,COUNTRY,BHR,EMR,Eastern Mediterranean,YEAR,2016,,,,,,,,,100,99.7,,,Health Statistics of 2017. Bahrain: Ministry of Health; 2018.,2026-04-21T12:35:59Z,2016,2016-01-01,2016-12-31
5730144,MDG_0000000025,COUNTRY,BOL,AMR,Americas,YEAR,2009,,,,,,,,,67,67,,, Registros administrativos del Sistema Nacional de Salud y Vigilancia Epidemiológica del Ministerio de Salud y Deportes - 2022,2025-04-07T06:46:44Z,2009,2009-01-01,2009-12-31
5742538,MDG_0000000025,COUNTRY,ROU,EUR,Europe,YEAR,2018,,,,,,,,,93,93.1,,,National Institute of Statistics; Vital Statistics regarding live births [Romania]; 2021,2026-04-21T12:35:59Z,2018,2018-01-01,2018-12-31
5746226,MDG_0000000025,COUNTRY,VNM,WPR,Western Pacific,YEAR,2002,,,,,,,,,85,85,,," Committee for Population, Family and Children [Vietnam], ORC Macro. Vietnam Demographic and Health Survey 2002. Calverton, Maryland, USA: Committee for Population, Family and Children, ORC Macro; 2003.",2025-04-07T06:46:44Z,2002,2002-01-01,2002-12-31
5751005,MDG_0000000025,COUNTRY,FJI,WPR,Western Pacific,YEAR,2002,,,,,,,,,97,97,,, Annual Report 2006. Suva: Ministry of Health [Fiji]; 2007. ,2025-04-07T06:46:44Z,2002,2002-01-01,2002-12-31
5757876,MDG_0000000025,COUNTRY,ITA,EUR,Europe,YEAR,2013,,,,,,,,,100,100,,," Certificato di assistenza al parto (CeDAP). Analisi dell’evento nascita - Anno 2013. Roma: Direzione Generale della Digitalizzazione, del Sistema Informativo Sanitario e della Statistica – Ufficio di Statistica; 2015 (in Italian). ",2025-04-07T06:46:44Z,2013,2013-01-01,2013-12-31
5762128,MDG_0000000025,COUNTRY,CUB,AMR,Americas,YEAR,2020,,,,,,,,,100,99.9,,,Plataforma ODS Cuba; actualizacin 2021,2026-04-21T12:35:59Z,2020,2020-01-01,2020-12-31
5764510,MDG_0000000025,COUNTRY,MYS,WPR,Western Pacific,YEAR,2010,,,,,,,,,99,99,,,Trained personnel Health Indicators 2010: Indicators for Monitoring and Evaluation of Strategy Health for All. Putrajaya: Ministry of Health [Malaysia]; 2011.,2025-04-07T06:46:44Z,2010,2010-01-01,2010-12-31
5769368,MDG_0000000025,COUNTRY,POL,EUR,Europe,YEAR,2005,,,,,,,,,99,99,,, Demographic Yearbook of Poland 2010 - Branch Yearbooks. Warsaw: Central Statistical Office [Poland]; 2010.,2025-04-07T06:46:44Z,2005,2005-01-01,2005-12-31
5770768,MDG_0000000025,COUNTRY,CHL,AMR,Americas,YEAR,2010,,,,,,,,,100,100,,, Estadísticas Vitales - Informe  Annual 2010. Santiago: Instituto Nacional de Estadísticas; 2012 (in Spanish).,2025-04-07T06:46:44Z,2010,2010-01-01,2010-12-31
5771266,MDG_0000000025,COUNTRY,CZE,EUR,Europe,YEAR,2007,,,,,,,,,100,100,,, Rodi?ka a novorozenec 2007 [Mother and Newborn 2007]. Prague: Ústav zdravotnických informací a statistiky ?R [Institute of Health Information and Statistics of the Czech Republic]; 2008 (in Czech).,2025-04-07T06:46:44Z,2007,2007-01-01,2007-12-31
5775602,MDG_0000000025,COUNTRY,ALB,EUR,Europe,YEAR,2000,,,,,,,,,99,99,,,"Doctor, nurse, midwife, auxillary midwife Multiple Indicator Cluster Survey Report Albania 2000. Tirana: National Institute of Statistics, United Nations Children’s Fund (UNICEF); 2000.",2025-04-07T06:46:44Z,2000,2000-01-01,2000-12-31
5777564,MDG_0000000025,COUNTRY,LAO,WPR,Western Pacific,YEAR,2019,,,,,,,,,69,69,,,Lao Statistics Bureau. Proportion of births attended by skilled health personnel. Vientiane; Lao PDR: Lao Statistics Bureau; [cited 2025 Feb 4]. Available from: https://www.lsb.gov.la/sdg/en/3-1-2/,2026-04-21T12:35:59Z,2019,2019-01-01,2019-12-31
5779984,MDG_0000000025,COUNTRY,ZWE,AFR,Africa,YEAR,2009,,,,,,,,,60,60,,," Zimbabwe Multiple Indicator Monitoring Survey (MIMS) 2009. Harare: Zimbabwe National Statistics Agency (ZIMSTAT), United Nations Children's Fund (UNICEF); 2010.",2025-04-07T06:46:44Z,2009,2009-01-01,2009-12-31
5782522,MDG_0000000025,COUNTRY,BRA,AMR,Americas,YEAR,2006,,,,,,,,,97,97,,, Pesquisa Nacional de Demografia e Saúde da Criança e da Mulher (PNDS) 2006. Dimensões do Processo Reprodutivo e da Saúde da Criança. Brasília: Ministério da Saúde; 2009 (in Portuguese).,2025-04-07T06:46:44Z,2006,2006-01-01,2006-12-31
5791054,MDG_0000000025,COUNTRY,TON,WPR,Western Pacific,YEAR,2002,,,,,,,,,95,95,,,Trained personnel Report of the Minister of Health for the Year 2005. Tonga: Ministry of Health [Tonga]; 2006.,2025-04-07T06:46:44Z,2002,2002-01-01,2002-12-31
5794286,MDG_0000000025,COUNTRY,HUN,EUR,Europe,YEAR,2013,,,,,,,,,99,99,,,"Skilled health personnel Transformative Monitoring for Enhanced Equity (TransMonEE) 2016 Database [online database]. Geneva: UNICEF Europe and Central Asia Regional Office; 2016 (www.transmonee.org, accessed 17 October 2016). ",2025-04-07T06:46:44Z,2013,2013-01-01,2013-12-31
5795199,MDG_0000000025,COUNTRY,IRL,EUR,Europe,YEAR,2018,,,,,,,,,100,99.7,,,Healthcare Pricing Office (HPO); Health Service Executive (HSE). Perinatal Statistics Report 2020. Version 1.0. Dublin: HSE; 2022.,2026-04-21T12:35:59Z,2018,2018-01-01,2018-12-31
5797110,MDG_0000000025,COUNTRY,NOR,EUR,Europe,YEAR,2016,,,,,,,,,99,99.1,,,Dataset: F11: Fdested. 2016. [online database]. Oslo: Folkehelseinstituttet; Medisinsk fdselsregister [Norwegian Institute of Public Health (NIPH); Medical Birth Registry]; 2017 (http://statistikkbank.fhi.no/mfr; accessed 8 December 2017; in Norwegian).,2026-04-21T12:35:59Z,2016,2016-01-01,2016-12-31
5799571,MDG_0000000025,COUNTRY,BIH,EUR,Europe,YEAR,2011,,,,,,,,,100,100,,, Statistical Yearbook Federation of Bosnia and Herzegovina 2013. Sarajevo: Institute for Statistics of Federation of Bosnia and Herzegovina; 2013.,2025-04-07T06:46:44Z,2011,2011-01-01,2011-12-31
5804791,MDG_0000000025,COUNTRY,BWA,AFR,Africa,YEAR,2000,,,,,,,,,99,99,,," Botswana Multiple Indicator Survey (2000). Gaborone: Central Statistics Office, UNICEF; 2001.",2025-04-07T06:46:44Z,2000,2000-01-01,2000-12-31
5812603,MDG_0000000025,COUNTRY,KIR,WPR,Western Pacific,YEAR,2010,,,,,,,,,98,98,,,Skilled health personnel Western Pacific Country Health Information Profiles: 2011 Revision. Manila: World Health Organization Regional Office for the Western Pacific (WPRO); 2011.,2025-04-07T06:46:44Z,2010,2010-01-01,2010-12-31
5815715,MDG_0000000025,COUNTRY,TUR,EUR,Europe,YEAR,2017,,,,,,,,,98,98,,,MoH:Civil Registration of MoH. Provided to Unicef in country consultation 2019.,2026-04-21T12:35:59Z,2017,2017-01-01,2017-12-31
5816110,MDG_0000000025,COUNTRY,BRB,AMR,Americas,YEAR,2013,,,,,,,,,99,99,,,"Trained personnel PLISA Health Information Platform. Indicator profile: Deliveries attended by skilled birth attendants (%) [online database]. Washington, DC: Pan American Health Organization/World Health Organization (PAHO/WHO); 2021 (https://opendata.paho.org/es/indicadores-basicos/tablero-de-los-indicadores-basicos, accessed 30 December 2021). ",2025-04-07T06:46:44Z,2013,2013-01-01,2013-12-31
5816772,MDG_0000000025,COUNTRY,SVN,EUR,Europe,YEAR,2006,,,,,,,,,100,100,,, Statistical Yearbook 2011. Ljubljana: Statistical Office of the Republic of Slovenia; 2011.,2025-04-07T06:46:44Z,2006,2006-01-01,2006-12-31
5819447,MDG_0000000025,COUNTRY,GUY,AMR,Americas,YEAR,2012,,,,,,,,,97,97,,,"Trained personnel PLISA Health Information Platform. Indicator profile: Deliveries attended by skilled birth attendants (%) [online database]. Washington, DC: Pan American Health Organization/World Health Organization (PAHO/WHO); 2021 (https://opendata.paho.org/es/indicadores-basicos/tablero-de-los-indicadores-basicos, accessed 30 December 2021). ",2025-04-07T06:46:44Z,2012,2012-01-01,2012-12-31
5823461,MDG_0000000025,COUNTRY,BOL,AMR,Americas,YEAR,2019,,,,,,,,,81,80.6,,,Registros administrativos del Sistema Nacional de Salud y Vigilancia Epidemiolgica del Ministerio de Salud y Deportes - 2022,2026-04-21T12:35:59Z,2019,2019-01-01,2019-12-31
5826979,MDG_0000000025,COUNTRY,AZE,EUR,Europe,YEAR,2000,,,,,,,,,81,81,,," Azerbaijan Multiple Indicator Cluster Survey 2000. Baku: Ministry of Health, Azerbaijan, United Nations Children's Fund (UNICEF); 2000.",2025-04-07T06:46:44Z,2000,2000-01-01,2000-12-31
5833472,MDG_0000000025,COUNTRY,MDA,EUR,Europe,YEAR,2011,,,,,,,,,99,99,,,"Skilled health personnel Millennium Development Goals by Indicators and Years. Proportion of births attended by skilled personnel. 2000-2013 [website]. Chisinau: National Bureau of Statistics [Republic of Moldova]; 2014 (http://statbank,statistica.md, accessed 11 November 2014).",2025-04-07T06:46:44Z,2011,2011-01-01,2011-12-31
5839603,MDG_0000000025,COUNTRY,IRL,EUR,Europe,YEAR,2009,,,,,,,,,100,100,,," Perinatal Statistics Report 2009. Dublin: Health Research and Information Division, the Economic and Social Research Institute (ESRI); 2011.  ",2025-04-07T06:46:44Z,2009,2009-01-01,2009-12-31
5845201,MDG_0000000025,COUNTRY,GRC,EUR,Europe,YEAR,2021,,,,,,,,,100,99.9,,,Hellenic Republic; Hellenic Statistical Authority; Directorate General of Statistics; Population and Migration Statistics Section.,2026-04-21T12:35:59Z,2021,2021-01-01,2021-12-31
5852414,MDG_0000000025,COUNTRY,CRI,AMR,Americas,YEAR,2019,,,,,,,,,99,99,,,Estadsticas Vitales 2019: Poblacin; Nacimientos Defunciones y Matrimonios [recurso electrnico] / Instituto Nacional de Estadstica y Censos.2019. San Jos; Costa. : INEC; 2020- 151 p. : digital; archivo PDF,2026-04-21T12:35:59Z,2019,2019-01-01,2019-12-31
5871162,MDG_0000000025,COUNTRY,EST,EUR,Europe,YEAR,2012,,,,,,,,,100,100,,," Estonian Medical Birth Registry (EMBR). Skilled birth attendant, 1992-2019. Tallinn: National Institute for Health Development [Estonia]; 2020",2025-04-07T06:46:44Z,2012,2012-01-01,2012-12-31
5873534,MDG_0000000025,COUNTRY,BRB,AMR,Americas,YEAR,2004,,,,,,,,,100,100,,,"Trained personnel Health Situation in the Americas: Basic Indicators 2006. Washington, DC: Pan American Health Organization/World Health Organization (PAHO/WHO), Health Analysis and Statistics Unit (HA); 2006.",2025-04-07T06:46:44Z,2004,2004-01-01,2004-12-31
5874771,MDG_0000000025,COUNTRY,COL,AMR,Americas,YEAR,2021,,,,,,,,,98,97.5,,,DANE. Estadsticas Vitales - Nacimientos 2019; partos atendidos por mdico o enfermero(a). Bogot D.C.: Departamento Administrativo Nacional de Estadstica (DANE); 2020.,2026-04-21T12:35:59Z,2021,2021-01-01,2021-12-31
5875146,MDG_0000000025,COUNTRY,HRV,EUR,Europe,YEAR,2017,,,,,,,,,100,99.9,,,Statistical Yearbook of the Republic of Croatia 2018. Zagreb: Croatian Bureau of Statistics; 2018.,2026-04-21T12:35:59Z,2017,2017-01-01,2017-12-31
5881652,MDG_0000000025,COUNTRY,AUS,WPR,Western Pacific,YEAR,2020,,,,,,,,,99,98.8,,,Australian Institute of Health and Welfare. Maternity models of care in Australia; 2022 [Internet]. Canberra: Australian Institute of Health and Welfare; 2022 [cited 2023 Sep. 20]. Available from: https://www.aihw.gov.au/reports/mothers-babies/maternity-models-of-care,2026-04-21T12:35:59Z,2020,2020-01-01,2020-12-31
5882755,MDG_0000000025,COUNTRY,MNE,EUR,Europe,YEAR,2008,,,,,,,,,100,100,,, Statistical Yearbook 2009. Podgorica: Statistical Office [Montenegro]; 2009.,2025-04-07T06:46:44Z,2008,2008-01-01,2008-12-31
5885019,MDG_0000000025,COUNTRY,MEX,AMR,Americas,YEAR,2018,,,,,,,,,92,92.1,,,PLISA Health Information Platform. Indicator profile: Deliveries attended by skilled birth attendants (%) [online database]. Washington; DC: Pan American Health Organization/World Health Organization (PAHO/WHO); 2023 (https://opendata.paho.org/es/indicadores-basicos/tablero-de-los-indicadores-basicos; accessed 1 February 2024).,2026-04-21T12:35:59Z,2018,2018-01-01,2018-12-31
5897809,MDG_0000000025,COUNTRY,NOR,EUR,Europe,YEAR,2004,,,,,,,,,99,99,,," Dataset: F11: Fødested. 2004. [online database]. Oslo: Folkehelseinstituttet, Medisinsk fødselsregister [Norwegian Institute of Public Health (NIPH), Medical Birth Registry]; 2005 (http://statistikkbank.fhi.no/mfr, accessed 10 October 2011, in Norwegian). ",2025-04-07T06:46:44Z,2004,2004-01-01,2004-12-31
5905436,MDG_0000000025,COUNTRY,MYS,WPR,Western Pacific,YEAR,2016,,,,,,,,,100,99.5,,,Institute for Public Health (IPH); National Institutes of Health; Ministry of Health Malaysia. 2016. National Health and Morbidity Survey (HMNS) 2016; Maternal and Child Health. Vol II: Findings; 2016. pp272,2026-04-21T12:35:59Z,2016,2016-01-01,2016-12-31
5906562,MDG_0000000025,COUNTRY,TJK,EUR,Europe,YEAR,2001,,,,,,,,,81,81,,,"Skilled health personnel Transformative Monitoring for Enhanced Equity (TransMonEE) 2012 Database [online database]. Geneva: UNICEF Europe and Central Asia Regional Office; 2012 (www.transmonee.org, accessed 1 November 2012). ",2025-04-07T06:46:44Z,2001,2001-01-01,2001-12-31
5911592,MDG_0000000025,COUNTRY,MSR,AMR,Americas,YEAR,2013,,,,,,,,,98,98,,,"Trained personnel PLISA Health Information Platform. Indicator profile: Deliveries attended by skilled birth attendants (%) [online database]. Washington, DC: Pan American Health Organization/World Health Organization (PAHO/WHO); 2021 (https://opendata.paho.org/es/indicadores-basicos/tablero-de-los-indicadores-basicos, accessed 30 December 2021). ",2025-04-07T06:46:44Z,2013,2013-01-01,2013-12-31
5918924,MDG_0000000025,COUNTRY,SGP,WPR,Western Pacific,YEAR,2001,,,,,,,,,100,100,,,"  Registry of Births and Deaths, Immigration and Checkpoints Authority Singapore",2025-04-07T06:46:44Z,2001,2001-01-01,2001-12-31
5924654,MDG_0000000025,COUNTRY,CZE,EUR,Europe,YEAR,2005,,,,,,,,,100,100,,, Rodi?ka a novorozenec 2005 [Mother and Newborn 2005]. Prague: Ústav zdravotnických informací a statistiky ?R [Institute of Health Information and Statistics of the Czech Republic]; 2006 (in Czech).,2025-04-07T06:46:44Z,2005,2005-01-01,2005-12-31
5926710,MDG_0000000025,COUNTRY,VCT,AMR,Americas,YEAR,2005,,,,,,,,,100,100,,,"Trained personnel PLISA Health Information Platform. Indicator profile: Deliveries attended by skilled birth attendants (%) [online database]. Washington, DC: Pan American Health Organization/World Health Organization (PAHO/WHO); 2021 (https://opendata.paho.org/es/indicadores-basicos/tablero-de-los-indicadores-basicos, accessed 30 December 2021). ",2025-04-07T06:46:44Z,2005,2005-01-01,2005-12-31
5930871,MDG_0000000025,COUNTRY,MLT,EUR,Europe,YEAR,2012,,,,,,,,,100,100,,, National Obstetric Information System (NOIS). Annual Report – 2012. Malta: Department of Health Information and Research (DHIR); 2013.,2025-04-07T06:46:44Z,2012,2012-01-01,2012-12-31
5932880,MDG_0000000025,COUNTRY,CUB,AMR,Americas,YEAR,2002,,,,,,,,,100,100,,," Anuario Estadístico de Salud 2011. Edición Especial. La Habana: Dirección Nacional de Registros Médicos y Estadísticas de Salud, Ministerio de Salud Pública de Cuba; 2012 (in Spanish).",2025-04-07T06:46:44Z,2002,2002-01-01,2002-12-31
5934549,MDG_0000000025,REGION,AMR,,,YEAR,2009,,,,,,,,,94,94,,,,2024-04-26T13:59:03Z,2009,2009-01-01,2009-12-31
5936616,MDG_0000000025,COUNTRY,LVA,EUR,Europe,YEAR,2015,,,,,,,,,100,100,,," Statistical Yearbook of Health Care in Latvia 17th edition, 2015. Riga: The Centre for Disease Prevention and Control of Latvia; 2016.",2025-04-07T06:46:44Z,2015,2015-01-01,2015-12-31
5943868,MDG_0000000025,COUNTRY,SVK,EUR,Europe,YEAR,2016,,,,,,,,,98,98.1,,,National Health Information Centre of the Slovak Republic [Slovakia]; Provided during SDG country consultation 2021.,2026-04-21T12:35:59Z,2016,2016-01-01,2016-12-31
5949061,MDG_0000000025,COUNTRY,PLW,WPR,Western Pacific,YEAR,2020,,,,,,,,,97,97.2,,,2020 Statistical Yearbook. Koror: Ministry of Finance [Palau]; 2021.,2026-04-21T12:35:59Z,2020,2020-01-01,2020-12-31
5956578,MDG_0000000025,COUNTRY,HRV,EUR,Europe,YEAR,2012,,,,,,,,,100,100,,, Statistical Yearbook of the Republic of Croatia 2013. Zagreb: Croatian Bureau of Statistics; 2013.  ,2025-04-07T06:46:44Z,2012,2012-01-01,2012-12-31
5957406,MDG_0000000025,COUNTRY,PHL,WPR,Western Pacific,YEAR,2022,,,,,,,,,90,89.6,,,Philippine Statistics Authority (PSA) and ICF. 2023. 2022 Philippine National Demographic and HealthSurvey (NDHS): Final Report. Quezon City; Philippines; and Rockville; Maryland; USA: PSA and ICF.,2026-04-21T12:35:59Z,2022,2022-01-01,2022-12-31
5964547,MDG_0000000025,COUNTRY,BGR,EUR,Europe,YEAR,2018,,,,,,,,,93,93,,,National Statistical Institute of Bulgaria; 2022. (Reported on 2 December 2022),2026-04-21T12:35:59Z,2018,2018-01-01,2018-12-31
5964935,MDG_0000000025,COUNTRY,HUN,EUR,Europe,YEAR,2001,,,,,,,,,100,100,,,"Skilled health personnel Transformative Monitoring for Enhanced Equity (TransMonEE) 2012 Database [online database]. Geneva: UNICEF Europe and Central Asia Regional Office; 2012 (www.transmonee.org, accessed 1 November 2012). ",2025-04-07T06:46:44Z,2001,2001-01-01,2001-12-31
5969484,MDG_0000000025,COUNTRY,BHR,EMR,Eastern Mediterranean,YEAR,2003,,,,,,,,,98,98,,, Health Statistics of 2003. Bahrain: Ministry of Health; 2004.,2025-04-07T06:46:44Z,2003,2003-01-01,2003-12-31
5975121,MDG_0000000025,COUNTRY,PLW,WPR,Western Pacific,YEAR,2016,,,,,,,,,100,100,,,2016 Statistical Yearbook. Koror: Ministry of Finance [Palau]; 2017.,2026-04-21T12:35:59Z,2016,2016-01-01,2016-12-31
5978381,MDG_0000000025,COUNTRY,SOM,EMR,Eastern Mediterranean,YEAR,2006,,,,,,,,,9,9,,," Somalia 2006 Multiple Indicator Cluster Survey (MICS). Somalia: Pan Arab Project for Family Health (PAPFAM), United Nations Children's Fund (UNICEF); 2007.",2025-04-07T06:46:44Z,2006,2006-01-01,2006-12-31
5986382,MDG_0000000025,COUNTRY,BGR,EUR,Europe,YEAR,2020,,,,,,,,,95,94.6,,,National Statistical Institute of Bulgaria; 2022. (Reported on 2 December 2022),2026-04-21T12:35:59Z,2020,2020-01-01,2020-12-31
5988663,MDG_0000000025,COUNTRY,AZE,EUR,Europe,YEAR,2009,,,,,,,,,100,100,,,Skilled health personnel Statistical Yearbook of Azerbaijan 2013. Baku: State Statistical Committee of the Republic of Azerbaijan; 2013.,2025-04-07T06:46:44Z,2009,2009-01-01,2009-12-31
5992759,MDG_0000000025,COUNTRY,DMA,AMR,Americas,YEAR,2018,,,,,,,,,100,100,,,PLISA Health Information Platform. Indicator profile: Deliveries attended by skilled birth attendants (%) [online database]. Washington; DC: Pan American Health Organization/World Health Organization (PAHO/WHO); 2021 (https://opendata.paho.org/es/indicadores-basicos/tablero-de-los-indicadores-basicos; accessed 30 December 2021).,2026-04-21T12:35:59Z,2018,2018-01-01,2018-12-31
5993347,MDG_0000000025,GLOBAL,GLOBAL,,,YEAR,2009,,,,,,,,,70,70,,,,2024-04-26T13:59:03Z,2009,2009-01-01,2009-12-31
5994673,MDG_0000000025,COUNTRY,CRI,AMR,Americas,YEAR,2008,,,,,,,,,99,99,,, Estadísticas Vitales 2008. San José: Instituto Nacional de Estadística y Censos (INEC); 2009 (in Spanish).,2025-04-07T06:46:44Z,2008,2008-01-01,2008-12-31
5995346,MDG_0000000025,COUNTRY,AUS,WPR,Western Pacific,YEAR,2019,,,,,,,,,99,98.8,,,Australian Institute of Health and Welfare 2021. Australia's mothers and babies. Cat. no. PER 101. Canberra: AIHW; 2021.,2026-04-21T12:35:59Z,2019,2019-01-01,2019-12-31
5996960,MDG_0000000025,COUNTRY,KAZ,EUR,Europe,YEAR,2004,,,,,,,,,99,99,,,"Skilled health personnel Transformative Monitoring for Enhanced Equity (TransMonEE) 2012 Database [online database]. Geneva: UNICEF Europe and Central Asia Regional Office; 2012 (www.transmonee.org, accessed 1 November 2012). ",2025-04-07T06:46:44Z,2004,2004-01-01,2004-12-31
6005823,MDG_0000000025,REGION,SEAR,,,YEAR,2024,,,,,,,,,90,89.9,,,Estimate based on Joint UNICEF-WHO Database on Skilled Birth Attendance 2025,2026-04-21T12:35:59Z,2024,2024-01-01,2024-12-31
6008007,MDG_0000000025,COUNTRY,ARM,EUR,Europe,YEAR,2007,,,,,,,,,100,100,,,"Skilled health personnel Transformative Monitoring for Enhanced Equity (TransMonEE) 2012 Database [online database]. Geneva: UNICEF Europe and Central Asia Regional Office; 2012 (www.transmonee.org, accessed 1 November 2012). ",2025-04-07T06:46:44Z,2007,2007-01-01,2007-12-31
6014276,MDG_0000000025,COUNTRY,AZE,EUR,Europe,YEAR,2002,,,,,,,,,94,94,,,Skilled health personnel Statistical Yearbook of Azerbaijan 2013. Baku: State Statistical Committee of the Republic of Azerbaijan; 2013.,2025-04-07T06:46:44Z,2002,2002-01-01,2002-12-31
6018164,MDG_0000000025,COUNTRY,SGP,WPR,Western Pacific,YEAR,2016,,,,,,,,,100,99.7,,,Registry of Births and Deaths. Singapore: Department of Statistics Singapore; 2021 (Sustainable Development Goals: Indicator 3.2.1 [online database] https://www.singstat.gov.sg/find-data/sdg/goal-3#t1; accessed 30 December 2021).,2026-04-21T12:35:59Z,2016,2016-01-01,2016-12-31
6022449,MDG_0000000025,COUNTRY,PLW,WPR,Western Pacific,YEAR,2009,,,,,,,,,99,99,,, 2013 Statistical Yearbook. Koror: Ministry of Finance [Palau]; 2014.,2025-04-07T06:46:44Z,2009,2009-01-01,2009-12-31
6024714,MDG_0000000025,COUNTRY,URY,AMR,Americas,YEAR,2019,,,,,,,,,100,100,,,PLISA Health Information Platform. Indicator profile: Deliveries attended by skilled birth attendants (%) [online database]. Washington; DC: Pan American Health Organization/World Health Organization (PAHO/WHO); 2021 (https://opendata.paho.org/es/indicadores-basicos/tablero-de-los-indicadores-basicos; accessed 30 December 2021).,2026-04-21T12:35:59Z,2019,2019-01-01,2019-12-31
6025507,MDG_0000000025,COUNTRY,DNK,EUR,Europe,YEAR,2020,,,,,,,,,97,96.6,,,Det Medicinske Fdselsregister (MFR); MFR-kuben; Institutional deliveries [online database]. Copenhagen: Sundhedsdatastyrelsen [National Board of Health Data; Denmark]; 2023 (https://www.esundhed.dk/Emner/Graviditet-foedsler-og-boern/Nyfoedte-og-foedsler-1997-#tabpanel6B95F8298EB444F48C3403E7B75B7202; accessed 21 September; 2023; in Danish).,2026-04-21T12:35:59Z,2020,2020-01-01,2020-12-31
6029173,MDG_0000000025,COUNTRY,LTU,EUR,Europe,YEAR,2010,,,,,,,,,100,100,,,"Skilled health personnel Transformative Monitoring for Enhanced Equity (TransMonEE) 2016 Database [online database]. Geneva: UNICEF Europe and Central Asia Regional Office; 2016 (www.transmonee.org, accessed 17 October 2016). ",2025-04-07T06:46:44Z,2010,2010-01-01,2010-12-31
6031915,MDG_0000000025,COUNTRY,MSR,AMR,Americas,YEAR,2011,,,,,,,,,100,100,,,"Trained personnel PLISA Health Information Platform. Indicator profile: Deliveries attended by skilled birth attendants (%) [online database]. Washington, DC: Pan American Health Organization/World Health Organization (PAHO/WHO); 2021 (https://opendata.paho.org/es/indicadores-basicos/tablero-de-los-indicadores-basicos, accessed 30 December 2021). ",2025-04-07T06:46:44Z,2011,2011-01-01,2011-12-31
6047664,MDG_0000000025,COUNTRY,ECU,AMR,Americas,YEAR,2016,,,,,,,,,94,94.2,,,Registro Estadstico de Nacidos Vivos; Instituto Nacional de Estadstica y Censos,2026-04-21T12:35:59Z,2016,2016-01-01,2016-12-31
6057251,MDG_0000000025,COUNTRY,URY,AMR,Americas,YEAR,2014,,,,,,,,,100,100,,," Estadísticas Vitales Natalidad 2011-2014, Certificado de Nacido Vivo de Uruguay [website]. Montevideo: Ministerio de Salud Publica, Instituto Nacional de Estadística; 2015 (www.estadisticas.msp.gub.uy/index.php/catalog/19/datafile/F8, accessed 19 April 2014, in Spanish).",2025-04-07T06:46:44Z,2014,2014-01-01,2014-12-31
6058156,MDG_0000000025,COUNTRY,KOR,WPR,Western Pacific,YEAR,2003,,,,,,,,,100,100,,," The 2012 National Survey on Fertility, Family Health & Welfare in Korea. Sejong City: Korea Institute for Health and Social Affairs; 2012 (in Korean). ",2025-04-07T06:46:44Z,2003,2003-01-01,2003-12-31
6067720,MDG_0000000025,COUNTRY,DNK,EUR,Europe,YEAR,2002,,,,,,,,,99,99,,," Sundhedsstyrelsen [National Board of Health, Denmark]. Nye tal fra Sundhedsstyrelsen - Fødselsregisteret 2002, 2003:19 [New figures from the National Board of Health, Denmark - Birth Registry 2002, 2003:19]. Copenhagen: Sundhedsstyrelsen; 2003 (in Danish).",2025-04-07T06:46:44Z,2002,2002-01-01,2002-12-31
6072915,MDG_0000000025,COUNTRY,CMR,AFR,Africa,YEAR,2000,,,,,,,,,56,56,,," Enquête Indicateurs Multiples (MICS) au Cameroun 2000. Rapport Principal. Cameroun: Ministère de l'Economie et des Finances, Cameroun, Fonds des Nations Unies pour l'Enfance (UNICEF); 2002 (in French).",2025-04-07T06:46:44Z,2000,2000-01-01,2000-12-31
6079028,MDG_0000000025,COUNTRY,CHN,WPR,Western Pacific,YEAR,2015,,,,,,,,,100,100,,,Skilled attendant China Statistical Yearbook for Health and Family Planning 2016. Beijing: National Health and Family Planning Commission of China (NHFPC); 2016. ,2025-04-07T06:46:44Z,2015,2015-01-01,2015-12-31
6087148,MDG_0000000025,COUNTRY,GRC,EUR,Europe,YEAR,2011,,,,,,,,,100,100,,,"Skilled persons Hellenic Republic, Hellenic Statistical Authority, General Directorate of Statistical Surveys, Vital and Migration Statistics Section, Statistical Output, provided during SDG Country Consultation",2025-04-07T06:46:44Z,2011,2011-01-01,2011-12-31
6088787,MDG_0000000025,COUNTRY,NZL,WPR,Western Pacific,YEAR,2004,,,,,,,,,94,94,,, Report on Maternity. Maternal and Newborn Information 2004. Wellington: Ministry of Health [New Zealand]; 2007.,2025-04-07T06:46:44Z,2004,2004-01-01,2004-12-31
6093691,MDG_0000000025,COUNTRY,NIC,AMR,Americas,YEAR,2015,,,,,,,,,94,94,,,"Trained personnel PLISA Health Information Platform. Indicator profile: Deliveries attended by skilled birth attendants (%) [online database]. Washington, DC: Pan American Health Organization/World Health Organization (PAHO/WHO); 2021 (https://opendata.paho.org/es/indicadores-basicos/tablero-de-los-indicadores-basicos, accessed 30 December 2021). ",2025-04-07T06:46:44Z,2015,2015-01-01,2015-12-31
6097305,MDG_0000000025,COUNTRY,NZL,WPR,Western Pacific,YEAR,2021,,,,,,,,,96,95.8,,,The New Zealand Maternity Clinical Indicators. New Zealand; 2023. (https://www.tewhatuora.govt.nz/our-health-system/data-and-statistics/maternity-clinical-indicators/ accessed 22 September 2023).,2026-04-21T12:35:59Z,2021,2021-01-01,2021-12-31
6107240,MDG_0000000025,COUNTRY,COD,AFR,Africa,YEAR,2014,,,,,,,,,80,80,,," Ministère du Plan et Suivi de la Mise en œuvre de la Révolution de la Modernité (MPSMRM), Ministère de la Santé Publique (MSP), ICF International. Enquête Démographique et de Santé en République Démocratique du Congo 2013-2014. Rockville, Maryland, USA: MPSMRM, MSP, ICF International; 2014 (in French).",2025-04-07T06:46:44Z,2014,2014-01-01,2014-12-31
6113610,MDG_0000000025,COUNTRY,CYP,EUR,Europe,YEAR,2019,,,,,,,,,100,99.9,,,Health Monitoring Unit (HMU); Ministry of Health,2026-04-21T12:35:59Z,2019,2019-01-01,2019-12-31
6118520,MDG_0000000025,COUNTRY,HRV,EUR,Europe,YEAR,2004,,,,,,,,,100,100,,, Statistical Yearbook of the Republic of Croatia 2011. Zagreb: Croatian Bureau of Statistics; 2011.  ,2025-04-07T06:46:44Z,2004,2004-01-01,2004-12-31
6119051,MDG_0000000025,COUNTRY,NOR,EUR,Europe,YEAR,2011,,,,,,,,,99,99,,," Dataset: F11: Fødested. 2011. [online database]. Oslo: Folkehelseinstituttet, Medisinsk fødselsregister [Norwegian Institute of Public Health (NIPH), Medical Birth Registry]; 2012 (http://statistikkbank.fhi.no/mfr, accessed 7 November 2014, in Norwegian). ",2025-04-07T06:46:44Z,2011,2011-01-01,2011-12-31
6127508,MDG_0000000025,COUNTRY,TLS,SEAR,South-East Asia,YEAR,2002,,,,,,,,,24,24,,,"Doctor, nurse, midwife and auxiliary midwife Timor-Leste Multiple Indicator Cluster Survey (MICS - 2002). Timor-Leste: Government of Timor-Leste, United Nations Children's Fund (UNICEF); 2003.",2025-04-07T06:46:44Z,2002,2002-01-01,2002-12-31
6132724,MDG_0000000025,COUNTRY,UGA,AFR,Africa,YEAR,2016,,,,,,,,,74,74.2,,,Uganda Bureau of Statistics (UBOS); ICF. Uganda Demographic and Health Survey 2016. Kampala; Uganda and Rockville; Maryland; USA: UBOS; ICF; 2018.,2026-04-21T12:35:59Z,2016,2016-01-01,2016-12-31
6133949,MDG_0000000025,COUNTRY,BGR,EUR,Europe,YEAR,2011,,,,,,,,,92,92,,, National Statistical Institute of Bulgaria; 2023.,2025-04-07T06:46:44Z,2011,2011-01-01,2011-12-31
6139151,MDG_0000000025,COUNTRY,VEN,AMR,Americas,YEAR,2018,,,,,,,,,99,98.7,,,PLISA Health Information Platform. Indicator profile: Deliveries attended by skilled birth attendants (%) [online database]. Washington; DC: Pan American Health Organization/World Health Organization (PAHO/WHO); 2021 (https://opendata.paho.org/es/indicadores-basicos/tablero-de-los-indicadores-basicos; accessed 30 December 2021).,2026-04-21T12:35:59Z,2018,2018-01-01,2018-12-31
6148227,MDG_0000000025,COUNTRY,GEO,EUR,Europe,YEAR,2007,,,,,,,,,99,99,,," Health Care, Statistical Yearbook 2011 Georgia. Tbilisi: Ministry of Labour, Health and Social Affairs of Georgia, National Centre for Disease Control and Public Health; 2012.",2025-04-07T06:46:44Z,2007,2007-01-01,2007-12-31
6151796,MDG_0000000025,COUNTRY,BGR,EUR,Europe,YEAR,2009,,,,,,,,,94,94,,, National Statistical Institute of Bulgaria; 2023.,2025-04-07T06:46:44Z,2009,2009-01-01,2009-12-31
6152616,MDG_0000000025,COUNTRY,BGR,EUR,Europe,YEAR,2012,,,,,,,,,93,93,,, National Statistical Institute of Bulgaria; 2023.,2025-04-07T06:46:44Z,2012,2012-01-01,2012-12-31
6154984,MDG_0000000025,COUNTRY,FRA,EUR,Europe,YEAR,2006,,,,,,,,,98,98,,," Tableau 64: Conditions d'accouchement selon le groupe d'âges de la mère. Année 2006 [website]. Paris: Institut National de la Statistique et des Études Économiques (INSEE) [National Institute of Statistics and Economic Studies]; 2007 (http://www.insee.fr/en/insee-statistique-publique/default.asp, accessed 23 November 2011, in French).
",2025-04-07T06:46:44Z,2006,2006-01-01,2006-12-31
6160952,MDG_0000000025,REGION,EUR,,,YEAR,2018,,,,,,,,,99,99,,,Estimate based on Joint UNICEF-WHO Database on Skilled Birth Attendance 2025,2026-04-21T12:35:59Z,2018,2018-01-01,2018-12-31
6165812,MDG_0000000025,COUNTRY,URY,AMR,Americas,YEAR,2020,,,,,,,,,100,100,,,PLISA Health Information Platform. Indicator profile: Deliveries attended by skilled birth attendants (%) [online database]. Washington; DC: Pan American Health Organization/World Health Organization (PAHO/WHO); 2021 (https://opendata.paho.org/es/indicadores-basicos/tablero-de-los-indicadores-basicos; accessed 30 December 2021).,2026-04-21T12:35:59Z,2020,2020-01-01,2020-12-31
6171648,MDG_0000000025,COUNTRY,ZMB,AFR,Africa,YEAR,2024,,,,,,,,,94,93.9,,,Zambia Demographic and Health Survey 2024. Rockville; Maryland; USA: The DHS Program; ICF; 2024.,2026-04-21T12:35:59Z,2024,2024-01-01,2024-12-31
6174478,MDG_0000000025,COUNTRY,PAN,AMR,Americas,YEAR,2014,,,,,,,,,94,94,,," Estadísticas Vitales - Volumen II - Nacimientos Vivos y Defunciones Fetales: Año 2014 [electronic publication]. Panamá: Instituto Nacional de Estadística y Censo (INEC) [Panama]; 2015 (http://www.contraloria.gob.pa/inec/Publicaciones, accessed 19 April 2016, in Spanish).",2025-04-07T06:46:44Z,2014,2014-01-01,2014-12-31
6185029,MDG_0000000025,COUNTRY,CRI,AMR,Americas,YEAR,2014,,,,,,,,,99,99,,, Estadísticas Vitales 2014. San José: Instituto Nacional de Estadística y Censos (INEC); 2015 (in Spanish).,2025-04-07T06:46:44Z,2014,2014-01-01,2014-12-31
6186258,MDG_0000000025,COUNTRY,LTU,EUR,Europe,YEAR,2015,,,,,,,,,100,100,,,"Skilled health personnel Official Statistics Portal; 2021 (https://osp.stat.gov.lt/nacionaliniai-darnaus-vystymosi-rodikliai, accessed 30/12/2021)",2025-04-07T06:46:44Z,2015,2015-01-01,2015-12-31
6191073,MDG_0000000025,COUNTRY,CAN,AMR,Americas,YEAR,2021,,,,,,,,,98,97.6,,,Statistics Canada. Table 13-10-0429-01 Live births and fetal deaths (stillbirths); by place of birth (hospital or non-hospital). Canada; 2023. DOI: https://doi.org/10.25318/1310042901-eng,2026-04-21T12:35:59Z,2021,2021-01-01,2021-12-31
6191527,MDG_0000000025,COUNTRY,COL,AMR,Americas,YEAR,2012,,,,,,,,,99,99,,," DANE [online database]. Estadísticas Vitales - Nacimientos. 2012. Bogotá D.C.: Departamento Administrativo Nacional de Estadística (DANE); 2012 (https://www.dane.gov.co/index.php/es/poblacion-y-registros-vitales/nacimientos-y-defunciones/nacimientos-y-defunciones/118-demograficas/estadisticas-vitales/2879-nacimientos, accessed 22 October 2014, in Spanish).  ",2025-04-07T06:46:44Z,2012,2012-01-01,2012-12-31
6194143,MDG_0000000025,COUNTRY,LSO,AFR,Africa,YEAR,2009,,,,,,,,,62,62,,," Ministry of Health and Social Welfare (MOHSW) [Lesotho], ICF Macro. Lesotho Demographic and Health Survey 2009. Maseru, Lesotho: MOHSW, ICF Macro; 2010.",2025-04-07T06:46:44Z,2009,2009-01-01,2009-12-31
6197014,MDG_0000000025,COUNTRY,CUB,AMR,Americas,YEAR,2010,,,,,,,,,100,100,,," Anuario Estadístico de Salud 2015. La Habana: Dirección de Registros Médicos y Estadísticas de Salud, Ministerio de Salud Pública de Cuba; 2016 (in Spanish).",2025-04-07T06:46:44Z,2010,2010-01-01,2010-12-31
6203227,MDG_0000000025,REGION,EMR,,,YEAR,2011,,,,,,,,,64,64,,,,2024-04-26T13:59:03Z,2011,2011-01-01,2011-12-31
6211977,MDG_0000000025,COUNTRY,LTU,EUR,Europe,YEAR,2008,,,,,,,,,100,100,,,"Skilled health personnel Transformative Monitoring for Enhanced Equity (TransMonEE) 2016 Database [online database]. Geneva: UNICEF Europe and Central Asia Regional Office; 2016 (www.transmonee.org, accessed 17 October 2016). ",2025-04-07T06:46:44Z,2008,2008-01-01,2008-12-31
6213299,MDG_0000000025,COUNTRY,TUN,EMR,Eastern Mediterranean,YEAR,2001,,,,,,,,,90,90,,," The Tunisian Survey for Family Health, Principal Report. Tunis: Ministry of Public Health, League of Arab States; 2002.",2025-04-07T06:46:44Z,2001,2001-01-01,2001-12-31
6213425,MDG_0000000025,COUNTRY,UKR,EUR,Europe,YEAR,2006,,,,,,,,,100,100,,,"Skilled health personnel Transformative Monitoring for Enhanced Equity (TransMonEE) 2012 Database [online database]. Geneva: UNICEF Europe and Central Asia Regional Office; 2012 (www.transmonee.org, accessed 1 November 2012). ",2025-04-07T06:46:44Z,2006,2006-01-01,2006-12-31
6217731,MDG_0000000025,REGION,AFR,,,YEAR,2011,,,,,,,,,53,53,,,,2025-04-07T06:46:44Z,2011,2011-01-01,2011-12-31
6227558,MDG_0000000025,COUNTRY,MNE,EUR,Europe,YEAR,2005,,,,,,,,,99,99,,, Statistical Yearbook 2009. Podgorica: Statistical Office [Montenegro]; 2009.,2025-04-07T06:46:44Z,2005,2005-01-01,2005-12-31
6231039,MDG_0000000025,COUNTRY,GRD,AMR,Americas,YEAR,2019,,,,,,,,,100,100,,,PLISA Health Information Platform. Indicator profile: Deliveries attended by skilled birth attendants (%) [online database]. Washington; DC: Pan American Health Organization/World Health Organization (PAHO/WHO); 2023 (https://opendata.paho.org/es/indicadores-basicos/tablero-de-los-indicadores-basicos; accessed 21 September 2023).,2026-04-21T12:35:59Z,2019,2019-01-01,2019-12-31
6236800,MDG_0000000025,COUNTRY,DMA,AMR,Americas,YEAR,2005,,,,,,,,,99,99,,,"Trained personnel Health Situation in the Americas: Basic Indicators 2008. Washington, DC: Pan American Health Organization/World Health Organization (PAHO/WHO), Health Information and Analysis; 2008.",2025-04-07T06:46:44Z,2005,2005-01-01,2005-12-31
6237532,MDG_0000000025,COUNTRY,IND,SEAR,South-East Asia,YEAR,2000,,,,,,,,,43,43,,,"Health professional India Multiple Indicator Survey 2000 (MICS-2000). Summary Report. New Delhi: Department of Women and Child Development [India], United Nations Children's Fund (UNICEF); 2001.",2025-04-07T06:46:44Z,2000,2000-01-01,2000-12-31
6238645,MDG_0000000025,COUNTRY,SEN,AFR,Africa,YEAR,2017,,,,,,,,,68,68.4,,,Sngal: Enqute Dmographique et de Sant Continue (EDS-Continue) 2017. Rockville; Maryland; USA: Agence Nationale de la Statistique et de la Dmographie (ANSD); ICF; 2018 (in French).,2026-04-21T12:35:59Z,2017,2017-01-01,2017-12-31
6250636,MDG_0000000025,COUNTRY,TTO,AMR,Americas,YEAR,2011,,,,,,,,,98,98,,," Trinidad and Tobago Multiple Indicator Cluster Survey 2011, Key Findings & Tables. Port of Spain: Ministry of Social Development and Familyvices, Central Statistical Office, UNICEF; 2017",2025-04-07T06:46:44Z,2011,2011-01-01,2011-12-31
6251899,MDG_0000000025,COUNTRY,BRB,AMR,Americas,YEAR,2000,,,,,,,,,98,98,,,"Trained personnel Health Situation in the Americas: Basic Indicators 2002. Washington, DC: Pan American Health Organization/World Health Organization (PAHO/WHO), Special Program for Health Analysis; 2002.",2025-04-07T06:46:44Z,2000,2000-01-01,2000-12-31
6253133,MDG_0000000025,COUNTRY,MDA,EUR,Europe,YEAR,2002,,,,,,,,,100,100,,,"Skilled health personnel Transformative Monitoring for Enhanced Equity (TransMonEE) 2012 Database [online database]. Geneva: UNICEF Europe and Central Asia Regional Office; 2012 (www.transmonee.org, accessed 1 November 2012). ",2025-04-07T06:46:44Z,2002,2002-01-01,2002-12-31
6254786,MDG_0000000025,COUNTRY,ARM,EUR,Europe,YEAR,2008,,,,,,,,,100,100,,,"Skilled health personnel Transformative Monitoring for Enhanced Equity (TransMonEE) 2012 Database [online database]. Geneva: UNICEF Europe and Central Asia Regional Office; 2012 (www.transmonee.org, accessed 1 November 2012). ",2025-04-07T06:46:44Z,2008,2008-01-01,2008-12-31
6259426,MDG_0000000025,COUNTRY,GEO,EUR,Europe,YEAR,2005,,,,,,,,,98,98,,," Georgia Multiple Indicator Cluster Survey 2005. Tbilisi: State Department of Statistics of Georgia, National Centre for Disease Control Georgia (NCDC), United Nations Children's Fund (UNICEF); 2008.",2025-04-07T06:46:44Z,2005,2005-01-01,2005-12-31
6264035,MDG_0000000025,COUNTRY,CYP,EUR,Europe,YEAR,2005,,,,,,,,,99,99,,, Statistical Service. Demographic Report 2009. Republic of Cyprus; 2011.,2025-04-07T06:46:44Z,2005,2005-01-01,2005-12-31
6266137,MDG_0000000025,COUNTRY,QAT,EMR,Eastern Mediterranean,YEAR,2011,,,,,,,,,100,100,,," Vital Statistics, Annual Bulletin. Births and Deaths 2011. Doha: Ministry of Development Planning and Statistics [Qatar]; 2013.",2025-04-07T06:46:44Z,2011,2011-01-01,2011-12-31
6267981,MDG_0000000025,COUNTRY,HUN,EUR,Europe,YEAR,2005,,,,,,,,,100,100,,,"Skilled health personnel Transformative Monitoring for Enhanced Equity (TransMonEE) 2012 Database [online database]. Geneva: UNICEF Europe and Central Asia Regional Office; 2012 (www.transmonee.org, accessed 1 November 2012). ",2025-04-07T06:46:44Z,2005,2005-01-01,2005-12-31
6268611,MDG_0000000025,COUNTRY,UKR,EUR,Europe,YEAR,2008,,,,,,,,,100,100,,,"Skilled health personnel Transformative Monitoring for Enhanced Equity (TransMonEE) 2012 Database [online database]. Geneva: UNICEF Europe and Central Asia Regional Office; 2012 (www.transmonee.org, accessed 1 November 2012). ",2025-04-07T06:46:44Z,2008,2008-01-01,2008-12-31
6272884,MDG_0000000025,COUNTRY,BIH,EUR,Europe,YEAR,2020,,,,,,,,,100,99.9,,,Statistical Yearbook Federation of Bosnia and Herzegovina 2020. Sarajevo: Institute for Statistics of Federation of Bosnia and Herzegovina; 2020.,2026-04-21T12:35:59Z,2020,2020-01-01,2020-12-31
6278100,MDG_0000000025,COUNTRY,PLW,WPR,Western Pacific,YEAR,2002,,,,,,,,,100,100,,,"Skilled health personnel Secretariat of the Pacific Community (SPC), United Nations Development Programme (UNDP), the UN/CROP MDG Working Group. Pacific Islands Regional Millennium Development Goals Report 2004. Noumea: Secretariat of the Pacific Community (SPC); 2004.",2025-04-07T06:46:44Z,2002,2002-01-01,2002-12-31
6278329,MDG_0000000025,COUNTRY,TJK,EUR,Europe,YEAR,2015,,,,,,,,,98,98,,,"Skilled health personnel Transformative Monitoring for Enhanced Equity (TransMonEE) 2016 Database [online database]. Geneva: UNICEF Europe and Central Asia Regional Office; 2016 (www.transmonee.org, accessed 17 October 2016). ",2025-04-07T06:46:44Z,2015,2015-01-01,2015-12-31
6285326,MDG_0000000025,COUNTRY,SVN,EUR,Europe,YEAR,2010,,,,,,,,,100,100,,, Statistical Yearbook 2011. Ljubljana: Statistical Office of the Republic of Slovenia; 2011.,2025-04-07T06:46:44Z,2010,2010-01-01,2010-12-31
6289819,MDG_0000000025,COUNTRY,ROU,EUR,Europe,YEAR,2012,,,,,,,,,100,100,,,"Skilled health personnel Transformative Monitoring for Enhanced Equity (TransMonEE) 2016 Database [online database]. Geneva: UNICEF Europe and Central Asia Regional Office; 2016 (www.transmonee.org, accessed 17 October 2016). ",2025-04-07T06:46:44Z,2012,2012-01-01,2012-12-31
6298635,MDG_0000000025,REGION,EMR,,,YEAR,2003,,,,,,,,,49,49,,,,2025-04-07T06:46:44Z,2003,2003-01-01,2003-12-31
6304300,MDG_0000000025,COUNTRY,KAZ,EUR,Europe,YEAR,2010,,,,,,,,,99,99,,,Skilled health personnel Women and Men in Kazakhstan. 2006-2010 Statistical collection. Astana: Agency of the Republic of Kazakhstan on Statistics; 2011.,2025-04-07T06:46:44Z,2010,2010-01-01,2010-12-31
6309905,MDG_0000000025,GLOBAL,GLOBAL,,,YEAR,2016,,,,,,,,,81,80.7,,,Estimate based on Joint UNICEF-WHO Database on Skilled Birth Attendance 2025,2026-04-21T12:35:59Z,2016,2016-01-01,2016-12-31
6316264,MDG_0000000025,COUNTRY,BRN,WPR,Western Pacific,YEAR,2010,,,,,,,,,100,100,,,Skilled health personnel Health Information Booklet 2017. Bandar Seri Begawan: Ministry of Health [Brunei Darussalam]; 2018.,2025-04-07T06:46:44Z,2010,2010-01-01,2010-12-31
6331111,MDG_0000000025,COUNTRY,MSR,AMR,Americas,YEAR,2005,,,,,,,,,100,100,,,"Trained personnel PLISA Health Information Platform. Indicator profile: Deliveries attended by skilled birth attendants (%) [online database]. Washington, DC: Pan American Health Organization/World Health Organization (PAHO/WHO); 2021 (https://opendata.paho.org/es/indicadores-basicos/tablero-de-los-indicadores-basicos, accessed 30 December 2021). ",2025-04-07T06:46:44Z,2005,2005-01-01,2005-12-31
6333915,MDG_0000000025,COUNTRY,URY,AMR,Americas,YEAR,2010,,,,,,,,,100,100,,," Estadísticas Vitales Natalidad 2008-2010, Certificado de Nacido Vivo de Uruguay [website]. Montevideo: Ministerio de Salud Publica, Instituto Nacional de Estadística; 2011 (http://estadisticas.msp.gub.uy/index.php/catalog/15/datafile/F6, accessed 19 April 2014, in Spanish).",2025-04-07T06:46:44Z,2010,2010-01-01,2010-12-31
6334545,MDG_0000000025,COUNTRY,SLV,AMR,Americas,YEAR,2012,,,,,,,,,100,100,,, Informe de Labores 2012-2013. San Salvador: Ministerio de Salud de El Salvador; 2013 (in Spanish).,2025-04-07T06:46:44Z,2012,2012-01-01,2012-12-31
6346712,MDG_0000000025,COUNTRY,SUR,AMR,Americas,YEAR,2008,,,,,,,,,90,90,,,"Trained personnel PLISA Health Information Platform. Indicator profile: Deliveries attended by skilled birth attendants (%) [online database]. Washington, DC: Pan American Health Organization/World Health Organization (PAHO/WHO); 2018 (http://www.paho.org/data/index.php/en/indicators/visualization.html, accessed 11 February 2020). ",2025-04-07T06:46:44Z,2008,2008-01-01,2008-12-31
6347606,MDG_0000000025,COUNTRY,AUT,EUR,Europe,YEAR,2007,,,,,,,,,99,99,,, Jahrbuch der Gesundheitsstatistik 2012. Wien: Statistik Austria; 2013 (in German).,2025-04-07T06:46:44Z,2007,2007-01-01,2007-12-31
6348119,MDG_0000000025,COUNTRY,ISL,EUR,Europe,YEAR,2015,,,,,,,,,98,98,,," Births: Home deliveries as percentage of all deliveries in Iceland 1980-2016 [website]. Reykjavík: Directorate of Health [Iceland]; 2017 (https://www.landlaeknir.is/english/statistics/births/, accessed 10 October 2017). ",2025-04-07T06:46:44Z,2015,2015-01-01,2015-12-31
6354370,MDG_0000000025,COUNTRY,LTU,EUR,Europe,YEAR,2005,,,,,,,,,100,100,,,"Skilled health personnel Transformative Monitoring for Enhanced Equity (TransMonEE) 2012 Database [online database]. Geneva: UNICEF Europe and Central Asia Regional Office; 2012 (www.transmonee.org, accessed 1 November 2012). ",2025-04-07T06:46:44Z,2005,2005-01-01,2005-12-31
6354387,MDG_0000000025,COUNTRY,SGP,WPR,Western Pacific,YEAR,2006,,,,,,,,,100,100,,,"  Registry of Births and Deaths, Immigration and Checkpoints Authority Singapore",2025-04-07T06:46:44Z,2006,2006-01-01,2006-12-31
6360102,MDG_0000000025,COUNTRY,LBY,EMR,Eastern Mediterranean,YEAR,2007,,,,,,,,,98,98,,," National Center for Infectious and Chronic Disease Control [Jamahiriya], Pan-Arab Project for Family Health. National Libyan Family Health Survey 2007, Preliminary Report. PAPFAM Surveys. Cairo: The League of Arab States; 2008 (in Arabic).",2025-04-07T06:46:44Z,2007,2007-01-01,2007-12-31
6367555,MDG_0000000025,COUNTRY,QAT,EMR,Eastern Mediterranean,YEAR,2001,,,,,,,,,100,100,,," Vital Statistics, Annual Bulletin. Births and Deaths 2001. Doha: The Planning Council [Qatar]; 2002.",2025-04-07T06:46:44Z,2001,2001-01-01,2001-12-31
6369322,MDG_0000000025,COUNTRY,BLZ,AMR,Americas,YEAR,2012,,,,,,,,,94,94,,,"Trained personnel PLISA Health Information Platform. Indicator profile: Deliveries attended by skilled birth attendants (%) [online database]. Washington, DC: Pan American Health Organization/World Health Organization (PAHO/WHO); 2021 (https://opendata.paho.org/es/indicadores-basicos/tablero-de-los-indicadores-basicos, accessed 30 December 2021). ",2025-04-07T06:46:44Z,2012,2012-01-01,2012-12-31
6372253,MDG_0000000025,COUNTRY,BRA,AMR,Americas,YEAR,2012,,,,,,,,,99,99,,," DATASUS [online database]. Brazil: MS/SVS/DASIS - Sistema de Informações sobre Nacidos Vivos – SINASC. Nascim p/resid.mãe por Local ocorrência segundo Região. Período: 2012; 2014 (http://tabnet.datasus.gov.br/cgi/deftohtm.exe?sinasc/cnv/nvuf.def, accessed 16 October 2014, in Portuguese).",2025-04-07T06:46:44Z,2012,2012-01-01,2012-12-31
6376111,MDG_0000000025,COUNTRY,BRA,AMR,Americas,YEAR,2004,,,,,,,,,99,99,,," DATASUS [online database]. Brazil: MS/SVS/DASIS - Sistema de Informações sobre Nacidos Vivos – SINASC. Nascim p/resid.mãe por ocorrência segundo Região. Período: 2004; 2011 (http://tabnet.datasus.gov.br/cgi/deftohtm.exe?sinasc/cnv/nvuf.def, accessed 27 July 2011, in Portuguese).",2025-04-07T06:46:44Z,2004,2004-01-01,2004-12-31
6376410,MDG_0000000025,COUNTRY,MDA,EUR,Europe,YEAR,2020,,,,,,,,,100,99.6,,,Statistical databank. Share of births attended by skilled health personnel by Indicators and Years [online database]. Chisinau: National Bureau of Statistics [Republic of Moldova]; 2021 (https://statbank.statistica.md/pxweb/pxweb/en/50%20Statistica%20gender/50%20Statistica%20gender__GEN04/GEN040600soc.px/table/tableViewLayout1/?rxid=b2ff27d7-0b96-43c9-934b-42e1a2a9a774); accessed 29 September 2021).,2026-04-21T12:35:59Z,2020,2020-01-01,2020-12-31
6380820,MDG_0000000025,COUNTRY,BIH,EUR,Europe,YEAR,2017,,,,,,,,,100,99.9,,,Statistical Yearbook Federation of Bosnia and Herzegovina 2018. Sarajevo: Institute for Statistics of Federation of Bosnia and Herzegovina; 2018.,2026-04-21T12:35:59Z,2017,2017-01-01,2017-12-31
6382035,MDG_0000000025,COUNTRY,SAU,EMR,Eastern Mediterranean,YEAR,2005,,,,,,,,,96,96,,,"Skilled health personnel Kingdom of Saudi Arabia. Millennium Development Goals 1431 H, 2010 G. Riyadh: Ministry of Economy and Planning [Saudi Arabia], UN-DESA, United Nations Development Programme (UNDP); 2010.",2025-04-07T06:46:44Z,2005,2005-01-01,2005-12-31
6382827,MDG_0000000025,REGION,EUR,,,YEAR,2005,,,,,,,,,97,97,,,,2025-04-07T06:46:44Z,2005,2005-01-01,2005-12-31
6385102,MDG_0000000025,COUNTRY,CHN,WPR,Western Pacific,YEAR,2016,,,,,,,,,100,99.9,,,China Statistical Yearbook for Health and Family Planning 2017. Beijing: National Health and Family Planning Commission of China (NHFPC); 2017.,2026-04-21T12:35:59Z,2016,2016-01-01,2016-12-31
6386647,MDG_0000000025,COUNTRY,SRB,EUR,Europe,YEAR,2001,,,,,,,,,98,98,,,"Skilled health personnel Transformative Monitoring for Enhanced Equity (TransMonEE) 2012 Database [online database]. Geneva: UNICEF Europe and Central Asia Regional Office; 2012 (www.transmonee.org, accessed 1 November 2012). ",2025-04-07T06:46:44Z,2001,2001-01-01,2001-12-31
6389090,MDG_0000000025,COUNTRY,DMA,AMR,Americas,YEAR,2016,,,,,,,,,100,100,,,PLISA Health Information Platform. Indicator profile: Deliveries attended by skilled birth attendants (%) [online database]. Washington; DC: Pan American Health Organization/World Health Organization (PAHO/WHO); 2021 (https://opendata.paho.org/es/indicadores-basicos/tablero-de-los-indicadores-basicos; accessed 30 December 2021).,2026-04-21T12:35:59Z,2016,2016-01-01,2016-12-31
6392417,MDG_0000000025,COUNTRY,MKD,EUR,Europe,YEAR,2011,,,,,,,,,89,89,,," Macedonia Multiple Indicator Cluster Survey 2011 (MICS 2011). Republic of Macedonia: Ministry of Health, Ministry of Education and Science, Ministry of Labour and Social Policy of the Government of Republic of Macedonia, United Nations Children's Fund (UNICEF), United Nations Population Fund (UNFPA); 2014.",2025-04-07T06:46:44Z,2011,2011-01-01,2011-12-31
6392710,MDG_0000000025,COUNTRY,SRB,EUR,Europe,YEAR,2012,,,,,,,,,99,99,,,"Skilled health personnel Transformative Monitoring for Enhanced Equity (TransMonEE) 2016 Database [online database]. Geneva: UNICEF Europe and Central Asia Regional Office; 2016 (www.transmonee.org, accessed 17 October 2016). ",2025-04-07T06:46:44Z,2012,2012-01-01,2012-12-31
6394450,MDG_0000000025,COUNTRY,FRA,EUR,Europe,YEAR,2020,,,,,,,,,98,98.2,,,T64: Ns vivants selon la condition de l'accouchement et le groupe d'ges de la mre. France mtropolitaine. Anne 2020 [website]. Paris: Institut National de la Statistique et des tudes conomiques (INSEE) [National Institute of Statistics and Economic Studies]; 2020 (https://www.insee.fr/fr/statistiques/3576469?sommaire=3576483); accessed 21 September 2022; (in French).,2026-04-21T12:35:59Z,2020,2020-01-01,2020-12-31
6398143,MDG_0000000025,COUNTRY,MDV,SEAR,South-East Asia,YEAR,2004,,,,,,,,,84,84,,," Merhi S, Cockcroft A, Andersson N (CIETinternational). Reproductive health survey 2004: follow up. Revised Version September 2004. Maldives: CIETinternational; 2004.",2025-04-07T06:46:44Z,2004,2004-01-01,2004-12-31
6399124,MDG_0000000025,COUNTRY,BIH,EUR,Europe,YEAR,2006,,,,,,,,,99,99,,," Directorate for Economic Planning of Bosnia and Herzegovina, the Ministry of Health and Social Protection of the Republika Srpska and the Ministry of Health of the Federation of Bosnia and Herzegovina. Multiple Indicator Cluster Survey 2006, Final Report. Sarajevo, Bosnia and Herzegovina; 2007.",2025-04-07T06:46:44Z,2006,2006-01-01,2006-12-31
6405371,MDG_0000000025,COUNTRY,MUS,AFR,Africa,YEAR,2003,,,,,,,,,98,98,,,Qualified personnel Health Statistics Annual Report 2003. Port Louis: Ministry of Health and Quality of Life [Mauritius]; 2004.,2025-04-07T06:46:44Z,2003,2003-01-01,2003-12-31
6405428,MDG_0000000025,COUNTRY,JPN,WPR,Western Pacific,YEAR,2000,,,,,,,,,100,100,,," 2009 Vital Statistics of Japan. Table 4.8: Trends in percent distribution of live births by place of delivery [website]. Tokyo: Ministry of Health, Labour and Welfare [Japan]; 2010 (http://www.mhlw.go.jp). ",2025-04-07T06:46:44Z,2000,2000-01-01,2000-12-31
6406066,MDG_0000000025,COUNTRY,KNA,AMR,Americas,YEAR,2007,,,,,,,,,100,100,,,"Trained personnel PLISA Health Information Platform. Indicator profile: Deliveries attended by skilled birth attendants (%) [online database]. Washington, DC: Pan American Health Organization/World Health Organization (PAHO/WHO); 2021 (https://opendata.paho.org/es/indicadores-basicos/tablero-de-los-indicadores-basicos, accessed 30 December 2021). ",2025-04-07T06:46:44Z,2007,2007-01-01,2007-12-31
6415500,MDG_0000000025,COUNTRY,BLR,EUR,Europe,YEAR,2001,,,,,,,,,100,100,,,"Skilled health personnel Transformative Monitoring for Enhanced Equity (TransMonEE) 2012 Database [online database]. Geneva: UNICEF Europe and Central Asia Regional Office; 2012 (www.transmonee.org, accessed 1 November 2012). ",2025-04-07T06:46:44Z,2001,2001-01-01,2001-12-31
6417216,MDG_0000000025,COUNTRY,SVK,EUR,Europe,YEAR,2014,,,,,,,,,98,98,,,Skilled health personnel National Health Information Centre of the Slovak Republic [Slovakia]; Provided during SDG country consultation 2021. ,2025-04-07T06:46:44Z,2014,2014-01-01,2014-12-31
6423106,MDG_0000000025,COUNTRY,SRB,EUR,Europe,YEAR,2000,,,,,,,,,98,98,,,"Skilled health personnel Transformative Monitoring for Enhanced Equity (TransMonEE) 2012 Database [online database]. Geneva: UNICEF Europe and Central Asia Regional Office; 2012 (www.transmonee.org, accessed 1 November 2012). ",2025-04-07T06:46:44Z,2000,2000-01-01,2000-12-31
6434498,MDG_0000000025,COUNTRY,MUS,AFR,Africa,YEAR,2014,,,,,,,,,100,100,,," Sustainable Development Goals  [online database]. Port Louis: Statistics Mauritius; 2020 (https://statsmauritius.govmu.org/Pages/Statistics/By_Subject/SDGs/SB_SDG.aspx, accessed 8 January 2021).",2025-04-07T06:46:44Z,2014,2014-01-01,2014-12-31
6441095,MDG_0000000025,GLOBAL,GLOBAL,,,YEAR,2006,,,,,,,,,66,66,,,,2024-04-26T13:59:03Z,2006,2006-01-01,2006-12-31
6444307,MDG_0000000025,COUNTRY,KGZ,EUR,Europe,YEAR,2003,,,,,,,,,99,99,,,"Skilled health personnel Transformative Monitoring for Enhanced Equity (TransMonEE) 2012 Database [online database]. Geneva: UNICEF Europe and Central Asia Regional Office; 2012 (www.transmonee.org, accessed 1 November 2012). ",2025-04-07T06:46:44Z,2003,2003-01-01,2003-12-31
6444815,MDG_0000000025,COUNTRY,BHR,EMR,Eastern Mediterranean,YEAR,2014,,,,,,,,,100,100,,,Skilled health personnel Health Statistics of 2017. Bahrain: Ministry of Health; 2018.,2025-04-07T06:46:44Z,2014,2014-01-01,2014-12-31
6447307,MDG_0000000025,GLOBAL,GLOBAL,,,YEAR,2018,,,,,,,,,82,82.4,,,Estimate based on Joint UNICEF-WHO Database on Skilled Birth Attendance 2025,2026-04-21T12:35:59Z,2018,2018-01-01,2018-12-31
6450962,MDG_0000000025,COUNTRY,GRC,EUR,Europe,YEAR,2018,,,,,,,,,100,99.9,,,Hellenic Republic; Hellenic Statistical Authority; Directorate General of Statistics; Population and Migration Statistics Section. 2014-2018 Proportion of births attended by skilled health personnel. Provided during SDG Country Consultation december 2019; 2019.,2026-04-21T12:35:59Z,2018,2018-01-01,2018-12-31
6453159,MDG_0000000025,COUNTRY,MEX,AMR,Americas,YEAR,2021,,,,,,,,,85,85.1,,,PLISA Health Information Platform. Indicator profile: Deliveries attended by skilled birth attendants (%) [online database]. Washington; DC: Pan American Health Organization/World Health Organization (PAHO/WHO); 2023 (https://opendata.paho.org/es/indicadores-basicos/tablero-de-los-indicadores-basicos; accessed 1 February 2024).,2026-04-21T12:35:59Z,2021,2021-01-01,2021-12-31
6453943,MDG_0000000025,COUNTRY,BWA,AFR,Africa,YEAR,2001,,,,,,,,,92,92,,,"Skilled health personnel Stats Brief. Vision 2016 and Millennium Development Goals Indicators Report, 2012. No. 2012/3. Gaborone: Statistics Botswana (CSO); 2012.",2025-04-07T06:46:44Z,2001,2001-01-01,2001-12-31
6459655,MDG_0000000025,COUNTRY,CAN,AMR,Americas,YEAR,2020,,,,,,,,,98,97.7,,,Statistics Canada. Table 13-10-0429-01 Live births and fetal deaths (stillbirths); by place of birth (hospital or non-hospital). Canada; 2023. DOI: https://doi.org/10.25318/1310042901-eng,2026-04-21T12:35:59Z,2020,2020-01-01,2020-12-31
6462339,MDG_0000000025,COUNTRY,FSM,WPR,Western Pacific,YEAR,2001,,,,,,,,,86,86,,," Statistical Yearbook Federated States of Micronesia 2008. Palikir, Pohnpei: Division of Statistics, Office of Statistics, Budget and Economic Management, Overseas Development Assistance & Compact Management (SBOC) [Federated States of Micronesia]; 2008.",2025-04-07T06:46:44Z,2001,2001-01-01,2001-12-31
6462927,MDG_0000000025,COUNTRY,QAT,EMR,Eastern Mediterranean,YEAR,2006,,,,,,,,,100,100,,," Vital Statistics, Annual Bulletin. Births and Deaths 2006. Doha: Statistics Authority [Qatar]; 2007.",2025-04-07T06:46:44Z,2006,2006-01-01,2006-12-31
6464824,MDG_0000000025,COUNTRY,MDA,EUR,Europe,YEAR,2006,,,,,,,,,100,100,,,"Skilled health personnel Transformative Monitoring for Enhanced Equity (TransMonEE) 2012 Database [online database]. Geneva: UNICEF Europe and Central Asia Regional Office; 2012 (www.transmonee.org, accessed 1 November 2012). ",2025-04-07T06:46:44Z,2006,2006-01-01,2006-12-31
6465933,MDG_0000000025,COUNTRY,PRY,AMR,Americas,YEAR,2016,,,,,,,,,96,95.5,,,Encuesta de Indicadores Mltiples por Conglomerados - MICS Paraguay 2016. Fernando De La Mora: Direccin General De Estadstica; Encuestas y Censos; Ministerio de Salud Pblica y Bienestar Social; Ministerio de la Secretaria Tcnica de Planificacin del Desarrollo Econmico y Social; Fondo de las Naciones Unidas para la Infancia (UNICEF); Banco Interamericano de Desarrollo (BID); ERSSAN; 2017 (in Spanish).,2026-04-21T12:35:59Z,2016,2016-01-01,2016-12-31
6470983,MDG_0000000025,COUNTRY,LAO,WPR,Western Pacific,YEAR,2006,,,,,,,,,19,19,,," Department of Statistics, United Nations Children's Fund (UNICEF). Lao PDR Multiple Indicator Cluster Survey 2006, Final Report. Vientiane, Lao PDR: Department of Statistics, UNICEF; 2008.",2025-04-07T06:46:44Z,2006,2006-01-01,2006-12-31
6476374,MDG_0000000025,COUNTRY,BMU,AMR,Americas,YEAR,2012,,,,,,,,,99,99,,,"Trained personnel PLISA Health Information Platform. Indicator profile: Deliveries attended by skilled birth attendants (%) [online database]. Washington, DC: Pan American Health Organization/World Health Organization (PAHO/WHO); 2023 (https://opendata.paho.org/es/indicadores-basicos/tablero-de-los-indicadores-basicos, accessed 20 September 2023).",2025-04-07T06:46:44Z,2012,2012-01-01,2012-12-31
6482222,MDG_0000000025,COUNTRY,FJI,WPR,Western Pacific,YEAR,2009,,,,,,,,,100,100,,,Skilled health personnel Annual Report 2010. Suva: Ministry of Health [Fiji]; 2011. ,2025-04-07T06:46:44Z,2009,2009-01-01,2009-12-31
6483384,MDG_0000000025,COUNTRY,PLW,WPR,Western Pacific,YEAR,2013,,,,,,,,,99,99,,, 2013 Statistical Yearbook. Koror: Ministry of Finance [Palau]; 2014.,2025-04-07T06:46:44Z,2013,2013-01-01,2013-12-31
6486931,MDG_0000000025,REGION,AMR,,,YEAR,2008,,,,,,,,,93,93,,,,2024-04-26T13:59:03Z,2008,2008-01-01,2008-12-31
6488771,MDG_0000000025,COUNTRY,NOR,EUR,Europe,YEAR,2013,,,,,,,,,99,99,,," Dataset: F11: Fødested. 2013. [online database]. Oslo: Folkehelseinstituttet, Medisinsk fødselsregister [Norwegian Institute of Public Health (NIPH), Medical Birth Registry]; 2014 (http://statistikkbank.fhi.no/mfr, accessed 7 November 2014, in Norwegian). ",2025-04-07T06:46:44Z,2013,2013-01-01,2013-12-31
6506004,MDG_0000000025,COUNTRY,LVA,EUR,Europe,YEAR,2020,,,,,,,,,98,98.1,,,Health Statistics Database - Maternal and child health care (Veselbas statistikas datubze). Latvia; 2023 (https://statistika.spkc.gov.lv/pxweb/en/Health/Health__Mates_berna_veseliba/MCH010_dzemdibu_raditaji_regioni.px/ accessed 21 September 2023),2026-04-21T12:35:59Z,2020,2020-01-01,2020-12-31
6533753,MDG_0000000025,COUNTRY,PRT,EUR,Europe,YEAR,2015,,,,,,,,,100,100,,," Annual Statistics Portugal – Live births (No.) by Place of residence of mother (NUTS - 2013), Sex, Place of delivery of the mother, Medical assistance and Size class of weight at birth; Annual. 2015 [online database]. Lisbon: Instituto Nacional de Estadística (INE) [Portugal]; 2020 ",2025-04-07T06:46:44Z,2015,2015-01-01,2015-12-31
6548432,MDG_0000000025,COUNTRY,MSR,AMR,Americas,YEAR,2004,,,,,,,,,100,100,,,"Trained personnel PLISA Health Information Platform. Indicator profile: Deliveries attended by skilled birth attendants (%) [online database]. Washington, DC: Pan American Health Organization/World Health Organization (PAHO/WHO); 2021 (https://opendata.paho.org/es/indicadores-basicos/tablero-de-los-indicadores-basicos, accessed 30 December 2021). ",2025-04-07T06:46:44Z,2004,2004-01-01,2004-12-31
6559742,MDG_0000000025,COUNTRY,ECU,AMR,Americas,YEAR,2019,,,,,,,,,97,97.2,,,Estadsticas Vitales: Registro Estadstico de Nacidos Vivos y Defunciones 2020. Quito: Instituto Nacional de Estadstica y Censos (INEC); 2021 (in Spanish).,2026-04-21T12:35:59Z,2019,2019-01-01,2019-12-31
6561818,MDG_0000000025,COUNTRY,BIH,EUR,Europe,YEAR,2009,,,,,,,,,100,100,,, Statistical Yearbook Federation of Bosnia and Herzegovina 2011. Sarajevo: Federal Office of Statistics [Bosnia and Herzegovina]; 2011.,2025-04-07T06:46:44Z,2009,2009-01-01,2009-12-31
6562468,MDG_0000000025,REGION,SEAR,,,YEAR,2001,,,,,,,,,45,45,,,,2025-04-07T06:46:44Z,2001,2001-01-01,2001-12-31
6566066,MDG_0000000025,COUNTRY,SGP,WPR,Western Pacific,YEAR,2017,,,,,,,,,100,99.6,,,Registry of Births and Deaths. Singapore: Department of Statistics Singapore; 2021 (Sustainable Development Goals: Indicator 3.2.1 [online database] https://www.singstat.gov.sg/find-data/sdg/goal-3#t1; accessed 30 December 2021).,2026-04-21T12:35:59Z,2017,2017-01-01,2017-12-31
6573214,MDG_0000000025,COUNTRY,SVN,EUR,Europe,YEAR,2003,,,,,,,,,100,100,,, Statistical Yearbook 2006. Ljubljana: Statistical Office of the Republic of Slovenia; 2006.,2025-04-07T06:46:44Z,2003,2003-01-01,2003-12-31
6585117,MDG_0000000025,COUNTRY,BRA,AMR,Americas,YEAR,2000,,,,,,,,,99,99,,," DATASUS [online database]. Brazil: MS/SVS/DASIS - Sistema de Informações sobre Nacidos Vivos – SINASC. Nascim p/resid.mãe por ocorrência segundo Região. Período: 2000; 2011 (http://tabnet.datasus.gov.br/cgi/deftohtm.exe?sinasc/cnv/nvuf.def, accessed 27 July 2011, in Portuguese).",2025-04-07T06:46:44Z,2000,2000-01-01,2000-12-31
6585794,MDG_0000000025,COUNTRY,VNM,WPR,Western Pacific,YEAR,2022,,,,,,,,,98,98,,,Ministry of Health. SDG Report 2021: Sustainable Development Goals Assessment of Viet Nam. Hanoi: Ministry of Planning and Investment; 2022.,2026-04-21T12:35:59Z,2022,2022-01-01,2022-12-31
6587993,MDG_0000000025,COUNTRY,USA,AMR,Americas,YEAR,2004,,,,,,,,,99,99,,," Martin JA, Hamilton BE, Sutton PD, Ventura SJ, Menacker F, Kirmeyer S. Births: Final data for 2004. National Vital Statistics Reports; vol. 55, no. 1. Hyattsville, MD: National Center for Health Statistics; 2006.",2025-04-07T06:46:44Z,2004,2004-01-01,2004-12-31
6588621,MDG_0000000025,COUNTRY,GHA,AFR,Africa,YEAR,2003,,,,,,,,,47,47,,,"Doctor, nurse, midwife, auxiliary midwife (nurse, midwife, auxiliary midwife: 40.5%) Ghana Statistical Service (GSS), Noguchi Memorial Institute for Medical Research (NMIMR), ORC Macro. Ghana Demographic and Health Survey 2003. Calverton, Maryland: GSS, NMIMR, ORC Macro; 2004.",2025-04-07T06:46:44Z,2003,2003-01-01,2003-12-31
6588883,MDG_0000000025,COUNTRY,HRV,EUR,Europe,YEAR,2016,,,,,,,,,100,99.9,,,Statistical Yearbook of the Republic of Croatia 2017. Zagreb: Croatian Bureau of Statistics; 2017.,2026-04-21T12:35:59Z,2016,2016-01-01,2016-12-31
6592299,MDG_0000000025,COUNTRY,CZE,EUR,Europe,YEAR,2017,,,,,,,,,100,99.8,,,Data from country consultation. Source: National Register of Mothers at Childbirth. Prague: stav zdravotnickch informac a statistiky R [Institute of Health Information and Statistics of the Czech Republic]; 2019.,2026-04-21T12:35:59Z,2017,2017-01-01,2017-12-31
6594864,MDG_0000000025,COUNTRY,UKR,EUR,Europe,YEAR,2004,,,,,,,,,100,100,,,"Skilled health personnel Transformative Monitoring for Enhanced Equity (TransMonEE) 2012 Database [online database]. Geneva: UNICEF Europe and Central Asia Regional Office; 2012 (www.transmonee.org, accessed 1 November 2012). ",2025-04-07T06:46:44Z,2004,2004-01-01,2004-12-31
6599867,MDG_0000000025,COUNTRY,SEN,AFR,Africa,YEAR,2019,,,,,,,,,75,74.5,,,Sngal: Enqute Dmographique et de Sant Continue (EDS-Continue) 2019. Rockville; Maryland; USA: Agence Nationale de la Statistique et de la Dmographie (ANSD); ICF; 2020 (in French).,2026-04-21T12:35:59Z,2019,2019-01-01,2019-12-31
6608515,MDG_0000000025,COUNTRY,GRC,EUR,Europe,YEAR,2015,,,,,,,,,100,100,,,"Skilled persons Hellenic Republic, Hellenic Statistical Authority, General Directorate of Statistical Surveys, Vital and Migration Statistics Section, Statistical Output, provided during SDG Country Consultation",2025-04-07T06:46:44Z,2015,2015-01-01,2015-12-31
6615644,MDG_0000000025,COUNTRY,BTN,SEAR,South-East Asia,YEAR,2000,,,,,,,,,27,27,,,"Trained personnel A Report - National Health Survey 2000. Thimphu: Department of Health Services, Ministry of Health and Education, Bhutan; 2001.",2025-04-07T06:46:44Z,2000,2000-01-01,2000-12-31
6618235,MDG_0000000025,COUNTRY,DEU,EUR,Europe,YEAR,2019,,,,,,,,,96,96.2,,,Indicator 3..2.1: proportion of births attended by skilled health personnel [online database]. Wiesbaden: Statistisches Bundesamt (DESTATIS); 2023 (https://sustainabledevelopment-germany.github.io/en/3-1-2/); accessed 28 September 2021).,2026-04-21T12:35:59Z,2019,2019-01-01,2019-12-31
6618961,MDG_0000000025,COUNTRY,BMU,AMR,Americas,YEAR,2016,,,,,,,,,98,98,,,PLISA Health Information Platform. Indicator profile: Deliveries attended by skilled birth attendants (%) [online database]. Washington; DC: Pan American Health Organization/World Health Organization (PAHO/WHO); 2023 (https://opendata.paho.org/es/indicadores-basicos/tablero-de-los-indicadores-basicos; accessed 20 September 2023).,2026-04-21T12:35:59Z,2016,2016-01-01,2016-12-31
6619006,MDG_0000000025,COUNTRY,CUB,AMR,Americas,YEAR,2009,,,,,,,,,100,100,,," Anuario Estadístico de Salud 2015. La Habana: Dirección de Registros Médicos y Estadísticas de Salud, Ministerio de Salud Pública de Cuba; 2016 (in Spanish).",2025-04-07T06:46:44Z,2009,2009-01-01,2009-12-31
6624388,MDG_0000000025,COUNTRY,ECU,AMR,Americas,YEAR,2020,,,,,,,,,96,96.3,,,Registro Estadstico de Nacidos Vivos; Instituto Nacional de Estadstica y Censos,2026-04-21T12:35:59Z,2020,2020-01-01,2020-12-31
6628516,MDG_0000000025,COUNTRY,KWT,EMR,Eastern Mediterranean,YEAR,2015,,,,,,,,,100,100,,, Annual Bulletin for Vital Statistics - Births and Deaths 2015. Kuwait City: Central Statistical Bureau (Office) [Kuwait]; 2016.,2025-04-07T06:46:44Z,2015,2015-01-01,2015-12-31
6634031,MDG_0000000025,COUNTRY,MKD,EUR,Europe,YEAR,2021,,,,,,,,,100,100,,,Statistical Yearbook of Republic of North Macedonia; 2022. Skopje: State Statistical office ( Republic of North Macedonia); 2022,2026-04-21T12:35:59Z,2021,2021-01-01,2021-12-31
6635993,MDG_0000000025,COUNTRY,FIN,EUR,Europe,YEAR,2005,,,,,,,,,100,100,,,"Skilled health personnel Statistics Finland: https://pxnet2.stat.fi/PXWeb/pxweb/en/SDG/, last accessed 29/12/2021",2025-04-07T06:46:44Z,2005,2005-01-01,2005-12-31
6663492,MDG_0000000025,COUNTRY,FIN,EUR,Europe,YEAR,2016,,,,,,,,,100,99.6,,,Statistics Finland: https://pxnet2.stat.fi/PXWeb/pxweb/en/SDG/; last accessed 29/12/2021,2026-04-21T12:35:59Z,2016,2016-01-01,2016-12-31
6663717,MDG_0000000025,COUNTRY,KWT,EMR,Eastern Mediterranean,YEAR,2014,,,,,,,,,99,99,,, Annual Bulletin for Vital Statistics - Births and Deaths 2014. Kuwait City: Central Statistical Bureau (Office) [Kuwait]; 2015.,2025-04-07T06:46:44Z,2014,2014-01-01,2014-12-31
6666459,MDG_0000000025,COUNTRY,GNQ,AFR,Africa,YEAR,2000,,,,,,,,,65,65,,," Ministerio de Planification y Desarrollo Económico, UNICEF. Encuesta de Indicadores Multiples (MICS 2000). Informe Final. Malabo, Guinea Ecuatorial; 2001 (in Spanish).",2025-04-07T06:46:44Z,2000,2000-01-01,2000-12-31
6667379,MDG_0000000025,COUNTRY,IRL,EUR,Europe,YEAR,2020,,,,,,,,,100,99.6,,,Healthcare Pricing Office (HPO); Health Service Executive (HSE). Perinatal Statistics Report 2020. Version 1.0. Dublin: HSE; 2022.,2026-04-21T12:35:59Z,2020,2020-01-01,2020-12-31
6667880,MDG_0000000025,COUNTRY,GNB,AFR,Africa,YEAR,2006,,,,,,,,,31,31,,," Ministère de l`Economie - Secrétariat d`Etat du Plan et à l`Intégration Régionale, Fonds des Nations Unies pour l’Enfance (UNICEF). Enquête par Grappes à Indicateurs Multiples, Guinée-Bissau, Rapport Final. Bissau, Guinée-Bissau: Ministère de l`Economie - Secrétariat d`Etat du Plan et à l`Intégration Régionale; 2006 (in French).

",2025-04-07T06:46:44Z,2006,2006-01-01,2006-12-31
6670467,MDG_0000000025,COUNTRY,PHL,WPR,Western Pacific,YEAR,2017,,,,,,,,,84,84.4,,,Philippines National Demographic and Health Survey2017: Final Report. Quezon City; Philippines; and Rockville; Maryland; USA: Philippine Statistics Authority (PSA); ICF; 2018. .,2026-04-21T12:35:59Z,2017,2017-01-01,2017-12-31
6670813,MDG_0000000025,COUNTRY,PER,AMR,Americas,YEAR,2012,,,,,,,,,87,87,,," Instituto Nacional de Estadística e Informática (INEI) [Perú]. Perú Encuesta Demográfica y de Salud Familiar - ENDES 2012. Lima, Perú: Instituto Nacional de Estadística e Informática (INEI) [Perú]; 2013 (in Spanish).",2025-04-07T06:46:44Z,2012,2012-01-01,2012-12-31
6672262,MDG_0000000025,COUNTRY,KHM,WPR,Western Pacific,YEAR,2000,,,,,,,,,32,32,,," National Institute of Statistics, Directorate General for Health [Cambodia], ORC Macro. Cambodia Demographic and Health Survey 2000. Phnom Penh, Cambodia, and Calverton, Maryland USA: National Institute of Statistics, Directorate General for Health, ORC Macro; 2001.",2025-04-07T06:46:44Z,2000,2000-01-01,2000-12-31
6677451,MDG_0000000025,COUNTRY,VCT,AMR,Americas,YEAR,2018,,,,,,,,,100,99.5,,,PLISA Health Information Platform. Indicator profile: Deliveries attended by skilled birth attendants (%) [online database]. Washington; DC: Pan American Health Organization/World Health Organization (PAHO/WHO); 2023 (https://opendata.paho.org/es/indicadores-basicos/tablero-de-los-indicadores-basicos; accessed 21 September 2023).,2026-04-21T12:35:59Z,2018,2018-01-01,2018-12-31
6683157,MDG_0000000025,COUNTRY,BOL,AMR,Americas,YEAR,2013,,,,,,,,,84,84,,, Registros administrativos del Sistema Nacional de Salud y Vigilancia Epidemiológica del Ministerio de Salud y Deportes - 2022,2025-04-07T06:46:44Z,2013,2013-01-01,2013-12-31
6684305,MDG_0000000025,COUNTRY,GRC,EUR,Europe,YEAR,2001,,,,,,,,,100,100,,,"Skilled persons Hellenic Republic, Hellenic Statistical Authority, General Directorate of Statistical Surveys, Vital and Migration Statistics Section, Statistical Output, provided during SDG Country Consultation",2025-04-07T06:46:44Z,2001,2001-01-01,2001-12-31
6684364,MDG_0000000025,COUNTRY,PAN,AMR,Americas,YEAR,2021,,,,,,,,,93,92.5,,,PLISA Health Information Platform. Indicator profile: Deliveries attended by skilled birth attendants (%) [online database]. Washington; DC: Pan American Health Organization/World Health Organization (PAHO/WHO); 2023 (https://opendata.paho.org/es/indicadores-basicos/tablero-de-los-indicadores-basicos; accessed 21 September 2023).,2026-04-21T12:35:59Z,2021,2021-01-01,2021-12-31
6686557,MDG_0000000025,COUNTRY,MLT,EUR,Europe,YEAR,2006,,,,,,,,,99,99,,, National Obstetric Information System (NOIS). Annual Report – 2006. Malta: Department of Health Information (DHI); 2007.,2025-04-07T06:46:44Z,2006,2006-01-01,2006-12-31
6687858,MDG_0000000025,COUNTRY,SWZ,AFR,Africa,YEAR,2014,,,,,,,,,88,88,,," Central Statistical Office, United Nations Children's Fund (UNICEF). Swaziland Multiple Indicator Cluster Survey 2014. Final Report. Mbabane, Swaziland: Central Statistical Office, UNICEF; 2016.",2025-04-07T06:46:44Z,2014,2014-01-01,2014-12-31
6689586,MDG_0000000025,COUNTRY,ATG,AMR,Americas,YEAR,2001,,,,,,,,,100,100,,,"Trained personnel Health Situation in the Americas: Basic Indicators 2002. Washington, DC: Pan American Health Organization/World Health Organization (PAHO/WHO), Special Program for Health Analysis; 2002.",2025-04-07T06:46:44Z,2001,2001-01-01,2001-12-31
6691591,MDG_0000000025,COUNTRY,ECU,AMR,Americas,YEAR,2009,,,,,,,,,86,86,,,"Doctors, obstetrician and nurse Estadísticas Vitales: Registro Estadístico de Nacidos Vivos y Defunciones 2020. Quito: Instituto Nacional de Estadística y Censos (INEC); 2021 (in Spanish). ",2025-04-07T06:46:44Z,2009,2009-01-01,2009-12-31
6692401,MDG_0000000025,COUNTRY,CUB,AMR,Americas,YEAR,2003,,,,,,,,,100,100,,," Anuario Estadístico de Salud 2011. Edición Especial. La Habana: Dirección Nacional de Registros Médicos y Estadísticas de Salud, Ministerio de Salud Pública de Cuba; 2012 (in Spanish).",2025-04-07T06:46:44Z,2003,2003-01-01,2003-12-31
6694028,MDG_0000000025,COUNTRY,TGO,AFR,Africa,YEAR,2010,,,,,,,,,44,44,,," Enquête par grappes à indicateurs multiples MICS Togo, 2010, Rapport final. Lomé: Direction Générale de la Statistique et de la Comptabilité Nationale (DGSCN), Fonds des Nations Unies pour l'Enfance (UNICEF); 2012 (in French).",2025-04-07T06:46:44Z,2010,2010-01-01,2010-12-31
6698470,MDG_0000000025,COUNTRY,PRY,AMR,Americas,YEAR,2001,,,,,,,,,86,86,,,"Trained personnel PLISA Health Information Platform. Indicator profile: Deliveries attended by skilled birth attendants (%) [online database]. Washington, DC: Pan American Health Organization/World Health Organization (PAHO/WHO); 2021 (https://opendata.paho.org/es/indicadores-basicos/tablero-de-los-indicadores-basicos, accessed 30 December 2021). ",2025-04-07T06:46:44Z,2001,2001-01-01,2001-12-31
6710164,MDG_0000000025,COUNTRY,HRV,EUR,Europe,YEAR,2013,,,,,,,,,100,100,,, Statistical Yearbook of the Republic of Croatia 2015. Zagreb: Croatian Bureau of Statistics; 2015.  ,2025-04-07T06:46:44Z,2013,2013-01-01,2013-12-31
6715520,MDG_0000000025,COUNTRY,CZE,EUR,Europe,YEAR,2013,,,,,,,,,100,100,,, Rodi?ka a novorozenec 2013 [Mother and Newborn 2013]. Prague: Ústav zdravotnických informací a statistiky ?R [Institute of Health Information and Statistics of the Czech Republic]; 2015 (in Czech).,2025-04-07T06:46:44Z,2013,2013-01-01,2013-12-31
6715959,MDG_0000000025,COUNTRY,AZE,EUR,Europe,YEAR,2014,,,,,,,,,100,100,,,Skilled health personnel Statistical Yearbook of Azerbaijan 2015. Baku: State Statistical Committee of the Republic of Azerbaijan; 2015.,2025-04-07T06:46:44Z,2014,2014-01-01,2014-12-31
6718317,MDG_0000000025,COUNTRY,GNB,AFR,Africa,YEAR,2014,,,,,,,,,45,45,,,"Skilled personnel Ministério da Economia e Finanças, Direcção Geral do Plano Instituto Nacional de Estatística (INE), Fundo das Nações Unidas para a Infância (UNICEF). Inquérito aos Indicadores Múltiplos (MICS) 2014. Guiné-Bissau: Ministério da Economia e Finanças, Direcção Geral do Plano Instituto Nacional de Estatística (INE); 2016 (in Portuguese).",2025-04-07T06:46:44Z,2014,2014-01-01,2014-12-31
6722401,MDG_0000000025,COUNTRY,BGR,EUR,Europe,YEAR,2015,,,,,,,,,93,93,,, National Statistical Institute of Bulgaria; 2022. (Reported on 2 December 2022),2025-04-07T06:46:44Z,2015,2015-01-01,2015-12-31
6724598,MDG_0000000025,COUNTRY,ISL,EUR,Europe,YEAR,2007,,,,,,,,,99,99,,," Births: Home deliveries as percentage of all deliveries in Iceland 1980-2016 [website]. Reykjavík: Directorate of Health [Iceland]; 2017 (https://www.landlaeknir.is/english/statistics/births/, accessed 10 October 2017). ",2025-04-07T06:46:44Z,2007,2007-01-01,2007-12-31
6724727,MDG_0000000025,COUNTRY,SGP,WPR,Western Pacific,YEAR,2012,,,,,,,,,100,100,,,"  Registry of Births and Deaths, Immigration and Checkpoints Authority Singapore",2025-04-07T06:46:44Z,2012,2012-01-01,2012-12-31
6726237,MDG_0000000025,COUNTRY,IDN,WPR,Western Pacific,YEAR,2018,,,,,,,,,94,93.6,,,Statistik Kesejahteraan Rakyat. Welfare statistics 2018. Jakarta: Badan Pusat Statistik (BPS) [Statistics Indonesia]; 2018.,2026-04-21T12:35:59Z,2018,2018-01-01,2018-12-31
6726649,MDG_0000000025,COUNTRY,KGZ,EUR,Europe,YEAR,2001,,,,,,,,,99,99,,,"Skilled health personnel Transformative Monitoring for Enhanced Equity (TransMonEE) 2012 Database [online database]. Geneva: UNICEF Europe and Central Asia Regional Office; 2012 (www.transmonee.org, accessed 1 November 2012). ",2025-04-07T06:46:44Z,2001,2001-01-01,2001-12-31
6727140,MDG_0000000025,COUNTRY,FJI,WPR,Western Pacific,YEAR,2004,,,,,,,,,97,97,,, Annual Report 2006. Suva: Ministry of Health [Fiji]; 2007. ,2025-04-07T06:46:44Z,2004,2004-01-01,2004-12-31
6730587,MDG_0000000025,COUNTRY,ISL,EUR,Europe,YEAR,2001,,,,,,,,,100,100,,," Births: Home deliveries as percentage of all deliveries in Iceland 1980-2016 [website]. Reykjavík: Directorate of Health [Iceland]; 2017 (https://www.landlaeknir.is/english/statistics/births/, accessed 10 October 2017). ",2025-04-07T06:46:44Z,2001,2001-01-01,2001-12-31
6731901,MDG_0000000025,COUNTRY,ARM,EUR,Europe,YEAR,2011,,,,,,,,,100,100,,,"Skilled health personnel Transformative Monitoring for Enhanced Equity (TransMonEE) 2016 Database [online database]. Geneva: UNICEF Europe and Central Asia Regional Office; 2016 (www.transmonee.org, accessed 17 October 2016). ",2025-04-07T06:46:44Z,2011,2011-01-01,2011-12-31
6734975,MDG_0000000025,REGION,SEAR,,,YEAR,2000,,,,,,,,,44,44,,,,2025-04-07T06:46:44Z,2000,2000-01-01,2000-12-31
6736627,MDG_0000000025,COUNTRY,GEO,EUR,Europe,YEAR,2001,,,,,,,,,97,97,,," Health Care, Statistical Yearbook 2011 Georgia. Tbilisi: Ministry of Labour, Health and Social Affairs of Georgia, National Centre for Disease Control and Public Health; 2012.",2025-04-07T06:46:44Z,2001,2001-01-01,2001-12-31
6736707,MDG_0000000025,REGION,AMR,,,YEAR,2015,,,,,,,,,96,96,,,,2024-04-26T13:59:03Z,2015,2015-01-01,2015-12-31
6737719,MDG_0000000025,COUNTRY,CRI,AMR,Americas,YEAR,2010,,,,,,,,,95,95,,," Informe de los Resultados de la Encuesta de Salud Sexual y Reproductiva 2010. San José: Ministerio de Salud [Ministry of Health, Costa Rica]; 2011 (in Spanish).",2025-04-07T06:46:44Z,2010,2010-01-01,2010-12-31
6742884,MDG_0000000025,COUNTRY,CYP,EUR,Europe,YEAR,2006,,,,,,,,,99,99,,, Statistical Service. Demographic Report 2009. Republic of Cyprus; 2011.,2025-04-07T06:46:44Z,2006,2006-01-01,2006-12-31
6744245,MDG_0000000025,COUNTRY,MUS,AFR,Africa,YEAR,2000,,,,,,,,,100,100,,,"Skilled health personnel Millennium Development Goals. Status Report 2013. Port Louis: Republic of Mauritius, United Nations Development Programme (UNDP); 2013.",2025-04-07T06:46:44Z,2000,2000-01-01,2000-12-31
6746077,MDG_0000000025,COUNTRY,DNK,EUR,Europe,YEAR,2013,,,,,,,,,96,96,,," Det Medicinske Fødselsregister (MFR), MFR-kuben, Institutional deliveries [online database]. Copenhagen: Sundhedsdatastyrelsen [National Board of Health Data, Denmark]; 2017 (http://www.esundhed.dk/sundhedsregistre/MFR/Sider/MFR06A.aspx, accessed 1 November 2017, in Danish).",2025-04-07T06:46:44Z,2013,2013-01-01,2013-12-31
6752266,MDG_0000000025,COUNTRY,QAT,EMR,Eastern Mediterranean,YEAR,2002,,,,,,,,,100,100,,," Vital Statistics, Annual Bulletin. Births and Deaths 2002. Doha: The Planning Council [Qatar]; 2003.",2025-04-07T06:46:44Z,2002,2002-01-01,2002-12-31
6760835,MDG_0000000025,COUNTRY,SVK,EUR,Europe,YEAR,2013,,,,,,,,,99,99,,,Skilled health personnel National Health Information Centre of the Slovak Republic [Slovakia]; Provided during SDG country consultation 2021. ,2025-04-07T06:46:44Z,2013,2013-01-01,2013-12-31
6763783,MDG_0000000025,COUNTRY,GUY,AMR,Americas,YEAR,2013,,,,,,,,,98,98,,,"Trained personnel PLISA Health Information Platform. Indicator profile: Deliveries attended by skilled birth attendants (%) [online database]. Washington, DC: Pan American Health Organization/World Health Organization (PAHO/WHO); 2021 (https://opendata.paho.org/es/indicadores-basicos/tablero-de-los-indicadores-basicos, accessed 30 December 2021). ",2025-04-07T06:46:44Z,2013,2013-01-01,2013-12-31
6765082,MDG_0000000025,COUNTRY,ISL,EUR,Europe,YEAR,2004,,,,,,,,,99,99,,," Births: Home deliveries as percentage of all deliveries in Iceland 1980-2016 [website]. Reykjavík: Directorate of Health [Iceland]; 2017 (https://www.landlaeknir.is/english/statistics/births/, accessed 10 October 2017). ",2025-04-07T06:46:44Z,2004,2004-01-01,2004-12-31
6765719,MDG_0000000025,COUNTRY,VNM,WPR,Western Pacific,YEAR,2006,,,,,,,,,84,84,,," General Statistics Office (GSO), United Nations Children's Fund (UNICEF). Viet Nam Multiple Indicator Cluster Survey 2006, Final Report. Ha Noi, Viet Nam: General Statistics Office, UNICEF; 2007.",2025-04-07T06:46:44Z,2006,2006-01-01,2006-12-31
6770430,MDG_0000000025,COUNTRY,GUY,AMR,Americas,YEAR,2006,,,,,,,,,97,97,,,"Trained health personnel Publications: Statistical Bulletin Second Quarter 2010 [website]. Georgetown: Bureau of Statistics [Guyana]; 2010 (http://www.statisticsguyana.gov.gy/pubs.html, accessed 16 June 2011).  ",2025-04-07T06:46:44Z,2006,2006-01-01,2006-12-31
6771273,MDG_0000000025,COUNTRY,PLW,WPR,Western Pacific,YEAR,2010,,,,,,,,,100,100,,, 2013 Statistical Yearbook. Koror: Ministry of Finance [Palau]; 2014.,2025-04-07T06:46:44Z,2010,2010-01-01,2010-12-31
6774678,MDG_0000000025,COUNTRY,BHR,EMR,Eastern Mediterranean,YEAR,2008,,,,,,,,,98,98,,, Health Statistics of 2008. Bahrain: Ministry of Health; 2009.,2025-04-07T06:46:44Z,2008,2008-01-01,2008-12-31
6783284,MDG_0000000025,REGION,WPR,,,YEAR,2003,,,,,,,,,90,90,,,,2025-04-07T06:46:44Z,2003,2003-01-01,2003-12-31
6785357,MDG_0000000025,COUNTRY,ALB,EUR,Europe,YEAR,2002,,,,,,,,,98,98,,, Albania Poverty Assessment. Report No. 26213-AL. Washington DC: World Bank; 2003. ,2025-04-07T06:46:44Z,2002,2002-01-01,2002-12-31
6791321,MDG_0000000025,COUNTRY,TON,WPR,Western Pacific,YEAR,2004,,,,,,,,,98,98,,,Trained personnel Report of the Minister of Health for the Year 2005. Tonga: Ministry of Health [Tonga]; 2006.,2025-04-07T06:46:44Z,2004,2004-01-01,2004-12-31
6803270,MDG_0000000025,GLOBAL,GLOBAL,,,YEAR,2011,,,,,,,,,74,74,,,,2024-04-26T13:59:03Z,2011,2011-01-01,2011-12-31
6807526,MDG_0000000025,COUNTRY,BWA,AFR,Africa,YEAR,2003,,,,,,,,,96,96,,,"Skilled health personnel Stats Brief. Vision 2016 and Millennium Development Goals Indicators Report, 2012. No. 2012/3. Gaborone: Statistics Botswana (CSO); 2012.",2025-04-07T06:46:44Z,2003,2003-01-01,2003-12-31
6808136,MDG_0000000025,COUNTRY,CAN,AMR,Americas,YEAR,2004,,,,,,,,,99,99,,," CANSIM. Table 102-4516 - Live births and fetal deaths (stillbirths), by place of birth (hospital and non-hospital), Canada, provinces and territories, annual [database]. Ottawa: Statistics Canada, Government of Canada; 2013 (https://www80.statcan.gc.ca, accessed 17 October 2014).",2025-04-07T06:46:44Z,2004,2004-01-01,2004-12-31
6808323,MDG_0000000025,REGION,AFR,,,YEAR,2009,,,,,,,,,50,50,,,,2025-04-07T06:46:44Z,2009,2009-01-01,2009-12-31
6819764,MDG_0000000025,COUNTRY,OMN,EMR,Eastern Mediterranean,YEAR,2017,,,,,,,,,99,98.7,,,Statistical year book 2019. Issue 47. Oman: National Centre for Statistics & Information; 2019.,2026-04-21T12:35:59Z,2017,2017-01-01,2017-12-31
6822178,MDG_0000000025,COUNTRY,NOR,EUR,Europe,YEAR,2007,,,,,,,,,99,99,,," Dataset: F11: Fødested. 2007. [online database]. Oslo: Folkehelseinstituttet, Medisinsk fødselsregister [Norwegian Institute of Public Health (NIPH), Medical Birth Registry]; 2008 (http://statistikkbank.fhi.no/mfr, accessed 10 October 2011, in Norwegian). ",2025-04-07T06:46:44Z,2007,2007-01-01,2007-12-31
6826619,MDG_0000000025,REGION,EMR,,,YEAR,2018,,,,,,,,,78,77.6,,,Estimate based on Joint UNICEF-WHO Database on Skilled Birth Attendance 2025,2026-04-21T12:35:59Z,2018,2018-01-01,2018-12-31
6837166,MDG_0000000025,COUNTRY,BTN,SEAR,South-East Asia,YEAR,2017,,,,,,,,,96,96.4,,,Bhutan Living Standards Survey Report 2017; National Statistics Bureau of Bhutan 2017,2026-04-21T12:35:59Z,2017,2017-01-01,2017-12-31
6837664,MDG_0000000025,COUNTRY,ATG,AMR,Americas,YEAR,2014,,,,,,,,,100,100,,,"Trained personnel Health Situation in the Americas: Basic Indicators 2015. Washington, DC: Pan American Health Organization/World Health Organization (PAHO/WHO), Communicable Diseases and Health Analysis/Health Information and Analysis; 2015.",2025-04-07T06:46:44Z,2014,2014-01-01,2014-12-31
6842860,MDG_0000000025,COUNTRY,FSM,WPR,Western Pacific,YEAR,2005,,,,,,,,,83,83,,," Statistical Yearbook Federated States of Micronesia 2008. Palikir, Pohnpei: Division of Statistics, Office of Statistics, Budget and Economic Management, Overseas Development Assistance & Compact Management (SBOC) [Federated States of Micronesia]; 2008.",2025-04-07T06:46:44Z,2005,2005-01-01,2005-12-31
6849526,MDG_0000000025,COUNTRY,MEX,AMR,Americas,YEAR,2005,,,,,,,,,91,91,,," SS. Dirección General de Información en Salud (DGIS) [Mexico]; 2020. (http://www.agenda2030.mx/ODSind.html?ind=ODS003000030020&cveind=27&cveCob=99&lang=es#/Indicator, last accessed 28 January 2021)",2025-04-07T06:46:44Z,2005,2005-01-01,2005-12-31
6855183,MDG_0000000025,COUNTRY,SVN,EUR,Europe,YEAR,2011,,,,,,,,,100,100,,, Statistical Yearbook 2012. Ljubljana: Statistical Office of the Republic of Slovenia; 2012.,2025-04-07T06:46:44Z,2011,2011-01-01,2011-12-31
6860970,MDG_0000000025,COUNTRY,DJI,EMR,Eastern Mediterranean,YEAR,2006,,,,,,,,,78,78,,," L’Enquête Djiboutienne à Indicateurs Multiple (EDIM) MICS 2006. Djibouti: Ministère de la Santé Djibouti, Fonds des Nations Unies pour l’enfance (UNICEF), Fonds des Nations Unies pour la Population (FNUAP/UNFPA), Organisation mondiale de la Santé (OMS/WHO), Programme des Nations Unies pour le développement (PNUD/UNDP), Agence Française pour le Développement (AFD), PAPFAM; 2007 (in French). ",2025-04-07T06:46:44Z,2006,2006-01-01,2006-12-31
6862767,MDG_0000000025,COUNTRY,POL,EUR,Europe,YEAR,2010,,,,,,,,,100,100,,," Statistics Poland (GUS) [Website]. Warsaw: Statistics Poland (GUS); 2020 (https://sdg.gov.pl/en/statistics_glob/3-1-2/, accessed 28 February 2021).",2025-04-07T06:46:44Z,2010,2010-01-01,2010-12-31
6865717,MDG_0000000025,COUNTRY,COL,AMR,Americas,YEAR,2002,,,,,,,,,95,95,,," DANE [online database]. Estadísticas Vitales - Nacimientos. 2002. Bogotá D.C.: Departamento Administrativo Nacional de Estadística (DANE); 2011 (http://www.dane.gov.co/daneweb_V09/index.php?option=com_content&view=article&id=786&Itemid=119, accessed 30 May 2011, in Spanish).  ",2025-04-07T06:46:44Z,2002,2002-01-01,2002-12-31
6868310,MDG_0000000025,COUNTRY,BGR,EUR,Europe,YEAR,2006,,,,,,,,,95,95,,, National Statistical Institute of Bulgaria; 2023.,2025-04-07T06:46:44Z,2006,2006-01-01,2006-12-31
6868749,MDG_0000000025,COUNTRY,BLR,EUR,Europe,YEAR,2020,,,,,,,,,100,99.9,,,National platform for reporting indicators of Sustainable Development Goals. Retrieved from: http://sdgplatform.belstat.gov.by/en/sites/belstatfront/index-info.html?indicator=3.1.2; last accessed 29/12/2021,2026-04-21T12:35:59Z,2020,2020-01-01,2020-12-31
6872467,MDG_0000000025,COUNTRY,RUS,EUR,Europe,YEAR,2013,,,,,,,,,100,100,,,"Skilled health personnel Federal State Statistics Service. Data on SDG Indicators. Russia; 2021. (https://eng.rosstat.gov.ru/3.1.2) accessed September 29, 2021.",2025-04-07T06:46:44Z,2013,2013-01-01,2013-12-31
6879178,MDG_0000000025,COUNTRY,PAN,AMR,Americas,YEAR,2000,,,,,,,,,91,91,,,"Health professional Panamá en Cifras: años 1999-2003 [electronic publication]. Panamá: Instituto Nacional de Estadística y Censo (INEC) [Panama]; 2004 (http://www.contraloria.gob.pa/inec/Publicaciones, accessed 18 April 2011, in Spanish).",2025-04-07T06:46:44Z,2000,2000-01-01,2000-12-31
6882798,MDG_0000000025,COUNTRY,KEN,AFR,Africa,YEAR,2000,,,,,,,,,43,43,,,"Doctor, nurse/midwife, Auxiliary midwife Kenya Multiple Indicator Cluster Survey 2000 Preliminary Report. Central Bureau Of Statistics, Ministry Of Finance And Planning [Kenya], United Nations Children's Fund (UNICEF); 2000.",2025-04-07T06:46:44Z,2000,2000-01-01,2000-12-31
6882823,MDG_0000000025,COUNTRY,CRI,AMR,Americas,YEAR,2004,,,,,,,,,99,99,,, Estadísticas Vitales 2004. San José: Instituto Nacional de Estadística y Censos (INEC); 2006 (in Spanish).,2025-04-07T06:46:44Z,2004,2004-01-01,2004-12-31
6885509,MDG_0000000025,REGION,SEAR,,,YEAR,2006,,,,,,,,,51,51,,,,2025-04-07T06:46:44Z,2006,2006-01-01,2006-12-31
6886385,MDG_0000000025,COUNTRY,RUS,EUR,Europe,YEAR,2009,,,,,,,,,100,100,,,"Skilled health personnel Transformative Monitoring for Enhanced Equity (TransMonEE) 2012 Database [online database]. Geneva: UNICEF Europe and Central Asia Regional Office; 2012 (www.transmonee.org, accessed 1 November 2012). ",2025-04-07T06:46:44Z,2009,2009-01-01,2009-12-31
6889767,MDG_0000000025,COUNTRY,ECU,AMR,Americas,YEAR,2015,,,,,,,,,94,94,,,"Doctors, obstetrician and nurse Registro Estadístico de Nacidos Vivos, Instituto Nacional de Estadística y Censos",2025-04-07T06:46:44Z,2015,2015-01-01,2015-12-31
6895711,MDG_0000000025,COUNTRY,ARG,AMR,Americas,YEAR,2004,,,,,,,,,99,99,,, Estadísticas Vitales. Información Básica – Año 2004. Buenos Aires: Ministerio de Salud [Argentina]; 2005 (in Spanish).,2025-04-07T06:46:44Z,2004,2004-01-01,2004-12-31
6895927,MDG_0000000025,COUNTRY,FSM,WPR,Western Pacific,YEAR,2006,,,,,,,,,85,85,,," Statistical Yearbook Federated States of Micronesia 2008. Palikir, Pohnpei: Division of Statistics, Office of Statistics, Budget and Economic Management, Overseas Development Assistance & Compact Management (SBOC) [Federated States of Micronesia]; 2008.",2025-04-07T06:46:44Z,2006,2006-01-01,2006-12-31
6912588,MDG_0000000025,COUNTRY,CRI,AMR,Americas,YEAR,2015,,,,,,,,,90,90,,," Ministerio de Salud [Ministry of Health, Costa Rica], Asociación Demográfica Costarricense, Centro Centroamericano de Población, Fondo de Población de las Naciones Unidas (FPNU) [United Nations Population Fund (UNFPA)]. II Encuesta Nacional de Salud Sexual y Salud Reproductiva. Costa Rica 2015. San José: Ministerio de Salud [Ministry of Health, Costa Rica]; 2016 (in Spanish). ",2025-04-07T06:46:44Z,2015,2015-01-01,2015-12-31
6922228,MDG_0000000025,COUNTRY,JOR,EMR,Eastern Mediterranean,YEAR,2007,,,,,,,,,99,99,,," Department of Statistics [Jordan], Macro International Inc. Jordan Population and Family Health Survey 2007. Calverton, Maryland, USA: Department of Statistics, Macro International Inc.; 2008.",2025-04-07T06:46:44Z,2007,2007-01-01,2007-12-31
6926172,MDG_0000000025,COUNTRY,TUN,EMR,Eastern Mediterranean,YEAR,2018,,,,,,,,,100,99.5,,,Institut National de la Statistique; UNICEF. Enqute par grappes indicateurs multiples (MICS) 2018; Rapport Final. Tunisie: Le Ministre du Dveloppement de l'Investissement et de la Coopration Internationale (MDICI); 2019 (in French).,2026-04-21T12:35:59Z,2018,2018-01-01,2018-12-31
6928713,MDG_0000000025,COUNTRY,ARE,EMR,Eastern Mediterranean,YEAR,2015,,,,,,,,,100,100,,,"Skilled health personnel Open Data: Health Core Indicators. Basic Health Indicators [website]. Abu Dhabi: Ministry of Health and Prevention [UAE]; 2017 (www.mohap.gov.ae/en/OpenData, accessed 20 December 2017).  ",2025-04-07T06:46:44Z,2015,2015-01-01,2015-12-31
6930593,MDG_0000000025,COUNTRY,LTU,EUR,Europe,YEAR,2004,,,,,,,,,100,100,,,"Skilled health personnel Transformative Monitoring for Enhanced Equity (TransMonEE) 2012 Database [online database]. Geneva: UNICEF Europe and Central Asia Regional Office; 2012 (www.transmonee.org, accessed 1 November 2012). ",2025-04-07T06:46:44Z,2004,2004-01-01,2004-12-31
6932395,MDG_0000000025,COUNTRY,JPN,WPR,Western Pacific,YEAR,2019,,,,,,,,,100,99.9,,,Trends in live births by place of delivery: Japan; urban/rural residence. 2019 Vital Statistics of Japan [website]. Tokyo: e-stat (Portal Site of Official Statistics of Japan); National Statistics Center [Japan]; 2019 (https://www.e-stat.go.jp/en/stat-search?page=2&query=2018%20vital%20statistics&layout=dataset&metadata=1&data=1; accessed 06 January 2021).,2026-04-21T12:35:59Z,2019,2019-01-01,2019-12-31
6932631,MDG_0000000025,COUNTRY,DOM,AMR,Americas,YEAR,2019,,,,,,,,,99,99.2,,,Encuesta Nacional de Hogares de Propsitos Mltiples con Metodologa de Encuestas de ndicadores Mltiples por Conglomerado (ENHOGAR MICS 2019),2026-04-21T12:35:59Z,2019,2019-01-01,2019-12-31
6936873,MDG_0000000025,COUNTRY,CAN,AMR,Americas,YEAR,2008,,,,,,,,,99,99,,," CANSIM. Table 102-4516 - Live births and fetal deaths (stillbirths), by place of birth (hospital and non-hospital), Canada, provinces and territories, annual [database]. Ottawa: Statistics Canada, Government of Canada; 2013 (https://www80.statcan.gc.ca, accessed 17 October 2014).",2025-04-07T06:46:44Z,2008,2008-01-01,2008-12-31
6939005,MDG_0000000025,COUNTRY,MLT,EUR,Europe,YEAR,2020,,,,,,,,,100,99.9,,,National Obstetric Information System; Directorate for Health Information and Research [Malta] 2020; 2021,2026-04-21T12:35:59Z,2020,2020-01-01,2020-12-31
6939816,MDG_0000000025,COUNTRY,TJK,EUR,Europe,YEAR,2023,,,,,,,,,98,97.6,,,Statistical Agency under the President of the Republic of Tajikistan; Ministry of Health and Social Protection of Population of the Republic of Tajikistan; ICF. Tajikistan Demographic and Health Survey 2023: Key Indicators Report [Internet]. Dushanbe (Tajikistan): Statistical Agency under the President of the Republic of Tajikistan; Ministry of Health and Social Protection of Population of the Republic of Tajikistan; and ICF; 2024 Jul [cited 2025 Jan 24]. Available from: https://dhsprogram.com/pubs/pdf/PR155/PR155eng.pdf,2026-04-21T12:35:59Z,2023,2023-01-01,2023-12-31
6946647,MDG_0000000025,COUNTRY,DOM,AMR,Americas,YEAR,2011,,,,,,,,,99,99,,," República Dominicana: Compendio de Estadísticas Vitales 2010-2014. Santo Domingo: República Dominicana, Oficina Nacional de Estadística (ONE); 2016 (in Spanish).",2025-04-07T06:46:44Z,2011,2011-01-01,2011-12-31
6950173,MDG_0000000025,COUNTRY,ARG,AMR,Americas,YEAR,2018,,,,,,,,,100,99.5,,,Estadsticas vitales. Informacin bsica. Argentina - Ao 2018. Buenos Aires: Ministerio de Salud [Argentina]; 2019 (in Spanish).,2026-04-21T12:35:59Z,2018,2018-01-01,2018-12-31
6953555,MDG_0000000025,COUNTRY,COK,WPR,Western Pacific,YEAR,2009,,,,,,,,,100,100,,,Skilled health personnel Western Pacific Country Health Information Profiles: 2011 Revision. Manila: World Health Organization Regional Office for the Western Pacific (WPRO); 2011.,2025-04-07T06:46:44Z,2009,2009-01-01,2009-12-31
6958020,MDG_0000000025,COUNTRY,GHA,AFR,Africa,YEAR,2014,,,,,,,,,71,71,,," Ghana Statistical Service (GSS), Ghana Health Service (GHS), ICF International. Ghana Demographic and Health Survey 2014. Rockville, Maryland, USA: GSS, GHS, ICF International; 2015. ",2025-04-07T06:46:44Z,2014,2014-01-01,2014-12-31
6959726,MDG_0000000025,COUNTRY,BLR,EUR,Europe,YEAR,2009,,,,,,,,,100,100,,,"Skilled health personnel Transformative Monitoring for Enhanced Equity (TransMonEE) 2012 Database [online database]. Geneva: UNICEF Europe and Central Asia Regional Office; 2012 (www.transmonee.org, accessed 1 November 2012). ",2025-04-07T06:46:44Z,2009,2009-01-01,2009-12-31
6962984,MDG_0000000025,COUNTRY,MEX,AMR,Americas,YEAR,2009,,,,,,,,,95,95,,,"Doctor, nurse, auxiliary Encuesta Nacional de la Dinámica Demográfica 2009. Panorama sociodemográfico de México. Principales resultados. Aguascalientes: Instituto Nacional de Estadística y Geografía (INEGI) [Mexico]; 2011 (in Spanish).",2025-04-07T06:46:44Z,2009,2009-01-01,2009-12-31
6964174,MDG_0000000025,COUNTRY,MSR,AMR,Americas,YEAR,2020,,,,,,,,,100,100,,,PLISA Health Information Platform. Indicator profile: Deliveries attended by skilled birth attendants (%) [online database]. Washington; DC: Pan American Health Organization/World Health Organization (PAHO/WHO); 2023 (https://opendata.paho.org/es/indicadores-basicos/tablero-de-los-indicadores-basicos; accessed 21 September 2023).,2026-04-21T12:35:59Z,2020,2020-01-01,2020-12-31
6971803,MDG_0000000025,COUNTRY,FRA,EUR,Europe,YEAR,2018,,,,,,,,,98,98.1,,,T64: Ns vivants selon la condition de l'accouchement et le groupe d'ges de la mre. France mtropolitaine. Anne 2018 [website]. Paris: Institut National de la Statistique et des tudes conomiques (INSEE) [National Institute of Statistics and Economic Studies]; 2019 (https://www.insee.fr/fr/statistiques/3576469?sommaire=3576483; accessed 12 February 2020; in French).,2026-04-21T12:35:59Z,2018,2018-01-01,2018-12-31
6973808,MDG_0000000025,COUNTRY,DNK,EUR,Europe,YEAR,2011,,,,,,,,,99,99,,," Sundhedsstyrelsen [National Board of Health, Denmark]. Fødselsstatistikken 2011 [Birth Statistics 2011]. Copenhagen: Sundhedsstyrelsen; 2012 (in Danish).",2025-04-07T06:46:44Z,2011,2011-01-01,2011-12-31
6978382,MDG_0000000025,COUNTRY,CZE,EUR,Europe,YEAR,2003,,,,,,,,,100,100,,, Rodi?ka a novorozenec 2003 [Mother and Newborn 2003]. Prague: Ústav zdravotnických informací a statistiky ?R [Institute of Health Information and Statistics of the Czech Republic]; 2004 (in Czech).,2025-04-07T06:46:44Z,2003,2003-01-01,2003-12-31
6978519,MDG_0000000025,COUNTRY,URY,AMR,Americas,YEAR,2006,,,,,,,,,100,100,,, Anuario Estadístico 2010. Uruguay: Instituto Nacional de Estadística (INE); 2011 (in Spanish).  ,2025-04-07T06:46:44Z,2006,2006-01-01,2006-12-31
6998879,MDG_0000000025,COUNTRY,TON,WPR,Western Pacific,YEAR,2009,,,,,,,,,98,98,,,Trained personnel Report of the Minister for Health for the Year 2010. Tonga: Ministry of Health [Tonga]; 2011.,2025-04-07T06:46:44Z,2009,2009-01-01,2009-12-31
6999789,MDG_0000000025,COUNTRY,BMU,AMR,Americas,YEAR,2010,,,,,,,,,99,99,,,"Trained personnel PLISA Health Information Platform. Indicator profile: Deliveries attended by skilled birth attendants (%) [online database]. Washington, DC: Pan American Health Organization/World Health Organization (PAHO/WHO); 2023 (https://opendata.paho.org/es/indicadores-basicos/tablero-de-los-indicadores-basicos, accessed 20 September 2023).",2025-04-07T06:46:44Z,2010,2010-01-01,2010-12-31
6999847,MDG_0000000025,COUNTRY,ROU,EUR,Europe,YEAR,2002,,,,,,,,,99,99,,,"Skilled health personnel Transformative Monitoring for Enhanced Equity (TransMonEE) 2012 Database [online database]. Geneva: UNICEF Europe and Central Asia Regional Office; 2012 (www.transmonee.org, accessed 1 November 2012). ",2025-04-07T06:46:44Z,2002,2002-01-01,2002-12-31
7002896,MDG_0000000025,COUNTRY,TON,WPR,Western Pacific,YEAR,2001,,,,,,,,,95,95,,,Trained personnel Report of the Minister of Health for the Year 2005. Tonga: Ministry of Health [Tonga]; 2006.,2025-04-07T06:46:44Z,2001,2001-01-01,2001-12-31
7003491,MDG_0000000025,COUNTRY,KGZ,EUR,Europe,YEAR,2008,,,,,,,,,99,99,,,"Skilled health personnel Transformative Monitoring for Enhanced Equity (TransMonEE) Kyrgyzstan. [2.A. Performance Health of Mother and Child] [online database]. Bishkek City: National Statistical Committee of the Kyrgyz Republic; 2012 (www.stat.kg, accessed 6 November 2012, in Russian/Kyrgyz). ",2025-04-07T06:46:44Z,2008,2008-01-01,2008-12-31
7008320,MDG_0000000025,COUNTRY,QAT,EMR,Eastern Mediterranean,YEAR,2014,,,,,,,,,100,100,,," Vital Statistics, Annual Bulletin. Births and Deaths 2014. Doha: Ministry of Development Planning and Statistics [Qatar]; 2016.",2025-04-07T06:46:44Z,2014,2014-01-01,2014-12-31
7013006,MDG_0000000025,COUNTRY,UZB,EUR,Europe,YEAR,2011,,,,,,,,,100,100,,,"Skilled health personnel Transformative Monitoring for Enhanced Equity (TransMonEE) 2016 Database [online database]. Geneva: UNICEF Europe and Central Asia Regional Office; 2016 (www.transmonee.org, accessed 17 October 2016). ",2025-04-07T06:46:44Z,2011,2011-01-01,2011-12-31
7016584,MDG_0000000025,COUNTRY,BRN,WPR,Western Pacific,YEAR,2017,,,,,,,,,100,99.8,,,Health Information Booklet 2017. Bandar Seri Begawan: Ministry of Health [Brunei Darussalam]; 2018.,2026-04-21T12:35:59Z,2017,2017-01-01,2017-12-31
7017428,MDG_0000000025,COUNTRY,IRN,EMR,Eastern Mediterranean,YEAR,2014,,,,,,,,,99,99,,,"Skilled personnel Millennium Development Goals (MDG) - 2014 Report. Proportion of births attended by skilled health personnel, percent [website]. Tehran: Statistical Center of Iran; 2015 (https://www.amar.org.ir/english/MDG-2014/MDG-Goal_5/MDG-Goal-5-P2, accessed 28 November 2017). ",2025-04-07T06:46:44Z,2014,2014-01-01,2014-12-31
7019276,MDG_0000000025,GLOBAL,GLOBAL,,,YEAR,2017,,,,,,,,,82,81.8,,,Estimate based on Joint UNICEF-WHO Database on Skilled Birth Attendance 2025,2026-04-21T12:35:59Z,2017,2017-01-01,2017-12-31
7034697,MDG_0000000025,COUNTRY,VEN,AMR,Americas,YEAR,2017,,,,,,,,,99,99.1,,,PLISA Health Information Platform. Indicator profile: Deliveries attended by skilled birth attendants (%) [online database]. Washington; DC: Pan American Health Organization/World Health Organization (PAHO/WHO); 2021 (https://opendata.paho.org/es/indicadores-basicos/tablero-de-los-indicadores-basicos; accessed 30 December 2021).,2026-04-21T12:35:59Z,2017,2017-01-01,2017-12-31
7041302,MDG_0000000025,COUNTRY,NIU,WPR,Western Pacific,YEAR,2011,,,,,,,,,100,100,,,"Skilled health personnel Office for External Affairs [Niue], United Nations Development Programme (UNDP). Niue Millennium Development Goals 2012 Report. Alofi: Statistics Niue; 2013.",2025-04-07T06:46:44Z,2011,2011-01-01,2011-12-31
7050622,MDG_0000000025,COUNTRY,BLZ,AMR,Americas,YEAR,2011,,,,,,,,,96,96,,,"Doctor, nurse, midwife, auxiliary midwife Belize Multiple Indicator Cluster Survey 2011. Final Report. Belize: The Statistical Institute of Belize (SIB), United Nations Children’s Fund (UNICEF); 2012.",2025-04-07T06:46:44Z,2011,2011-01-01,2011-12-31
7056340,MDG_0000000025,COUNTRY,AND,EUR,Europe,YEAR,2017,,,,,,,,,100,100,,,Department d'Estadistica; Govern d'Andorra. Data provided to Unicef via country consultation 2019.,2026-04-21T12:35:59Z,2017,2017-01-01,2017-12-31
7067786,MDG_0000000025,COUNTRY,IRN,EMR,Eastern Mediterranean,YEAR,2000,,,,,,,,,90,90,,," Rashidian A, Khosravi A, Khabiri R, Khodayari-Moez E, Elahi E, Arab M, Radaie Z. Islamic Republic of Iran’s Multiple Indicator Demographic and Health Survey (IrMIDHS) 2010. Tehran: Ministry of Health and Medical Education; 2012 (in Persian).",2025-04-07T06:46:44Z,2000,2000-01-01,2000-12-31
7074838,MDG_0000000025,COUNTRY,QAT,EMR,Eastern Mediterranean,YEAR,2015,,,,,,,,,100,100,,," Vital Statistics, Annual Bulletin. Births and Deaths 2015. Doha: Ministry of Development Planning and Statistics [Qatar]; 2016.",2025-04-07T06:46:44Z,2015,2015-01-01,2015-12-31
7077076,MDG_0000000025,COUNTRY,COL,AMR,Americas,YEAR,2006,,,,,,,,,97,97,,," DANE [online database]. Estadísticas Vitales - Nacimientos. 2006. Bogotá D.C.: Departamento Administrativo Nacional de Estadística (DANE); 2011 (http://www.dane.gov.co/daneweb_V09/index.php?option=com_content&view=article&id=786&Itemid=119, accessed 30 May 2011, in Spanish).  ",2025-04-07T06:46:44Z,2006,2006-01-01,2006-12-31
7080397,MDG_0000000025,COUNTRY,UKR,EUR,Europe,YEAR,2005,,,,,,,,,100,100,,, Ukraine Multiple Indicator Cluster Survey 2005. Kiev: United Nations Children's Fund (UNICEF); 2006.,2025-04-07T06:46:44Z,2005,2005-01-01,2005-12-31
7081639,MDG_0000000025,COUNTRY,EGY,EMR,Eastern Mediterranean,YEAR,2003,,,,,,,,,69,69,,," El-Zanaty F, Way AA (Ministry of Health and Population [Egypt], National Population Council, El-Zanaty and Associates, and ORC Macro). 2003 Egypt Interim Demographic and Health Survey. Cairo Egypt: Ministry of Health and Population [Egypt], National Population Council, El-Zanaty and Associates, and ORC Macro; 2004.",2025-04-07T06:46:44Z,2003,2003-01-01,2003-12-31
7082504,MDG_0000000025,COUNTRY,BRA,AMR,Americas,YEAR,2017,,,,,,,,,99,98.7,,,Ministrio da Sade; Sistema de Informaes sobre Nascidos Vivos (SINASC); (https://odsbrasil.gov.br/objetivo3/indicador312#); 2021,2026-04-21T12:35:59Z,2017,2017-01-01,2017-12-31
7084995,MDG_0000000025,COUNTRY,JAM,AMR,Americas,YEAR,2011,,,,,,,,,99,99,,,"Doctor, Nurse / Midwife, Auxiliary Nurse Statistical Institute of Jamaica (STATIN), United Nations Children's Fund (UNICEF). Jamaica Multiple Indicator Cluster Survey 2011. Final Report. Kingston, Jamaica: STATIN, UNICEF; 2013.",2025-04-07T06:46:44Z,2011,2011-01-01,2011-12-31
7089502,MDG_0000000025,COUNTRY,KEN,AFR,Africa,YEAR,2014,,,,,,,,,62,62,,," Kenya National Bureau of Statistics, Ministry of Health, National AIDS Control Council, Kenya Medical Research Institute, National Council for Population and Development, Nairobi, Kenya, The DHS Program. Kenya Demographic and Health Survey 2014. Rockville, Maryland, USA: ICF International; 2015.",2025-04-07T06:46:44Z,2014,2014-01-01,2014-12-31
7090607,MDG_0000000025,COUNTRY,TTO,AMR,Americas,YEAR,2000,,,,,,,,,96,96,,," Multiple Indicator Cluster Survey Trinidad and Tobago 2000. Full Report. Trinidad and Tobago: United Nations Children's Fund (UNICEF), Central Statistical Office [Trinidad and Tobago], Ministry of Community Empowerment, Sports and Consumer Affairs [Trinidad and Tobago]; 2001.",2025-04-07T06:46:44Z,2000,2000-01-01,2000-12-31
7090662,MDG_0000000025,COUNTRY,MSR,AMR,Americas,YEAR,2008,,,,,,,,,100,100,,,"Trained personnel PLISA Health Information Platform. Indicator profile: Deliveries attended by skilled birth attendants (%) [online database]. Washington, DC: Pan American Health Organization/World Health Organization (PAHO/WHO); 2021 (https://opendata.paho.org/es/indicadores-basicos/tablero-de-los-indicadores-basicos, accessed 30 December 2021). ",2025-04-07T06:46:44Z,2008,2008-01-01,2008-12-31
7094130,MDG_0000000025,COUNTRY,MDA,EUR,Europe,YEAR,2018,,,,,,,,,100,99.7,,,Statistical databank. Share of births attended by skilled health personnel by Indicators and Years [online database]. Chisinau: National Bureau of Statistics [Republic of Moldova]; 2019 (https://statbank.statistica.md/pxweb/pxweb/en/50%20Statistica%20gender/50%20Statistica%20gender__GEN04/GEN040600soc.px/table/tableViewLayout1/?rxid=b2ff27d7-0b96-43c9-934b-42e1a2a9a774; accessed 5 February 2020).,2026-04-21T12:35:59Z,2018,2018-01-01,2018-12-31
7102311,MDG_0000000025,COUNTRY,MDV,SEAR,South-East Asia,YEAR,2011,,,,,,,,,99,99,,, The Maldives Health Statistics 2012. Malé: Ministry of Health [Republic of Maldives]; 2013.,2025-04-07T06:46:44Z,2011,2011-01-01,2011-12-31
7107249,MDG_0000000025,COUNTRY,FIN,EUR,Europe,YEAR,2003,,,,,,,,,100,100,,,"Skilled health personnel Statistics Finland: https://pxnet2.stat.fi/PXWeb/pxweb/en/SDG/, last accessed 29/12/2021",2025-04-07T06:46:44Z,2003,2003-01-01,2003-12-31
7109026,MDG_0000000025,COUNTRY,HRV,EUR,Europe,YEAR,2001,,,,,,,,,100,100,,, Statistical Yearbook of the Republic of Croatia 2011. Zagreb: Croatian Bureau of Statistics; 2011.  ,2025-04-07T06:46:44Z,2001,2001-01-01,2001-12-31
7109033,MDG_0000000025,COUNTRY,DNK,EUR,Europe,YEAR,2001,,,,,,,,,99,99,,," Sundhedsstyrelsen [National Board of Health, Denmark]. Nye tal fra Sundhedsstyrelsen - Fødselsregisteret 1997-2001, 2003:12 [New figures from the National Board of Health, Denmark - Birth Registry 1997-2001, 2003:12]. Copenhagen: Sundhedsstyrelsen; 2003 (in Danish).",2025-04-07T06:46:44Z,2001,2001-01-01,2001-12-31
7113891,MDG_0000000025,COUNTRY,AZE,EUR,Europe,YEAR,2006,,,,,,,,,89,89,,," State Statistical Committee (SSC) [Azerbaijan], Macro International Inc. Azerbaijan Demographic and Health Survey 2006. Calverton, Maryland, USA: State Statistical Committee, Macro International Inc.; 2008.",2025-04-07T06:46:44Z,2006,2006-01-01,2006-12-31
7123284,MDG_0000000025,COUNTRY,FRA,EUR,Europe,YEAR,2005,,,,,,,,,98,98,,," Tableau 64: Conditions d'accouchement selon le groupe d'âges de la mère. Année 2005 [website]. Paris: Institut National de la Statistique et des Études Économiques (INSEE) [National Institute of Statistics and Economic Studies]; 2006 (http://www.insee.fr/en/insee-statistique-publique/default.asp, accessed 23 November 2011, in French).
",2025-04-07T06:46:44Z,2005,2005-01-01,2005-12-31
7126501,MDG_0000000025,COUNTRY,TON,WPR,Western Pacific,YEAR,2003,,,,,,,,,97,97,,,Trained personnel Report of the Minister of Health for the Year 2005. Tonga: Ministry of Health [Tonga]; 2006.,2025-04-07T06:46:44Z,2003,2003-01-01,2003-12-31
7128346,MDG_0000000025,COUNTRY,SRB,EUR,Europe,YEAR,2014,,,,,,,,,98,98,,," Statistical Office of the Republic of Serbia, UNICEF. Serbia Multiple Indicator Cluster Survey and Serbia Roma Settlements Multiple Indicator Cluster Survey, 2014, Final Report. Belgrade, Serbia: Statistical Office of the Republic of Serbia, UNICEF; 2014.",2025-04-07T06:46:44Z,2014,2014-01-01,2014-12-31
7135571,MDG_0000000025,COUNTRY,IRL,EUR,Europe,YEAR,2014,,,,,,,,,100,100,,," Healthcare Pricing Office (HPO), Health Service Executive (HSE). Perinatal Statistics Report 2014. Version 1.0. Dublin: HSE; 2016.  ",2025-04-07T06:46:44Z,2014,2014-01-01,2014-12-31
7139429,MDG_0000000025,COUNTRY,DEU,EUR,Europe,YEAR,2012,,,,,,,,,97,97,,," Indicator 3..2.1: proportion of births attended by skilled health personnel [online database]. Wiesbaden: Statistisches Bundesamt (DESTATIS); 2019 (https://sustainabledevelopment-germany.github.io/en/3-1-2/, accessed 30 January 2020). 

Source for sample size: 
Live births and difference to the previous year [online database]. Wiesbaden: Statistisches Bundesamt (DESTATIS); 2019 (https://www.destatis.de/EN/Themes/Society-Environment/Population/Births/Tables/live-birth-difference.html;jsessionid=E7096D28FE065513E5F04C559D739AAF.internet721, accessed 30 January 2020). ",2025-04-07T06:46:44Z,2012,2012-01-01,2012-12-31
7141949,MDG_0000000025,COUNTRY,OMN,EMR,Eastern Mediterranean,YEAR,2020,,,,,,,,,100,100,,,Statistical year book 2021. Issue 48. Oman: National Centre for Statistics & Information; 2021.,2026-04-21T12:35:59Z,2020,2020-01-01,2020-12-31
7147603,MDG_0000000025,COUNTRY,USA,AMR,Americas,YEAR,2014,,,,,,,,,99,99,,," Hamilton BE, Martin JA, Osterman MJK, Curtin SC, Mathews TJ. Births: Final Data for 2014. National Vital Statistics Reports; vol 64, no 12. Hyattsville, MD: National Center for Health Statistics; 2015.",2025-04-07T06:46:44Z,2014,2014-01-01,2014-12-31
7148543,MDG_0000000025,REGION,EUR,,,YEAR,2023,,,,,,,,,99,99,,,Estimate based on Joint UNICEF-WHO Database on Skilled Birth Attendance 2025,2026-04-21T12:35:59Z,2023,2023-01-01,2023-12-31
7149478,MDG_0000000025,COUNTRY,ZAF,AFR,Africa,YEAR,2008,,,,,,,,,94,94,,," Shisana O, Simbayi LC, Rehle T, Zungu NP, Zuma K, Ngogo N et al., SABSSM III Implementation Team. South African National HIV Prevalence, Incidence, Behaviour and Communication Survey, 2008: The health of our children. Cape Town: HSRC Press; 2010.",2025-04-07T06:46:44Z,2008,2008-01-01,2008-12-31
7158639,MDG_0000000025,COUNTRY,KGZ,EUR,Europe,YEAR,2018,,,,,,,,,100,99.8,,,Kyrgyztan Multiple Indicator Cluster Survey 2018; Survey Findings Report. Bishkek: National Statistical Committee of the Kyrgyz Republic; UNICEF; 2019.,2026-04-21T12:35:59Z,2018,2018-01-01,2018-12-31
7160023,MDG_0000000025,COUNTRY,RUS,EUR,Europe,YEAR,2011,,,,,,,,,100,100,,,"Skilled health personnel Federal State Statistics Service. Data on SDG Indicators. Russia; 2021. (https://eng.rosstat.gov.ru/3.1.2) accessed September 29, 2021.",2025-04-07T06:46:44Z,2011,2011-01-01,2011-12-31
7161569,MDG_0000000025,COUNTRY,IDN,WPR,Western Pacific,YEAR,2019,,,,,,,,,95,94.7,,,Statistik Kesejahteraan Rakyat. Welfare statistics 2019. Jakarta: Badan Pusat Statistik (BPS) [Statistics Indonesia]; 2019.,2026-04-21T12:35:59Z,2019,2019-01-01,2019-12-31
7162371,MDG_0000000025,COUNTRY,UZB,EUR,Europe,YEAR,2003,,,,,,,,,100,100,,,"Skilled health personnel Transformative Monitoring for Enhanced Equity (TransMonEE) 2012 Database [online database]. Geneva: UNICEF Europe and Central Asia Regional Office; 2012 (www.transmonee.org, accessed 1 November 2012). ",2025-04-07T06:46:44Z,2003,2003-01-01,2003-12-31
7163148,MDG_0000000025,COUNTRY,IRL,EUR,Europe,YEAR,2019,,,,,,,,,100,99.7,,,Healthcare Pricing Office (HPO); Health Service Executive (HSE). Perinatal Statistics Report 2020. Version 1.0. Dublin: HSE; 2022.,2026-04-21T12:35:59Z,2019,2019-01-01,2019-12-31
7168779,MDG_0000000025,COUNTRY,AND,EUR,Europe,YEAR,2015,,,,,,,,,100,100,,,"Skilled health personnel  Department d'Estadistica, Govern d'Andorra. Data provided to Unicef via country consultation 2019.  ",2025-04-07T06:46:44Z,2015,2015-01-01,2015-12-31
7175476,MDG_0000000025,COUNTRY,CUB,AMR,Americas,YEAR,2000,,,,,,,,,100,100,,," Portal de Salud de Cuba [website]. Habana: Centro Nacional de Información de Ciencias Médicas-Infomed; 2012 (http://www.sld.cu/anuario/indice.html. Anuario del 2011, accessed 27 July 2012, in Spanish).",2025-04-07T06:46:44Z,2000,2000-01-01,2000-12-31
7181963,MDG_0000000025,REGION,AMR,,,YEAR,2010,,,,,,,,,94,94,,,,2024-04-26T13:59:03Z,2010,2010-01-01,2010-12-31
7185424,MDG_0000000025,COUNTRY,USA,AMR,Americas,YEAR,2020,,,,,,,,,99,99.1,,,Martin JA; Hamilton BE; Osterman MJK; Driscoll AK. Births: Final Data for 2020. National Vital Statistics Reports; vol 70 no 17. Hyattsville; MD: National Center for Health Statistics; 2022. (Table I-4 available from: https://www.cdc.gov/nchs/data/nvsr/nvsr70/nvsr70-17-tables.pdf.),2026-04-21T12:35:59Z,2020,2020-01-01,2020-12-31
7185745,MDG_0000000025,COUNTRY,BDI,AFR,Africa,YEAR,2017,,,,,,,,,79,79.1,,,Annuaire des Statistisques Sanitaires 2022,2026-04-21T12:35:59Z,2017,2017-01-01,2017-12-31
7191155,MDG_0000000025,COUNTRY,BWA,AFR,Africa,YEAR,2008,,,,,,,,,98,98,,,"Skilled health personnel Stats Brief. Vision 2016 and Millennium Development Goals Indicators Report, 2012. No. 2012/3. Gaborone: Statistics Botswana (CSO); 2012.",2025-04-07T06:46:44Z,2008,2008-01-01,2008-12-31
7194562,MDG_0000000025,COUNTRY,CHL,AMR,Americas,YEAR,2006,,,,,,,,,100,100,,, Estadísticas Vitales - Informe  Annual 2006. Santiago: Instituto Nacional de Estadísticas; 2009 (in Spanish).,2025-04-07T06:46:44Z,2006,2006-01-01,2006-12-31
7195188,MDG_0000000025,COUNTRY,DMA,AMR,Americas,YEAR,2008,,,,,,,,,100,100,,,"Trained personnel PLISA Health Information Platform. Indicator profile: Deliveries attended by skilled birth attendants (%) [online database]. Washington, DC: Pan American Health Organization/World Health Organization (PAHO/WHO); 2021 (https://opendata.paho.org/es/indicadores-basicos/tablero-de-los-indicadores-basicos, accessed 30 December 2021). ",2025-04-07T06:46:44Z,2008,2008-01-01,2008-12-31
7198497,MDG_0000000025,COUNTRY,CHN,WPR,Western Pacific,YEAR,2007,,,,,,,,,98,98,,,Skilled attendant China Statistical Yearbook for Health and Family Planning 2013. Beijing: National Health and Family Planning Commission of China (NHFPC); 2013. ,2025-04-07T06:46:44Z,2007,2007-01-01,2007-12-31
7204485,MDG_0000000025,REGION,AMR,,,YEAR,2014,,,,,,,,,96,96,,,,2025-04-07T06:46:44Z,2014,2014-01-01,2014-12-31
7206086,MDG_0000000025,COUNTRY,IRL,EUR,Europe,YEAR,2007,,,,,,,,,100,100,,," Perinatal Statistics Report 2007. Dublin: Health Research and Information Division, the Economic and Social Research Institute (ESRI); 2009.  ",2025-04-07T06:46:44Z,2007,2007-01-01,2007-12-31
7207250,MDG_0000000025,COUNTRY,YEM,EMR,Eastern Mediterranean,YEAR,2013,,,,,,,,,45,45,,,"Doctor, nurse, midwife and auxiliary midwife Ministry of Public Health and Population (MOPHP) [Yemen], Central Statistical Organization (CSO) [Yemen], Pan Arab Program for Family Health (PAPFAM), ICF International. Yemen National Health and Demographic Survey 2013. Rockville, Maryland, USA: MOPHP, CSO, PAPFAM, ICF International; 2015.",2025-04-07T06:46:44Z,2013,2013-01-01,2013-12-31
7208699,MDG_0000000025,COUNTRY,MLT,EUR,Europe,YEAR,2014,,,,,,,,,100,100,,, National Obstetric Information System (NOIS). Annual Report – 2014. Malta: Directorate for Health Information and Research (DHIR); 2015.,2025-04-07T06:46:44Z,2014,2014-01-01,2014-12-31
7210931,MDG_0000000025,COUNTRY,CHN,WPR,Western Pacific,YEAR,2014,,,,,,,,,100,100,,,"Skilled attendant China Statistical Yearbook 2015. Beijing: National Bureau of Statistics of China, China Statistical Press; 2015.",2025-04-07T06:46:44Z,2014,2014-01-01,2014-12-31
7211611,MDG_0000000025,COUNTRY,BOL,AMR,Americas,YEAR,2018,,,,,,,,,83,83.1,,,Registros administrativos del Sistema Nacional de Salud y Vigilancia Epidemiolgica del Ministerio de Salud y Deportes - 2022,2026-04-21T12:35:59Z,2018,2018-01-01,2018-12-31
7218035,MDG_0000000025,COUNTRY,NZL,WPR,Western Pacific,YEAR,2000,,,,,,,,,97,97,,, Report on Maternity 2000 & 2001. Wellington: Ministry of Health [New Zealand]; 2003.,2025-04-07T06:46:44Z,2000,2000-01-01,2000-12-31
7232329,MDG_0000000025,COUNTRY,NPL,SEAR,South-East Asia,YEAR,2014,,,,,,,,,56,56,,,"Doctor, Nurse / Midwife, Auxilliary Nurse/Midwife Central Bureau of Statistics. Nepal Multiple Indicator Cluster Survey 2014, Final Report. Kathmandu, Nepal: Central Bureau of Statistics, United Nations Children's Fund (UNICEF) Nepal; 2015.",2025-04-07T06:46:44Z,2014,2014-01-01,2014-12-31
7234745,MDG_0000000025,COUNTRY,ECU,AMR,Americas,YEAR,2011,,,,,,,,,91,91,,,"Doctors, obstetrician and nurse Registro Estadístico de Nacidos Vivos, Instituto Nacional de Estadística y Censos",2025-04-07T06:46:44Z,2011,2011-01-01,2011-12-31
7242964,MDG_0000000025,COUNTRY,PER,AMR,Americas,YEAR,2018,,,,,,,,,94,93.7,,,Per: Encuesta Demogrfica y de Salud Familiar - ENDES 2019. Lima: Instituto Nacional de Estadstica e Informtica (INEI) [Per]; 2019 (in Spanish).,2026-04-21T12:35:59Z,2018,2018-01-01,2018-12-31
7247416,MDG_0000000025,COUNTRY,EST,EUR,Europe,YEAR,2013,,,,,,,,,100,100,,," Estonian Medical Birth Registry (EMBR). Skilled birth attendant, 1992-2019. Tallinn: National Institute for Health Development [Estonia]; 2020",2025-04-07T06:46:44Z,2013,2013-01-01,2013-12-31
7255510,MDG_0000000025,COUNTRY,FJI,WPR,Western Pacific,YEAR,2001,,,,,,,,,98,98,,, Annual Report 2006. Suva: Ministry of Health [Fiji]; 2007. ,2025-04-07T06:46:44Z,2001,2001-01-01,2001-12-31
7260391,MDG_0000000025,REGION,WPR,,,YEAR,2011,,,,,,,,,95,95,,,,2024-04-26T13:59:03Z,2011,2011-01-01,2011-12-31
7279429,MDG_0000000025,REGION,SEAR,,,YEAR,2016,,,,,,,,,79,78.8,,,Estimate based on Joint UNICEF-WHO Database on Skilled Birth Attendance 2025,2026-04-21T12:35:59Z,2016,2016-01-01,2016-12-31
7282347,MDG_0000000025,COUNTRY,HRV,EUR,Europe,YEAR,2006,,,,,,,,,100,100,,, Statistical Yearbook of the Republic of Croatia 2011. Zagreb: Croatian Bureau of Statistics; 2011.  ,2025-04-07T06:46:44Z,2006,2006-01-01,2006-12-31
7286334,MDG_0000000025,COUNTRY,PRT,EUR,Europe,YEAR,2022,,,,,,,,,97,97.3,,,Annual Statistics Portugal Deliveries (No.) by Place of residence of mother (NUTS - 2013) and Place (Delivery); Annual - Statistics Portugal; Childbirths; 2023. (https://www.ine.pt/xportal/xmain?xpid=INE&xpgid=ine_main accessed 22 September 2023).,2026-04-21T12:35:59Z,2022,2022-01-01,2022-12-31
7288685,MDG_0000000025,COUNTRY,SVK,EUR,Europe,YEAR,2020,,,,,,,,,98,98.2,,,National Health Information Centre of the Slovak Republic [Slovakia]; Provided during SDG country consultation 2021.,2026-04-21T12:35:59Z,2020,2020-01-01,2020-12-31
7311659,MDG_0000000025,COUNTRY,NOR,EUR,Europe,YEAR,2015,,,,,,,,,99,99,,," Dataset: F11: Fødested. 2015. [online database]. Oslo: Folkehelseinstituttet, Medisinsk fødselsregister [Norwegian Institute of Public Health (NIPH), Medical Birth Registry]; 2016 (http://statistikkbank.fhi.no/mfr, accessed 8 December 2017, in Norwegian). ",2025-04-07T06:46:44Z,2015,2015-01-01,2015-12-31
7312173,MDG_0000000025,COUNTRY,MDV,SEAR,South-East Asia,YEAR,2007,,,,,,,,,96,96,,, The Maldives Health Statistics 2009. Malé: Ministry of Health and Family [Republic of Maldives]; 2010.,2025-04-07T06:46:44Z,2007,2007-01-01,2007-12-31
7315505,MDG_0000000025,COUNTRY,JAM,AMR,Americas,YEAR,2017,,,,,,,,,100,99.7,,,PLISA Health Information Platform. Indicator profile: Deliveries attended by skilled birth attendants (%) [online database]. Washington; DC: Pan American Health Organization/World Health Organization (PAHO/WHO); 2021 (https://opendata.paho.org/es/indicadores-basicos/tablero-de-los-indicadores-basicos; accessed 30 December 2021).,2026-04-21T12:35:59Z,2017,2017-01-01,2017-12-31
7327002,MDG_0000000025,COUNTRY,ISR,EUR,Europe,YEAR,2023,,,,,,,,,100,99.5,,,Israel Medical Birth Registry. Institutional Delivery. Israel Central Bureau of Statistics; 2023. Country Consultation 2024,2026-04-21T12:35:59Z,2023,2023-01-01,2023-12-31
7329659,MDG_0000000025,COUNTRY,BTN,SEAR,South-East Asia,YEAR,2008,,,,,,,,,66,66,,,"Trained personnel Statistical Yearbook of Bhutan 2010. Thimphu: National Statistics Bureau, Bhutan; 2010. ",2025-04-07T06:46:44Z,2008,2008-01-01,2008-12-31
7329934,MDG_0000000025,COUNTRY,HRV,EUR,Europe,YEAR,2000,,,,,,,,,100,100,,, Statistical Yearbook of the Republic of Croatia 2011. Zagreb: Croatian Bureau of Statistics; 2011.  ,2025-04-07T06:46:44Z,2000,2000-01-01,2000-12-31
7330422,MDG_0000000025,COUNTRY,DEU,EUR,Europe,YEAR,2015,,,,,,,,,97,97,,," Indicator 3..2.1: proportion of births attended by skilled health personnel [online database]. Wiesbaden: Statistisches Bundesamt (DESTATIS); 2019 (https://sustainabledevelopment-germany.github.io/en/3-1-2/, accessed 30 January 2020). 

Source for sample size: 
Live births and difference to the previous year [online database]. Wiesbaden: Statistisches Bundesamt (DESTATIS); 2019 (https://www.destatis.de/EN/Themes/Society-Environment/Population/Births/Tables/live-birth-difference.html;jsessionid=E7096D28FE065513E5F04C559D739AAF.internet721, accessed 30 January 2020). ",2025-04-07T06:46:44Z,2015,2015-01-01,2015-12-31
7334068,MDG_0000000025,COUNTRY,GTM,AMR,Americas,YEAR,2000,,,,,,,,,41,41,,,"Trained personnel PLISA Health Information Platform. Indicator profile: Deliveries attended by skilled birth attendants (%) [online database]. Washington, DC: Pan American Health Organization/World Health Organization (PAHO/WHO); 2021 (https://opendata.paho.org/es/indicadores-basicos/tablero-de-los-indicadores-basicos, accessed 30 December 2021). ",2025-04-07T06:46:44Z,2000,2000-01-01,2000-12-31
7334191,MDG_0000000025,COUNTRY,FIN,EUR,Europe,YEAR,2004,,,,,,,,,100,100,,,"Skilled health personnel Statistics Finland: https://pxnet2.stat.fi/PXWeb/pxweb/en/SDG/, last accessed 29/12/2021",2025-04-07T06:46:44Z,2004,2004-01-01,2004-12-31
7335885,MDG_0000000025,COUNTRY,JAM,AMR,Americas,YEAR,2012,,,,,,,,,100,100,,,"Trained personnel PLISA Health Information Platform. Indicator profile: Deliveries attended by skilled birth attendants (%) [online database]. Washington, DC: Pan American Health Organization/World Health Organization (PAHO/WHO); 2021 (https://opendata.paho.org/es/indicadores-basicos/tablero-de-los-indicadores-basicos, accessed 30 December 2021). ",2025-04-07T06:46:44Z,2012,2012-01-01,2012-12-31
7336276,MDG_0000000025,COUNTRY,EST,EUR,Europe,YEAR,2002,,,,,,,,,100,100,,," Estonian Medical Birth Registry (EMBR). Skilled birth attendant, 1992-2019. Tallinn: National Institute for Health Development [Estonia]; 2020 (http://www.tai.ee/en/r-and-d/registers/estonian-medical-birth-registry-and-estonian-abortion-registry/statistics, accessed 15 October 2013).",2025-04-07T06:46:44Z,2002,2002-01-01,2002-12-31
7345032,MDG_0000000025,COUNTRY,SVK,EUR,Europe,YEAR,2011,,,,,,,,,99,99,,,Skilled health personnel National Health Information Centre of the Slovak Republic [Slovakia]; Provided during SDG country consultation 2021. ,2025-04-07T06:46:44Z,2011,2011-01-01,2011-12-31
7347331,MDG_0000000025,COUNTRY,SWZ,AFR,Africa,YEAR,2000,,,,,,,,,65,65,,," Central Statistical Office, United Nations Children's Fund (UNICEF). Multiple Indicator Cluster Survey 2000. Model Full Report. Mbabane: Central Statistical Office, UNICEF; 2001.",2025-04-07T06:46:44Z,2000,2000-01-01,2000-12-31
7351073,MDG_0000000025,COUNTRY,HRV,EUR,Europe,YEAR,2009,,,,,,,,,100,100,,, Statistical Yearbook of the Republic of Croatia 2011. Zagreb: Croatian Bureau of Statistics; 2011.  ,2025-04-07T06:46:44Z,2009,2009-01-01,2009-12-31
7355931,MDG_0000000025,COUNTRY,ISR,EUR,Europe,YEAR,2020,,,,,,,,,100,99.6,,,Israel Medical Birth Registry. Institutional Delivery. Israel Central Bureau of Statistics; 2023. Country Consultation 2024,2026-04-21T12:35:59Z,2020,2020-01-01,2020-12-31
7359604,MDG_0000000025,COUNTRY,JAM,AMR,Americas,YEAR,2010,,,,,,,,,95,95,,,"Trained personnel PLISA Health Information Platform. Indicator profile: Deliveries attended by skilled birth attendants (%) [online database]. Washington, DC: Pan American Health Organization/World Health Organization (PAHO/WHO); 2021 (https://opendata.paho.org/es/indicadores-basicos/tablero-de-los-indicadores-basicos, accessed 30 December 2021). ",2025-04-07T06:46:44Z,2010,2010-01-01,2010-12-31
7362180,MDG_0000000025,COUNTRY,CAF,AFR,Africa,YEAR,2008,,,,,,,,,44,44,,," Enquête Centrafricaine pour le Suivi-Evaluation du Bien-être et Profil de pauvreté 2008. République Centrafricaine: Institut Centrafricain des Statistiques et des Etudes Economiques et Sociales, République Centrafricaine, Ministère du plan, de l'économie et de la coopération internationale, République Centrafricaine; 2009 (in French).",2025-04-07T06:46:44Z,2008,2008-01-01,2008-12-31
7362438,MDG_0000000025,COUNTRY,BWA,AFR,Africa,YEAR,2007,,,,,,,,,95,95,,,"Doctor, nurse, midwife and auxiliary midwife 2007 Botswana Family Health Survey IV Report. Gaborone: Central Statistics Office, UNICEF; 2009.",2025-04-07T06:46:44Z,2007,2007-01-01,2007-12-31
7362686,MDG_0000000025,REGION,SEAR,,,YEAR,2007,,,,,,,,,54,54,,,,2025-04-07T06:46:44Z,2007,2007-01-01,2007-12-31
7367854,MDG_0000000025,REGION,EUR,,,YEAR,2002,,,,,,,,,97,97,,,,2024-04-26T13:59:03Z,2002,2002-01-01,2002-12-31
7369125,MDG_0000000025,COUNTRY,FRA,EUR,Europe,YEAR,2013,,,,,,,,,98,98,,," T64: Nés vivants (hors JDN) selon la condition de l’accouchement et le groupe d'âges de la mère. Année 2013 [website]. Paris: Institut National de la Statistique et des Études Économiques (INSEE) [National Institute of Statistics and Economic Studies]; 2014 (http://www.insee.fr/en/insee-statistique-publique/default.asp, accessed 18 October 2016, in French).",2025-04-07T06:46:44Z,2013,2013-01-01,2013-12-31
7371062,MDG_0000000025,COUNTRY,SVK,EUR,Europe,YEAR,2023,,,,,,,,,97,97.2,,,National Health Information Centre of the Slovak Republic; data for year 2023. Country Consultation 2024,2026-04-21T12:35:59Z,2023,2023-01-01,2023-12-31
7379394,MDG_0000000025,COUNTRY,NOR,EUR,Europe,YEAR,2002,,,,,,,,,99,99,,," Dataset: F11: Fødested. 2002. [online database]. Oslo: Folkehelseinstituttet, Medisinsk fødselsregister [Norwegian Institute of Public Health (NIPH), Medical Birth Registry]; 2003 (http://statistikkbank.fhi.no/mfr, accessed 10 October 2011, in Norwegian). ",2025-04-07T06:46:44Z,2002,2002-01-01,2002-12-31
7379762,MDG_0000000025,COUNTRY,BHR,EMR,Eastern Mediterranean,YEAR,2002,,,,,,,,,98,98,,, Health Statistics of 2002. Bahrain: Ministry of Health; 2003.,2025-04-07T06:46:44Z,2002,2002-01-01,2002-12-31
7381121,MDG_0000000025,COUNTRY,VEN,AMR,Americas,YEAR,2012,,,,,,,,,96,96,,, Instituto Nacional de Estadística. Sistema de Consulta de Estadísticas Vitales 2012. (Data provided by UNICEF April 2016).,2025-04-07T06:46:44Z,2012,2012-01-01,2012-12-31
7395191,MDG_0000000025,COUNTRY,CRI,AMR,Americas,YEAR,2012,,,,,,,,,99,99,,, Estadísticas Vitales 2012. San José: Instituto Nacional de Estadística y Censos (INEC); 2013 (in Spanish).,2025-04-07T06:46:44Z,2012,2012-01-01,2012-12-31
7405876,MDG_0000000025,COUNTRY,BRA,AMR,Americas,YEAR,2011,,,,,,,,,99,99,,," DATASUS [online database]. Brazil: MS/SVS/DASIS - Sistema de Informações sobre Nacidos Vivos – SINASC. Nascim p/resid.mãe por Local ocorrência segundo Região. Período: 2011; 2013 (http://tabnet.datasus.gov.br/cgi/deftohtm.exe?sinasc/cnv/nvuf.def, accessed 11 October 2013, in Portuguese).",2025-04-07T06:46:44Z,2011,2011-01-01,2011-12-31
7406451,MDG_0000000025,COUNTRY,SYC,AFR,Africa,YEAR,2012,,,,,,,,,99,99,,,"Skilled health staff Seychelles Millennium Development Goals Status Report 2013. Mahé: Ministry of Foreign Affairs [Seychelles], United Nations Development Programme (UNDP); 2013.",2025-04-07T06:46:44Z,2012,2012-01-01,2012-12-31
7406549,MDG_0000000025,COUNTRY,VCT,AMR,Americas,YEAR,2007,,,,,,,,,100,100,,,"Trained personnel PLISA Health Information Platform. Indicator profile: Deliveries attended by skilled birth attendants (%) [online database]. Washington, DC: Pan American Health Organization/World Health Organization (PAHO/WHO); 2021 (https://opendata.paho.org/es/indicadores-basicos/tablero-de-los-indicadores-basicos, accessed 30 December 2021). ",2025-04-07T06:46:44Z,2007,2007-01-01,2007-12-31
7407960,MDG_0000000025,COUNTRY,AND,EUR,Europe,YEAR,2016,,,,,,,,,100,100,,,Department d'Estadistica; Govern d'Andorra. Data provided to Unicef via country consultation 2019.,2026-04-21T12:35:59Z,2016,2016-01-01,2016-12-31
7408388,MDG_0000000025,COUNTRY,ARE,EMR,Eastern Mediterranean,YEAR,2018,,,,,,,,,99,99.2,,,UAE National health survey report 2017-2018. Dubai: Statistics & Research Centre; Ministry of Health & Prevention [United Arab Emirates]; 2018.,2026-04-21T12:35:59Z,2018,2018-01-01,2018-12-31
7413138,MDG_0000000025,COUNTRY,MLT,EUR,Europe,YEAR,2016,,,,,,,,,100,99.8,,,National Obstetric Information System (NOIS). Annual Report 2016. Malta: Directorate for Health Information and Research (DHIR); 2017.,2026-04-21T12:35:59Z,2016,2016-01-01,2016-12-31
7414602,MDG_0000000025,COUNTRY,NZL,WPR,Western Pacific,YEAR,2009,,,,,,,,,97,97,,," National Maternity Collection. Wellington: Ministry of Health [New Zealand]; 2020. (https://minhealthnz.shinyapps.io/Maternity_report_webtool/, last accessed 8 January 2021)",2025-04-07T06:46:44Z,2009,2009-01-01,2009-12-31
7420789,MDG_0000000025,COUNTRY,BMU,AMR,Americas,YEAR,2003,,,,,,,,,100,100,,,"Trained personnel PLISA Health Information Platform. Indicator profile: Deliveries attended by skilled birth attendants (%) [online database]. Washington, DC: Pan American Health Organization/World Health Organization (PAHO/WHO); 2023 (https://opendata.paho.org/es/indicadores-basicos/tablero-de-los-indicadores-basicos, accessed 20 September 2023).",2025-04-07T06:46:44Z,2003,2003-01-01,2003-12-31
7421894,MDG_0000000025,COUNTRY,COK,WPR,Western Pacific,YEAR,2005,,,,,,,,,100,100,,,Skilled health personnel Western Pacific Country Health Information Profiles: 2009 Revision. Manila: World Health Organization Regional Office for the Western Pacific (WPRO); 2009.,2025-04-07T06:46:44Z,2005,2005-01-01,2005-12-31
7422604,MDG_0000000025,COUNTRY,AUT,EUR,Europe,YEAR,2021,,,,,,,,,98,98,,,Statistics Austria. Medical and socio-medical characteristics of newborns.Vienna; 2022 (https://www.statistik.at/en/search?L=1&id=582&tx_solr%5Bq%5D=place+of+birth).,2026-04-21T12:35:59Z,2021,2021-01-01,2021-12-31
7431333,MDG_0000000025,COUNTRY,COL,AMR,Americas,YEAR,2014,,,,,,,,,99,99,,," DANE [online database]. Estadísticas Vitales - Nacimientos. 2014. Bogotá D.C.: Departamento Administrativo Nacional de Estadística (DANE); 2016 (http://www.dane.gov.co/index.php/estadisticas-por-tema/salud/nacimientos-y-defunciones/nacimientos/nacimientos-2014?phpMyAdmin=3om27vamm65hhkhrtgc8rrn2g4, accessed 18 October 2016, in Spanish).  ",2025-04-07T06:46:44Z,2014,2014-01-01,2014-12-31
7434828,MDG_0000000025,COUNTRY,TZA,AFR,Africa,YEAR,2022,,,,,,,,,85,85,,,Ministry of Health (MoH) [Tanzania Mainland]; Ministry of Health (MoH) [Zanzibar]; National Bureau of Statistics (NBS); Office of the Chief Government Statistician (OCGS); and ICF. 2023 Tanzania Demographic and Health Survey and Malaria Indicator Survey 2022 Final Report. Dodoma; Tanzania; and Rockville; Maryland; USA: MoH; NBS; OCGS; and ICF.,2026-04-21T12:35:59Z,2022,2022-01-01,2022-12-31
7439692,MDG_0000000025,COUNTRY,SVN,EUR,Europe,YEAR,2001,,,,,,,,,100,100,,, Statistical Yearbook 2006. Ljubljana: Statistical Office of the Republic of Slovenia; 2006.,2025-04-07T06:46:44Z,2001,2001-01-01,2001-12-31
7442516,MDG_0000000025,REGION,AFR,,,YEAR,2000,,,,,,,,,39,39,,,,2025-04-07T06:46:44Z,2000,2000-01-01,2000-12-31
7444761,MDG_0000000025,COUNTRY,CPV,AFR,Africa,YEAR,2014,,,,,,,,,96,96,,, Relatório Estatístico 2015 [Statistical Report 2015]. Praia: Ministério da Saúde e da Segurança Social [Cabo Verde]; 2017 (in Portuguese). ,2025-04-07T06:46:44Z,2014,2014-01-01,2014-12-31
7445041,MDG_0000000025,COUNTRY,NGA,AFR,Africa,YEAR,2008,,,,,,,,,34,34,,," National Population Commission (NPC) [Nigeria], ICF Macro. Nigeria Demographic and Health Survey 2008. Abuja, Nigeria: NPC [Nigeria], ICF Macro; 2009.",2025-04-07T06:46:44Z,2008,2008-01-01,2008-12-31
7453170,MDG_0000000025,COUNTRY,LVA,EUR,Europe,YEAR,2016,,,,,,,,,100,99.9,,,Statistical Yearbook of Health Care in Latvia 18th edition; 2016. Riga: The Centre for Disease Prevention and Control of Latvia; 2017.,2026-04-21T12:35:59Z,2016,2016-01-01,2016-12-31
7458942,MDG_0000000025,COUNTRY,ITA,EUR,Europe,YEAR,2006,,,,,,,,,100,100,,, Certificato di assistenza al parto (CeDAP). Analisi dell’evento nascita - Anno 2006. Roma: Direzione Generale del Sistema Informativo – Ufficio di Statistica; 2009 (in Italian). ,2025-04-07T06:46:44Z,2006,2006-01-01,2006-12-31
7466398,MDG_0000000025,COUNTRY,KWT,EMR,Eastern Mediterranean,YEAR,2006,,,,,,,,,99,99,,, Annual Bulletin for Vital Statistics - Births and Deaths 2006. Kuwait City: Central Statistical Bureau (Office) [Kuwait]; 2007.,2025-04-07T06:46:44Z,2006,2006-01-01,2006-12-31
7466563,MDG_0000000025,COUNTRY,BTN,SEAR,South-East Asia,YEAR,2013,,,,,,,,,89,89,,,"Trained personnel Statistical Yearbook of Bhutan 2017. Thimphu: National Statistics Bureau, Bhutan; 2017. ",2025-04-07T06:46:44Z,2013,2013-01-01,2013-12-31
7480242,MDG_0000000025,COUNTRY,MNG,WPR,Western Pacific,YEAR,2008,,,,,,,,,99,99,,," National Statistical Office of Mongolia, Ministry of Health [Mongolia], United Nations Population Fund (UNFPA). Mongolia Reproductive Health Survey 2008. National Report. Ulaanbaatar: National Statistical Office of Mongolia; 2009.",2025-04-07T06:46:44Z,2008,2008-01-01,2008-12-31
7481258,MDG_0000000025,COUNTRY,COM,AFR,Africa,YEAR,2012,,,,,,,,,82,82,,," Direction Générale de la Statistique et de la Prospective (DGSP), ICF International. Enquête Démographique et de Santé et à Indicateurs Multiples aux Comores 2012. Rockville, MD 20850 USA : DGSP, ICF International; 2014 (in French).",2025-04-07T06:46:44Z,2012,2012-01-01,2012-12-31
7483665,MDG_0000000025,COUNTRY,RUS,EUR,Europe,YEAR,2019,,,,,,,,,100,99.7,,,Federal State Statistics Service. Data on SDG Indicators. Russia; 2021. (https://eng.rosstat.gov.ru/3.1.2) accessed September 29; 2021.,2026-04-21T12:35:59Z,2019,2019-01-01,2019-12-31
7485975,MDG_0000000025,COUNTRY,FIN,EUR,Europe,YEAR,2017,,,,,,,,,100,99.6,,,Statistics Finland: https://pxnet2.stat.fi/PXWeb/pxweb/en/SDG/; last accessed 29/12/2021,2026-04-21T12:35:59Z,2017,2017-01-01,2017-12-31
7492798,MDG_0000000025,COUNTRY,HRV,EUR,Europe,YEAR,2015,,,,,,,,,100,100,,, Statistical Yearbook of the Republic of Croatia 2016. Zagreb: Croatian Bureau of Statistics; 2016.  ,2025-04-07T06:46:44Z,2015,2015-01-01,2015-12-31
7493246,MDG_0000000025,COUNTRY,NIU,WPR,Western Pacific,YEAR,2010,,,,,,,,,100,100,,,"Skilled health personnel 2012 Pacific Regional MDGs Tracking Report. Suva: Pacific Islands Forum Secretariat (PIFS); 2012.
",2025-04-07T06:46:44Z,2010,2010-01-01,2010-12-31
7495041,MDG_0000000025,COUNTRY,NZL,WPR,Western Pacific,YEAR,2006,,,,,,,,,97,97,,," Report on Maternity 2014. Accompanying tables: Labour and Birth: place of birth. Table 37: Number and percentage of women giving birth, by place of birth 2005-2014. Wellington: Ministry of Health [New Zealand]; 2015.",2025-04-07T06:46:44Z,2006,2006-01-01,2006-12-31
7496404,MDG_0000000025,REGION,AFR,,,YEAR,2003,,,,,,,,,43,43,,,,2024-04-26T13:59:03Z,2003,2003-01-01,2003-12-31
7498014,MDG_0000000025,COUNTRY,IRL,EUR,Europe,YEAR,2010,,,,,,,,,100,100,,," Perinatal Statistics Report 2010. Dublin: Health Research and Information Division, the Economic and Social Research Institute (ESRI); 2012.  ",2025-04-07T06:46:44Z,2010,2010-01-01,2010-12-31
7503696,MDG_0000000025,COUNTRY,UKR,EUR,Europe,YEAR,2000,,,,,,,,,100,100,,,"Skilled health personnel Transformative Monitoring for Enhanced Equity (TransMonEE) 2012 Database [online database]. Geneva: UNICEF Europe and Central Asia Regional Office; 2012 (www.transmonee.org, accessed 1 November 2012). ",2025-04-07T06:46:44Z,2000,2000-01-01,2000-12-31
7513856,MDG_0000000025,COUNTRY,BRN,WPR,Western Pacific,YEAR,2023,,,,,,,,,100,99.6,,,Ministry of Health [Brunei Darussalam]; 2023. Country Consultation 2024,2026-04-21T12:35:59Z,2023,2023-01-01,2023-12-31
7515846,MDG_0000000025,COUNTRY,HUN,EUR,Europe,YEAR,2011,,,,,,,,,99,99,,,"Skilled health personnel Transformative Monitoring for Enhanced Equity (TransMonEE) 2016 Database [online database]. Geneva: UNICEF Europe and Central Asia Regional Office; 2016 (www.transmonee.org, accessed 17 October 2016). ",2025-04-07T06:46:44Z,2011,2011-01-01,2011-12-31
7516721,MDG_0000000025,COUNTRY,ROU,EUR,Europe,YEAR,2006,,,,,,,,,98,98,,,"Skilled health personnel Transformative Monitoring for Enhanced Equity (TransMonEE) 2012 Database [online database]. Geneva: UNICEF Europe and Central Asia Regional Office; 2012 (www.transmonee.org, accessed 1 November 2012). ",2025-04-07T06:46:44Z,2006,2006-01-01,2006-12-31
7517447,MDG_0000000025,COUNTRY,MEX,AMR,Americas,YEAR,2014,,,,,,,,,96,96,,," Encuesta Nacional de la Dinámica Demográfica ENADID 2014. Principales resultados. Aguascalientes: Instituto Nacional de Estadística y Geografía (INEGI), Consejo Nacional de Población (CONAPO); 2015 (in Spanish).",2025-04-07T06:46:44Z,2014,2014-01-01,2014-12-31
7519772,MDG_0000000025,COUNTRY,AUS,WPR,Western Pacific,YEAR,2006,,,,,,,,,99,99,,," Laws PJ, Hilder L. Australia’s mothers and babies 2006. Perinatal statistics series no. 22. Cat. no. PER 46. Sydney: Australian Institute of Health and Welfare (AIHW) National Perinatal Statistics Unit; 2008.",2025-04-07T06:46:44Z,2006,2006-01-01,2006-12-31
7524633,MDG_0000000025,COUNTRY,NPL,SEAR,South-East Asia,YEAR,2006,,,,,,,,,19,19,,," Ministry of Health and Population (MOHP) [Nepal], New ERA, Macro International Inc. Nepal Demographic and Health Survey 2006. Kathmandu, Nepal: Ministry of Health and Population, New ERA, Macro International Inc.; 2007.",2025-04-07T06:46:44Z,2006,2006-01-01,2006-12-31
7525910,MDG_0000000025,COUNTRY,UZB,EUR,Europe,YEAR,2006,,,,,,,,,100,100,,," United Nations Children's Fund (UNICEF), State Statistical Committee of the Republic of Uzbekistan. Uzbekistan Multiple Indicator Cluster Survey 2006, Final Report. Tashkent, Uzbekistan: UNICEF; 2007.",2025-04-07T06:46:44Z,2006,2006-01-01,2006-12-31
7539444,MDG_0000000025,COUNTRY,BLR,EUR,Europe,YEAR,2005,,,,,,,,,100,100,,,"Doctor, nurse, midwife, auxiliary midwife Ministry of Statistics and Analysis of the Republic of Belarus, and Research Institute of Statistics of the Ministry of Statistics and Analysis of the Republic of Belarus. Belarus Multiple Indicator Cluster Survey 2005, Final Report. Minsk, Republic of Belarus: Ministry of Statistics and Analysis of the Republic of Belarus, and Research Institute of Statistics of the Ministry of Statistics and Analysis of the Republic of Belarus; 2007.",2025-04-07T06:46:44Z,2005,2005-01-01,2005-12-31
7542323,MDG_0000000025,COUNTRY,SGP,WPR,Western Pacific,YEAR,2011,,,,,,,,,100,100,,,"  Registry of Births and Deaths, Immigration and Checkpoints Authority Singapore",2025-04-07T06:46:44Z,2011,2011-01-01,2011-12-31
7553384,MDG_0000000025,COUNTRY,AUT,EUR,Europe,YEAR,2013,,,,,,,,,99,99,,, Jahrbuch der Gesundheitsstatistik 2013. Wien: Statistik Austria; 2014 (in German).,2025-04-07T06:46:44Z,2013,2013-01-01,2013-12-31
7555425,MDG_0000000025,COUNTRY,GRD,AMR,Americas,YEAR,2003,,,,,,,,,100,100,,,"Trained personnel Health Situation in the Americas: Basic Indicators 2005. Washington, DC: Pan American Health Organization/World Health Organization (PAHO/WHO), Area of Health Analysis and Information Systems (AIS); 2005.",2025-04-07T06:46:44Z,2003,2003-01-01,2003-12-31
7563644,MDG_0000000025,COUNTRY,ARM,EUR,Europe,YEAR,2013,,,,,,,,,100,100,,,"Skilled health personnel Transformative Monitoring for Enhanced Equity (TransMonEE) 2016 Database [online database]. Geneva: UNICEF Europe and Central Asia Regional Office; 2016 (www.transmonee.org, accessed 17 October 2016). ",2025-04-07T06:46:44Z,2013,2013-01-01,2013-12-31
7565822,MDG_0000000025,COUNTRY,ITA,EUR,Europe,YEAR,2002,,,,,,,,,100,100,,, Certificato di assistenza al parto (CeDAP). Analisi dell’evento nascita - Anno 2002. Roma: Direzione Generale del Sistema Informativo – Ufficio di Statistica; 2004 (in Italian). ,2025-04-07T06:46:44Z,2002,2002-01-01,2002-12-31
7566407,MDG_0000000025,COUNTRY,TCD,AFR,Africa,YEAR,2000,,,,,,,,,14,14,,," République Du Tchad. Enquête par grappes à indicateurs multiples. Rapport complet. 2000. Tchad: Ministère de la Promotion Économique et du Développement, Direction Generale, Direction de la Statistique, des Études Économiques et Démographiques, Fonds des Nations Unies pour l'Enfance (UNICEF); 2001 (in French).",2025-04-07T06:46:44Z,2000,2000-01-01,2000-12-31
7570906,MDG_0000000025,COUNTRY,VCT,AMR,Americas,YEAR,2000,,,,,,,,,100,100,,,"Trained personnel PLISA Health Information Platform. Indicator profile: Deliveries attended by skilled birth attendants (%) [online database]. Washington, DC: Pan American Health Organization/World Health Organization (PAHO/WHO); 2021 (https://opendata.paho.org/es/indicadores-basicos/tablero-de-los-indicadores-basicos, accessed 30 December 2021). ",2025-04-07T06:46:44Z,2000,2000-01-01,2000-12-31
7571361,MDG_0000000025,COUNTRY,GTM,AMR,Americas,YEAR,2010,,,,,,,,,52,52,,,"Trained personnel PLISA Health Information Platform. Indicator profile: Deliveries attended by skilled birth attendants (%) [online database]. Washington, DC: Pan American Health Organization/World Health Organization (PAHO/WHO); 2021 (https://opendata.paho.org/es/indicadores-basicos/tablero-de-los-indicadores-basicos, accessed 30 December 2021). ",2025-04-07T06:46:44Z,2010,2010-01-01,2010-12-31
7572435,MDG_0000000025,COUNTRY,MUS,AFR,Africa,YEAR,2008,,,,,,,,,100,100,,,Skilled health personnel Millennium Development Goals. Status Report 2010. Port Louis: Republic of Mauritius; 2012.,2025-04-07T06:46:44Z,2008,2008-01-01,2008-12-31
7575417,MDG_0000000025,COUNTRY,MYS,WPR,Western Pacific,YEAR,2018,,,,,,,,,100,99.6,,,Health Indicators 2019: Indicators for Monitoring and Evaluation of Strategy Health for All. Putrajaya: Ministry of Health [Malaysia]; 2019.,2026-04-21T12:35:59Z,2018,2018-01-01,2018-12-31
7577070,MDG_0000000025,COUNTRY,URY,AMR,Americas,YEAR,2004,,,,,,,,,100,100,,, Anuario Estadístico 2010. Uruguay: Instituto Nacional de Estadística (INE); 2011 (in Spanish).  ,2025-04-07T06:46:44Z,2004,2004-01-01,2004-12-31
7577983,MDG_0000000025,COUNTRY,PLW,WPR,Western Pacific,YEAR,2006,,,,,,,,,100,100,,,Skilled health personnel Western Pacific Country Health Information Profiles: 2007 Revision. Manila: World Health Organization Regional Office for the Western Pacific (WPRO); 2007.,2025-04-07T06:46:44Z,2006,2006-01-01,2006-12-31
7581116,MDG_0000000025,COUNTRY,URY,AMR,Americas,YEAR,2000,,,,,,,,,100,100,,, Anuario Estadístico 2010. Uruguay: Instituto Nacional de Estadística (INE); 2011 (in Spanish).  ,2025-04-07T06:46:44Z,2000,2000-01-01,2000-12-31
7581552,MDG_0000000025,COUNTRY,BTN,SEAR,South-East Asia,YEAR,2006,,,,,,,,,57,57,,,"Trained personnel Statistical Yearbook of Bhutan 2010. Thimphu: National Statistics Bureau, Bhutan; 2010. ",2025-04-07T06:46:44Z,2006,2006-01-01,2006-12-31
7582736,MDG_0000000025,COUNTRY,FRA,EUR,Europe,YEAR,2019,,,,,,,,,98,97.6,,,T64: Ns vivants selon la condition de l'accouchement et le groupe d'ges de la mre. France mtropolitaine. Anne 2019 [website]. Paris: Institut National de la Statistique et des tudes conomiques (INSEE) [National Institute of Statistics and Economic Studies]; 2020 (https://www.insee.fr/fr/statistiques/3576469?sommaire=3576483); accessed 28 September 2021; (in French).,2026-04-21T12:35:59Z,2019,2019-01-01,2019-12-31
7585407,MDG_0000000025,COUNTRY,JPN,WPR,Western Pacific,YEAR,2004,,,,,,,,,100,100,,," 2009 Vital Statistics of Japan. Table 4.8: Trends in percent distribution of live births by place of delivery [website]. Tokyo: Ministry of Health, Labour and Welfare [Japan]; 2010 (http://www.mhlw.go.jp). ",2025-04-07T06:46:44Z,2004,2004-01-01,2004-12-31
7596885,MDG_0000000025,COUNTRY,BHS,AMR,Americas,YEAR,2008,,,,,,,,,99,99,,,"Trained personnel PLISA Health Information Platform. Indicator profile: Deliveries attended by skilled birth attendants (%) [online database]. Washington, DC: Pan American Health Organization/World Health Organization (PAHO/WHO); 2021 (https://opendata.paho.org/es/indicadores-basicos/tablero-de-los-indicadores-basicos, accessed 30 December 2021). ",2025-04-07T06:46:44Z,2008,2008-01-01,2008-12-31
7602909,MDG_0000000025,COUNTRY,KNA,AMR,Americas,YEAR,2010,,,,,,,,,100,100,,,"Trained personnel PLISA Health Information Platform. Indicator profile: Deliveries attended by skilled birth attendants (%) [online database]. Washington, DC: Pan American Health Organization/World Health Organization (PAHO/WHO); 2021 (https://opendata.paho.org/es/indicadores-basicos/tablero-de-los-indicadores-basicos, accessed 30 December 2021). ",2025-04-07T06:46:44Z,2010,2010-01-01,2010-12-31
7603836,MDG_0000000025,COUNTRY,ECU,AMR,Americas,YEAR,2012,,,,,,,,,92,92,,,"Doctors, obstetrician and nurse Estadísticas Vitales: Registro Estadístico de Nacidos Vivos y Defunciones 2020. Quito: Instituto Nacional de Estadística y Censos (INEC); 2021 (in Spanish). ",2025-04-07T06:46:44Z,2012,2012-01-01,2012-12-31
7610406,MDG_0000000025,COUNTRY,ROU,EUR,Europe,YEAR,2017,,,,,,,,,94,93.5,,,National Institute of Statistics; Vital Statistics regarding live births [Romania]; 2021,2026-04-21T12:35:59Z,2017,2017-01-01,2017-12-31
7613697,MDG_0000000025,COUNTRY,RWA,AFR,Africa,YEAR,2000,,,,,,,,,31,31,,," Office National de la Population (ONAPO) [Rwanda], ORC Macro. Enquête Démographique et de Santé, Rwanda 2000. Kigali, Rwanda: Ministère de la Santé, Office National de la Population, ORC Macro; 2001 (in French).",2025-04-07T06:46:44Z,2000,2000-01-01,2000-12-31
7615912,MDG_0000000025,COUNTRY,HTI,AMR,Americas,YEAR,2005,,,,,,,,,26,26,,,"Trained personnel PLISA Health Information Platform. Indicator profile: Deliveries attended by skilled birth attendants (%) [online database]. Washington, DC: Pan American Health Organization/World Health Organization (PAHO/WHO); 2021 (https://opendata.paho.org/es/indicadores-basicos/tablero-de-los-indicadores-basicos, accessed 30 December 2021). ",2025-04-07T06:46:44Z,2005,2005-01-01,2005-12-31
7633077,MDG_0000000025,COUNTRY,FSM,WPR,Western Pacific,YEAR,2008,,,,,,,,,90,90,,,"Skilled personnel Millennium Development Goals & The Federated States of Micronesia: Status Report 2010. Palikir, Pohnpei: Office of Statistics, Budget and Economic Management, Overseas Development Assistance, and Compact Management [Federated States of Micronesia], United Nations Development Programme (UNDP); 2010.",2025-04-07T06:46:44Z,2008,2008-01-01,2008-12-31
7633802,MDG_0000000025,COUNTRY,BRN,WPR,Western Pacific,YEAR,2003,,,,,,,,,100,100,,,Skilled health personnel Health Information Booklet 2012. Bandar Seri Begawan: Ministry of Health [Brunei Darussalam]; 2013.,2025-04-07T06:46:44Z,2003,2003-01-01,2003-12-31
7645707,MDG_0000000025,COUNTRY,AZE,EUR,Europe,YEAR,2018,,,,,,,,,99,99.4,,,Statistical Yearbook 2019. Women and Men in Azerbaijan. Baku: State Statistical Committee of the Republic of Azerbaijan; 2019.,2026-04-21T12:35:59Z,2018,2018-01-01,2018-12-31
7645927,MDG_0000000025,COUNTRY,BLR,EUR,Europe,YEAR,2011,,,,,,,,,100,100,,,"Skilled health personnel Transformative Monitoring for Enhanced Equity (TransMonEE) 2016 Database [online database]. Geneva: UNICEF Europe and Central Asia Regional Office; 2016 (www.transmonee.org, accessed 17 October 2016). ",2025-04-07T06:46:44Z,2011,2011-01-01,2011-12-31
7647174,MDG_0000000025,COUNTRY,MDA,EUR,Europe,YEAR,2019,,,,,,,,,100,99.7,,,Statistical databank. Share of births attended by skilled health personnel by Indicators and Years [online database]. Chisinau: National Bureau of Statistics [Republic of Moldova]; 2020 (https://statbank.statistica.md/pxweb/pxweb/en/50%20Statistica%20gender/50%20Statistica%20gender__GEN04/GEN040600soc.px/table/tableViewLayout1/?rxid=b2ff27d7-0b96-43c9-934b-42e1a2a9a774; accessed 6 January 2021).,2026-04-21T12:35:59Z,2019,2019-01-01,2019-12-31
7647520,MDG_0000000025,COUNTRY,SVN,EUR,Europe,YEAR,2005,,,,,,,,,100,100,,, Statistical Yearbook 2006. Ljubljana: Statistical Office of the Republic of Slovenia; 2006.,2025-04-07T06:46:44Z,2005,2005-01-01,2005-12-31
7650545,MDG_0000000025,COUNTRY,TUN,EMR,Eastern Mediterranean,YEAR,2000,,,,,,,,,90,90,,,"Medical assistance Enquête sur la Santé et le Bien-être de la Mère et l'Enfant 2000 (MICS 2). Tunis: Ministère de la Santé Publique [Tunisie], Fonds des Nations Unies pour l’Enfance (UNICEF); 2000 (in French).",2025-04-07T06:46:44Z,2000,2000-01-01,2000-12-31
7652935,MDG_0000000025,COUNTRY,SLV,AMR,Americas,YEAR,2021,,,,,,,,,98,98.1,,,Encuesta Nacional de Salud 2021,2026-04-21T12:35:59Z,2021,2021-01-01,2021-12-31
7658581,MDG_0000000025,COUNTRY,SYC,AFR,Africa,YEAR,2006,,,,,,,,,99,99,,,Skilled health staff Seychelles Millennium Development Goals: Status Report 2010. Mahé: Ministry of Foreign Affairs [Seychelles]; 2010.,2025-04-07T06:46:44Z,2006,2006-01-01,2006-12-31
7659688,MDG_0000000025,COUNTRY,MEX,AMR,Americas,YEAR,2002,,,,,,,,,89,89,,," SS. Dirección General de Información en Salud (DGIS) [Mexico]; 2020. (http://www.agenda2030.mx/ODSind.html?ind=ODS003000030020&cveind=27&cveCob=99&lang=es#/Indicator, last accessed 28 January 2021)",2025-04-07T06:46:44Z,2002,2002-01-01,2002-12-31
7665325,MDG_0000000025,COUNTRY,KAZ,EUR,Europe,YEAR,2001,,,,,,,,,99,99,,,"Skilled health personnel Transformative Monitoring for Enhanced Equity (TransMonEE) 2012 Database [online database]. Geneva: UNICEF Europe and Central Asia Regional Office; 2012 (www.transmonee.org, accessed 1 November 2012). ",2025-04-07T06:46:44Z,2001,2001-01-01,2001-12-31
7668423,MDG_0000000025,COUNTRY,PRT,EUR,Europe,YEAR,2012,,,,,,,,,100,100,,," Annual Statistics Portugal – Live births (No.) by Place of residence of mother (NUTS - 2013), Sex, Place of delivery of the mother, Medical assistance and Size class of weight at birth; Annual. 2012 [online database]. Lisbon: Instituto Nacional de Estadística (INE) [Portugal]; 2020 ",2025-04-07T06:46:44Z,2012,2012-01-01,2012-12-31
7672509,MDG_0000000025,COUNTRY,UZB,EUR,Europe,YEAR,2000,,,,,,,,,95,95,,," State Department of Statistics [Uzbekistan], United Nations Children's Fund (UNICEF). Uzbekistan Multiple Indicator Cluster Survey 2000, Final Report. Tashkent: State Department of Statistics [Uzbekistan]; 2000.",2025-04-07T06:46:44Z,2000,2000-01-01,2000-12-31
7680033,MDG_0000000025,COUNTRY,MEX,AMR,Americas,YEAR,2015,,,,,,,,,98,98,,," Instituto Nacional de Salud Pública, Fondo de las Naciones Unidas para la Infancia (UNICEF) México. Encuesta Nacional de Niños, Niñas y Mujeres 2015 - Encuesta de Indicadores Múltiples por
Conglomerados 2015, Informe Final. Ciudad de México, México: Instituto Nacional de Salud Pública, UNICEF México; 2016 (in Spanish).",2025-04-07T06:46:44Z,2015,2015-01-01,2015-12-31
7681387,MDG_0000000025,COUNTRY,URY,AMR,Americas,YEAR,2001,,,,,,,,,100,100,,, Anuario Estadístico 2010. Uruguay: Instituto Nacional de Estadística (INE); 2011 (in Spanish).  ,2025-04-07T06:46:44Z,2001,2001-01-01,2001-12-31
7683949,MDG_0000000025,COUNTRY,RUS,EUR,Europe,YEAR,2004,,,,,,,,,99,99,,,"Skilled health personnel Transformative Monitoring for Enhanced Equity (TransMonEE) 2012 Database [online database]. Geneva: UNICEF Europe and Central Asia Regional Office; 2012 (www.transmonee.org, accessed 1 November 2012). ",2025-04-07T06:46:44Z,2004,2004-01-01,2004-12-31
7690617,MDG_0000000025,COUNTRY,BTN,SEAR,South-East Asia,YEAR,2021,,,,,,,,,99,98.9,,,Ministry of Health; (2022). Annual Health Bulletin; Thimphu; PPD; MoH.,2026-04-21T12:35:59Z,2021,2021-01-01,2021-12-31
7697313,MDG_0000000025,COUNTRY,SYC,AFR,Africa,YEAR,2020,,,,,,,,,100,99.5,,,Seychelles Annual Health Sector Performance Report 2020. Ministry of Health; Seychelles; 2021.,2026-04-21T12:35:59Z,2020,2020-01-01,2020-12-31
7698548,MDG_0000000025,COUNTRY,MNG,WPR,Western Pacific,YEAR,2003,,,,,,,,,99,99,,," National Statistical Office of Mongolia, Ministry of Health [Mongolia], United Nations Population Fund (UNFPA). Mongolia National Report. Reproductive Health Survey 2003. Ulaanbaatar: National Statistical Office of Mongolia; 2004.",2025-04-07T06:46:44Z,2003,2003-01-01,2003-12-31
7707205,MDG_0000000025,COUNTRY,AUT,EUR,Europe,YEAR,2019,,,,,,,,,98,98.4,,,Vital statistics. Live births (with place of birth in Austria) by medical characteristics since 2009 [website]. Vienna: Statistics Austria; 2020 (http://www.statistik.at/web_en/statistics/PeopleSociety/health/medical_and_sociomedical_characteristics_of_live_birth/110639.html; accessed 16 February 2021).,2026-04-21T12:35:59Z,2019,2019-01-01,2019-12-31
7727557,MDG_0000000025,COUNTRY,MKD,EUR,Europe,YEAR,2004,,,,,,,,,99,99,,, Statistical Yearbook of the Republic of Macedonia 2005. Skopje: State Statistical Office [Macedonia]; 2006.,2025-04-07T06:46:44Z,2004,2004-01-01,2004-12-31
7739180,MDG_0000000025,COUNTRY,ATG,AMR,Americas,YEAR,2020,,,,,,,,,99,99,,,PLISA Health Information Platform. Indicator profile: Deliveries attended by skilled birth attendants (%) [online database]. Washington; DC: Pan American Health Organization/World Health Organization (PAHO/WHO); 2021 (https://opendata.paho.org/es/indicadores-basicos/tablero-de-los-indicadores-basicos); accessed September 30; 2021).,2026-04-21T12:35:59Z,2020,2020-01-01,2020-12-31
7743552,MDG_0000000025,COUNTRY,QAT,EMR,Eastern Mediterranean,YEAR,2019,,,,,,,,,100,100,,,Vital Statistics; Annual Bulletin. Births and Deaths 2019. Doha: Ministry of Development Planning and Statistics [Qatar]; 2021.,2026-04-21T12:35:59Z,2019,2019-01-01,2019-12-31
7743817,MDG_0000000025,COUNTRY,TJK,EUR,Europe,YEAR,2017,,,,,,,,,95,94.8,,,Tajikistan Demographic and HealthSurvey 2017. Rockville; Maryland; USA: Statistical Agency under the President of the Republicof Tajikistan (SA); Ministry of Health and Social Protection of Population of the Republic of Tajikistan(MOHSP); ICF; 2018.,2026-04-21T12:35:59Z,2017,2017-01-01,2017-12-31
7745785,MDG_0000000025,COUNTRY,BWA,AFR,Africa,YEAR,2006,,,,,,,,,99,99,,,"Skilled health personnel Stats Brief. Vision 2016 and Millennium Development Goals Indicators Report, 2012. No. 2012/3. Gaborone: Statistics Botswana (CSO); 2012.",2025-04-07T06:46:44Z,2006,2006-01-01,2006-12-31
7748359,MDG_0000000025,REGION,WPR,,,YEAR,2021,,,,,,,,,97,96.9,,,Estimate based on Joint UNICEF-WHO Database on Skilled Birth Attendance 2025,2026-04-21T12:35:59Z,2021,2021-01-01,2021-12-31
7752403,MDG_0000000025,COUNTRY,NER,AFR,Africa,YEAR,2015,,,,,,,,,40,40,,," Note Provisoire de Synthese de l'Etude Nationale d'Evaluation d'Indicateurs Socio-Economiques et Demographiques (ENISED). Niger: Ministere de l'Economie et des Finances, Institut National de la Statistique (INS) [Niger], Etablissement Public à Caractère Administratif Direction des Enquêtes et des Recensements; 2015 (in French). ",2025-04-07T06:46:44Z,2015,2015-01-01,2015-12-31
7752640,MDG_0000000025,COUNTRY,SLV,AMR,Americas,YEAR,2010,,,,,,,,,98,98,,, Informe de Labores 2012-2013. San Salvador: Ministerio de Salud de El Salvador; 2013 (in Spanish).,2025-04-07T06:46:44Z,2010,2010-01-01,2010-12-31
7758192,MDG_0000000025,REGION,EUR,,,YEAR,2016,,,,,,,,,99,99,,,Estimate based on Joint UNICEF-WHO Database on Skilled Birth Attendance 2025,2026-04-21T12:35:59Z,2016,2016-01-01,2016-12-31
7758504,MDG_0000000025,COUNTRY,KWT,EMR,Eastern Mediterranean,YEAR,2009,,,,,,,,,99,99,,, Annual Bulletin for Vital Statistics - Births and Deaths 2009. Kuwait City: Central Statistical Bureau (Office) [Kuwait]; 2010.,2025-04-07T06:46:44Z,2009,2009-01-01,2009-12-31
7766573,MDG_0000000025,COUNTRY,PER,AMR,Americas,YEAR,2021,,,,,,,,,95,94.9,,,Instituo Nacional de Estadistica E Informatica [Peru]. 2021. Encuesta Demogrfica y de Salud Familiar - ENDES 2021 Nacional Y Departamental.,2026-04-21T12:35:59Z,2021,2021-01-01,2021-12-31
7782279,MDG_0000000025,COUNTRY,MLT,EUR,Europe,YEAR,2004,,,,,,,,,100,100,,, National Obstetric Information System (NOIS). Annual Report – 2004. Malta: Department of Health Information (DHI); 2005.,2025-04-07T06:46:44Z,2004,2004-01-01,2004-12-31
7782557,MDG_0000000025,COUNTRY,DNK,EUR,Europe,YEAR,2019,,,,,,,,,96,96.2,,,Det Medicinske Fdselsregister (MFR); MFR-kuben; Institutional deliveries [online database]. Copenhagen: Sundhedsdatastyrelsen [National Board of Health Data; Denmark]; 2023 (https://www.esundhed.dk/Emner/Graviditet-foedsler-og-boern/Nyfoedte-og-foedsler-1997-#tabpanel6B95F8298EB444F48C3403E7B75B7202; accessed 21 September; 2023; in Danish).,2026-04-21T12:35:59Z,2019,2019-01-01,2019-12-31
7784322,MDG_0000000025,COUNTRY,CAN,AMR,Americas,YEAR,2003,,,,,,,,,99,99,,," CANSIM. Table 102-4516 - Live births and fetal deaths (stillbirths), by place of birth (hospital and non-hospital), Canada, provinces and territories, annual [database]. Ottawa: Statistics Canada, Government of Canada; 2013 (https://www80.statcan.gc.ca, accessed 17 October 2014).",2025-04-07T06:46:44Z,2003,2003-01-01,2003-12-31
7798714,MDG_0000000025,COUNTRY,MLT,EUR,Europe,YEAR,2002,,,,,,,,,100,100,,, National Obstetric Information System (NOIS). Annual Report – 2002. Malta: Department of Health Information (DHI); 2003.,2025-04-07T06:46:44Z,2002,2002-01-01,2002-12-31
7801387,MDG_0000000025,COUNTRY,TUN,EMR,Eastern Mediterranean,YEAR,2006,,,,,,,,,95,95,,,"Medical assistance Enquête sur la Santé et le Bien-être de la Mère et l'Enfant 2006 (MICS 3). Tunis: Ministère de la Santé Publique [Tunisie], Fonds des Nations Unies pour l’Enfance (UNICEF); 2008 (in French).",2025-04-07T06:46:44Z,2006,2006-01-01,2006-12-31
7803378,MDG_0000000025,COUNTRY,RUS,EUR,Europe,YEAR,2006,,,,,,,,,100,100,,,"Skilled health personnel Transformative Monitoring for Enhanced Equity (TransMonEE) 2012 Database [online database]. Geneva: UNICEF Europe and Central Asia Regional Office; 2012 (www.transmonee.org, accessed 1 November 2012). ",2025-04-07T06:46:44Z,2006,2006-01-01,2006-12-31
7803552,MDG_0000000025,COUNTRY,SOM,EMR,Eastern Mediterranean,YEAR,2000,,,,,,,,,19,19,,, End Decade Multiple Indicator Cluster Surveys (MICS 2000). Full Technical Report for Somalia. Somalia: United Nations Children's Fund (UNICEF) Somalia; 2001.,2025-04-07T06:46:44Z,2000,2000-01-01,2000-12-31
7807103,MDG_0000000025,COUNTRY,MKD,EUR,Europe,YEAR,2016,,,,,,,,,100,99.9,,,Statistical Yearbook of the Republic of Macedonia 2017. Skopje: State Statistical Office [Macedonia]; 2017.,2026-04-21T12:35:59Z,2016,2016-01-01,2016-12-31
7814241,MDG_0000000025,COUNTRY,BLR,EUR,Europe,YEAR,2008,,,,,,,,,100,100,,,"Skilled health personnel Transformative Monitoring for Enhanced Equity (TransMonEE) 2012 Database [online database]. Geneva: UNICEF Europe and Central Asia Regional Office; 2012 (www.transmonee.org, accessed 1 November 2012). ",2025-04-07T06:46:44Z,2008,2008-01-01,2008-12-31
7816581,MDG_0000000025,COUNTRY,ISL,EUR,Europe,YEAR,2008,,,,,,,,,99,99,,," Births: Home deliveries as percentage of all deliveries in Iceland 1980-2016 [website]. Reykjavík: Directorate of Health [Iceland]; 2017 (https://www.landlaeknir.is/english/statistics/births/, accessed 10 October 2017). ",2025-04-07T06:46:44Z,2008,2008-01-01,2008-12-31
7817962,MDG_0000000025,COUNTRY,LTU,EUR,Europe,YEAR,2021,,,,,,,,,100,100,,,Official Statistics Portal; see: https://osp.stat.gov.lt/darnaus-vystymosi-rodikliai.,2026-04-21T12:35:59Z,2021,2021-01-01,2021-12-31
7836839,MDG_0000000025,COUNTRY,GRD,AMR,Americas,YEAR,2012,,,,,,,,,99,99,,,"Trained personnel PLISA Health Information Platform. Indicator profile: Deliveries attended by skilled birth attendants (%) [online database]. Washington, DC: Pan American Health Organization/World Health Organization (PAHO/WHO); 2018 (http://www.paho.org/data/index.php/en/indicators/visualization.html, accessed 11 February 2020). ",2025-04-07T06:46:44Z,2012,2012-01-01,2012-12-31
7838319,MDG_0000000025,COUNTRY,ARG,AMR,Americas,YEAR,2003,,,,,,,,,99,99,,, Estadísticas Vitales. Información Básica – Año 2003. Buenos Aires: Ministerio de Salud [Argentina]; 2004 (in Spanish).,2025-04-07T06:46:44Z,2003,2003-01-01,2003-12-31
7838342,MDG_0000000025,COUNTRY,DOM,AMR,Americas,YEAR,2002,,,,,,,,,98,98,,," Molina Achécar M, Ramirez N, Polanco JJ, Ochoa LH, Lerebours G, Garcia B (Centro de Estudios Sociales y Demográficos - CESDEM/República Dominicana, ORC Macro). República Dominicana Encuesta Demográfica y de Salud (ENDESA) 2002. Santo Domingo, República Dominicana: Centro de Estudios Sociales y Demográficos - CESDEM/República Dominicana, ORC Macro; 2003 (in Spanish).",2025-04-07T06:46:44Z,2002,2002-01-01,2002-12-31
7839657,MDG_0000000025,COUNTRY,HND,AMR,Americas,YEAR,2017,,,,,,,,,74,74,,," Health Situation in the Americas: Core Indicators 2018. Washington, DC: Pan American Health Organization/World Health Organization (PAHO/WHO), Evidence and Intelligence for Action in Health/Health Analysis, Metrics and Evidence; 2018.",2025-04-07T06:46:44Z,2017,2017-01-01,2017-12-31
7842460,MDG_0000000025,COUNTRY,GTM,AMR,Americas,YEAR,2016,,,,,,,,,70,69.8,,,PLISA Health Information Platform. Indicator profile: Deliveries attended by skilled birth attendants (%) [online database]. Washington; DC: Pan American Health Organization/World Health Organization (PAHO/WHO); 2021 (https://opendata.paho.org/es/indicadores-basicos/tablero-de-los-indicadores-basicos; accessed 30 December 2021).,2026-04-21T12:35:59Z,2016,2016-01-01,2016-12-31
7849101,MDG_0000000025,COUNTRY,TGO,AFR,Africa,YEAR,2003,,,,,,,,,61,61,,,"Skilled health personnel Ministère de la Santé [Togo], Université de Lomé. Analyse de la Situation en Santé de la Reproduction au Togo. Étude AS/SR Togo - 2003. Rapport de l'étude, Fascicule 2. Lomé: Université de Lomé; 2004 (in French). ",2025-04-07T06:46:44Z,2003,2003-01-01,2003-12-31
7851100,MDG_0000000025,COUNTRY,ROU,EUR,Europe,YEAR,2013,,,,,,,,,97,97,,," National Institute of Statistics, Vital Statistics regarding live births [Romania]; 2021",2025-04-07T06:46:44Z,2013,2013-01-01,2013-12-31
7855336,MDG_0000000025,COUNTRY,SVK,EUR,Europe,YEAR,2002,,,,,,,,,99,99,,,"Skilled health personnel Transformative Monitoring for Enhanced Equity (TransMonEE) 2012 Database [online database]. Geneva: UNICEF Europe and Central Asia Regional Office; 2012 (www.transmonee.org, accessed 1 November 2012). ",2025-04-07T06:46:44Z,2002,2002-01-01,2002-12-31
7855557,MDG_0000000025,COUNTRY,UKR,EUR,Europe,YEAR,2011,,,,,,,,,100,100,,,"Skilled health personnel Transformative Monitoring for Enhanced Equity (TransMonEE) 2016 Database [online database]. Geneva: UNICEF Europe and Central Asia Regional Office; 2016 (www.transmonee.org, accessed 17 October 2016). ",2025-04-07T06:46:44Z,2011,2011-01-01,2011-12-31
7857610,MDG_0000000025,COUNTRY,SLV,AMR,Americas,YEAR,2014,,,,,,,,,98,98,,," Ministerio de Salud/Instituto Nacional de Salud, Fondo de las Naciones Unidas para la Infancia (UNICEF). Encuesta Nacional de Salud 2014 - Encuesta de Indicadores Múltiples por Conglomerados 2014, Resultados Principales. San Salvador, El Salvador: Ministerio de Salud e Instituto Nacional de Salud; 2015 (in Spanish).",2025-04-07T06:46:44Z,2014,2014-01-01,2014-12-31
7862200,MDG_0000000025,COUNTRY,JAM,AMR,Americas,YEAR,2002,,,,,,,,,97,97,,, Reproductive Health Survey Jamaica 2002. Final Report. Kingston: National Family Planning Board [Jamaica]; 2005. ,2025-04-07T06:46:44Z,2002,2002-01-01,2002-12-31
7869281,MDG_0000000025,COUNTRY,COL,AMR,Americas,YEAR,2000,,,,,,,,,86,86,,," Profamilia, Macro International Inc. Salud Sexual y Reproductiva en Colombia. Resultados Encuesta Nacional de Demografía y Salud 2000. Bogotá, Colombia: Profamilia; 2000 (in Spanish).",2025-04-07T06:46:44Z,2000,2000-01-01,2000-12-31
7873369,MDG_0000000025,COUNTRY,MDG,AFR,Africa,YEAR,2021,,,,,,,,,46,45.8,,,Institut National de la Statistique (INSTAT) et ICF. 2022. Enquete Demographique et de Sante a Madagascar; 2021. Antananarivo; Madagascar et Rockville; Maryland; USA : INSTAT et ICF.,2026-04-21T12:35:59Z,2021,2021-01-01,2021-12-31
7874949,MDG_0000000025,COUNTRY,DNK,EUR,Europe,YEAR,2021,,,,,,,,,96,96.4,,,Det Medicinske Fdselsregister (MFR); MFR-kuben; Institutional deliveries [online database]. Copenhagen: Sundhedsdatastyrelsen [National Board of Health Data; Denmark]; 2023 (https://www.esundhed.dk/Emner/Graviditet-foedsler-og-boern/Nyfoedte-og-foedsler-1997-#tabpanel6B95F8298EB444F48C3403E7B75B7202; accessed 21 September; 2023; in Danish).,2026-04-21T12:35:59Z,2021,2021-01-01,2021-12-31
7882037,MDG_0000000025,COUNTRY,MSR,AMR,Americas,YEAR,2017,,,,,,,,,100,100,,,PLISA Health Information Platform. Indicator profile: Deliveries attended by skilled birth attendants (%) [online database]. Washington; DC: Pan American Health Organization/World Health Organization (PAHO/WHO); 2021 (https://opendata.paho.org/es/indicadores-basicos/tablero-de-los-indicadores-basicos; accessed 30 December 2021).,2026-04-21T12:35:59Z,2017,2017-01-01,2017-12-31
7892104,MDG_0000000025,COUNTRY,ARE,EMR,Eastern Mediterranean,YEAR,2021,,,,,,,,,100,100,,,Ministry of Health and Prevention,2026-04-21T12:35:59Z,2021,2021-01-01,2021-12-31
7892908,MDG_0000000025,COUNTRY,MUS,AFR,Africa,YEAR,2011,,,,,,,,,100,100,,," Sustainable Development Goals  [online database]. Port Louis: Statistics Mauritius; 2020 (https://statsmauritius.govmu.org/Pages/Statistics/By_Subject/SDGs/SB_SDG.aspx, accessed 8 January 2021).",2025-04-07T06:46:44Z,2011,2011-01-01,2011-12-31
7893662,MDG_0000000025,COUNTRY,KWT,EMR,Eastern Mediterranean,YEAR,2019,,,,,,,,,100,99.9,,,Annual Bulletin for Vital Statistics - Births and Deaths 2019. Kuwait City: Central Statistical Bureau (Office) [Kuwait]; 2020.,2026-04-21T12:35:59Z,2019,2019-01-01,2019-12-31
7894487,MDG_0000000025,COUNTRY,AZE,EUR,Europe,YEAR,2019,,,,,,,,,100,99.9,,,Statistical Yearbook 2020. Women and Men in Azerbaijan. Baku: State Statistical Committee of the Republic of Azerbaijan; 2021.,2026-04-21T12:35:59Z,2019,2019-01-01,2019-12-31
7905837,MDG_0000000025,COUNTRY,ROU,EUR,Europe,YEAR,2008,,,,,,,,,99,99,,,"Skilled health personnel Transformative Monitoring for Enhanced Equity (TransMonEE) 2016 Database [online database]. Geneva: UNICEF Europe and Central Asia Regional Office; 2016 (www.transmonee.org, accessed 17 October 2016). ",2025-04-07T06:46:44Z,2008,2008-01-01,2008-12-31
7906328,MDG_0000000025,COUNTRY,TTO,AMR,Americas,YEAR,2004,,,,,,,,,100,100,,,"Trained health personnel Health Situation in the Americas: Basic Indicators 2009. Washington, DC: Pan American Health Organization/World Health Organization (PAHO/WHO), Health Information and Analysis Project; 2009.",2025-04-07T06:46:44Z,2004,2004-01-01,2004-12-31
7911329,MDG_0000000025,COUNTRY,MNE,EUR,Europe,YEAR,2002,,,,,,,,,98,98,,, Statistical Yearbook 2006. Podgorica: Statistical Office [Montenegro]; 2006.,2025-04-07T06:46:44Z,2002,2002-01-01,2002-12-31
7911773,MDG_0000000025,COUNTRY,ALB,EUR,Europe,YEAR,2021,,,,,,,,,100,100,,,Institute of Statistics; Men and Women 2023,2026-04-21T12:35:59Z,2021,2021-01-01,2021-12-31
7914839,MDG_0000000025,COUNTRY,PHL,WPR,Western Pacific,YEAR,2013,,,,,,,,,73,73,,," Philippine Statistics Authority (PSA) [Philippines], ICF International. Philippines National Demographic and Health Survey 2013. Manila, Philippines, and Rockville, Maryland, USA: PSA, ICF International; 2014.",2025-04-07T06:46:44Z,2013,2013-01-01,2013-12-31
7916058,MDG_0000000025,COUNTRY,BRB,AMR,Americas,YEAR,2020,,,,,,,,,98,98.4,,,PLISA Health Information Platform. Indicator profile: Deliveries attended by skilled birth attendants (%) [online database]. Washington; DC: Pan American Health Organization/World Health Organization (PAHO/WHO); 2021 (https://opendata.paho.org/es/indicadores-basicos/tablero-de-los-indicadores-basicos; accessed 30 December 2021).,2026-04-21T12:35:59Z,2020,2020-01-01,2020-12-31
7918270,MDG_0000000025,REGION,EMR,,,YEAR,2002,,,,,,,,,47,47,,,,2025-04-07T06:46:44Z,2002,2002-01-01,2002-12-31
7920506,MDG_0000000025,COUNTRY,UGA,AFR,Africa,YEAR,2006,,,,,,,,,42,42,,," Uganda Bureau of Statistics (UBOS), Macro International Inc. Uganda Demographic and Health Survey 2006. Calverton, Maryland, USA: UBOS, Macro International Inc.; 2007.",2025-04-07T06:46:44Z,2006,2006-01-01,2006-12-31
7921364,MDG_0000000025,COUNTRY,POL,EUR,Europe,YEAR,2004,,,,,,,,,100,100,,,"Skilled health personnel Transformative Monitoring for Enhanced Equity (TransMonEE) 2012 Database [online database]. Geneva: UNICEF Europe and Central Asia Regional Office; 2012 (www.transmonee.org, accessed 1 November 2012). ",2025-04-07T06:46:44Z,2004,2004-01-01,2004-12-31
7921866,MDG_0000000025,COUNTRY,CZE,EUR,Europe,YEAR,2008,,,,,,,,,100,100,,, Rodi?ka a novorozenec 2008 [Mother and Newborn 2008]. Prague: Ústav zdravotnických informací a statistiky ?R [Institute of Health Information and Statistics of the Czech Republic]; 2009 (in Czech).,2025-04-07T06:46:44Z,2008,2008-01-01,2008-12-31
7926470,MDG_0000000025,COUNTRY,MKD,EUR,Europe,YEAR,2017,,,,,,,,,100,99.9,,,Statistical Yearbook of the Republic of Macedonia 2018. Skopje: State Statistical Office [Macedonia]; 2018.,2026-04-21T12:35:59Z,2017,2017-01-01,2017-12-31
7934034,MDG_0000000025,REGION,AMR,,,YEAR,2022,,,,,,,,,96,96,,,Estimate based on Joint UNICEF-WHO Database on Skilled Birth Attendance 2025,2026-04-21T12:35:59Z,2022,2022-01-01,2022-12-31
7945129,MDG_0000000025,COUNTRY,USA,AMR,Americas,YEAR,2000,,,,,,,,,99,99,,," Martin JA, Hamilton BE, Ventura SJ, Menacker F, Park MM. Births: Final data for 2000. National Vital Statistics Reports; vol. 50, no. 5. Hyattsville, Maryland: National Center for Health Statistics; 2002.",2025-04-07T06:46:44Z,2000,2000-01-01,2000-12-31
7945507,MDG_0000000025,COUNTRY,KIR,WPR,Western Pacific,YEAR,2008,,,,,,,,,65,65,,,"Skilled health personnel Family Planning International, Secretariat of the Pacific Community (SPC), Population Action International (PAI). A Measure of the Future: Women's Sexual and Reproductive Risk Index for the Pacific 2009. Wellington: Family Planning International; 2009.",2025-04-07T06:46:44Z,2008,2008-01-01,2008-12-31
7960423,MDG_0000000025,COUNTRY,ROU,EUR,Europe,YEAR,2000,,,,,,,,,99,99,,,"Skilled health personnel Transformative Monitoring for Enhanced Equity (TransMonEE) 2012 Database [online database]. Geneva: UNICEF Europe and Central Asia Regional Office; 2012 (www.transmonee.org, accessed 1 November 2012). ",2025-04-07T06:46:44Z,2000,2000-01-01,2000-12-31
7970303,MDG_0000000025,COUNTRY,GEO,EUR,Europe,YEAR,2016,,,,,,,,,100,99.9,,,Health Care; Statistical Yearbook 2016 Georgia. Tbilisi: Ministry of Labour; Health and Social Affairs of Georgia; National Centre for Disease Control and Public Health; 2017.,2026-04-21T12:35:59Z,2016,2016-01-01,2016-12-31
7975892,MDG_0000000025,COUNTRY,PAN,AMR,Americas,YEAR,2002,,,,,,,,,94,94,,,"Health professional Panamá en Cifras: años 2002-2006 [electronic publication]. Panamá: Instituto Nacional de Estadística y Censo (INEC) [Panama]; 2007 (http://www.contraloria.gob.pa/inec/Publicaciones, accessed 18 April 2011, in Spanish).",2025-04-07T06:46:44Z,2002,2002-01-01,2002-12-31
7978383,MDG_0000000025,COUNTRY,POL,EUR,Europe,YEAR,2018,,,,,,,,,100,99.8,,,Statistics Poland (GUS) [Website]. Warsaw: Statistics Poland (GUS); 2020 (https://sdg.gov.pl/en/statistics_glob/3-1-2/; accessed 28 February 2021).,2026-04-21T12:35:59Z,2018,2018-01-01,2018-12-31
7980030,MDG_0000000025,COUNTRY,QAT,EMR,Eastern Mediterranean,YEAR,2005,,,,,,,,,100,100,,," Vital Statistics, Annual Bulletin. Births and Deaths 2005. Doha: The Planning Council [Qatar]; 2006.",2025-04-07T06:46:44Z,2005,2005-01-01,2005-12-31
7989419,MDG_0000000025,COUNTRY,MNE,EUR,Europe,YEAR,2001,,,,,,,,,97,97,,, Statistical Yearbook 2006. Podgorica: Statistical Office [Montenegro]; 2006.,2025-04-07T06:46:44Z,2001,2001-01-01,2001-12-31
7995872,MDG_0000000025,COUNTRY,MOZ,AFR,Africa,YEAR,2015,,,,,,,,,73,73,,," Ministério da Saúde (MISAU), Instituto Nacional de Estatística (INE), ICF. Inquérito de Indicadores
de Imunização, Malária e HIV/SIDA em Moçambique 2015. Maputo, Moçambique e Rockville, Maryland,
EUA: INS, INE, ICF; 2015 (in Portuguese).",2025-04-07T06:46:44Z,2015,2015-01-01,2015-12-31
7999347,MDG_0000000025,COUNTRY,PAN,AMR,Americas,YEAR,2004,,,,,,,,,91,91,,,"Health professional Panamá en Cifras: años 2002-2006 [electronic publication]. Panamá: Instituto Nacional de Estadística y Censo (INEC) [Panama]; 2007 (http://www.contraloria.gob.pa/inec/Publicaciones, accessed 18 April 2011, in Spanish).",2025-04-07T06:46:44Z,2004,2004-01-01,2004-12-31
8002007,MDG_0000000025,COUNTRY,BTN,SEAR,South-East Asia,YEAR,2016,,,,,,,,,89,89,,,Statistical Yearbook of Bhutan 2017. Thimphu: National Statistics Bureau; Bhutan; 2017.,2026-04-21T12:35:59Z,2016,2016-01-01,2016-12-31
8006419,MDG_0000000025,COUNTRY,KAZ,EUR,Europe,YEAR,2005,,,,,,,,,99,99,,,"Skilled health personnel Transformative Monitoring for Enhanced Equity (TransMonEE) 2012 Database [online database]. Geneva: UNICEF Europe and Central Asia Regional Office; 2012 (www.transmonee.org, accessed 1 November 2012). ",2025-04-07T06:46:44Z,2005,2005-01-01,2005-12-31
8011631,MDG_0000000025,COUNTRY,CRI,AMR,Americas,YEAR,2006,,,,,,,,,99,99,,, Estadísticas Vitales 2006. San José: Instituto Nacional de Estadística y Censos (INEC); 2007 (in Spanish).,2025-04-07T06:46:44Z,2006,2006-01-01,2006-12-31
8012737,MDG_0000000025,COUNTRY,SAU,EMR,Eastern Mediterranean,YEAR,2009,,,,,,,,,97,97,,,"Skilled health personnel Kingdom of Saudi Arabia. Millennium Development Goals 1431 H, 2010 G. Riyadh: Ministry of Economy and Planning [Saudi Arabia], UN-DESA, United Nations Development Programme (UNDP); 2010.",2025-04-07T06:46:44Z,2009,2009-01-01,2009-12-31
8013102,MDG_0000000025,COUNTRY,DEU,EUR,Europe,YEAR,2014,,,,,,,,,97,97,,," Indicator 3..2.1: proportion of births attended by skilled health personnel [online database]. Wiesbaden: Statistisches Bundesamt (DESTATIS); 2019 (https://sustainabledevelopment-germany.github.io/en/3-1-2/, accessed 30 January 2020). 

Source for sample size: 
Live births and difference to the previous year [online database]. Wiesbaden: Statistisches Bundesamt (DESTATIS); 2019 (https://www.destatis.de/EN/Themes/Society-Environment/Population/Births/Tables/live-birth-difference.html;jsessionid=E7096D28FE065513E5F04C559D739AAF.internet721, accessed 30 January 2020). ",2025-04-07T06:46:44Z,2014,2014-01-01,2014-12-31
8015087,MDG_0000000025,COUNTRY,ATG,AMR,Americas,YEAR,2006,,,,,,,,,100,100,,,"Trained personnel Health Situation in the Americas: Basic Indicators 2007. Washington, DC: Pan American Health Organization/World Health Organization (PAHO/WHO), Health Analysis and Statistics Unit (HA); 2007.",2025-04-07T06:46:44Z,2006,2006-01-01,2006-12-31
8017422,MDG_0000000025,COUNTRY,ITA,EUR,Europe,YEAR,2014,,,,,,,,,100,100,,," Certificato di assistenza al parto (CeDAP). Analisi dell’evento nascita - Anno 2014. Roma: Direzione Generale della Digitalizzazione, del Sistema Informativo Sanitario e della Statistica – Ufficio di Statistica; 2017 (in Italian). ",2025-04-07T06:46:44Z,2014,2014-01-01,2014-12-31
8017434,MDG_0000000025,COUNTRY,KWT,EMR,Eastern Mediterranean,YEAR,2022,,,,,,,,,99,99.2,,,Annual Bulletin for Vital Statistics - Births and Deaths 2022. Kuwait City: Central Statistical Bureau (Office) [Kuwait]; 2023.,2026-04-21T12:35:59Z,2022,2022-01-01,2022-12-31
8017793,MDG_0000000025,COUNTRY,SUR,AMR,Americas,YEAR,2015,,,,,,,,,90,90,,,"Trained personnel PLISA Health Information Platform. Indicator profile: Deliveries attended by skilled birth attendants (%) [online database]. Washington, DC: Pan American Health Organization/World Health Organization (PAHO/WHO); 2018 (http://www.paho.org/data/index.php/en/indicators/visualization.html, accessed 11 February 2020). ",2025-04-07T06:46:44Z,2015,2015-01-01,2015-12-31
8019819,MDG_0000000025,COUNTRY,FRA,EUR,Europe,YEAR,2016,,,,,,,,,97,97.4,,,T64: Ns vivants selon la condition de l'accouchement et le groupe d'ges de la mre. Anne 2016 [website]. Paris: Institut National de la Statistique et des tudes conomiques (INSEE) [National Institute of Statistics and Economic Studies]; 2017 (http://www.insee.fr/en/insee-statistique-publique/default.asp; accessed 9 November 2017; in French).,2026-04-21T12:35:59Z,2016,2016-01-01,2016-12-31
8022133,MDG_0000000025,COUNTRY,BDI,AFR,Africa,YEAR,2021,,,,,,,,,77,76.5,,,Annuaire des Statistisques Sanitaires 2022,2026-04-21T12:35:59Z,2021,2021-01-01,2021-12-31
8022433,MDG_0000000025,COUNTRY,GIN,AFR,Africa,YEAR,2012,,,,,,,,,45,45,,,"Médecins, infirmières, sages-femmes les sages-femmes/infirmières auxiliaires. Guinée. Enquête Démographique et de Santé et à Indicateurs Multiples (EDS-MICS 2012). Calverton, Maryland: Institut National de la Statistique [Guinée], MEASURE DHS, ICF International; 2013 (in French). ",2025-04-07T06:46:44Z,2012,2012-01-01,2012-12-31
8028763,MDG_0000000025,COUNTRY,IRL,EUR,Europe,YEAR,2003,,,,,,,,,100,100,,," Report on Perinatal Statistics for 2003. Dublin: Health Policy and Information Division, the Economic and Social Research Institute (ESRI); 2006.  ",2025-04-07T06:46:44Z,2003,2003-01-01,2003-12-31
8038937,MDG_0000000025,COUNTRY,OMN,EMR,Eastern Mediterranean,YEAR,2005,,,,,,,,,98,98,,,"Skilled personnel Annual Health Report 2011. Muscat: Ministry of Health, Department of Health Information and Statistics, Directorate General of Planning [Oman]; 2012.",2025-04-07T06:46:44Z,2005,2005-01-01,2005-12-31
8039474,MDG_0000000025,COUNTRY,ISL,EUR,Europe,YEAR,2013,,,,,,,,,98,98,,," Births: Home deliveries as percentage of all deliveries in Iceland 1980-2016 [website]. Reykjavík: Directorate of Health [Iceland]; 2017 (https://www.landlaeknir.is/english/statistics/births/, accessed 10 October 2017). ",2025-04-07T06:46:44Z,2013,2013-01-01,2013-12-31
8047897,MDG_0000000025,COUNTRY,DZA,AFR,Africa,YEAR,2006,,,,,,,,,95,95,,," Enquête nationale à indicateurs multiples. République Algérienne Démocratique et Populaire 2006. Rapport Principal. Alger: Ministère de la Santé, de la Population et de la Réforme Hospitalière, Office National des Statistiques, Fonds des Nations unies pour l’enfance (UNICEF), Fonds des Nations Unies pour la Population (UNFPA); 2008 (in French).",2025-04-07T06:46:44Z,2006,2006-01-01,2006-12-31
8048126,MDG_0000000025,COUNTRY,AUS,WPR,Western Pacific,YEAR,2005,,,,,,,,,99,99,,," Laws PJ, Abeywardana S, Walker J, Sullivan EA. Australia’s mothers and babies 2005. Perinatal statistics series no. 20. Cat. no. PER 40. Sydney: Australian Institute of Health and Welfare (AIHW) National Perinatal Statistics Unit; 2007.",2025-04-07T06:46:44Z,2005,2005-01-01,2005-12-31
8050201,MDG_0000000025,COUNTRY,DOM,AMR,Americas,YEAR,2013,,,,,,,,,99,99,,," Centro de Estudios Sociales y Demográficos (CESDEM), ICF International. Encuesta Demográfica y de Salud 2013. Santo Domingo, República Dominicana: CESDEM, ICF International; 2014 (in Spanish).",2025-04-07T06:46:44Z,2013,2013-01-01,2013-12-31
8060902,MDG_0000000025,COUNTRY,STP,AFR,Africa,YEAR,2000,,,,,,,,,79,79,,, Enquête de grappes à indicateurs multiples MICS. Rapport d'analyse. São Tomé: Fonds des Nations Unies pour l'Enfance (UNICEF); 2000 (in French).,2025-04-07T06:46:44Z,2000,2000-01-01,2000-12-31
8076956,MDG_0000000025,REGION,SEAR,,,YEAR,2021,,,,,,,,,86,86.4,,,Estimate based on Joint UNICEF-WHO Database on Skilled Birth Attendance 2025,2026-04-21T12:35:59Z,2021,2021-01-01,2021-12-31
8078498,MDG_0000000025,COUNTRY,MSR,AMR,Americas,YEAR,2009,,,,,,,,,100,100,,,"Trained personnel PLISA Health Information Platform. Indicator profile: Deliveries attended by skilled birth attendants (%) [online database]. Washington, DC: Pan American Health Organization/World Health Organization (PAHO/WHO); 2021 (https://opendata.paho.org/es/indicadores-basicos/tablero-de-los-indicadores-basicos, accessed 30 December 2021). ",2025-04-07T06:46:44Z,2009,2009-01-01,2009-12-31
8088956,MDG_0000000025,COUNTRY,TUR,EUR,Europe,YEAR,2003,,,,,,,,,83,83,,," Hacettepe University Institute of Population Studies [Turkey]. Turkey Demographic and Health Survey, 2003. Ankara, Turkey: Hacettepe University Institute of Population Studies [Turkey], Ministry of Health General Directorate of Mother and Child Health and Family Planning [Turkey], State Planning Organization, European Union; 2004. ",2025-04-07T06:46:44Z,2003,2003-01-01,2003-12-31
8093654,MDG_0000000025,COUNTRY,GRC,EUR,Europe,YEAR,2012,,,,,,,,,100,100,,,"Skilled persons Hellenic Republic, Hellenic Statistical Authority, General Directorate of Statistical Surveys, Vital and Migration Statistics Section, Statistical Output, provided during SDG Country Consultation",2025-04-07T06:46:44Z,2012,2012-01-01,2012-12-31
8097972,MDG_0000000025,COUNTRY,AZE,EUR,Europe,YEAR,2023,,,,,,,,,100,99.8,,,The State Statistical Committee of the Republic of Azerbaijan and the United Nations Children's Fund (UNICEF). 2024. The Republic of Azerbaijan Multiple Indicator Cluster Survey 2023; Survey Findings Report. Baku; Azerbaijan: The State Statistical Committee of the Republic of Azerbaijan and UNICEF.,2026-04-21T12:35:59Z,2023,2023-01-01,2023-12-31
8115520,MDG_0000000025,COUNTRY,LSO,AFR,Africa,YEAR,2014,,,,,,,,,78,78,,," Ministry of Health [Lesotho], ICF International. Lesotho Demographic and Health Survey 2014. Maseru, Lesotho: Ministry of Health, ICF International; 2016.",2025-04-07T06:46:44Z,2014,2014-01-01,2014-12-31
8130698,MDG_0000000025,COUNTRY,AZE,EUR,Europe,YEAR,2017,,,,,,,,,100,99.8,,,Statistical Yearbook 2018. Women and Men in Azerbaijan. Baku: State Statistical Committee of the Republic of Azerbaijan; 2018.,2026-04-21T12:35:59Z,2017,2017-01-01,2017-12-31
8135946,MDG_0000000025,COUNTRY,MDA,EUR,Europe,YEAR,2014,,,,,,,,,100,100,,,"Skilled health personnel Transformative Monitoring for Enhanced Equity (TransMonEE) 2016 Database [online database]. Geneva: UNICEF Europe and Central Asia Regional Office; 2016 (www.transmonee.org, accessed 17 October 2016). ",2025-04-07T06:46:44Z,2014,2014-01-01,2014-12-31
8139249,MDG_0000000025,COUNTRY,NZL,WPR,Western Pacific,YEAR,2012,,,,,,,,,97,97,,," Report on Maternity web tool [online database]. Birth place and year and DHB. Wellington: Ministry of Health [New Zealand]; 2020 (https://minhealthnz.shinyapps.io/Maternity_report_webtool/, accessed 8 January 2021).",2025-04-07T06:46:44Z,2012,2012-01-01,2012-12-31
8144941,MDG_0000000025,COUNTRY,JPN,WPR,Western Pacific,YEAR,2012,,,,,,,,,100,100,,," 2013 Vital Statistics of Japan [website]. Tokyo: e-stat (Portal Site of Official Statistics of Japan), National Statistics Center [Japan]; 2014 (https://www.e-stat.go.jp/SG1/estat/GL32020101.do?method=listDisplay&statCode=00, accessed 22 October 2013).",2025-04-07T06:46:44Z,2012,2012-01-01,2012-12-31
8145113,MDG_0000000025,COUNTRY,ARG,AMR,Americas,YEAR,2002,,,,,,,,,99,99,,, Estadísticas Vitales. Información Básica – Año 2002. Buenos Aires: Ministerio de Salud [Argentina]; 2003 (in Spanish).,2025-04-07T06:46:44Z,2002,2002-01-01,2002-12-31
8149322,MDG_0000000025,REGION,EMR,,,YEAR,2000,,,,,,,,,44,44,,,,2025-04-07T06:46:44Z,2000,2000-01-01,2000-12-31
8151600,MDG_0000000025,COUNTRY,ROU,EUR,Europe,YEAR,2015,,,,,,,,,94,94,,," National Institute of Statistics, Vital Statistics regarding live births [Romania]; 2021",2025-04-07T06:46:44Z,2015,2015-01-01,2015-12-31
8167026,MDG_0000000025,COUNTRY,FRA,EUR,Europe,YEAR,2021,,,,,,,,,97,97.3,,,T64: Ns vivants selon la condition de l'accouchement et le groupe d'ges de la mre. France mtropolitaine. Anne 2021 [website]. Paris: Institut National de la Statistique et des tudes conomiques (INSEE) [National Institute of Statistics and Economic Studies]; 2023 (https://www.insee.fr/fr/recherche?idprec=5414765&q=N%C3%A9s%20vivants%20selon%20la%20condition%20de%20l%27accouchement%20et%20le%20groupe%20d%27%C3%A2ges%20de%20la%20m%C3%A8r&debut=0); accessed 21 September 2023; (in French).,2026-04-21T12:35:59Z,2021,2021-01-01,2021-12-31
8167155,MDG_0000000025,COUNTRY,UZB,EUR,Europe,YEAR,2005,,,,,,,,,100,100,,,"Skilled health personnel Transformative Monitoring for Enhanced Equity (TransMonEE) 2012 Database [online database]. Geneva: UNICEF Europe and Central Asia Regional Office; 2012 (www.transmonee.org, accessed 1 November 2012). ",2025-04-07T06:46:44Z,2005,2005-01-01,2005-12-31
8167832,MDG_0000000025,COUNTRY,MSR,AMR,Americas,YEAR,2002,,,,,,,,,100,100,,,"Trained personnel PLISA Health Information Platform. Indicator profile: Deliveries attended by skilled birth attendants (%) [online database]. Washington, DC: Pan American Health Organization/World Health Organization (PAHO/WHO); 2021 (https://opendata.paho.org/es/indicadores-basicos/tablero-de-los-indicadores-basicos, accessed 30 December 2021). ",2025-04-07T06:46:44Z,2002,2002-01-01,2002-12-31
8171283,MDG_0000000025,COUNTRY,OMN,EMR,Eastern Mediterranean,YEAR,2009,,,,,,,,,99,99,,,"Skilled personnel Annual Health Report 2011. Muscat: Ministry of Health, Department of Health Information and Statistics, Directorate General of Planning [Oman]; 2012.",2025-04-07T06:46:44Z,2009,2009-01-01,2009-12-31
8172760,MDG_0000000025,COUNTRY,MKD,EUR,Europe,YEAR,2020,,,,,,,,,100,100,,,Statistical Yearbook of Republic of North Macedonia; 2021. Skopje: State Statistical office ( Republic of North Macedonia); 2021,2026-04-21T12:35:59Z,2020,2020-01-01,2020-12-31
8177561,MDG_0000000025,REGION,WPR,,,YEAR,2007,,,,,,,,,93,93,,,,2024-04-26T13:59:03Z,2007,2007-01-01,2007-12-31
8182449,MDG_0000000025,COUNTRY,BTN,SEAR,South-East Asia,YEAR,2019,,,,,,,,,96,96.3,,,Annual Health Bulletin 2020. Thimphu: Health Management & Information System; Policy & Planning Division; Ministry of Health [Bhutan]; 2020.,2026-04-21T12:35:59Z,2019,2019-01-01,2019-12-31
8190484,MDG_0000000025,COUNTRY,SEN,AFR,Africa,YEAR,2023,,,,,,,,,94,93.5,,,Enqute dmographique de sant continue (EDS-Continue). Agence Nationale de la Statistique et de la Dmographie (ANSD); Dakar-Sngal et Programme DHS; ICF; Rockville; Maryland; tats-Unis,2026-04-21T12:35:59Z,2023,2023-01-01,2023-12-31
8192032,MDG_0000000025,COUNTRY,AUS,WPR,Western Pacific,YEAR,2002,,,,,,,,,99,99,,," Laws PJ, Sullivan EA. Australia’s mothers and babies 2002. Perinatal Statistics Series No. 15. AIHW Cat. No. PER 28. Sydney: Australian Institute of Health and Welfare (AIHW) National Perinatal Statistics Unit; 2004.",2025-04-07T06:46:44Z,2002,2002-01-01,2002-12-31
8192167,MDG_0000000025,GLOBAL,GLOBAL,,,YEAR,2020,,,,,,,,,84,83.7,,,Estimate based on Joint UNICEF-WHO Database on Skilled Birth Attendance 2025,2026-04-21T12:35:59Z,2020,2020-01-01,2020-12-31
8199731,MDG_0000000025,COUNTRY,SGP,WPR,Western Pacific,YEAR,2015,,,,,,,,,100,100,,,"Doctor, ambulance officer, paramedic, midwife, nurse Registry of Births and Deaths. Singapore: Department of Statistics Singapore; 2021 (Sustainable Development Goals: Indicator 3.2.1 [online database] https://www.singstat.gov.sg/find-data/sdg/goal-3#t1, accessed 30 December 2021). ",2025-04-07T06:46:44Z,2015,2015-01-01,2015-12-31
8201876,MDG_0000000025,COUNTRY,MLT,EUR,Europe,YEAR,2017,,,,,,,,,100,99.7,,,National Obstetric Information System (NOIS). Annual Report 2017. Malta: Directorate for Health Information and Research (DHIR); 2018.,2026-04-21T12:35:59Z,2017,2017-01-01,2017-12-31
8211866,MDG_0000000025,REGION,WPR,,,YEAR,2002,,,,,,,,,90,90,,,,2024-04-26T13:59:03Z,2002,2002-01-01,2002-12-31
8216260,MDG_0000000025,COUNTRY,IDN,WPR,Western Pacific,YEAR,2016,,,,,,,,,93,92.6,,,Statistik Kesejahteraan Rakyat. Welfare statistics 2016. Jakarta: Badan Pusat Statistik (BPS) [Statistics Indonesia]; 2016.,2026-04-21T12:35:59Z,2016,2016-01-01,2016-12-31
8219727,MDG_0000000025,COUNTRY,FJI,WPR,Western Pacific,YEAR,2010,,,,,,,,,100,100,,,Skilled health personnel Annual Report 2010. Suva: Ministry of Health [Fiji]; 2011. ,2025-04-07T06:46:44Z,2010,2010-01-01,2010-12-31
8220571,MDG_0000000025,COUNTRY,CAN,AMR,Americas,YEAR,2001,,,,,,,,,99,99,,," CANSIM. Table 102-4516 - Live births and fetal deaths (stillbirths), by place of birth (hospital and non-hospital), Canada, provinces and territories, annual [database]. Ottawa: Statistics Canada, Government of Canada; 2013 (https://www80.statcan.gc.ca, accessed 17 October 2014).",2025-04-07T06:46:44Z,2001,2001-01-01,2001-12-31
8221487,MDG_0000000025,COUNTRY,ESP,EUR,Europe,YEAR,2015,,,,,,,,,100,100,,," INEbase. Goals and targets from the 2030 Agenda for Sustainabale Development. Indicator 3.1.2 [online database]. Madrid: Insittuto Nacional de Estadística (INE) [Spain]; 2019 (https://www.ine.es/dynt3/ODS/en/objetivo.htm?id=4846, accessed 8 January 2021). ",2025-04-07T06:46:44Z,2015,2015-01-01,2015-12-31
8225745,MDG_0000000025,COUNTRY,BOL,AMR,Americas,YEAR,2007,,,,,,,,,64,64,,, Registros administrativos del Sistema Nacional de Salud y Vigilancia Epidemiológica del Ministerio de Salud y Deportes - 2022,2025-04-07T06:46:44Z,2007,2007-01-01,2007-12-31
8227113,MDG_0000000025,COUNTRY,HRV,EUR,Europe,YEAR,2002,,,,,,,,,100,100,,, Statistical Yearbook of the Republic of Croatia 2011. Zagreb: Croatian Bureau of Statistics; 2011.  ,2025-04-07T06:46:44Z,2002,2002-01-01,2002-12-31
8233505,MDG_0000000025,COUNTRY,MDA,EUR,Europe,YEAR,2010,,,,,,,,,99,99,,,"Skilled health personnel Transformative Monitoring for Enhanced Equity (TransMonEE) 2012 Database [online database]. Geneva: UNICEF Europe and Central Asia Regional Office; 2012 (www.transmonee.org, accessed 1 November 2012). ",2025-04-07T06:46:44Z,2010,2010-01-01,2010-12-31
8237279,MDG_0000000025,COUNTRY,BLR,EUR,Europe,YEAR,2021,,,,,,,,,100,99.9,,,National platform for reporting indicators of Sustainable Development Goals. http://sdgplatform.belstat.gov.by/datasets/3.1.2; last accessed 6/12/2023,2026-04-21T12:35:59Z,2021,2021-01-01,2021-12-31
8247312,MDG_0000000025,COUNTRY,LSO,AFR,Africa,YEAR,2000,,,,,,,,,48,48,,," 2000 End Decade Multiple Indicator Cluster Survey (EMICS). Draft Preliminary Report. Maseru: Bureau of Statistics [Lesotho], United Nations Children's Fund (UNICEF); 2002.",2025-04-07T06:46:44Z,2000,2000-01-01,2000-12-31
8269084,MDG_0000000025,COUNTRY,COL,AMR,Americas,YEAR,2004,,,,,,,,,96,96,,," DANE [online database]. Estadísticas Vitales - Nacimientos. 2004. Bogotá D.C.: Departamento Administrativo Nacional de Estadística (DANE); 2011 (http://www.dane.gov.co/daneweb_V09/index.php?option=com_content&view=article&id=786&Itemid=119, accessed 30 May 2011, in Spanish).  ",2025-04-07T06:46:44Z,2004,2004-01-01,2004-12-31
8269272,MDG_0000000025,COUNTRY,KIR,WPR,Western Pacific,YEAR,2009,,,,,,,,,80,80,,," Kiribati National Statistics Office (KNSO), Secretariat of the Pacific Community (SPC) [New Caledonia]. Kiribati Demographic and Health Survey 2009. Noumea: SPC; 2010.",2025-04-07T06:46:44Z,2009,2009-01-01,2009-12-31
8276062,MDG_0000000025,COUNTRY,DNK,EUR,Europe,YEAR,2014,,,,,,,,,96,96,,," Det Medicinske Fødselsregister (MFR), MFR-kuben, Institutional deliveries [online database]. Copenhagen: Sundhedsdatastyrelsen [National Board of Health Data, Denmark]; 2017 (http://www.esundhed.dk/sundhedsregistre/MFR/Sider/MFR06A.aspx, accessed 1 November 2017, in Danish).",2025-04-07T06:46:44Z,2014,2014-01-01,2014-12-31
8281804,MDG_0000000025,COUNTRY,ARG,AMR,Americas,YEAR,2012,,,,,,,,,98,98,,, Estadísticas Vitales. Información Básica – Año 2012. Buenos Aires: Ministerio de Salud [Argentina]; 2013 (in Spanish).,2025-04-07T06:46:44Z,2012,2012-01-01,2012-12-31
8281890,MDG_0000000025,COUNTRY,VCT,AMR,Americas,YEAR,2015,,,,,,,,,99,99,,,"Trained personnel PLISA Health Information Platform. Indicator profile: Deliveries attended by skilled birth attendants (%) [online database]. Washington, DC: Pan American Health Organization/World Health Organization (PAHO/WHO); 2021 (https://opendata.paho.org/es/indicadores-basicos/tablero-de-los-indicadores-basicos, accessed 30 December 2021). ",2025-04-07T06:46:44Z,2015,2015-01-01,2015-12-31
8282095,MDG_0000000025,COUNTRY,GTM,AMR,Americas,YEAR,2017,,,,,,,,,70,69.6,,,PLISA Health Information Platform. Indicator profile: Deliveries attended by skilled birth attendants (%) [online database]. Washington; DC: Pan American Health Organization/World Health Organization (PAHO/WHO); 2021 (https://opendata.paho.org/es/indicadores-basicos/tablero-de-los-indicadores-basicos; accessed 30 December 2021).,2026-04-21T12:35:59Z,2017,2017-01-01,2017-12-31
8283606,MDG_0000000025,COUNTRY,NIC,AMR,Americas,YEAR,2011,,,,,,,,,90,90,,,"Trained personnel PLISA Health Information Platform. Indicator profile: Deliveries attended by skilled birth attendants (%) [online database]. Washington, DC: Pan American Health Organization/World Health Organization (PAHO/WHO); 2021 (https://opendata.paho.org/es/indicadores-basicos/tablero-de-los-indicadores-basicos, accessed 30 December 2021). ",2025-04-07T06:46:44Z,2011,2011-01-01,2011-12-31
8285270,MDG_0000000025,COUNTRY,BMU,AMR,Americas,YEAR,2002,,,,,,,,,99,99,,,"Trained personnel PLISA Health Information Platform. Indicator profile: Deliveries attended by skilled birth attendants (%) [online database]. Washington, DC: Pan American Health Organization/World Health Organization (PAHO/WHO); 2023 (https://opendata.paho.org/es/indicadores-basicos/tablero-de-los-indicadores-basicos, accessed 20 September 2023).",2025-04-07T06:46:44Z,2002,2002-01-01,2002-12-31
8288332,MDG_0000000025,COUNTRY,QAT,EMR,Eastern Mediterranean,YEAR,2021,,,,,,,,,100,100,,,Vital Statistics; Annual Bulletin. Births and Deaths 2021. Doha: Ministry of Development Planning and Statistics [Qatar]; 2023.,2026-04-21T12:35:59Z,2021,2021-01-01,2021-12-31
8298312,MDG_0000000025,COUNTRY,COD,AFR,Africa,YEAR,2010,,,,,,,,,74,74,,," Institut National de la Statistique, Fonds des Nations Unies pour l'Enfance (UNICEF). Enquête par Grappes à Indicateurs Multiples en République Démocratique du Congo (MICS-RDC 2010), Rapport Final. République Démocratique du Congo; 2011 (in French). ",2025-04-07T06:46:44Z,2010,2010-01-01,2010-12-31
8302194,MDG_0000000025,COUNTRY,SVN,EUR,Europe,YEAR,2002,,,,,,,,,100,100,,, Statistical Yearbook 2006. Ljubljana: Statistical Office of the Republic of Slovenia; 2006.,2025-04-07T06:46:44Z,2002,2002-01-01,2002-12-31
8324760,MDG_0000000025,COUNTRY,BGD,SEAR,South-East Asia,YEAR,2022,,,,,,,,,70,69.8,,,National Institute of Population Research and Training (NIPORT) and ICF. 2023. Bangladesh Demographic and Health Survey 2022: Key Indicators Report. Dhaka; Bangladesh; and Rockville; Maryland; USA: NIPORT and ICF.,2026-04-21T12:35:59Z,2022,2022-01-01,2022-12-31
8327053,MDG_0000000025,COUNTRY,CUB,AMR,Americas,YEAR,2008,,,,,,,,,100,100,,," Anuario Estadístico de Salud 2015. La Habana: Dirección de Registros Médicos y Estadísticas de Salud, Ministerio de Salud Pública de Cuba; 2016 (in Spanish).",2025-04-07T06:46:44Z,2008,2008-01-01,2008-12-31
8327439,MDG_0000000025,REGION,WPR,,,YEAR,2019,,,,,,,,,97,96.9,,,Estimate based on Joint UNICEF-WHO Database on Skilled Birth Attendance 2025,2026-04-21T12:35:59Z,2019,2019-01-01,2019-12-31
8328851,MDG_0000000025,COUNTRY,ESP,EUR,Europe,YEAR,2020,,,,,,,,,100,99.9,,,INEbase. Goals and targets from the 2030 Agenda for Sustainabale Development. Indicator 3.1.2 [online database]. Madrid: Insittuto Nacional de Estadstica (INE) [Spain]; 2021 (https://www.ine.es/dynt3/ODS/en/objetivo.htm?id=4846) accessed September 29 2021).,2026-04-21T12:35:59Z,2020,2020-01-01,2020-12-31
8329800,MDG_0000000025,COUNTRY,IRL,EUR,Europe,YEAR,2004,,,,,,,,,100,100,,," Report on Perinatal Statistics for 2004. Dublin: Health Policy and Information Division, the Economic and Social Research Institute (ESRI); 2007.  ",2025-04-07T06:46:44Z,2004,2004-01-01,2004-12-31
8330634,MDG_0000000025,COUNTRY,AIA,AMR,Americas,YEAR,2013,,,,,,,,,100,100,,,"Trained personnel PLISA Health Information Platform. Indicator profile: Deliveries attended by skilled birth attendants (%) [online database]. Washington, DC: Pan American Health Organization/World Health Organization (PAHO/WHO); 2021 (https://opendata.paho.org/es/indicadores-basicos/tablero-de-los-indicadores-basicos), accessed December 30, 2021). 	",2025-04-07T06:46:44Z,2013,2013-01-01,2013-12-31
8331026,MDG_0000000025,COUNTRY,GIN,AFR,Africa,YEAR,2005,,,,,,,,,38,38,,,"Doctor, nurse, midwife, auxiliary midwife (nurse, midwife, auxiliary midwife: 33.4%) Direction Nationale de la Statistique (DNS) [Guinée], ORC Macro. Enquête Démographique et de Santé, Guinée 2005. Calverton, Maryland, USA: DNS, ORC Macro; 2006 (in French).",2025-04-07T06:46:44Z,2005,2005-01-01,2005-12-31
8331916,MDG_0000000025,COUNTRY,THA,SEAR,South-East Asia,YEAR,2009,,,,,,,,,99,99,,," Key Findings: The 2009 Reproductive Health Survey. Bangkok: National Statistical Office Thailand, Ministry of Public Health [Thailand], United Nations Population Fund (UNFPA), Chulalongkorn University; 2010.",2025-04-07T06:46:44Z,2009,2009-01-01,2009-12-31
8334022,MDG_0000000025,COUNTRY,NIU,WPR,Western Pacific,YEAR,2005,,,,,,,,,100,100,,,Skilled health personnel Western Pacific Country Health Information Profiles: 2006 Revision. Manila: World Health Organization Regional Office for the Western Pacific (WPRO); 2006.,2025-04-07T06:46:44Z,2005,2005-01-01,2005-12-31
8345121,MDG_0000000025,COUNTRY,MLT,EUR,Europe,YEAR,2008,,,,,,,,,100,100,,, National Obstetric Information System (NOIS). Annual Report – 2008. Malta: Department of Health Information and Research (DHIR); 2009.,2025-04-07T06:46:44Z,2008,2008-01-01,2008-12-31
8348690,MDG_0000000025,COUNTRY,CYP,EUR,Europe,YEAR,2012,,,,,,,,,99,99,,, Statistical Service. Demographic Report 2012. Republic of Cyprus; 2014.,2025-04-07T06:46:44Z,2012,2012-01-01,2012-12-31
8353680,MDG_0000000025,COUNTRY,HTI,AMR,Americas,YEAR,2012,,,,,,,,,37,37,,," Cayemittes M, Busangu MF, de Dieu Bizimana J, Barrère B, Sévère B, Cayemittes V, Charles E (MSPP, IHE, ICF International). Enquête Mortalité, Morbidité et Utilisation des Services, Haïti, 2012. Calverton, Maryland, USA : MSPP, IHE, ICF International; 2013 (in French).
",2025-04-07T06:46:44Z,2012,2012-01-01,2012-12-31
8355314,MDG_0000000025,COUNTRY,SAU,EMR,Eastern Mediterranean,YEAR,2017,,,,,,,,,100,99.7,,,Household Health Survey 2017. General Authority for Statistics [Saudi Arabia]; 2018.,2026-04-21T12:35:59Z,2017,2017-01-01,2017-12-31
8357385,MDG_0000000025,COUNTRY,CYP,EUR,Europe,YEAR,2010,,,,,,,,,99,99,,, Statistical Service. Demographic Report 2012. Republic of Cyprus; 2014.,2025-04-07T06:46:44Z,2010,2010-01-01,2010-12-31
8358215,MDG_0000000025,COUNTRY,PRT,EUR,Europe,YEAR,2014,,,,,,,,,100,100,,," Annual Statistics Portugal – Live births (No.) by Place of residence of mother (NUTS - 2013), Sex, Place of delivery of the mother, Medical assistance and Size class of weight at birth; Annual. 2014 [online database]. Lisbon: Instituto Nacional de Estadística (INE) [Portugal]; 2020 ",2025-04-07T06:46:44Z,2014,2014-01-01,2014-12-31
8360210,MDG_0000000025,COUNTRY,BGR,EUR,Europe,YEAR,2010,,,,,,,,,93,93,,, National Statistical Institute of Bulgaria; 2023.,2025-04-07T06:46:44Z,2010,2010-01-01,2010-12-31
8361539,MDG_0000000025,COUNTRY,JPN,WPR,Western Pacific,YEAR,2021,,,,,,,,,100,99.8,,,2021 vital statistics of Japan Volume 1; Natality Table 4.9: Number of live births by place of delivery : Japan; each prefecture (special wards and specified cities); 2021 (https://www.e-stat.go.jp/stat-search/files?page=1&query=2021%E5%B9%B4&layout=dataset&toukei=00450011&tstat=000001028897&cycle=7&month=0&tclass1=000001053058&tclass2=000001053061&tclass3=000001053064&stat_infid=000032235776&tclass4val=0&metadata=1&data=1),2026-04-21T12:35:59Z,2021,2021-01-01,2021-12-31
8369114,MDG_0000000025,COUNTRY,UZB,EUR,Europe,YEAR,2019,,,,,,,,,100,100,,,The State ommittee of Republic Uzbekistan on statistics 2021. The global goals. 3.1.2 - Proportion of births attended by skilled health personnel [website]. Uzbekistan; 2021 (http://nsdg.stat.uz/en/databanks/indicator-table?id=3.1.2; accessed 30 December 2021).,2026-04-21T12:35:59Z,2019,2019-01-01,2019-12-31
8373570,MDG_0000000025,COUNTRY,HUN,EUR,Europe,YEAR,2014,,,,,,,,,99,99,,,"Skilled health personnel Transformative Monitoring for Enhanced Equity (TransMonEE) 2016 Database [online database]. Geneva: UNICEF Europe and Central Asia Regional Office; 2016 (www.transmonee.org, accessed 17 October 2016). ",2025-04-07T06:46:44Z,2014,2014-01-01,2014-12-31
8377372,MDG_0000000025,COUNTRY,BRA,AMR,Americas,YEAR,2003,,,,,,,,,98,98,,," DATASUS [online database]. Brazil: MS/SVS/DASIS - Sistema de Informações sobre Nacidos Vivos – SINASC. Nascim p/resid.mãe por ocorrência segundo Região. Período: 2003; 2011 (http://tabnet.datasus.gov.br/cgi/deftohtm.exe?sinasc/cnv/nvuf.def, accessed 27 July 2011, in Portuguese).",2025-04-07T06:46:44Z,2003,2003-01-01,2003-12-31
8383649,MDG_0000000025,COUNTRY,LTU,EUR,Europe,YEAR,2000,,,,,,,,,100,100,,,"Skilled health personnel Transformative Monitoring for Enhanced Equity (TransMonEE) 2012 Database [online database]. Geneva: UNICEF Europe and Central Asia Regional Office; 2012 (www.transmonee.org, accessed 1 November 2012). ",2025-04-07T06:46:44Z,2000,2000-01-01,2000-12-31
8387262,MDG_0000000025,COUNTRY,DMA,AMR,Americas,YEAR,2013,,,,,,,,,100,100,,,"Trained personnel PLISA Health Information Platform. Indicator profile: Deliveries attended by skilled birth attendants (%) [online database]. Washington, DC: Pan American Health Organization/World Health Organization (PAHO/WHO); 2021 (https://opendata.paho.org/es/indicadores-basicos/tablero-de-los-indicadores-basicos, accessed 30 December 2021). ",2025-04-07T06:46:44Z,2013,2013-01-01,2013-12-31
8395366,MDG_0000000025,COUNTRY,AUT,EUR,Europe,YEAR,2018,,,,,,,,,98,98.4,,,Vital statistics. Live births (with place of birth in Austria) by medical characteristics since 2008 [website]. Vienna: Statistics Austria; 2019 (http://www.statistik.at/web_en/statistics/PeopleSociety/health/medical_and_sociomedical_characteristics_of_live_birth/110639.html; accessed 10 February 2020).,2026-04-21T12:35:59Z,2018,2018-01-01,2018-12-31
8398761,MDG_0000000025,COUNTRY,SGP,WPR,Western Pacific,YEAR,2014,,,,,,,,,100,100,,,"  Registry of Births and Deaths, Immigration and Checkpoints Authority Singapore",2025-04-07T06:46:44Z,2014,2014-01-01,2014-12-31
8403394,MDG_0000000025,COUNTRY,TKM,EUR,Europe,YEAR,2019,,,,,,,,,100,100,,,2019 Turkmenistan Multiple Indicator Cluster Survey. Survey Findings Report. Ashgabat: State Committee for Statistics of Turkmenistan; UNICEF; 2020.,2026-04-21T12:35:59Z,2019,2019-01-01,2019-12-31
8414929,MDG_0000000025,COUNTRY,TUR,EUR,Europe,YEAR,2018,,,,,,,,,99,99.2,,,Turkey Demographic and Health Survey 2018. Hacettepe University Institute of Population Studies; T.R. Presidency of Turkey Directorate of Strategy and Budget and TBTAK; Ankara; Turkey.,2026-04-21T12:35:59Z,2018,2018-01-01,2018-12-31
8418599,MDG_0000000025,COUNTRY,NER,AFR,Africa,YEAR,2016,,,,,,,,,39,39.1,,,Annuaire des statistiques sanitaires du Niger. Annee 2016. Miamey: Ministere de la Sante Publique [Republique du Niger]; 2017 (in French).,2026-04-21T12:35:59Z,2016,2016-01-01,2016-12-31
8418723,MDG_0000000025,COUNTRY,COL,AMR,Americas,YEAR,2018,,,,,,,,,98,98.4,,,DANE [online database]. Estadsticas Vitales - Nacimientos 2018. Cifras definitivas 2018. Bogot D.C.: Departamento Administrativo Nacional de Estadstica (DANE); 2019 (https://www.dane.gov.co/index.php/estadisticas-por-tema/salud/nacimientos-y-defunciones/nacimientos/nacimientos-2018; accessed 28 January 2020; in Spanish).,2026-04-21T12:35:59Z,2018,2018-01-01,2018-12-31
8422428,MDG_0000000025,COUNTRY,SVN,EUR,Europe,YEAR,2008,,,,,,,,,100,100,,, Statistical Yearbook 2011. Ljubljana: Statistical Office of the Republic of Slovenia; 2011.,2025-04-07T06:46:44Z,2008,2008-01-01,2008-12-31
8424355,MDG_0000000025,COUNTRY,DMA,AMR,Americas,YEAR,2017,,,,,,,,,100,100,,,PLISA Health Information Platform. Indicator profile: Deliveries attended by skilled birth attendants (%) [online database]. Washington; DC: Pan American Health Organization/World Health Organization (PAHO/WHO); 2021 (https://opendata.paho.org/es/indicadores-basicos/tablero-de-los-indicadores-basicos; accessed 30 December 2021).,2026-04-21T12:35:59Z,2017,2017-01-01,2017-12-31
8432023,MDG_0000000025,COUNTRY,BTN,SEAR,South-East Asia,YEAR,2023,,,,,,,,,99,98.5,,,Ministry of Health; Royal Government of Bhutan. 5th National Health Survey: Integrated Stepwise Household Survey 2023. Thimphu; Bhutan: Ministry of Health; 2024.,2026-04-21T12:35:59Z,2023,2023-01-01,2023-12-31
8437688,MDG_0000000025,COUNTRY,ITA,EUR,Europe,YEAR,2018,,,,,,,,,100,99.9,,,Certificato di assistenza al parto (CeDAP). Analisi dell'evento nascita - Anno 2018. Roma: Direzione Generale della Digitalizzazione; del Sistema Informativo Sanitario e della Statistica Ufficio di Statistica; 2021 (in Italian).,2026-04-21T12:35:59Z,2018,2018-01-01,2018-12-31
8438264,MDG_0000000025,COUNTRY,GRC,EUR,Europe,YEAR,2017,,,,,,,,,100,99.9,,,Hellenic Republic; Hellenic Statistical Authority; General Directorate of Statistical Surveys; Vital and Migration Statistics Section; Statistical Output; provided during SDG Country Consultation,2026-04-21T12:35:59Z,2017,2017-01-01,2017-12-31
8445805,MDG_0000000025,COUNTRY,BHS,AMR,Americas,YEAR,2016,,,,,,,,,99,99,,,PLISA Health Information Platform. Indicator profile: Deliveries attended by skilled birth attendants (%) [online database]. Washington; DC: Pan American Health Organization/World Health Organization (PAHO/WHO); 2018 (http://www.paho.org/data/index.php/en/indicators/visualization.html; accessed 11 February 2020).,2026-04-21T12:35:59Z,2016,2016-01-01,2016-12-31
8459450,MDG_0000000025,COUNTRY,FJI,WPR,Western Pacific,YEAR,2005,,,,,,,,,97,97,,, Annual Report 2006. Suva: Ministry of Health [Fiji]; 2007. ,2025-04-07T06:46:44Z,2005,2005-01-01,2005-12-31
8460675,MDG_0000000025,COUNTRY,IRL,EUR,Europe,YEAR,2001,,,,,,,,,100,100,,, Report on Perinatal Statistics for 2001. Dublin: The Economic and Social Research Institute (ESRI); 2005.  ,2025-04-07T06:46:44Z,2001,2001-01-01,2001-12-31
8465092,MDG_0000000025,COUNTRY,MKD,EUR,Europe,YEAR,2010,,,,,,,,,100,100,,, Statistical Yearbook of the Republic of Macedonia 2012. Skopje: State Statistical Office [Macedonia]; 2012.,2025-04-07T06:46:44Z,2010,2010-01-01,2010-12-31
8467004,MDG_0000000025,COUNTRY,BLR,EUR,Europe,YEAR,2013,,,,,,,,,100,100,,,"Skilled health personnel Transformative Monitoring for Enhanced Equity (TransMonEE) 2016 Database [online database]. Geneva: UNICEF Europe and Central Asia Regional Office; 2016 (www.transmonee.org, accessed 17 October 2016). ",2025-04-07T06:46:44Z,2013,2013-01-01,2013-12-31
8473863,MDG_0000000025,COUNTRY,JPN,WPR,Western Pacific,YEAR,2001,,,,,,,,,100,100,,," 2009 Vital Statistics of Japan. Table 4.8: Trends in percent distribution of live births by place of delivery [website]. Tokyo: Ministry of Health, Labour and Welfare [Japan]; 2010 (http://www.mhlw.go.jp). ",2025-04-07T06:46:44Z,2001,2001-01-01,2001-12-31
8474335,MDG_0000000025,COUNTRY,ARM,EUR,Europe,YEAR,2012,,,,,,,,,100,100,,,"Skilled health personnel Transformative Monitoring for Enhanced Equity (TransMonEE) 2016 Database [online database]. Geneva: UNICEF Europe and Central Asia Regional Office; 2016 (www.transmonee.org, accessed 17 October 2016). ",2025-04-07T06:46:44Z,2012,2012-01-01,2012-12-31
8478195,MDG_0000000025,COUNTRY,PRY,AMR,Americas,YEAR,2009,,,,,,,,,94,94,,," Estadísticas Vitales del Paraguay 2009. Fernando de la Mora: Dirección General de Estadística, Encuestas y Censos (DGEEC) [Paraguay]; 2012 (in Spanish).",2025-04-07T06:46:44Z,2009,2009-01-01,2009-12-31
8479809,MDG_0000000025,COUNTRY,BWA,AFR,Africa,YEAR,2017,,,,,,,,,100,99.8,,,Botswana Maternal Mortality Ratio 2017. Gaborone: Statistics Botswana (CSO); 2019.,2026-04-21T12:35:59Z,2017,2017-01-01,2017-12-31
8483886,MDG_0000000025,GLOBAL,GLOBAL,,,YEAR,2004,,,,,,,,,63,63,,,,2024-04-26T13:59:03Z,2004,2004-01-01,2004-12-31
8491356,MDG_0000000025,COUNTRY,FJI,WPR,Western Pacific,YEAR,2015,,,,,,,,,100,100,,,Skilled health personnel Annual Report 2015. Suva: Ministry of Health [Fiji]; 2016.,2025-04-07T06:46:44Z,2015,2015-01-01,2015-12-31
8499256,MDG_0000000025,COUNTRY,OMN,EMR,Eastern Mediterranean,YEAR,2016,,,,,,,,,99,98.7,,,Statistical year book 2019. Issue 47. Oman: National Centre for Statistics & Information; 2019.,2026-04-21T12:35:59Z,2016,2016-01-01,2016-12-31
8500652,MDG_0000000025,COUNTRY,MUS,AFR,Africa,YEAR,2010,,,,,,,,,100,100,,," Sustainable Development Goals  [online database]. Port Louis: Statistics Mauritius; 2020 (https://statsmauritius.govmu.org/Pages/Statistics/By_Subject/SDGs/SB_SDG.aspx, accessed 8 January 2021).",2025-04-07T06:46:44Z,2010,2010-01-01,2010-12-31
8502686,MDG_0000000025,COUNTRY,PHL,WPR,Western Pacific,YEAR,2000,,,,,,,,,58,58,,," Multiple Indicator Cluster Survey (MICS) Philippines 1999. Manila: National Statistics Office, United Nations Children’s Fund (UNICEF); 2001.",2025-04-07T06:46:44Z,2000,2000-01-01,2000-12-31
8519551,MDG_0000000025,REGION,EMR,,,YEAR,2008,,,,,,,,,58,58,,,,2025-04-07T06:46:44Z,2008,2008-01-01,2008-12-31
8522335,MDG_0000000025,COUNTRY,USA,AMR,Americas,YEAR,2015,,,,,,,,,99,99,,," Martin JA, Hamilton BE, Osterman MJK, Driscoll AK, Mathews TJ. Births: Final Data for 2015. National Vital Statistics Reports; vol 66, no 1. Hyattsville, MD: National Center for Health Statistics; 2017.",2025-04-07T06:46:44Z,2015,2015-01-01,2015-12-31
8525947,MDG_0000000025,COUNTRY,LCA,AMR,Americas,YEAR,2004,,,,,,,,,100,100,,,"Trained personnel Health Situation in the Americas: Basic Indicators 2006. Washington, DC: Pan American Health Organization/World Health Organization (PAHO/WHO), Health Analysis and Statistics Unit (HA); 2006.",2025-04-07T06:46:44Z,2004,2004-01-01,2004-12-31
8526104,MDG_0000000025,COUNTRY,TJK,EUR,Europe,YEAR,2004,,,,,,,,,75,75,,,"Skilled health personnel Transformative Monitoring for Enhanced Equity (TransMonEE) 2012 Database [online database]. Geneva: UNICEF Europe and Central Asia Regional Office; 2012 (www.transmonee.org, accessed 1 November 2012). ",2025-04-07T06:46:44Z,2004,2004-01-01,2004-12-31
8541801,MDG_0000000025,COUNTRY,MLI,AFR,Africa,YEAR,2018,,,,,,,,,67,67.3,,,Sixime Enqute Dmographique et de Sant auMali 2018. Bamako; Rockville; Maryland: Institut National de la Statistique (INSTAT); Cellule de Planification et de Statistique Secteur Sant-DveloppementSocial et Promotion de la Famille (CPS/SS-DS-PF); ICF; 2019.,2026-04-21T12:35:59Z,2018,2018-01-01,2018-12-31
8545239,MDG_0000000025,COUNTRY,TJK,EUR,Europe,YEAR,2019,,,,,,,,,99,99,,,Bureau of National Statistics of the Republic of Kazakhstan. Sustainable Development Goal Indicator 3.7.2: Proportion of women of reproductive age (aged 15-49 years) who have their need for family planning satisfied with modern methods. Nur-Sultan (Kazakhstan): Bureau of National Statistics; [cited 2025 Feb 4]. Available from: https://kazstat.github.io/sdg-site-kazstat/en/3-7-2/,2026-04-21T12:35:59Z,2019,2019-01-01,2019-12-31
8545846,MDG_0000000025,COUNTRY,ISL,EUR,Europe,YEAR,2011,,,,,,,,,98,98,,," Births: Home deliveries as percentage of all deliveries in Iceland 1980-2016 [website]. Reykjavík: Directorate of Health [Iceland]; 2017 (https://www.landlaeknir.is/english/statistics/births/, accessed 10 October 2017). ",2025-04-07T06:46:44Z,2011,2011-01-01,2011-12-31
8550573,MDG_0000000025,COUNTRY,TUV,WPR,Western Pacific,YEAR,2002,,,,,,,,,100,100,,,Skilled health personnel Western Pacific Country Health Information Profiles: 2009 Revision. Manila: World Health Organization Regional Office for the Western Pacific (WPRO); 2009.,2025-04-07T06:46:44Z,2002,2002-01-01,2002-12-31
8550910,MDG_0000000025,COUNTRY,CHN,WPR,Western Pacific,YEAR,2004,,,,,,,,,97,97,,,Skilled attendant China Statistical Yearbook for Health and Family Planning 2013. Beijing: National Health and Family Planning Commission of China (NHFPC); 2013. ,2025-04-07T06:46:44Z,2004,2004-01-01,2004-12-31
8553120,MDG_0000000025,COUNTRY,PLW,WPR,Western Pacific,YEAR,2022,,,,,,,,,99,98.7,,,2022 Statistical Yearbook. Koror: Ministry of Finance [Palau]; 2023.,2026-04-21T12:35:59Z,2022,2022-01-01,2022-12-31
8555138,MDG_0000000025,COUNTRY,GUY,AMR,Americas,YEAR,2014,,,,,,,,,86,86,,," Bureau of Statistics, Ministry of Health, United Nations Children's Fund (UNICEF). Guyana Multiple Indicator Cluster Survey 2014. Georgetown, Guyana: Bureau of Statistics, Ministry of Health, UNICEF; 2015.
",2025-04-07T06:46:44Z,2014,2014-01-01,2014-12-31
8555269,MDG_0000000025,COUNTRY,BWA,AFR,Africa,YEAR,2013,,,,,,,,,100,100,,, Botswana Maternal Mortality Ratio (MMR) 2009 – 2013. No. 2014/1. Gaborone: Statistics Botswana (CSO); 2014.,2025-04-07T06:46:44Z,2013,2013-01-01,2013-12-31
8555425,MDG_0000000025,COUNTRY,HRV,EUR,Europe,YEAR,2003,,,,,,,,,100,100,,, Statistical Yearbook of the Republic of Croatia 2011. Zagreb: Croatian Bureau of Statistics; 2011.  ,2025-04-07T06:46:44Z,2003,2003-01-01,2003-12-31
8564115,MDG_0000000025,COUNTRY,CIV,AFR,Africa,YEAR,2021,,,,,,,,,84,84.1,,,Institut National de la Statistique-INS et ICF 2022. Enqute Dmographique et de Sant de Cte d'Ivoire; 2021. Rockville; Maryland; USA : INS/Cte d'Ivoire et ICF.,2026-04-21T12:35:59Z,2021,2021-01-01,2021-12-31
8565810,MDG_0000000025,COUNTRY,MUS,AFR,Africa,YEAR,2013,,,,,,,,,100,100,,," Sustainable Development Goals  [online database]. Port Louis: Statistics Mauritius; 2020 (https://statsmauritius.govmu.org/Pages/Statistics/By_Subject/SDGs/SB_SDG.aspx, accessed 8 January 2021).",2025-04-07T06:46:44Z,2013,2013-01-01,2013-12-31
8570720,MDG_0000000025,COUNTRY,BLR,EUR,Europe,YEAR,2019,,,,,,,,,100,99.9,,,National Statistical Committee of the Republic of Belarus and United Nations Children's Fund (UNICEF). 2021. 2019 Belarus Multiple Indicator Cluster Survey; Survey Findings Report. Republic of Belarus; Minsk: National Statistical Committee of the Republic of Belarus and United Nations Children's Fund (UNICEF).,2026-04-21T12:35:59Z,2019,2019-01-01,2019-12-31
8570789,MDG_0000000025,COUNTRY,AUS,WPR,Western Pacific,YEAR,2015,,,,,,,,,99,99,,," Australia’s mothers and babies 2015 - in brief. Perinatal statistics series no. 33. Cat no. PER 91. Canberra: Australian Institute of Health and Welfare (AIHW); 2017.
",2025-04-07T06:46:44Z,2015,2015-01-01,2015-12-31
8571800,MDG_0000000025,COUNTRY,USA,AMR,Americas,YEAR,2021,,,,,,,,,99,98.6,,,Osterman MJK; Hamilton BE; Martin JA; Driscoll AK; Valenzuela CP. Births: Final data for 2021. National Vital Statistics Reports; vol 72; no 1. Hyattsville; MD: National Center for Health Statistics; 2023.,2026-04-21T12:35:59Z,2021,2021-01-01,2021-12-31
8578396,MDG_0000000025,COUNTRY,USA,AMR,Americas,YEAR,2013,,,,,,,,,99,99,,," Martin JA, Hamilton BE, Osterman MJK, Curtin SC, Mathews TJ. Births: Final data for 2013. National Vital Statistics Reports; vol 64, no 1. Hyattsville, MD: National Center for Health Statistics; 2015.",2025-04-07T06:46:44Z,2013,2013-01-01,2013-12-31
8583342,MDG_0000000025,COUNTRY,PAN,AMR,Americas,YEAR,2012,,,,,,,,,94,94,,,"Health professional Estadísticas Vitales - Volumen II - Nacimientos Vivos y Defunciones Fetales: Año 2012 [electronic publication]. Panamá: Instituto Nacional de Estadística y Censo (INEC) [Panama]; 2014 (http://www.contraloria.gob.pa/inec/Publicaciones, accessed 19 April 2016, in Spanish).",2025-04-07T06:46:44Z,2012,2012-01-01,2012-12-31
8588961,MDG_0000000025,COUNTRY,DEU,EUR,Europe,YEAR,2000,,,,,,,,,99,99,,, Qualitätsbericht 2012. Außerklinische Geburtshilfe in Deutschland. Storkow: Gesellschaft für Qualität in der außerklinischen Geburtshilfe e.V. (QUAG e.V.); 2014 (in German).,2025-04-07T06:46:44Z,2000,2000-01-01,2000-12-31
8600193,MDG_0000000025,COUNTRY,BLZ,AMR,Americas,YEAR,2010,,,,,,,,,94,94,,,"Trained personnel PLISA Health Information Platform. Indicator profile: Deliveries attended by skilled birth attendants (%) [online database]. Washington, DC: Pan American Health Organization/World Health Organization (PAHO/WHO); 2021 (https://opendata.paho.org/es/indicadores-basicos/tablero-de-los-indicadores-basicos, accessed 30 December 2021). ",2025-04-07T06:46:44Z,2010,2010-01-01,2010-12-31
8600991,MDG_0000000025,COUNTRY,TGO,AFR,Africa,YEAR,2006,,,,,,,,,52,52,,," Enquête par grappe à indicateurs multiples (MICS) Togo 2006.Rapport Final. Lomé: Ministère de l'Economie et du Développement, Fonds des Nations Unies pour l'Enfance (UNICEF); 2007 (in French).",2025-04-07T06:46:44Z,2006,2006-01-01,2006-12-31
8608169,MDG_0000000025,COUNTRY,PAN,AMR,Americas,YEAR,2008,,,,,,,,,92,92,,,"Health professional Panamá en Cifras: años 2005-2009 [electronic publication]. Panamá: Instituto Nacional de Estadística y Censo (INEC) [Panama]; 2010 (http://www.contraloria.gob.pa/inec/Publicaciones, accessed 18 April 2011, in Spanish).",2025-04-07T06:46:44Z,2008,2008-01-01,2008-12-31
8615833,MDG_0000000025,COUNTRY,SLV,AMR,Americas,YEAR,2005,,,,,,,,,87,87,,, Informe de Labores 2012-2013. San Salvador: Ministerio de Salud de El Salvador; 2013 (in Spanish).,2025-04-07T06:46:44Z,2005,2005-01-01,2005-12-31
8619143,MDG_0000000025,COUNTRY,DNK,EUR,Europe,YEAR,2009,,,,,,,,,99,99,,," Sundhedsstyrelsen [National Board of Health, Denmark]. Fødselsstatistikken 2011 [Birth Statistics 2011]. Copenhagen: Sundhedsstyrelsen; 2012 (in Danish).",2025-04-07T06:46:44Z,2009,2009-01-01,2009-12-31
8620153,MDG_0000000025,COUNTRY,SGP,WPR,Western Pacific,YEAR,2010,,,,,,,,,100,100,,,"  Registry of Births and Deaths, Immigration and Checkpoints Authority Singapore",2025-04-07T06:46:44Z,2010,2010-01-01,2010-12-31
8620982,MDG_0000000025,COUNTRY,BHS,AMR,Americas,YEAR,2002,,,,,,,,,99,99,,,"Trained personnel Health Situation in the Americas: Basic Indicators 2004. Washington, DC: Pan American Health Organization/World Health Organization (PAHO/WHO), Area of Health Analysis and Information Systems (AIS); 2004.",2025-04-07T06:46:44Z,2002,2002-01-01,2002-12-31
8624077,MDG_0000000025,COUNTRY,ARM,EUR,Europe,YEAR,2014,,,,,,,,,100,100,,,"Skilled health personnel Transformative Monitoring for Enhanced Equity (TransMonEE) 2016 Database [online database]. Geneva: UNICEF Europe and Central Asia Regional Office; 2016 (www.transmonee.org, accessed 17 October 2016). ",2025-04-07T06:46:44Z,2014,2014-01-01,2014-12-31
8626742,MDG_0000000025,COUNTRY,ECU,AMR,Americas,YEAR,2013,,,,,,,,,94,94,,,"Doctors, obstetrician and nurse Registro Estadístico de Nacidos Vivos, Instituto Nacional de Estadística y Censos",2025-04-07T06:46:44Z,2013,2013-01-01,2013-12-31
8650559,MDG_0000000025,COUNTRY,NIU,WPR,Western Pacific,YEAR,2006,,,,,,,,,100,100,,,"Skilled health personnel Economics, Planning Development and Statistices Unit [Niue]. Niue Millennium Development Goals, 2007 Report. Alofi: Statistics Niue; 2007.",2025-04-07T06:46:44Z,2006,2006-01-01,2006-12-31
8659266,MDG_0000000025,COUNTRY,MHL,WPR,Western Pacific,YEAR,2007,,,,,,,,,86,86,,," Economic Policy, Planning and Statistics Office (EPPSO) [Marshall Islands], Secretariat of the Pacific Community (SPC), Macro International Inc. Republic of the Marshall Islands Demographic and Health Survey 2007. Noumea: SPC; 2008.",2025-04-07T06:46:44Z,2007,2007-01-01,2007-12-31
8673270,MDG_0000000025,COUNTRY,CHN,WPR,Western Pacific,YEAR,2009,,,,,,,,,99,99,,,Skilled attendant China Statistical Yearbook for Health and Family Planning 2013. Beijing: National Health and Family Planning Commission of China (NHFPC); 2013. ,2025-04-07T06:46:44Z,2009,2009-01-01,2009-12-31
8681809,MDG_0000000025,COUNTRY,CZE,EUR,Europe,YEAR,2001,,,,,,,,,100,100,,, Rodi?ka a novorozenec 2001 [Mother and Newborn 2001]. Prague: Ústav zdravotnických informací a statistiky ?R [Institute of Health Information and Statistics of the Czech Republic]; 2002 (in Czech).,2025-04-07T06:46:44Z,2001,2001-01-01,2001-12-31
8687845,MDG_0000000025,COUNTRY,MHL,WPR,Western Pacific,YEAR,2009,,,,,,,,,87,87,,, Annual Report FY 2011. Ministry of Health [Republic of the Marshall Islands]; 2012.,2025-04-07T06:46:44Z,2009,2009-01-01,2009-12-31
8698313,MDG_0000000025,COUNTRY,KAZ,EUR,Europe,YEAR,2018,,,,,,,,,100,99.9,,,Ministry of Healthcare of the Republic of Kazakhstan. Country consultation Dec 2019; 2019.,2026-04-21T12:35:59Z,2018,2018-01-01,2018-12-31
8701074,MDG_0000000025,COUNTRY,LAO,WPR,Western Pacific,YEAR,2018,,,,,,,,,68,68,,,Lao Statistics Bureau. Lao Social Indicator Survey II 2017. Vientiane; Lao PDR: Lao Statistics Bureau; 2018. Available from: https://www.lsb.gov.la/sdg/en/3-1-2/,2026-04-21T12:35:59Z,2018,2018-01-01,2018-12-31
8709159,MDG_0000000025,COUNTRY,FIN,EUR,Europe,YEAR,2011,,,,,,,,,100,100,,,"Skilled health personnel Statistics Finland: https://pxnet2.stat.fi/PXWeb/pxweb/en/SDG/, last accessed 29/12/2021",2025-04-07T06:46:44Z,2011,2011-01-01,2011-12-31
8710854,MDG_0000000025,COUNTRY,TKM,EUR,Europe,YEAR,2022,,,,,,,,,100,99.7,,,Ministry of Health and Medical Industry; 2023,2026-04-21T12:35:59Z,2022,2022-01-01,2022-12-31
8712349,MDG_0000000025,COUNTRY,JAM,AMR,Americas,YEAR,2016,,,,,,,,,100,99.7,,,PLISA Health Information Platform. Indicator profile: Deliveries attended by skilled birth attendants (%) [online database]. Washington; DC: Pan American Health Organization/World Health Organization (PAHO/WHO); 2021 (https://opendata.paho.org/es/indicadores-basicos/tablero-de-los-indicadores-basicos; accessed 30 December 2021).,2026-04-21T12:35:59Z,2016,2016-01-01,2016-12-31
8714402,MDG_0000000025,COUNTRY,POL,EUR,Europe,YEAR,2016,,,,,,,,,100,99.8,,,Statistics Poland (GUS) [Website]. Warsaw: Statistics Poland (GUS); 2020 (https://sdg.gov.pl/en/statistics_glob/3-1-2/; accessed 28 February 2021).,2026-04-21T12:35:59Z,2016,2016-01-01,2016-12-31
8717600,MDG_0000000025,COUNTRY,BRN,WPR,Western Pacific,YEAR,2014,,,,,,,,,100,100,,,Skilled health personnel Health Information Booklet 2017. Bandar Seri Begawan: Ministry of Health [Brunei Darussalam]; 2018.,2025-04-07T06:46:44Z,2014,2014-01-01,2014-12-31
8719277,MDG_0000000025,COUNTRY,JAM,AMR,Americas,YEAR,2007,,,,,,,,,93,93,,,"Trained personnel PLISA Health Information Platform. Indicator profile: Deliveries attended by skilled birth attendants (%) [online database]. Washington, DC: Pan American Health Organization/World Health Organization (PAHO/WHO); 2021 (https://opendata.paho.org/es/indicadores-basicos/tablero-de-los-indicadores-basicos, accessed 30 December 2021). ",2025-04-07T06:46:44Z,2007,2007-01-01,2007-12-31
8720057,MDG_0000000025,COUNTRY,URY,AMR,Americas,YEAR,2015,,,,,,,,,100,100,,," Estadísticas Vitales Natalidad 2011-2015, Certificado de Nacido Vivo de Uruguay [website]. Montevideo: Ministerio de Salud Publica, Instituto Nacional de Estadística; 2016 (http://estadisticas.msp.gub.uy/index.php/catalog/20/datafile/F9, accessed 21 September 2018, in Spanish).",2025-04-07T06:46:44Z,2015,2015-01-01,2015-12-31
8720351,MDG_0000000025,COUNTRY,CHN,WPR,Western Pacific,YEAR,2010,,,,,,,,,100,100,,,Skilled attendant China Statistical Yearbook for Health and Family Planning 2013. Beijing: National Health and Family Planning Commission of China (NHFPC); 2013. ,2025-04-07T06:46:44Z,2010,2010-01-01,2010-12-31
8722049,MDG_0000000025,COUNTRY,AZE,EUR,Europe,YEAR,2004,,,,,,,,,96,96,,,Skilled health personnel Statistical Yearbook of Azerbaijan 2013. Baku: State Statistical Committee of the Republic of Azerbaijan; 2013.,2025-04-07T06:46:44Z,2004,2004-01-01,2004-12-31
8735447,MDG_0000000025,COUNTRY,NZL,WPR,Western Pacific,YEAR,2015,,,,,,,,,96,96,,," Report on Maternity web tool [online database]. Birth place and year and DHB. Wellington: Ministry of Health [New Zealand]; 2020 (https://minhealthnz.shinyapps.io/Maternity_report_webtool/, accessed 8 January 2021).",2025-04-07T06:46:44Z,2015,2015-01-01,2015-12-31
8743255,MDG_0000000025,COUNTRY,UKR,EUR,Europe,YEAR,2002,,,,,,,,,100,100,,,"Skilled health personnel Transformative Monitoring for Enhanced Equity (TransMonEE) 2012 Database [online database]. Geneva: UNICEF Europe and Central Asia Regional Office; 2012 (www.transmonee.org, accessed 1 November 2012). ",2025-04-07T06:46:44Z,2002,2002-01-01,2002-12-31
8746368,MDG_0000000025,COUNTRY,FRA,EUR,Europe,YEAR,2023,,,,,,,,,98,97.6,,,T64: Ns vivants selon la condition de l'accouchement et le groupe d'ges de la mre. France mtropolitaine. Anne 2022 [website]. Paris: Institut National de la Statistique et des tudes conomiques (INSEE) [National Institute of Statistics and Economic Studies]; 2023 (https://www.insee.fr/fr/recherche?idprec=5414765&q=N%C3%A9s%20vivants%20selon%20la%20condition%20de%20l%27accouchement%20et%20le%20groupe%20d%27%C3%A2ges%20de%20la%20m%C3%A8r&debut=0); accessed 21 September 2023; (in French).,2026-04-21T12:35:59Z,2023,2023-01-01,2023-12-31
8751457,MDG_0000000025,COUNTRY,BFA,AFR,Africa,YEAR,2006,,,,,,,,,54,54,,,"Doctor, Nurse, Midwife, Auxiliary Midwive, Matrone Enquête par Grappes à Indecateurs Multiples 2006. Rapport Final. Burkina Faso: Institut National de la Statistique et de la Démographie, Fonds des Nations Unies pour l'Enfance (UNICEF); 2008 (in French).",2025-04-07T06:46:44Z,2006,2006-01-01,2006-12-31
8754469,MDG_0000000025,COUNTRY,BLR,EUR,Europe,YEAR,2007,,,,,,,,,100,100,,,"Skilled health personnel Transformative Monitoring for Enhanced Equity (TransMonEE) 2012 Database [online database]. Geneva: UNICEF Europe and Central Asia Regional Office; 2012 (www.transmonee.org, accessed 1 November 2012). ",2025-04-07T06:46:44Z,2007,2007-01-01,2007-12-31
8763376,MDG_0000000025,COUNTRY,BLR,EUR,Europe,YEAR,2010,,,,,,,,,100,100,,,"Skilled health personnel Transformative Monitoring for Enhanced Equity (TransMonEE) 2012 Database [online database]. Geneva: UNICEF Europe and Central Asia Regional Office; 2012 (www.transmonee.org, accessed 1 November 2012). ",2025-04-07T06:46:44Z,2010,2010-01-01,2010-12-31
8767834,MDG_0000000025,COUNTRY,NRU,WPR,Western Pacific,YEAR,2023,,,,,,,,,98,98,,,Nauru Bureau of Statistics. 2024. Nauru Multiple Indicator Cluster Survey 2023; Survey Findings Report. Nauru: Nauru Bureau of Statistics.,2026-04-21T12:35:59Z,2023,2023-01-01,2023-12-31
8769445,MDG_0000000025,COUNTRY,ERI,AFR,Africa,YEAR,2010,,,,,,,,,34,34,,," Eritrea Population and Health Survey 2010. Asmara: National Statistics Office (NSO), Eritrea, Fafo Institute for Applied International Studies (Fafo AIS); 2013.",2025-04-07T06:46:44Z,2010,2010-01-01,2010-12-31
8774119,MDG_0000000025,COUNTRY,ISL,EUR,Europe,YEAR,2020,,,,,,,,,97,97.4,,,Births: Home deliveries as percentage of all deliveries in Iceland 1980-2020 [website]. Reykjavk: Directorate of Health [Iceland]; 2021 (https://www.landlaeknir.is/tolfraedi-og-rannsoknir/tolfraedi/allt-talnaefni/); accessed 28 September 2021.,2026-04-21T12:35:59Z,2020,2020-01-01,2020-12-31
8776440,MDG_0000000025,COUNTRY,SVK,EUR,Europe,YEAR,2012,,,,,,,,,100,100,,,Skilled health personnel National Health Information Centre of the Slovak Republic [Slovakia]; Provided during SDG country consultation 2021. ,2025-04-07T06:46:44Z,2012,2012-01-01,2012-12-31
8776560,MDG_0000000025,COUNTRY,DEU,EUR,Europe,YEAR,2017,,,,,,,,,97,97.1,,,Indicator 3..2.1: proportion of births attended by skilled health personnel [online database]. Wiesbaden: Statistisches Bundesamt (DESTATIS); 2019 (https://sustainabledevelopment-germany.github.io/en/3-1-2/; accessed 30 January 2020). Source for sample size: Live births and difference to the previous year [online database]. Wiesbaden: Statistisches Bundesamt (DESTATIS); 2019 (https://www.destatis.de/EN/Themes/Society-Environment/Population/Births/Tables/live-birth-difference.html;jsessionid=E7096D28FE065513E5F04C559D739AAF.internet721; accessed 30 January 2020).,2026-04-21T12:35:59Z,2017,2017-01-01,2017-12-31
8779547,MDG_0000000025,REGION,EUR,,,YEAR,2007,,,,,,,,,98,98,,,,2024-04-26T13:59:03Z,2007,2007-01-01,2007-12-31
8792702,MDG_0000000025,COUNTRY,HRV,EUR,Europe,YEAR,2019,,,,,,,,,100,99.9,,,Natural Change in Population; 2019. Zagreb: Croatian Bureau of Statistics; 2020.,2026-04-21T12:35:59Z,2019,2019-01-01,2019-12-31
8793625,MDG_0000000025,COUNTRY,BRN,WPR,Western Pacific,YEAR,2011,,,,,,,,,100,100,,,Skilled health personnel Health Information Booklet 2017. Bandar Seri Begawan: Ministry of Health [Brunei Darussalam]; 2018.,2025-04-07T06:46:44Z,2011,2011-01-01,2011-12-31
8795060,MDG_0000000025,COUNTRY,BGR,EUR,Europe,YEAR,2021,,,,,,,,,95,94.5,,,National Statistical Institute of Bulgaria; 2022. (Reported on 2 December 2022),2026-04-21T12:35:59Z,2021,2021-01-01,2021-12-31
8802637,MDG_0000000025,COUNTRY,GHA,AFR,Africa,YEAR,2007,,,,,,,,,55,55,,,"Doctor, nurse, midwife, auxiliary midwife (nurse, midwife, auxiliary midwife: 46.0%) Ghana Statistical Service (GSS), Ghana Health Service (GHS), Macro International. Ghana Maternal Health Survey 2007. Calverton, Maryland, USA: GSS, GHS, Macro International; 2009.",2025-04-07T06:46:44Z,2007,2007-01-01,2007-12-31
8808173,MDG_0000000025,COUNTRY,DEU,EUR,Europe,YEAR,2020,,,,,,,,,96,96.2,,,Indicator 3..2.1: proportion of births attended by skilled health personnel [online database]. Wiesbaden: Statistisches Bundesamt (DESTATIS); 2023 (http://sdg-indikatoren.de/en/3-1-2/); accessed 21 September 2023).,2026-04-21T12:35:59Z,2020,2020-01-01,2020-12-31
8809394,MDG_0000000025,COUNTRY,PNG,WPR,Western Pacific,YEAR,2006,,,,,,,,,53,53,,, Papua New Guinea Demographic and Health Survey 2006. National Report. Port Moresby: National Statistical Office [Papua New Guinea]; 2009.,2025-04-07T06:46:44Z,2006,2006-01-01,2006-12-31
8812467,MDG_0000000025,COUNTRY,LBY,EMR,Eastern Mediterranean,YEAR,2013,,,,,,,,,100,100,,,Trained personnel Vital Statistics 2013. Libya: Ministry of Health [Libya]; 2014.,2025-04-07T06:46:44Z,2013,2013-01-01,2013-12-31
8821222,MDG_0000000025,COUNTRY,ROU,EUR,Europe,YEAR,2014,,,,,,,,,95,95,,," National Institute of Statistics, Vital Statistics regarding live births [Romania]; 2021",2025-04-07T06:46:44Z,2014,2014-01-01,2014-12-31
8828746,MDG_0000000025,COUNTRY,ARG,AMR,Americas,YEAR,2016,,,,,,,,,98,98.4,,,Estadsticas Vitales. Informacin Bsica Ao 2016. Buenos Aires: Ministerio de Salud [Argentina]; 2017 (in Spanish).,2026-04-21T12:35:59Z,2016,2016-01-01,2016-12-31
8828895,MDG_0000000025,COUNTRY,CPV,AFR,Africa,YEAR,2005,,,,,,,,,78,78,,," Instituto Nacional de Estatística (INE) [Cabo Verde], Ministério da Saúde, Macro International. Segundo Inquérito Demográfico e de Saúde Reprodutiva, Cabo Verde, IDSR-II, 2005. Calverton, Maryland, USA: INE; 2008 (in Portuguese).",2025-04-07T06:46:44Z,2005,2005-01-01,2005-12-31
8830574,MDG_0000000025,COUNTRY,DOM,AMR,Americas,YEAR,2007,,,,,,,,,98,98,,," Centro de Estudios Sociales y Demográficos (CESDEM), Macro International Inc. Encuesta Demográfica y de Salud 2007. Santo Domingo, República Dominicana: CESDEM, Macro International Inc.; 2008 (in Spanish).",2025-04-07T06:46:44Z,2007,2007-01-01,2007-12-31
8831634,MDG_0000000025,COUNTRY,BGR,EUR,Europe,YEAR,2013,,,,,,,,,94,94,,, National Statistical Institute of Bulgaria; 2023.,2025-04-07T06:46:44Z,2013,2013-01-01,2013-12-31
8836883,MDG_0000000025,COUNTRY,STP,AFR,Africa,YEAR,2019,,,,,,,,,97,96.8,,,Inqurito de Indicadores Mltiplos (MICS) 2019; Relatrio final. So Tom: Instituto Nacional de Estatstica (INE); UNICEF; 2020 (in Portuguese).,2026-04-21T12:35:59Z,2019,2019-01-01,2019-12-31
8837401,MDG_0000000025,REGION,WPR,,,YEAR,2017,,,,,,,,,97,96.5,,,Estimate based on Joint UNICEF-WHO Database on Skilled Birth Attendance 2025,2026-04-21T12:35:59Z,2017,2017-01-01,2017-12-31
8838226,MDG_0000000025,COUNTRY,BRN,WPR,Western Pacific,YEAR,2016,,,,,,,,,100,100,,,Health Information Booklet 2017. Bandar Seri Begawan: Ministry of Health [Brunei Darussalam]; 2018.,2026-04-21T12:35:59Z,2016,2016-01-01,2016-12-31
8841538,MDG_0000000025,COUNTRY,COL,AMR,Americas,YEAR,2013,,,,,,,,,99,99,,," DANE [online database]. Estadísticas Vitales - Nacimientos. 2013. Bogotá D.C.: Departamento Administrativo Nacional de Estadística (DANE); 2015 (http://www.dane.gov.co/index.php/esp/poblacion-y-demografia/nacimientos-y-defunciones/118-demograficas/estadisticas-vitales/4647-nacimientos-2013, accessed 22 January 2016, in Spanish).  ",2025-04-07T06:46:44Z,2013,2013-01-01,2013-12-31
8844427,MDG_0000000025,COUNTRY,TON,WPR,Western Pacific,YEAR,2007,,,,,,,,,98,98,,,Trained personnel Report of the Minister for Health for the Year 2010. Tonga: Ministry of Health [Tonga]; 2011.,2025-04-07T06:46:44Z,2007,2007-01-01,2007-12-31
8855490,MDG_0000000025,COUNTRY,CUB,AMR,Americas,YEAR,2006,,,,,,,,,100,100,,," Anuario Estadístico de Salud 2015. La Habana: Dirección de Registros Médicos y Estadísticas de Salud, Ministerio de Salud Pública de Cuba; 2016 (in Spanish).",2025-04-07T06:46:44Z,2006,2006-01-01,2006-12-31
8857759,MDG_0000000025,COUNTRY,POL,EUR,Europe,YEAR,2014,,,,,,,,,100,100,,," Statistics Poland (GUS) [Website]. Warsaw: Statistics Poland (GUS); 2020 (https://sdg.gov.pl/en/statistics_glob/3-1-2/, accessed 28 February 2021).",2025-04-07T06:46:44Z,2014,2014-01-01,2014-12-31
8858623,MDG_0000000025,COUNTRY,AUS,WPR,Western Pacific,YEAR,2014,,,,,,,,,100,100,,," Australia’s mothers and babies 2014 - in brief. Perinatal statistics series no. 32. Cat no. PER 87. Canberra: Australian Institute of Health and Welfare (AIHW); 2016. 
",2025-04-07T06:46:44Z,2014,2014-01-01,2014-12-31
8878389,MDG_0000000025,COUNTRY,VCT,AMR,Americas,YEAR,2017,,,,,,,,,99,99.3,,,PLISA Health Information Platform. Indicator profile: Deliveries attended by skilled birth attendants (%) [online database]. Washington; DC: Pan American Health Organization/World Health Organization (PAHO/WHO); 2023 (https://opendata.paho.org/es/indicadores-basicos/tablero-de-los-indicadores-basicos; accessed 21 September 2023).,2026-04-21T12:35:59Z,2017,2017-01-01,2017-12-31
8886712,MDG_0000000025,COUNTRY,BHR,EMR,Eastern Mediterranean,YEAR,2017,,,,,,,,,100,99.9,,,Country consultation 2019.,2026-04-21T12:35:59Z,2017,2017-01-01,2017-12-31
8913987,MDG_0000000025,COUNTRY,MSR,AMR,Americas,YEAR,2007,,,,,,,,,100,100,,,"Trained personnel PLISA Health Information Platform. Indicator profile: Deliveries attended by skilled birth attendants (%) [online database]. Washington, DC: Pan American Health Organization/World Health Organization (PAHO/WHO); 2021 (https://opendata.paho.org/es/indicadores-basicos/tablero-de-los-indicadores-basicos, accessed 30 December 2021). ",2025-04-07T06:46:44Z,2007,2007-01-01,2007-12-31
8914208,MDG_0000000025,COUNTRY,ARG,AMR,Americas,YEAR,2010,,,,,,,,,95,95,,, Estadísticas Vitales. Información Básica – Año 2010. Buenos Aires: Ministerio de Salud [Argentina]; 2011 (in Spanish).,2025-04-07T06:46:44Z,2010,2010-01-01,2010-12-31
8924877,MDG_0000000025,COUNTRY,AIA,AMR,Americas,YEAR,2017,,,,,,,,,100,100,,,PLISA Health Information Platform. Indicator profile: Deliveries attended by skilled birth attendants (%) [online database]. Washington; DC: Pan American Health Organization/World Health Organization (PAHO/WHO); 2021 (https://opendata.paho.org/es/indicadores-basicos/tablero-de-los-indicadores-basicos); accessed December 30; 2021).,2026-04-21T12:35:59Z,2017,2017-01-01,2017-12-31
8926761,MDG_0000000025,COUNTRY,SVK,EUR,Europe,YEAR,2000,,,,,,,,,100,100,,,"Skilled health personnel Transformative Monitoring for Enhanced Equity (TransMonEE) 2012 Database [online database]. Geneva: UNICEF Europe and Central Asia Regional Office; 2012 (www.transmonee.org, accessed 1 November 2012). ",2025-04-07T06:46:44Z,2000,2000-01-01,2000-12-31
8926848,MDG_0000000025,COUNTRY,AUT,EUR,Europe,YEAR,2020,,,,,,,,,98,98.1,,,Vital statistics. Live births (with place of birth in Austria) by medical characteristics since 2009 [website]. Vienna: Statistics Austria; 2021 (http://www.statistik.at/web_en/statistics/PeopleSociety/health/medical_and_sociomedical_characteristics_of_live_birth/110639.html; accessed 16 February 2021).,2026-04-21T12:35:59Z,2020,2020-01-01,2020-12-31
8928597,MDG_0000000025,COUNTRY,DMA,AMR,Americas,YEAR,2012,,,,,,,,,100,100,,,"Trained personnel PLISA Health Information Platform. Indicator profile: Deliveries attended by skilled birth attendants (%) [online database]. Washington, DC: Pan American Health Organization/World Health Organization (PAHO/WHO); 2021 (https://opendata.paho.org/es/indicadores-basicos/tablero-de-los-indicadores-basicos, accessed 30 December 2021). ",2025-04-07T06:46:44Z,2012,2012-01-01,2012-12-31
8935141,MDG_0000000025,COUNTRY,HRV,EUR,Europe,YEAR,2011,,,,,,,,,100,100,,, Statistical Yearbook of the Republic of Croatia 2013. Zagreb: Croatian Bureau of Statistics; 2013.  ,2025-04-07T06:46:44Z,2011,2011-01-01,2011-12-31
8946355,MDG_0000000025,COUNTRY,POL,EUR,Europe,YEAR,2009,,,,,,,,,100,100,,, Demographic Yearbook of Poland 2010 - Branch Yearbooks. Warsaw: Central Statistical Office [Poland]; 2010.,2025-04-07T06:46:44Z,2009,2009-01-01,2009-12-31
8949125,MDG_0000000025,COUNTRY,KAZ,EUR,Europe,YEAR,2008,,,,,,,,,99,99,,,Skilled health personnel Women and Men in Kazakhstan. Statistical brochure. Astana: Agency of the Republic of Kazakhstan on Statistics; 2010.,2025-04-07T06:46:44Z,2008,2008-01-01,2008-12-31
8952740,MDG_0000000025,COUNTRY,SLV,AMR,Americas,YEAR,2011,,,,,,,,,99,99,,, Informe de Labores 2012-2013. San Salvador: Ministerio de Salud de El Salvador; 2013 (in Spanish).,2025-04-07T06:46:44Z,2011,2011-01-01,2011-12-31
8953588,MDG_0000000025,COUNTRY,MDA,EUR,Europe,YEAR,2007,,,,,,,,,100,100,,,"Skilled health personnel Transformative Monitoring for Enhanced Equity (TransMonEE) 2012 Database [online database]. Geneva: UNICEF Europe and Central Asia Regional Office; 2012 (www.transmonee.org, accessed 1 November 2012). ",2025-04-07T06:46:44Z,2007,2007-01-01,2007-12-31
8958066,MDG_0000000025,COUNTRY,CRI,AMR,Americas,YEAR,2013,,,,,,,,,99,99,,, Estadísticas Vitales 2013. San José: Instituto Nacional de Estadística y Censos (INEC); 2014 (in Spanish).,2025-04-07T06:46:44Z,2013,2013-01-01,2013-12-31
8963937,MDG_0000000025,GLOBAL,GLOBAL,,,YEAR,2023,,,,,,,,,86,85.7,,,Estimate based on Joint UNICEF-WHO Database on Skilled Birth Attendance 2025,2026-04-21T12:35:59Z,2023,2023-01-01,2023-12-31
8964383,MDG_0000000025,COUNTRY,DEU,EUR,Europe,YEAR,2006,,,,,,,,,98,98,,, Qualitätsbericht 2012. Außerklinische Geburtshilfe in Deutschland. Storkow: Gesellschaft für Qualität in der außerklinischen Geburtshilfe e.V. (QUAG e.V.); 2014 (in German).  ,2025-04-07T06:46:44Z,2006,2006-01-01,2006-12-31
8965463,MDG_0000000025,COUNTRY,GRC,EUR,Europe,YEAR,2002,,,,,,,,,100,100,,,"Skilled persons Hellenic Republic, Hellenic Statistical Authority, General Directorate of Statistical Surveys, Vital and Migration Statistics Section, Statistical Output, provided during SDG Country Consultation",2025-04-07T06:46:44Z,2002,2002-01-01,2002-12-31
8966803,MDG_0000000025,COUNTRY,PSE,EMR,Eastern Mediterranean,YEAR,2014,,,,,,,,,100,100,,," Palestinian Multiple Indicator Cluster Survey 2014, Final Report, Ramallah: Palestinian Central Bureau of Statistics; 2015.",2025-04-07T06:46:44Z,2014,2014-01-01,2014-12-31
8976720,MDG_0000000025,COUNTRY,MYS,WPR,Western Pacific,YEAR,2014,,,,,,,,,99,99,,,Trained personnel Health Indicators 2015: Indicators for Monitoring and Evaluation of Strategy Health for All. Putrajaya: Ministry of Health [Malaysia]; 2015.,2025-04-07T06:46:44Z,2014,2014-01-01,2014-12-31
8977040,MDG_0000000025,COUNTRY,EST,EUR,Europe,YEAR,2005,,,,,,,,,100,100,,," Estonian Medical Birth Registry (EMBR). Skilled birth attendant, 1992-2019. Tallinn: National Institute for Health Development [Estonia]; 2020 (http://www.tai.ee/en/r-and-d/registers/estonian-medical-birth-registry-and-estonian-abortion-registry/statistics, accessed 15 October 2013).",2025-04-07T06:46:44Z,2005,2005-01-01,2005-12-31
8979902,MDG_0000000025,COUNTRY,BRA,AMR,Americas,YEAR,2018,,,,,,,,,99,98.8,,,Ministrio da Sade; Sistema de Informaes sobre Nascidos Vivos (SINASC); (https://odsbrasil.gov.br/objetivo3/indicador312#); 2021,2026-04-21T12:35:59Z,2018,2018-01-01,2018-12-31
8983251,MDG_0000000025,COUNTRY,LCA,AMR,Americas,YEAR,2018,,,,,,,,,100,100,,,PLISA Health Information Platform. Indicator profile: Deliveries attended by skilled birth attendants (%) [online database]. Washington; DC: Pan American Health Organization/World Health Organization (PAHO/WHO); 2021 (https://opendata.paho.org/es/indicadores-basicos/tablero-de-los-indicadores-basicos; accessed 30 December 2021).,2026-04-21T12:35:59Z,2018,2018-01-01,2018-12-31
8986529,MDG_0000000025,COUNTRY,AUT,EUR,Europe,YEAR,2001,,,,,,,,,98,98,,, Jahrbuch der Gesundheitsstatistik 2003. Wien: Statistik Austria; 2005 (in German).,2025-04-07T06:46:44Z,2001,2001-01-01,2001-12-31
8997899,MDG_0000000025,COUNTRY,JAM,AMR,Americas,YEAR,2018,,,,,,,,,100,99.7,,,Registrar General Department [Jamaica]; 2019,2026-04-21T12:35:59Z,2018,2018-01-01,2018-12-31
8998287,MDG_0000000025,REGION,WPR,,,YEAR,2000,,,,,,,,,90,90,,,,2024-04-26T13:59:03Z,2000,2000-01-01,2000-12-31
8999616,MDG_0000000025,COUNTRY,MYS,WPR,Western Pacific,YEAR,2008,,,,,,,,,99,99,,,Trained personnel Health Indicators 2008: Indicators for Monitoring and Evaluation of Strategy Health for All. Putrajaya: Ministry of Health [Malaysia]; 2009.,2025-04-07T06:46:44Z,2008,2008-01-01,2008-12-31
9002538,MDG_0000000025,COUNTRY,FIN,EUR,Europe,YEAR,2000,,,,,,,,,100,100,,,"Skilled health personnel Statistics Finland: https://pxnet2.stat.fi/PXWeb/pxweb/en/SDG/, last accessed 29/12/2021",2025-04-07T06:46:44Z,2000,2000-01-01,2000-12-31
9003404,MDG_0000000025,COUNTRY,HND,AMR,Americas,YEAR,2019,,,,,,,,,94,94.1,,,Instituto Nacional de Estadsticas y la Secretaria de Salud de Honduras. (2021). Encuesta Nacional de Demografa y Salud/Encuesta de Indicadores Mltiples por Conglomerados. Honduras 2019. Tegucigalpa.,2026-04-21T12:35:59Z,2019,2019-01-01,2019-12-31
9006730,MDG_0000000025,COUNTRY,SAU,EMR,Eastern Mediterranean,YEAR,2023,,,,,,,,,100,99.8,,,Women Health and Reproductive Survey,2026-04-21T12:35:59Z,2023,2023-01-01,2023-12-31
9008906,MDG_0000000025,COUNTRY,SVK,EUR,Europe,YEAR,2006,,,,,,,,,100,100,,,"Skilled health personnel Transformative Monitoring for Enhanced Equity (TransMonEE) 2012 Database [online database]. Geneva: UNICEF Europe and Central Asia Regional Office; 2012 (www.transmonee.org, accessed 1 November 2012). ",2025-04-07T06:46:44Z,2006,2006-01-01,2006-12-31
9010355,MDG_0000000025,COUNTRY,JAM,AMR,Americas,YEAR,2000,,,,,,,,,96,96,,,"Trained personnel PLISA Health Information Platform. Indicator profile: Deliveries attended by skilled birth attendants (%) [online database]. Washington, DC: Pan American Health Organization/World Health Organization (PAHO/WHO); 2021 (https://opendata.paho.org/es/indicadores-basicos/tablero-de-los-indicadores-basicos, accessed 30 December 2021). ",2025-04-07T06:46:44Z,2000,2000-01-01,2000-12-31
9011908,MDG_0000000025,COUNTRY,ATG,AMR,Americas,YEAR,2005,,,,,,,,,100,100,,,"Trained personnel Health Situation in the Americas: Basic Indicators 2006. Washington, DC: Pan American Health Organization/World Health Organization (PAHO/WHO), Health Analysis and Statistics Unit (HA); 2006.",2025-04-07T06:46:44Z,2005,2005-01-01,2005-12-31
9012183,MDG_0000000025,COUNTRY,MYS,WPR,Western Pacific,YEAR,2013,,,,,,,,,99,99,,,Trained personnel Health Indicators 2014: Indicators for Monitoring and Evaluation of Strategy Health for All. Putrajaya: Ministry of Health [Malaysia]; 2014.,2025-04-07T06:46:44Z,2013,2013-01-01,2013-12-31
9012810,MDG_0000000025,COUNTRY,UZB,EUR,Europe,YEAR,2008,,,,,,,,,100,100,,,"Skilled health personnel Transformative Monitoring for Enhanced Equity (TransMonEE) 2016 Database [online database]. Geneva: UNICEF Europe and Central Asia Regional Office; 2016 (www.transmonee.org, accessed 17 October 2016). ",2025-04-07T06:46:44Z,2008,2008-01-01,2008-12-31
9012851,MDG_0000000025,COUNTRY,IDN,WPR,Western Pacific,YEAR,2024,,,,,,,,,97,96.8,,,SUSENAS 2023 as part of Welfare Statistics 2024,2026-04-21T12:35:59Z,2024,2024-01-01,2024-12-31
9015483,MDG_0000000025,COUNTRY,NIU,WPR,Western Pacific,YEAR,2007,,,,,,,,,100,100,,,Skilled health personnel 2010 Pacific Regional MDGs Tracking Report. Suva: Pacific Islands Forum Secretariat (PIFS); 2010.,2025-04-07T06:46:44Z,2007,2007-01-01,2007-12-31
9016288,MDG_0000000025,COUNTRY,CZE,EUR,Europe,YEAR,2011,,,,,,,,,100,100,,, Rodi?ka a novorozenec 2011 [Mother and Newborn 2011]. Prague: Ústav zdravotnických informací a statistiky ?R [Institute of Health Information and Statistics of the Czech Republic]; 2012 (in Czech).,2025-04-07T06:46:44Z,2011,2011-01-01,2011-12-31
9022070,MDG_0000000025,COUNTRY,DNK,EUR,Europe,YEAR,2006,,,,,,,,,99,99,,," Sundhedsstyrelsen [National Board of Health, Denmark]. Nye tal fra Sundhedsstyrelsen - Fødselsregisteret 2007, 2008:1 [New figures from the National Board of Health, Denmark - Birth Registry 2007, 2008:1]. Copenhagen: Sundhedsstyrelsen; 2008 (in Danish).",2025-04-07T06:46:44Z,2006,2006-01-01,2006-12-31
9022948,MDG_0000000025,COUNTRY,JPN,WPR,Western Pacific,YEAR,2005,,,,,,,,,100,100,,," 2009 Vital Statistics of Japan. Table 4.8: Trends in percent distribution of live births by place of delivery [website]. Tokyo: Ministry of Health, Labour and Welfare [Japan]; 2010 (http://www.mhlw.go.jp). ",2025-04-07T06:46:44Z,2005,2005-01-01,2005-12-31
9031332,MDG_0000000025,COUNTRY,MYS,WPR,Western Pacific,YEAR,2007,,,,,,,,,99,99,,,Trained personnel Health Indicators 2007: Indicators for Monitoring and Evaluation of Strategy Health for All. Putrajaya: Ministry of Health [Malaysia]; 2008.,2025-04-07T06:46:44Z,2007,2007-01-01,2007-12-31
9041369,MDG_0000000025,COUNTRY,PHL,WPR,Western Pacific,YEAR,2011,,,,,,,,,72,72,,," 2011 Family Health Survey (FHS). Final Report. Quezon City: National Statistics Office [Philippines], United States Agency for International Development (USAID); 2012.",2025-04-07T06:46:44Z,2011,2011-01-01,2011-12-31
9041438,MDG_0000000025,COUNTRY,BHR,EMR,Eastern Mediterranean,YEAR,2015,,,,,,,,,100,100,,,Skilled health personnel Health Statistics of 2017. Bahrain: Ministry of Health; 2018.,2025-04-07T06:46:44Z,2015,2015-01-01,2015-12-31
9044138,MDG_0000000025,COUNTRY,PRY,AMR,Americas,YEAR,2018,,,,,,,,,98,97.7,,,Estadsticas Vitales del Paraguay 2018. Fernando de la Mora: Direccin General de Estadstica; Encuestas y Censos (DGEEC) [Paraguay]; 2019 (in Spanish).,2026-04-21T12:35:59Z,2018,2018-01-01,2018-12-31
9063951,MDG_0000000025,COUNTRY,NIC,AMR,Americas,YEAR,2017,,,,,,,,,94,94.1,,,PLISA Health Information Platform. Indicator profile: Deliveries attended by skilled birth attendants (%) [online database]. Washington; DC: Pan American Health Organization/World Health Organization (PAHO/WHO); 2021 (https://opendata.paho.org/es/indicadores-basicos/tablero-de-los-indicadores-basicos; accessed 30 December 2021).,2026-04-21T12:35:59Z,2017,2017-01-01,2017-12-31
9064601,MDG_0000000025,COUNTRY,CRI,AMR,Americas,YEAR,2016,,,,,,,,,99,98.8,,,Estadsticas Vitales 2016. San Jos: Instituto Nacional de Estadstica y Censos (INEC); 2017 (in Spanish).,2026-04-21T12:35:59Z,2016,2016-01-01,2016-12-31
9069997,MDG_0000000025,COUNTRY,LCA,AMR,Americas,YEAR,2005,,,,,,,,,100,100,,,"Trained personnel Health Situation in the Americas: Basic Indicators 2007. Washington, DC: Pan American Health Organization/World Health Organization (PAHO/WHO), Health Analysis and Statistics Unit (HA); 2007.",2025-04-07T06:46:44Z,2005,2005-01-01,2005-12-31
9083394,MDG_0000000025,REGION,AMR,,,YEAR,2011,,,,,,,,,95,95,,,,2024-04-26T13:59:03Z,2011,2011-01-01,2011-12-31
9089083,MDG_0000000025,COUNTRY,DEU,EUR,Europe,YEAR,2003,,,,,,,,,99,99,,, Qualitätsbericht 2012. Außerklinische Geburtshilfe in Deutschland. Storkow: Gesellschaft für Qualität in der außerklinischen Geburtshilfe e.V. (QUAG e.V.); 2014 (in German). ,2025-04-07T06:46:44Z,2003,2003-01-01,2003-12-31
9089395,MDG_0000000025,COUNTRY,PHL,WPR,Western Pacific,YEAR,2008,,,,,,,,,62,62,,," National Statistics Office (NSO) [Philippines], ICF Macro. National Demographic and Health Survey 2008. Calverton, Maryland: National Statistics Office, ICF Macro; 2009.",2025-04-07T06:46:44Z,2008,2008-01-01,2008-12-31
9091056,MDG_0000000025,COUNTRY,DNK,EUR,Europe,YEAR,2012,,,,,,,,,98,98,,, Statens Serum Institut. Fødselsstatistikken. Tal og analyser 2012 [Birth Statistics. Numbers and analysis 2012]. Copenhagen: Statens Serum Institut; 2013 (in Danish).,2025-04-07T06:46:44Z,2012,2012-01-01,2012-12-31
9091343,MDG_0000000025,COUNTRY,CZE,EUR,Europe,YEAR,2010,,,,,,,,,100,100,,, Rodi?ka a novorozenec 2010 [Mother and Newborn 2010]. Prague: Ústav zdravotnických informací a statistiky ?R [Institute of Health Information and Statistics of the Czech Republic]; 2011 (in Czech).,2025-04-07T06:46:44Z,2010,2010-01-01,2010-12-31
9094366,MDG_0000000025,COUNTRY,ECU,AMR,Americas,YEAR,2007,,,,,,,,,86,86,,,"Doctors, obstetrician and nurse Registro Estadístico de Nacidos Vivos, Instituto Nacional de Estadística y Censos",2025-04-07T06:46:44Z,2007,2007-01-01,2007-12-31
9096148,MDG_0000000025,COUNTRY,BOL,AMR,Americas,YEAR,2021,,,,,,,,,94,94.3,,,Encuesta de Hogares 2021,2026-04-21T12:35:59Z,2021,2021-01-01,2021-12-31
9096537,MDG_0000000025,COUNTRY,CUB,AMR,Americas,YEAR,2011,,,,,,,,,100,100,,," Anuario Estadístico de Salud 2015. La Habana: Dirección de Registros Médicos y Estadísticas de Salud, Ministerio de Salud Pública de Cuba; 2016 (in Spanish).",2025-04-07T06:46:44Z,2011,2011-01-01,2011-12-31
9101188,MDG_0000000025,COUNTRY,SLE,AFR,Africa,YEAR,2019,,,,,,,,,87,86.9,,,Sierra Leone Demographic and Health Survey 2019. Freetown; Rockville; Maryland: Statistics Sierra Leone (Stats SL); ICF; 2020.,2026-04-21T12:35:59Z,2019,2019-01-01,2019-12-31
9103720,MDG_0000000025,COUNTRY,AIA,AMR,Americas,YEAR,2015,,,,,,,,,99,99,,,"Trained personnel PLISA Health Information Platform. Indicator profile: Deliveries attended by skilled birth attendants (%) [online database]. Washington, DC: Pan American Health Organization/World Health Organization (PAHO/WHO); 2021 (https://opendata.paho.org/es/indicadores-basicos/tablero-de-los-indicadores-basicos), accessed December 30, 2021). 	",2025-04-07T06:46:44Z,2015,2015-01-01,2015-12-31
9107022,MDG_0000000025,COUNTRY,KWT,EMR,Eastern Mediterranean,YEAR,2018,,,,,,,,,100,99.9,,,Annual Bulletin for Vital Statistics - Births and Deaths 2018. Kuwait City: Central Statistical Bureau (Office) [Kuwait]; 2019.,2026-04-21T12:35:59Z,2018,2018-01-01,2018-12-31
9107591,MDG_0000000025,COUNTRY,MEX,AMR,Americas,YEAR,2012,,,,,,,,,100,100,,,"Doctor, nurse, partera (TBA) Gutiérrez JP, Rivera-Dommarco J, Shamah-Levy T, Villalpando-Hernández S, Franco A, Cuevas-Nasu L, Romero-Martínez M, Hernández-Ávila M. (Instituto Nacional de Salud Pública [Mexico]). Encuesta Nacional de Salud y Nutrición 2012. Resultados Nacionales. Cuernavaca: Instituto Nacional de Salud Pública [Mexico]; 2012 (in Spanish).",2025-04-07T06:46:44Z,2012,2012-01-01,2012-12-31
9109563,MDG_0000000025,REGION,EUR,,,YEAR,2019,,,,,,,,,99,98.9,,,Estimate based on Joint UNICEF-WHO Database on Skilled Birth Attendance 2025,2026-04-21T12:35:59Z,2019,2019-01-01,2019-12-31
9128102,MDG_0000000025,COUNTRY,VCT,AMR,Americas,YEAR,2020,,,,,,,,,98,98.1,,,PLISA Health Information Platform. Indicator profile: Deliveries attended by skilled birth attendants (%) [online database]. Washington; DC: Pan American Health Organization/World Health Organization (PAHO/WHO); 2023 (https://opendata.paho.org/es/indicadores-basicos/tablero-de-los-indicadores-basicos; accessed 21 September 2023).,2026-04-21T12:35:59Z,2020,2020-01-01,2020-12-31
9141474,MDG_0000000025,REGION,SEAR,,,YEAR,2008,,,,,,,,,56,56,,,,2024-04-26T13:59:03Z,2008,2008-01-01,2008-12-31
9147365,MDG_0000000025,COUNTRY,COL,AMR,Americas,YEAR,2020,,,,,,,,,98,97.8,,,DANE. Estadsticas Vitales - Nacimientos 2019; partos atendidos por mdico o enfermero(a). Bogot D.C.: Departamento Administrativo Nacional de Estadstica (DANE); 2020.,2026-04-21T12:35:59Z,2020,2020-01-01,2020-12-31
9149136,MDG_0000000025,COUNTRY,KNA,AMR,Americas,YEAR,2011,,,,,,,,,100,100,,,"Trained personnel PLISA Health Information Platform. Indicator profile: Deliveries attended by skilled birth attendants (%) [online database]. Washington, DC: Pan American Health Organization/World Health Organization (PAHO/WHO); 2021 (https://opendata.paho.org/es/indicadores-basicos/tablero-de-los-indicadores-basicos, accessed 30 December 2021). ",2025-04-07T06:46:44Z,2011,2011-01-01,2011-12-31
9150293,MDG_0000000025,COUNTRY,BLR,EUR,Europe,YEAR,2003,,,,,,,,,100,100,,,"Skilled health personnel Transformative Monitoring for Enhanced Equity (TransMonEE) 2012 Database [online database]. Geneva: UNICEF Europe and Central Asia Regional Office; 2012 (www.transmonee.org, accessed 1 November 2012). ",2025-04-07T06:46:44Z,2003,2003-01-01,2003-12-31
9162852,MDG_0000000025,REGION,SEAR,,,YEAR,2011,,,,,,,,,68,68,,,,2024-04-26T13:59:03Z,2011,2011-01-01,2011-12-31
9173480,MDG_0000000025,COUNTRY,AZE,EUR,Europe,YEAR,2012,,,,,,,,,100,100,,,Skilled health personnel Statistical Yearbook of Azerbaijan 2013. Baku: State Statistical Committee of the Republic of Azerbaijan; 2013.,2025-04-07T06:46:44Z,2012,2012-01-01,2012-12-31
9175843,MDG_0000000025,COUNTRY,NIC,AMR,Americas,YEAR,2016,,,,,,,,,94,94.1,,,PLISA Health Information Platform. Indicator profile: Deliveries attended by skilled birth attendants (%) [online database]. Washington; DC: Pan American Health Organization/World Health Organization (PAHO/WHO); 2021 (https://opendata.paho.org/es/indicadores-basicos/tablero-de-los-indicadores-basicos; accessed 30 December 2021).,2026-04-21T12:35:59Z,2016,2016-01-01,2016-12-31
9181242,MDG_0000000025,COUNTRY,YEM,EMR,Eastern Mediterranean,YEAR,2003,,,,,,,,,27,27,,," The Yemen Family Health Survey: Principal Report. Cairo: Ministry of Health and Population [Yemen], Central Statistical Organization [Yemen], League of Arab States; 2004.",2025-04-07T06:46:44Z,2003,2003-01-01,2003-12-31
9181868,MDG_0000000025,COUNTRY,MHL,WPR,Western Pacific,YEAR,2017,,,,,,,,,92,92.4,,,Republic of the Marshall Islands Ministry of Health and Human Services; RMI Economic; Policy Planning and Statistics Office; UNICEF. Republic of the Marshall Islands Integrated Child Health and Nutrition Survey 2017; Final Report. Majuro: Republic of the Marshall Islands Ministry of Health and Human Services; RMI Economic; Policy Planning and Statistics Office; 2017.,2026-04-21T12:35:59Z,2017,2017-01-01,2017-12-31
9185871,MDG_0000000025,REGION,AFR,,,YEAR,2016,,,,,,,,,61,61.1,,,Estimate based on Joint UNICEF-WHO Database on Skilled Birth Attendance 2025,2026-04-21T12:35:59Z,2016,2016-01-01,2016-12-31
9185879,MDG_0000000025,COUNTRY,COM,AFR,Africa,YEAR,2022,,,,,,,,,97,97.2,,,INSEED COMORES. 2023. Enqute par Grappes Indicateurs Multiples MICS6 2022; Rapport sur les rsultats de l'enqute. Moroni; Comores : INSEED COMORES.,2026-04-21T12:35:59Z,2022,2022-01-01,2022-12-31
9188056,MDG_0000000025,REGION,WPR,,,YEAR,2009,,,,,,,,,94,94,,,,2024-04-26T13:59:03Z,2009,2009-01-01,2009-12-31
9194428,MDG_0000000025,COUNTRY,DNK,EUR,Europe,YEAR,2000,,,,,,,,,99,99,,," Sundhedsstyrelsen [National Board of Health, Denmark]. Nye tal fra Sundhedsstyrelsen - Fødselsregisteret 1997-2001, 2003:12 [New figures from the National Board of Health, Denmark - Birth Registry 1997-2001, 2003:12]. Copenhagen: Sundhedsstyrelsen; 2003 (in Danish).",2025-04-07T06:46:44Z,2000,2000-01-01,2000-12-31
9206364,MDG_0000000025,COUNTRY,PRT,EUR,Europe,YEAR,2020,,,,,,,,,99,98.6,,,Annual Statistics Portugal Live births (No.) by Place of residence of mother (NUTS - 2013); Sex; Place of delivery of the mother; Medical assistance and Size class of weight at birth; Annual. 2020 [online database]. Lisbon: Instituto Nacional de Estadstica (INE) [Portugal]; 2021,2026-04-21T12:35:59Z,2020,2020-01-01,2020-12-31
9206480,MDG_0000000025,COUNTRY,BEN,AFR,Africa,YEAR,2014,,,,,,,,,77,77,,," Institut national de la statistique et de l’analyse économique (INSAE), Bénin, Fonds des Nations Unies pour l’Enfance (UNICEF). Enquête par grappes à indicateurs multiples 2014, Rapport final. Cotonou, Bénin: Institut national de la statistique et de l’analyse économique; 2015 (in French).",2025-04-07T06:46:44Z,2014,2014-01-01,2014-12-31
9207388,MDG_0000000025,COUNTRY,USA,AMR,Americas,YEAR,2011,,,,,,,,,99,99,,," Martin JA, Hamilton BE, Ventura SJ, Osterman MJK, Mathews TJ. Births: Final data for 2011. National Vital Statistics Reports; vol 62, no 1. Hyattsville, MD: National Center for Health Statistics; 2013.",2025-04-07T06:46:44Z,2011,2011-01-01,2011-12-31
9207567,MDG_0000000025,COUNTRY,NAM,AFR,Africa,YEAR,2000,,,,,,,,,76,76,,," Ministry of Health and Social Services (MOHSS) [Namibia]. Namibia Demographic and Health Survey 2000. Windhoek, Namibia: MOHSS; 2003.",2025-04-07T06:46:44Z,2000,2000-01-01,2000-12-31
9213439,MDG_0000000025,COUNTRY,BRN,WPR,Western Pacific,YEAR,2019,,,,,,,,,100,99.6,,,Ministry of Health [Brunei Darussalam]; 2022.,2026-04-21T12:35:59Z,2019,2019-01-01,2019-12-31
9214471,MDG_0000000025,COUNTRY,ETH,AFR,Africa,YEAR,2000,,,,,,,,,6,6,,,"Health professional Central Statistical Authority [Ethiopia], ORC Macro. Ethiopia Demographic and Health Survey 2000. Addis Ababa, Ethiopia and Calverton, Maryland, USA: Central Statistical Authority, ORC Macro; 2001.",2025-04-07T06:46:44Z,2000,2000-01-01,2000-12-31
9219268,MDG_0000000025,COUNTRY,MYS,WPR,Western Pacific,YEAR,2002,,,,,,,,,97,97,,,Safe deliveries Health Indicators 2002: Indicators for Monitoring and Evaluation of Strategy Health for All. Putrajaya: Ministry of Health [Malaysia]; 2003.,2025-04-07T06:46:44Z,2002,2002-01-01,2002-12-31
9232643,MDG_0000000025,COUNTRY,NIU,WPR,Western Pacific,YEAR,2002,,,,,,,,,100,100,,,"Skilled health personnel Secretariat of the Pacific Community (SPC), United Nations Development Programme (UNDP), the UN/CROP MDG Working Group. Pacific Islands Regional Millennium Development Goals Report 2004. Noumea: Secretariat of the Pacific Community (SPC); 2004.",2025-04-07T06:46:44Z,2002,2002-01-01,2002-12-31
9234596,MDG_0000000025,COUNTRY,BIH,EUR,Europe,YEAR,2016,,,,,,,,,100,99.9,,,Statistical Yearbook Federation of Bosnia and Herzegovina 2017. Sarajevo: Institute for Statistics of Federation of Bosnia and Herzegovina; 2017.,2026-04-21T12:35:59Z,2016,2016-01-01,2016-12-31
9239324,MDG_0000000025,COUNTRY,ECU,AMR,Americas,YEAR,2001,,,,,,,,,71,71,,,"Doctors, obstetrician and nurse Estadísticas Vitales: Registro Estadístico de Nacidos Vivos y Defunciones 2020. Quito: Instituto Nacional de Estadística y Censos (INEC); 2021 (in Spanish). ",2025-04-07T06:46:44Z,2001,2001-01-01,2001-12-31
9244044,MDG_0000000025,COUNTRY,ARE,EMR,Eastern Mediterranean,YEAR,2014,,,,,,,,,100,100,,,"Skilled health personnel Open Data: Health Core Indicators. Basic Health Indicators [website]. Abu Dhabi: Ministry of Health and Prevention [UAE]; 2017 (www.mohap.gov.ae/en/OpenData, accessed 20 December 2017).  ",2025-04-07T06:46:44Z,2014,2014-01-01,2014-12-31
9259290,MDG_0000000025,COUNTRY,ROU,EUR,Europe,YEAR,2001,,,,,,,,,99,99,,,"Skilled health personnel Transformative Monitoring for Enhanced Equity (TransMonEE) 2012 Database [online database]. Geneva: UNICEF Europe and Central Asia Regional Office; 2012 (www.transmonee.org, accessed 1 November 2012). ",2025-04-07T06:46:44Z,2001,2001-01-01,2001-12-31
9262478,MDG_0000000025,COUNTRY,DMA,AMR,Americas,YEAR,2009,,,,,,,,,100,100,,,"Trained personnel PLISA Health Information Platform. Indicator profile: Deliveries attended by skilled birth attendants (%) [online database]. Washington, DC: Pan American Health Organization/World Health Organization (PAHO/WHO); 2021 (https://opendata.paho.org/es/indicadores-basicos/tablero-de-los-indicadores-basicos, accessed 30 December 2021). ",2025-04-07T06:46:44Z,2009,2009-01-01,2009-12-31
9262748,MDG_0000000025,COUNTRY,BGR,EUR,Europe,YEAR,2001,,,,,,,,,98,98,,, National Statistical Institute of Bulgaria; 2023.,2025-04-07T06:46:44Z,2001,2001-01-01,2001-12-31
9263634,MDG_0000000025,COUNTRY,BTN,SEAR,South-East Asia,YEAR,2003,,,,,,,,,56,56,,,"Hospital / Polyclinic / Maternity, plus those delivered at home with medical assistance Bhutan Living Standard Survey (BLSS) 2003. Thimphu: National Statistics Bureau, Bhutan; 2004.",2025-04-07T06:46:44Z,2003,2003-01-01,2003-12-31
9266051,MDG_0000000025,COUNTRY,BWA,AFR,Africa,YEAR,2015,,,,,,,,,100,100,,, Botswana Maternal Mortality Ratio (MMR) 2011 – 2015. Gaborone: Statistics Botswana (CSO); 2017.,2025-04-07T06:46:44Z,2015,2015-01-01,2015-12-31
9273632,MDG_0000000025,COUNTRY,DNK,EUR,Europe,YEAR,2010,,,,,,,,,99,99,,," Sundhedsstyrelsen [National Board of Health, Denmark]. Fødselsstatistikken 2011 [Birth Statistics 2011]. Copenhagen: Sundhedsstyrelsen; 2012 (in Danish).",2025-04-07T06:46:44Z,2010,2010-01-01,2010-12-31
9279995,MDG_0000000025,COUNTRY,GRD,AMR,Americas,YEAR,2011,,,,,,,,,100,100,,,"Trained personnel PLISA Health Information Platform. Indicator profile: Deliveries attended by skilled birth attendants (%) [online database]. Washington, DC: Pan American Health Organization/World Health Organization (PAHO/WHO); 2018 (http://www.paho.org/data/index.php/en/indicators/visualization.html, accessed 11 February 2020). ",2025-04-07T06:46:44Z,2011,2011-01-01,2011-12-31
9280053,MDG_0000000025,COUNTRY,LCA,AMR,Americas,YEAR,2010,,,,,,,,,99,99,,,"Trained personnel PLISA Health Information Platform. Indicator profile: Deliveries attended by skilled birth attendants (%) [online database]. Washington, DC: Pan American Health Organization/World Health Organization (PAHO/WHO); 2018 (http://www.paho.org/data/index.php/en/indicators/visualization.html, accessed 11 February 2020). ",2025-04-07T06:46:44Z,2010,2010-01-01,2010-12-31
9280421,MDG_0000000025,COUNTRY,NOR,EUR,Europe,YEAR,2008,,,,,,,,,99,99,,," Dataset: F11: Fødested. 2008. [online database]. Oslo: Folkehelseinstituttet, Medisinsk fødselsregister [Norwegian Institute of Public Health (NIPH), Medical Birth Registry]; 2009 (http://statistikkbank.fhi.no/mfr, accessed 10 October 2011, in Norwegian). ",2025-04-07T06:46:44Z,2008,2008-01-01,2008-12-31
9290089,MDG_0000000025,COUNTRY,BTN,SEAR,South-East Asia,YEAR,2005,,,,,,,,,52,52,,,"Trained personnel Statistical Yearbook of Bhutan 2010. Thimphu: National Statistics Bureau, Bhutan; 2010. ",2025-04-07T06:46:44Z,2005,2005-01-01,2005-12-31
9290227,MDG_0000000025,COUNTRY,PRT,EUR,Europe,YEAR,2013,,,,,,,,,100,100,,," Annual Statistics Portugal – Live births (No.) by Place of residence of mother (NUTS - 2013), Sex, Place of delivery of the mother, Medical assistance and Size class of weight at birth; Annual. 2013 [online database]. Lisbon: Instituto Nacional de Estadística (INE) [Portugal]; 2020 ",2025-04-07T06:46:44Z,2013,2013-01-01,2013-12-31
9299811,MDG_0000000025,COUNTRY,UZB,EUR,Europe,YEAR,2013,,,,,,,,,100,100,,,"Skilled health personnel Transformative Monitoring for Enhanced Equity (TransMonEE) 2016 Database [online database]. Geneva: UNICEF Europe and Central Asia Regional Office; 2016 (www.transmonee.org, accessed 17 October 2016). ",2025-04-07T06:46:44Z,2013,2013-01-01,2013-12-31
9303445,MDG_0000000025,COUNTRY,BGD,SEAR,South-East Asia,YEAR,2006,,,,,,,,,20,20,,," Multiple Indicator Cluster Survey 2006. Progotir Pathey 2006. Volume I: Technical Report. Bangladesh: Bangladesh Bureau of Statistics, Planning Division, Ministry of Planning, United Nations Children's Fund (UNICEF); 2007.
",2025-04-07T06:46:44Z,2006,2006-01-01,2006-12-31
9306018,MDG_0000000025,COUNTRY,TCD,AFR,Africa,YEAR,2019,,,,,,,,,47,47.2,,,INSEED et UNICEF. 2020. MICS6-Tchad; 2019; Rapport final. N'Djamena; Tchad.,2026-04-21T12:35:59Z,2019,2019-01-01,2019-12-31
9306839,MDG_0000000025,COUNTRY,BOL,AMR,Americas,YEAR,2010,,,,,,,,,70,70,,, Registros administrativos del Sistema Nacional de Salud y Vigilancia Epidemiológica del Ministerio de Salud y Deportes - 2022,2025-04-07T06:46:44Z,2010,2010-01-01,2010-12-31
9316226,MDG_0000000025,COUNTRY,BLZ,AMR,Americas,YEAR,2000,,,,,,,,,90,90,,,"Trained personnel PLISA Health Information Platform. Indicator profile: Deliveries attended by skilled birth attendants (%) [online database]. Washington, DC: Pan American Health Organization/World Health Organization (PAHO/WHO); 2021 (https://opendata.paho.org/es/indicadores-basicos/tablero-de-los-indicadores-basicos, accessed 30 December 2021). ",2025-04-07T06:46:44Z,2000,2000-01-01,2000-12-31
9317960,MDG_0000000025,COUNTRY,LCA,AMR,Americas,YEAR,2002,,,,,,,,,98,98,,,"Trained personnel Health Situation in the Americas: Basic Indicators 2004. Washington, DC: Pan American Health Organization/World Health Organization (PAHO/WHO), Area of Health Analysis and Information Systems (AIS); 2004.",2025-04-07T06:46:44Z,2002,2002-01-01,2002-12-31
9322164,MDG_0000000025,REGION,AMR,,,YEAR,2023,,,,,,,,,97,96.5,,,Estimate based on Joint UNICEF-WHO Database on Skilled Birth Attendance 2025,2026-04-21T12:35:59Z,2023,2023-01-01,2023-12-31
9338134,MDG_0000000025,COUNTRY,ECU,AMR,Americas,YEAR,2002,,,,,,,,,74,74,,,"Doctors, obstetrician and nurse Estadísticas Vitales: Registro Estadístico de Nacidos Vivos y Defunciones 2020. Quito: Instituto Nacional de Estadística y Censos (INEC); 2021 (in Spanish). ",2025-04-07T06:46:44Z,2002,2002-01-01,2002-12-31
9339373,MDG_0000000025,COUNTRY,TJK,EUR,Europe,YEAR,2012,,,,,,,,,87,87,,," Statistical Agency under the President of the Republic of Tajikistan (SA), Ministry of Health [Tajikistan], ICF International. Tajikistan Demographic and Health Survey 2012. Dushanbe, Tajikistan, Calverton, Maryland, USA: SA, MOH, ICF International; 2013.",2025-04-07T06:46:44Z,2012,2012-01-01,2012-12-31
9342955,MDG_0000000025,COUNTRY,ARM,EUR,Europe,YEAR,2006,,,,,,,,,100,100,,,"Skilled health personnel Transformative Monitoring for Enhanced Equity (TransMonEE) 2012 Database [online database]. Geneva: UNICEF Europe and Central Asia Regional Office; 2012 (www.transmonee.org, accessed 1 November 2012). ",2025-04-07T06:46:44Z,2006,2006-01-01,2006-12-31
9354352,MDG_0000000025,COUNTRY,DMA,AMR,Americas,YEAR,2010,,,,,,,,,100,100,,,"Trained personnel PLISA Health Information Platform. Indicator profile: Deliveries attended by skilled birth attendants (%) [online database]. Washington, DC: Pan American Health Organization/World Health Organization (PAHO/WHO); 2021 (https://opendata.paho.org/es/indicadores-basicos/tablero-de-los-indicadores-basicos, accessed 30 December 2021). ",2025-04-07T06:46:44Z,2010,2010-01-01,2010-12-31
9357621,MDG_0000000025,COUNTRY,UZB,EUR,Europe,YEAR,2001,,,,,,,,,100,100,,,"Skilled health personnel Transformative Monitoring for Enhanced Equity (TransMonEE) 2012 Database [online database]. Geneva: UNICEF Europe and Central Asia Regional Office; 2012 (www.transmonee.org, accessed 1 November 2012). ",2025-04-07T06:46:44Z,2001,2001-01-01,2001-12-31
9361066,MDG_0000000025,COUNTRY,PRT,EUR,Europe,YEAR,2018,,,,,,,,,100,99.9,,,Annual Statistics Portugal Live births (No.) by Place of residence of mother (NUTS - 2013); Sex; Place of delivery of the mother; Medical assistance and Size class of weight at birth; Annual. 2018 [online database]. Lisbon: Instituto Nacional de Estadstica (INE) [Portugal]; 2020,2026-04-21T12:35:59Z,2018,2018-01-01,2018-12-31
9362374,MDG_0000000025,COUNTRY,MEX,AMR,Americas,YEAR,2020,,,,,,,,,89,88.7,,,PLISA Health Information Platform. Indicator profile: Deliveries attended by skilled birth attendants (%) [online database]. Washington; DC: Pan American Health Organization/World Health Organization (PAHO/WHO); 2023 (https://opendata.paho.org/es/indicadores-basicos/tablero-de-los-indicadores-basicos; accessed 1 February 2024).,2026-04-21T12:35:59Z,2020,2020-01-01,2020-12-31
9363409,MDG_0000000025,COUNTRY,CUB,AMR,Americas,YEAR,2017,,,,,,,,,100,99.9,,,Anuario Estadstico de Salud 2017. La Habana: Direccin de Registros Mdicos y Estadsticas de Salud; Ministerio de Salud Pblica de Cuba; 2018 (in Spanish).,2026-04-21T12:35:59Z,2017,2017-01-01,2017-12-31
9366681,MDG_0000000025,COUNTRY,URY,AMR,Americas,YEAR,2011,,,,,,,,,100,100,,," Estadísticas Vitales Natalidad 2011-2014, Certificado de Nacido Vivo de Uruguay [website]. Montevideo: Ministerio de Salud Publica, Instituto Nacional de Estadística; 2015 (www.estadisticas.msp.gub.uy/index.php/catalog/19/datafile/F6, accessed 19 April 2014, in Spanish).",2025-04-07T06:46:44Z,2011,2011-01-01,2011-12-31
9371274,MDG_0000000025,COUNTRY,BRA,AMR,Americas,YEAR,2014,,,,,,,,,98,98,,," Ministério da Saúde, Sistema de Informações sobre Nascidos Vivos (SINASC); (https://odsbrasil.gov.br/objetivo3/indicador312#); 2021",2025-04-07T06:46:44Z,2014,2014-01-01,2014-12-31
9373485,MDG_0000000025,COUNTRY,CYP,EUR,Europe,YEAR,2011,,,,,,,,,98,98,,, Statistical Service. Demographic Report 2012. Republic of Cyprus; 2014.,2025-04-07T06:46:44Z,2011,2011-01-01,2011-12-31
9373811,MDG_0000000025,COUNTRY,DNK,EUR,Europe,YEAR,2015,,,,,,,,,95,95,,," Det Medicinske Fødselsregister (MFR), MFR-kuben, Institutional deliveries [online database]. Copenhagen: Sundhedsdatastyrelsen [National Board of Health Data, Denmark]; 2017 (http://www.esundhed.dk/sundhedsregistre/MFR/Sider/MFR06A.aspx, accessed 1 November 2017, in Danish).",2025-04-07T06:46:44Z,2015,2015-01-01,2015-12-31
9375993,MDG_0000000025,COUNTRY,KHM,WPR,Western Pacific,YEAR,2004,,,,,,,,,16,16,,,Skilled health personnel Western Pacific Country Health Information Profiles: 2006 Revision. Manila: World Health Organization Regional Office for the Western Pacific (WPRO); 2006.,2025-04-07T06:46:44Z,2004,2004-01-01,2004-12-31
9376294,MDG_0000000025,COUNTRY,BGD,SEAR,South-East Asia,YEAR,2007,,,,,,,,,18,18,,,"Doctor, nurse, midwife, paramedic, family welfare visitor, and CSBA National Institute of Population Research and Training (NIPORT), Mitra and Associates, Macro International. Bangladesh Demographic and Health Survey 2007. Dhaka, Bangladesh and Calverton, Maryland, USA: National Institute of Population Research and Training, Mitra and Associates, Macro International; 2009.",2025-04-07T06:46:44Z,2007,2007-01-01,2007-12-31
9382580,MDG_0000000025,COUNTRY,UZB,EUR,Europe,YEAR,2017,,,,,,,,,100,100,,,Country consultation 2019. The global goals. 3.1.2 - Proportion of births attended by skilled health personnel [website]. Uzbekistan; 2019 (http://nsdg.stat.uz/en/databanks/indicator-table?id=3.1.2; accessed 12 February 2020).,2026-04-21T12:35:59Z,2017,2017-01-01,2017-12-31
9382780,MDG_0000000025,COUNTRY,BHR,EMR,Eastern Mediterranean,YEAR,2006,,,,,,,,,98,98,,, Health Statistics of 2006. Bahrain: Ministry of Health; 2007.,2025-04-07T06:46:44Z,2006,2006-01-01,2006-12-31
9387691,MDG_0000000025,COUNTRY,PAN,AMR,Americas,YEAR,2016,,,,,,,,,95,94.6,,,Estadsticas Vitales - Volumen II - Nacimientos Vivos y Defunciones Fetales: Ao 2016 [electronic publication]. Panam: Instituto Nacional de Estadstica y Censo (INEC) [Panama]; 2017 (http://www.contraloria.gob.pa/inec/Publicaciones; accessed 13 December 2017; in Spanish).,2026-04-21T12:35:59Z,2016,2016-01-01,2016-12-31
9387920,MDG_0000000025,COUNTRY,BRN,WPR,Western Pacific,YEAR,2008,,,,,,,,,100,100,,,Skilled health personnel Health Information Booklet 2012. Bandar Seri Begawan: Ministry of Health [Brunei Darussalam]; 2013.,2025-04-07T06:46:44Z,2008,2008-01-01,2008-12-31
9390412,MDG_0000000025,COUNTRY,NIC,AMR,Americas,YEAR,2010,,,,,,,,,88,88,,,"Trained personnel PLISA Health Information Platform. Indicator profile: Deliveries attended by skilled birth attendants (%) [online database]. Washington, DC: Pan American Health Organization/World Health Organization (PAHO/WHO); 2021 (https://opendata.paho.org/es/indicadores-basicos/tablero-de-los-indicadores-basicos, accessed 30 December 2021). ",2025-04-07T06:46:44Z,2010,2010-01-01,2010-12-31
9394790,MDG_0000000025,COUNTRY,GEO,EUR,Europe,YEAR,2019,,,,,,,,,100,99.8,,,Health Care; Statistical Yearbook 2020 Georgia. Tbilisi: Ministry of Labour; Health and Social Affairs of Georgia; National Centre for Disease Control and Public Health; 2021.,2026-04-21T12:35:59Z,2019,2019-01-01,2019-12-31
9397094,MDG_0000000025,COUNTRY,UZB,EUR,Europe,YEAR,2016,,,,,,,,,100,100,,,Country consultation 2019. The global goals. 3.1.2 - Proportion of births attended by skilled health personnel [website]. Uzbekistan; 2019 (http://nsdg.stat.uz/en/databanks/indicator-table?id=3.1.2; accessed 12 February 2020).,2026-04-21T12:35:59Z,2016,2016-01-01,2016-12-31
9406478,MDG_0000000025,COUNTRY,BDI,AFR,Africa,YEAR,2018,,,,,,,,,86,86.2,,,Annuaire des Statistisques Sanitaires 2022,2026-04-21T12:35:59Z,2018,2018-01-01,2018-12-31
9407135,MDG_0000000025,COUNTRY,MLI,AFR,Africa,YEAR,2006,,,,,,,,,49,49,,,"Doctor, nurse/midwife, matrone Cellule de Planification et de Statistique du Ministère de la Santé (CPS/MS), Direction Nationale de la Statistique et de l’Informatique du Ministère de l’Économie, de l’Industrie et du Commerce (DNSI/MEIC), Macro International Inc. Enquête Démographique et de Santé du Mali 2006. Calverton, Maryland, USA: CPS/DNSI, Macro International Inc.; 2007 (in French).",2025-04-07T06:46:44Z,2006,2006-01-01,2006-12-31
9409549,MDG_0000000025,COUNTRY,BOL,AMR,Americas,YEAR,2016,,,,,,,,,90,89.8,,,Encuesta de Demografa y Salud - EDSA 2016. Bolivia: Indicadores Priorizados. La Paz: Ministerio de Salud; Instituto Nacional de Estadstica (INE); 2017 (in Spanish).,2026-04-21T12:35:59Z,2016,2016-01-01,2016-12-31
9409840,MDG_0000000025,COUNTRY,PRY,AMR,Americas,YEAR,2012,,,,,,,,,96,96,,," Estadísticas Vitales del Paraguay 2012. Fernando de la Mora: Dirección General de Estadística, Encuestas y Censos (DGEEC) [Paraguay]; 2014 (in Spanish).",2025-04-07T06:46:44Z,2012,2012-01-01,2012-12-31
9412854,MDG_0000000025,COUNTRY,DJI,EMR,Eastern Mediterranean,YEAR,2003,,,,,,,,,61,61,,,"Trained personnel Rapport Annuel d'Activités des Maternités, Programme Santé de la Reproduction. Djibouti: Ministère de la Santé; 2003 (in French).",2025-04-07T06:46:44Z,2003,2003-01-01,2003-12-31
9440456,MDG_0000000025,COUNTRY,FRA,EUR,Europe,YEAR,2012,,,,,,,,,97,97,,," Tableau 64: Conditions d'accouchement selon le groupe d'âges de la mère. Année 2012 [website]. Paris: Institut National de la Statistique et des Études Économiques (INSEE) [National Institute of Statistics and Economic Studies]; 2013 (http://www.insee.fr/en/insee-statistique-publique/default.asp, accessed 18 October 2013, in French).",2025-04-07T06:46:44Z,2012,2012-01-01,2012-12-31
9445414,MDG_0000000025,COUNTRY,BHS,AMR,Americas,YEAR,2010,,,,,,,,,99,99,,,"Trained personnel PLISA Health Information Platform. Indicator profile: Deliveries attended by skilled birth attendants (%) [online database]. Washington, DC: Pan American Health Organization/World Health Organization (PAHO/WHO); 2021 (https://opendata.paho.org/es/indicadores-basicos/tablero-de-los-indicadores-basicos, accessed 30 December 2021). ",2025-04-07T06:46:44Z,2010,2010-01-01,2010-12-31
9460127,MDG_0000000025,COUNTRY,CHL,AMR,Americas,YEAR,2012,,,,,,,,,100,100,,, Estadísticas Vitales - Anuario 2012. Santiago: Instituto Nacional de Estadísticas [Chile]; 2014 (in Spanish).,2025-04-07T06:46:44Z,2012,2012-01-01,2012-12-31
9465021,MDG_0000000025,COUNTRY,NGA,AFR,Africa,YEAR,2013,,,,,,,,,35,35,,," National Population Commission (NPC) [Nigeria], ICF International. Nigeria Demographic and Health Survey 2013. Abuja, Nigeria, Rockville, Maryland, USA: NPC, ICF International; 2014.",2025-04-07T06:46:44Z,2013,2013-01-01,2013-12-31
9465733,MDG_0000000025,COUNTRY,BIH,EUR,Europe,YEAR,2007,,,,,,,,,100,100,,, Statistical Yearbook Federation of Bosnia and Herzegovina 2011. Sarajevo: Federal Office of Statistics [Bosnia and Herzegovina]; 2011.,2025-04-07T06:46:44Z,2007,2007-01-01,2007-12-31
9478048,MDG_0000000025,COUNTRY,SUR,AMR,Americas,YEAR,2000,,,,,,,,,71,71,,," Ministry of Health, United Nations Children's Fund (UNICEF). Suriname Multiple Indicator Cluster Survey 2000. Final Report. Suriname: Ministry of Health, UNICEF; 2001.",2025-04-07T06:46:44Z,2000,2000-01-01,2000-12-31
9481015,MDG_0000000025,REGION,EUR,,,YEAR,2014,,,,,,,,,99,99,,,,2024-04-26T13:59:03Z,2014,2014-01-01,2014-12-31
9481744,MDG_0000000025,COUNTRY,HUN,EUR,Europe,YEAR,2012,,,,,,,,,99,99,,,"Skilled health personnel Transformative Monitoring for Enhanced Equity (TransMonEE) 2016 Database [online database]. Geneva: UNICEF Europe and Central Asia Regional Office; 2016 (www.transmonee.org, accessed 17 October 2016). ",2025-04-07T06:46:44Z,2012,2012-01-01,2012-12-31
9496370,MDG_0000000025,COUNTRY,JOR,EMR,Eastern Mediterranean,YEAR,2002,,,,,,,,,100,100,,," Department of Statistics [Jordan], ORC Macro. Jordan Population and Family Health Survey 2002. Calverton, Maryland, USA: Department of Statistics, ORC Macro; 2003.",2025-04-07T06:46:44Z,2002,2002-01-01,2002-12-31
9499870,MDG_0000000025,COUNTRY,MDA,EUR,Europe,YEAR,2016,,,,,,,,,100,99.7,,,Statistical databank. Share of births attended by skilled health personnel by Indicators and Years [online database]. Chisinau: National Bureau of Statistics [Republic of Moldova]; 2019 (https://statbank.statistica.md/pxweb/pxweb/en/50%20Statistica%20gender/50%20Statistica%20gender__GEN04/GEN040600soc.px/table/tableViewLayout1/?rxid=b2ff27d7-0b96-43c9-934b-42e1a2a9a774; accessed 5 February 2020).,2026-04-21T12:35:59Z,2016,2016-01-01,2016-12-31
9513008,MDG_0000000025,COUNTRY,DNK,EUR,Europe,YEAR,2004,,,,,,,,,99,99,,," Sundhedsstyrelsen [National Board of Health, Denmark]. Nye tal fra Sundhedsstyrelsen - Fødselsregisteret 2004, 2005:4 [New figures from the National Board of Health, Denmark - Birth Registry 2004, 2005:4]. Copenhagen: Sundhedsstyrelsen; 2005 (in Danish).",2025-04-07T06:46:44Z,2004,2004-01-01,2004-12-31
9517389,MDG_0000000025,COUNTRY,MDA,EUR,Europe,YEAR,2003,,,,,,,,,99,99,,,"Skilled health personnel Transformative Monitoring for Enhanced Equity (TransMonEE) 2012 Database [online database]. Geneva: UNICEF Europe and Central Asia Regional Office; 2012 (www.transmonee.org, accessed 1 November 2012). ",2025-04-07T06:46:44Z,2003,2003-01-01,2003-12-31
9523702,MDG_0000000025,COUNTRY,ECU,AMR,Americas,YEAR,2005,,,,,,,,,79,79,,,"Doctors, obstetrician and nurse Registro Estadístico de Nacidos Vivos, Instituto Nacional de Estadística y Censos",2025-04-07T06:46:44Z,2005,2005-01-01,2005-12-31
9528628,MDG_0000000025,COUNTRY,LKA,SEAR,South-East Asia,YEAR,2000,,,,,,,,,96,96,,,"Doctor, govt. nurse/family health worker Department of Census and Statistics [Sri Lanka], Ministry of Health [Sri Lanka], Nutrition and Welfare. Sri Lanka Demographic and Health Survey 2000. Pita Kotte: State Printing Corporation [Sri Lanka]; 2002.",2025-04-07T06:46:44Z,2000,2000-01-01,2000-12-31
9529349,MDG_0000000025,REGION,SEAR,,,YEAR,2009,,,,,,,,,60,60,,,,2024-04-26T13:59:03Z,2009,2009-01-01,2009-12-31
9538665,MDG_0000000025,COUNTRY,PLW,WPR,Western Pacific,YEAR,2021,,,,,,,,,100,100,,,2021 Statistical Yearbook. Koror: Ministry of Finance [Palau]; 2022.,2026-04-21T12:35:59Z,2021,2021-01-01,2021-12-31
9545836,MDG_0000000025,COUNTRY,CYP,EUR,Europe,YEAR,2015,,,,,,,,,100,100,,," Health Monitoring Unit (HMU), Ministry of Health",2025-04-07T06:46:44Z,2015,2015-01-01,2015-12-31
9549285,MDG_0000000025,COUNTRY,BTN,SEAR,South-East Asia,YEAR,2010,,,,,,,,,65,65,,,"Doctor, Nurse / Midwife, HA/BHW, Asst. Clinical Officer(ACO) National Statistics Bureau, Bhutan, United Nations Children's Fund (UNICEF), United Nations Population Fund (UNFPA). Bhutan Multiple Indicator Survey 2010. Thrimphu, Bhutan: National Statistics Bureau; 2011.",2025-04-07T06:46:44Z,2010,2010-01-01,2010-12-31
9549515,MDG_0000000025,COUNTRY,URY,AMR,Americas,YEAR,2003,,,,,,,,,100,100,,, Anuario Estadístico 2010. Uruguay: Instituto Nacional de Estadística (INE); 2011 (in Spanish).  ,2025-04-07T06:46:44Z,2003,2003-01-01,2003-12-31
9552826,MDG_0000000025,COUNTRY,ARM,EUR,Europe,YEAR,2003,,,,,,,,,99,99,,,"Skilled health personnel Transformative Monitoring for Enhanced Equity (TransMonEE) 2012 Database [online database]. Geneva: UNICEF Europe and Central Asia Regional Office; 2012 (www.transmonee.org, accessed 1 November 2012). ",2025-04-07T06:46:44Z,2003,2003-01-01,2003-12-31
9556873,MDG_0000000025,COUNTRY,DOM,AMR,Americas,YEAR,2015,,,,,,,,,100,100,,," República Dominicana: Anuario de Estadísticas Vitales 2015. Santo Domingo: República Dominicana, Oficina Nacional de Estadística (ONE); 2016 (in Spanish).",2025-04-07T06:46:44Z,2015,2015-01-01,2015-12-31
9561061,MDG_0000000025,COUNTRY,CAF,AFR,Africa,YEAR,2000,,,,,,,,,32,32,,," Ministère du Plan, de l'Economie et de la Coopération International, Fonds des Nations Unies pour l'Enfance (UNICEF). Enquête à indicateurs multiples en Republique Central Africaine 2000. Rapport Final. Bangui, Republic Central Africaine; 2001.",2025-04-07T06:46:44Z,2000,2000-01-01,2000-12-31
9561440,MDG_0000000025,COUNTRY,IRL,EUR,Europe,YEAR,2012,,,,,,,,,100,100,,," Perinatal Statistics Report 2012. Dublin: Health Research and Information Division, the Economic and Social Research Institute (ESRI); 2013.  ",2025-04-07T06:46:44Z,2012,2012-01-01,2012-12-31
9571423,MDG_0000000025,COUNTRY,LTU,EUR,Europe,YEAR,2006,,,,,,,,,100,100,,,"Skilled health personnel Transformative Monitoring for Enhanced Equity (TransMonEE) 2012 Database [online database]. Geneva: UNICEF Europe and Central Asia Regional Office; 2012 (www.transmonee.org, accessed 1 November 2012). ",2025-04-07T06:46:44Z,2006,2006-01-01,2006-12-31
9573913,MDG_0000000025,COUNTRY,DEU,EUR,Europe,YEAR,2007,,,,,,,,,98,98,,, Qualitätsbericht 2012. Außerklinische Geburtshilfe in Deutschland. Storkow: Gesellschaft für Qualität in der außerklinischen Geburtshilfe e.V. (QUAG e.V.); 2014 (in German).  ,2025-04-07T06:46:44Z,2007,2007-01-01,2007-12-31
9577238,MDG_0000000025,COUNTRY,GRC,EUR,Europe,YEAR,2013,,,,,,,,,100,100,,,"Skilled persons Hellenic Republic, Hellenic Statistical Authority, General Directorate of Statistical Surveys, Vital and Migration Statistics Section, Statistical Output, provided during SDG Country Consultation",2025-04-07T06:46:44Z,2013,2013-01-01,2013-12-31
9583505,MDG_0000000025,COUNTRY,COL,AMR,Americas,YEAR,2001,,,,,,,,,93,93,,," DANE [online database]. Estadísticas Vitales - Nacimientos. 2001. Bogotá D.C.: Departamento Administrativo Nacional de Estadística (DANE); 2011 (http://www.dane.gov.co/daneweb_V09/index.php?option=com_content&view=article&id=786&Itemid=119, accessed 30 May 2011, in Spanish).  ",2025-04-07T06:46:44Z,2001,2001-01-01,2001-12-31
9588108,MDG_0000000025,REGION,EUR,,,YEAR,2006,,,,,,,,,98,98,,,,2024-04-26T13:59:03Z,2006,2006-01-01,2006-12-31
9601154,MDG_0000000025,COUNTRY,IRL,EUR,Europe,YEAR,2002,,,,,,,,,100,100,,, Report on Perinatal Statistics for 2002. Dublin: The Economic and Social Research Institute (ESRI); 2005.  ,2025-04-07T06:46:44Z,2002,2002-01-01,2002-12-31
9602370,MDG_0000000025,COUNTRY,MEX,AMR,Americas,YEAR,2008,,,,,,,,,93,93,,," SS. Dirección General de Información en Salud (DGIS) [Mexico]; 2020. (http://www.agenda2030.mx/ODSind.html?ind=ODS003000030020&cveind=27&cveCob=99&lang=es#/Indicator, last accessed 28 January 2021)",2025-04-07T06:46:44Z,2008,2008-01-01,2008-12-31
9603147,MDG_0000000025,COUNTRY,BHR,EMR,Eastern Mediterranean,YEAR,2004,,,,,,,,,98,98,,, Health Statistics of 2004. Bahrain: Ministry of Health; 2005.,2025-04-07T06:46:44Z,2004,2004-01-01,2004-12-31
9609945,MDG_0000000025,COUNTRY,FJI,WPR,Western Pacific,YEAR,2008,,,,,,,,,99,99,,,"Skilled health personnel Annual Report 2008. Suva: Ministry of Health, Women, Social Welfare & Poverty Alleviation [Fiji]; 2009. ",2025-04-07T06:46:44Z,2008,2008-01-01,2008-12-31
9612718,MDG_0000000025,COUNTRY,BHS,AMR,Americas,YEAR,2012,,,,,,,,,99,99,,,"Trained personnel PLISA Health Information Platform. Indicator profile: Deliveries attended by skilled birth attendants (%) [online database]. Washington, DC: Pan American Health Organization/World Health Organization (PAHO/WHO); 2021 (https://opendata.paho.org/es/indicadores-basicos/tablero-de-los-indicadores-basicos, accessed 30 December 2021). ",2025-04-07T06:46:44Z,2012,2012-01-01,2012-12-31
9615888,MDG_0000000025,REGION,SEAR,,,YEAR,2012,,,,,,,,,71,71,,,,2024-04-26T13:59:03Z,2012,2012-01-01,2012-12-31
9621696,MDG_0000000025,COUNTRY,JAM,AMR,Americas,YEAR,2013,,,,,,,,,100,100,,,"Trained personnel PLISA Health Information Platform. Indicator profile: Deliveries attended by skilled birth attendants (%) [online database]. Washington, DC: Pan American Health Organization/World Health Organization (PAHO/WHO); 2021 (https://opendata.paho.org/es/indicadores-basicos/tablero-de-los-indicadores-basicos, accessed 30 December 2021). ",2025-04-07T06:46:44Z,2013,2013-01-01,2013-12-31
9622836,MDG_0000000025,COUNTRY,GRD,AMR,Americas,YEAR,2005,,,,,,,,,100,100,,,"Trained personnel Health Situation in the Americas: Basic Indicators 2007. Washington, DC: Pan American Health Organization/World Health Organization (PAHO/WHO), Health Analysis and Statistics Unit (HA); 2007.",2025-04-07T06:46:44Z,2005,2005-01-01,2005-12-31
9626370,MDG_0000000025,COUNTRY,SAU,EMR,Eastern Mediterranean,YEAR,2024,,,,,,,,,100,99.6,,,General Authority for Statistics. Women Health and Reproductive Care Survey 2024. Riyadh (Saudi Arabia): General Authority for Statistics; 2024.,2026-04-21T12:35:59Z,2024,2024-01-01,2024-12-31
9626583,MDG_0000000025,COUNTRY,MLI,AFR,Africa,YEAR,2015,,,,,,,,,44,44,,,"Doctor, nurse/midwife Institut national de la statistique (INSTAT), Fonds des Nations Unies pour l’enfance (UNICEF). Enquête par grappes à indicateurs multiples au Mali (MICS-Mali), 2015, Rapport final. Bamako, Mali: INSTAT; 2016 (in French). 
",2025-04-07T06:46:44Z,2015,2015-01-01,2015-12-31
9630391,MDG_0000000025,COUNTRY,GEO,EUR,Europe,YEAR,2012,,,,,,,,,100,100,,," Health Care, Statistical Yearbook 2012 Georgia. Tbilisi: Ministry of Labour, Health and Social Affairs of Georgia, National Centre for Disease Control and Public Health; 2013.",2025-04-07T06:46:44Z,2012,2012-01-01,2012-12-31
9641786,MDG_0000000025,COUNTRY,COG,AFR,Africa,YEAR,2005,,,,,,,,,83,83,,," Centre National de la Statistique et des Études Économiques (CNSEE) et ORC Macro. Enquête Démographique et de Santé du Congo 2005. Calverton, Maryland, USA: CNSEE et ORC Macro; 2006 (in French).",2025-04-07T06:46:44Z,2005,2005-01-01,2005-12-31
9647011,MDG_0000000025,COUNTRY,BTN,SEAR,South-East Asia,YEAR,2009,,,,,,,,,66,66,,,"Trained personnel Statistical Yearbook of Bhutan 2010. Thimphu: National Statistics Bureau, Bhutan; 2010. ",2025-04-07T06:46:44Z,2009,2009-01-01,2009-12-31
9647066,MDG_0000000025,COUNTRY,PRY,AMR,Americas,YEAR,2019,,,,,,,,,92,92.2,,,MSPBS/DIGIES/DES. Subsistema de Informacin de Estadsticas Vitales (SSIEV). 2015-2019,2026-04-21T12:35:59Z,2019,2019-01-01,2019-12-31
9651894,MDG_0000000025,COUNTRY,BMU,AMR,Americas,YEAR,2009,,,,,,,,,100,100,,,"Trained personnel PLISA Health Information Platform. Indicator profile: Deliveries attended by skilled birth attendants (%) [online database]. Washington, DC: Pan American Health Organization/World Health Organization (PAHO/WHO); 2023 (https://opendata.paho.org/es/indicadores-basicos/tablero-de-los-indicadores-basicos, accessed 20 September 2023).",2025-04-07T06:46:44Z,2009,2009-01-01,2009-12-31
9660932,MDG_0000000025,COUNTRY,BRN,WPR,Western Pacific,YEAR,2018,,,,,,,,,100,99.8,,,Ministry of Health [Brunei Darussalam]; 2022.,2026-04-21T12:35:59Z,2018,2018-01-01,2018-12-31
9665854,MDG_0000000025,COUNTRY,KIR,WPR,Western Pacific,YEAR,2002,,,,,,,,,76,76,,,Skilled health personnel Western Pacific Country Health Information Profiles: 2006 Revision. Manila: World Health Organization Regional Office for the Western Pacific (WPRO); 2006.,2025-04-07T06:46:44Z,2002,2002-01-01,2002-12-31
9673528,MDG_0000000025,COUNTRY,NIC,AMR,Americas,YEAR,2004,,,,,,,,,76,76,,,"Trained personnel PLISA Health Information Platform. Indicator profile: Deliveries attended by skilled birth attendants (%) [online database]. Washington, DC: Pan American Health Organization/World Health Organization (PAHO/WHO); 2021 (https://opendata.paho.org/es/indicadores-basicos/tablero-de-los-indicadores-basicos, accessed 30 December 2021). ",2025-04-07T06:46:44Z,2004,2004-01-01,2004-12-31
9709832,MDG_0000000025,COUNTRY,ROU,EUR,Europe,YEAR,2021,,,,,,,,,95,94.7,,,National Institute of Statistics; Vital Statistics regarding live births [Romania]; 2023,2026-04-21T12:35:59Z,2021,2021-01-01,2021-12-31
9710601,MDG_0000000025,COUNTRY,CAN,AMR,Americas,YEAR,2015,,,,,,,,,98,98,,," Table 13-10-0429-01 - Live births and fetal deaths (stillbirths), by place of birth (hospital or non-hospital) [database]. Ottawa: Statistics Canada, Government of Canada; 2018 (https://www150.statcan.gc.ca/t1/tbl1/en/tv.action?pid=1310042901, accessed 13 September 2018).",2025-04-07T06:46:44Z,2015,2015-01-01,2015-12-31
9713498,MDG_0000000025,COUNTRY,CUB,AMR,Americas,YEAR,2014,,,,,,,,,99,99,,," Dirección de Registros Médicos y Estadísticas de Salud, Ministerio de Salud Pública, Fondo de las Naciones Unidas para la Infancia (UNICEF). Encuesta de Indicadores Múltiples por Conglomerados. Cuba, 2014. Informe final. La Habana, Cuba: Dirección de Registros Médicos y Estadísticas de Salud, Ministerio de Salud Pública, UNICEF; 2015 (in Spanish).",2025-04-07T06:46:44Z,2014,2014-01-01,2014-12-31
9714608,MDG_0000000025,COUNTRY,POL,EUR,Europe,YEAR,2008,,,,,,,,,99,99,,, Demographic Yearbook of Poland 2010 - Branch Yearbooks. Warsaw: Central Statistical Office [Poland]; 2010.,2025-04-07T06:46:44Z,2008,2008-01-01,2008-12-31
9718296,MDG_0000000025,COUNTRY,LTU,EUR,Europe,YEAR,2007,,,,,,,,,100,100,,,"Skilled health personnel Transformative Monitoring for Enhanced Equity (TransMonEE) 2016 Database [online database]. Geneva: UNICEF Europe and Central Asia Regional Office; 2016 (www.transmonee.org, accessed 17 October 2016). ",2025-04-07T06:46:44Z,2007,2007-01-01,2007-12-31
9720497,MDG_0000000025,COUNTRY,GIN,AFR,Africa,YEAR,2018,,,,,,,,,55,55.3,,,Enqute Dmographique et de Sant en Guine 2018. Conakry; Rockville; Maryland: Institut National de la Statistique (INS); ICF; 2018 (in French).,2026-04-21T12:35:59Z,2018,2018-01-01,2018-12-31
9725921,MDG_0000000025,COUNTRY,QAT,EMR,Eastern Mediterranean,YEAR,2000,,,,,,,,,100,100,,," Vital Statistics, Annual Bulletin. Births and Deaths 2000. Doha: The Planning Council [Qatar]; 2001.",2025-04-07T06:46:44Z,2000,2000-01-01,2000-12-31
9746061,MDG_0000000025,COUNTRY,BLZ,AMR,Americas,YEAR,2005,,,,,,,,,89,89,,,"Trained personnel PLISA Health Information Platform. Indicator profile: Deliveries attended by skilled birth attendants (%) [online database]. Washington, DC: Pan American Health Organization/World Health Organization (PAHO/WHO); 2021 (https://opendata.paho.org/es/indicadores-basicos/tablero-de-los-indicadores-basicos, accessed 30 December 2021). ",2025-04-07T06:46:44Z,2005,2005-01-01,2005-12-31
9749359,MDG_0000000025,COUNTRY,GEO,EUR,Europe,YEAR,2000,,,,,,,,,96,96,,,"Skilled health personnel Health Care, Statistical Yearbook 2010 Georgia. Tbilisi: Ministry of Labour, Health and Social Affairs of Georgia, National Centre for Disease Control and Public Health; 2011.",2025-04-07T06:46:44Z,2000,2000-01-01,2000-12-31
9752505,MDG_0000000025,COUNTRY,JAM,AMR,Americas,YEAR,2014,,,,,,,,,100,100,,,"Trained personnel PLISA Health Information Platform. Indicator profile: Deliveries attended by skilled birth attendants (%) [online database]. Washington, DC: Pan American Health Organization/World Health Organization (PAHO/WHO); 2021 (https://opendata.paho.org/es/indicadores-basicos/tablero-de-los-indicadores-basicos, accessed 30 December 2021). ",2025-04-07T06:46:44Z,2014,2014-01-01,2014-12-31
9764604,MDG_0000000025,COUNTRY,PAK,EMR,Eastern Mediterranean,YEAR,2019,,,,,,,,,74,73.7,,,National Institute of Population Studies (NIPS) [Pakistan] and ICF. 2020. Pakistan Maternal Mortality Survey2019. Islamabad; Pakistan; and Rockville; Maryland; USA: NIPS and ICF.,2026-04-21T12:35:59Z,2019,2019-01-01,2019-12-31
9764734,MDG_0000000025,COUNTRY,CRI,AMR,Americas,YEAR,2021,,,,,,,,,99,98.8,,,Estadsticas Vitales 2021: Poblacin; Nacimientos Defunciones y Matrimonios [recurso electrnico] / Instituto Nacional de Estadstica y Censos. San Jos; Costa; 2022.,2026-04-21T12:35:59Z,2021,2021-01-01,2021-12-31
9768813,MDG_0000000025,REGION,AFR,,,YEAR,2014,,,,,,,,,58,58,,,,2025-04-07T06:46:44Z,2014,2014-01-01,2014-12-31
1501733,MDG_0000000025,COUNTRY,NIC,AMR,Americas,YEAR,2013,,,,,,,,,92,92,,,"Trained personnel PLISA Health Information Platform. Indicator profile: Deliveries attended by skilled birth attendants (%) [online database]. Washington, DC: Pan American Health Organization/World Health Organization (PAHO/WHO); 2021 (https://opendata.paho.org/es/indicadores-basicos/tablero-de-los-indicadores-basicos, accessed 30 December 2021). ",2025-04-07T06:46:44Z,2013,2013-01-01,2013-12-31
1521507,MDG_0000000025,COUNTRY,URY,AMR,Americas,YEAR,2012,,,,,,,,,100,100,,," Estadísticas Vitales Natalidad 2011-2014, Certificado de Nacido Vivo de Uruguay [website]. Montevideo: Ministerio de Salud Publica, Instituto Nacional de Estadística; 2015 (www.estadisticas.msp.gub.uy/index.php/catalog/19/datafile/F5, accessed 19 April 2014, in Spanish).",2025-04-07T06:46:44Z,2012,2012-01-01,2012-12-31
1560010,MDG_0000000025,COUNTRY,MUS,AFR,Africa,YEAR,2015,,,,,,,,,100,100,,," Sustainable Development Goals  [online database]. Port Louis: Statistics Mauritius; 2020 (https://statsmauritius.govmu.org/Pages/Statistics/By_Subject/SDGs/SB_SDG.aspx, accessed 8 January 2021).",2025-04-07T06:46:44Z,2015,2015-01-01,2015-12-31
1624252,MDG_0000000025,COUNTRY,BHS,AMR,Americas,YEAR,2005,,,,,,,,,99,99,,,"Trained personnel PLISA Health Information Platform. Indicator profile: Deliveries attended by skilled birth attendants (%) [online database]. Washington, DC: Pan American Health Organization/World Health Organization (PAHO/WHO); 2021 (https://opendata.paho.org/es/indicadores-basicos/tablero-de-los-indicadores-basicos, accessed 30 December 2021). ",2025-04-07T06:46:44Z,2005,2005-01-01,2005-12-31
1643819,MDG_0000000025,COUNTRY,CRI,AMR,Americas,YEAR,2005,,,,,,,,,99,99,,, Estadísticas Vitales 2005. San José: Instituto Nacional de Estadística y Censos (INEC); 2007 (in Spanish).,2025-04-07T06:46:44Z,2005,2005-01-01,2005-12-31
1662633,MDG_0000000025,COUNTRY,BHS,AMR,Americas,YEAR,2000,,,,,,,,,99,99,,,"Trained personnel Health Situation in the Americas: Basic Indicators 2002. Washington, DC: Pan American Health Organization/World Health Organization (PAHO/WHO), Special Program for Health Analysis; 2002.",2025-04-07T06:46:44Z,2000,2000-01-01,2000-12-31
1662978,MDG_0000000025,COUNTRY,SDN,EMR,Eastern Mediterranean,YEAR,2010,,,,,,,,,73,73,,,"Doctor, nurse midwife, village midwife Sudan Household and Health Survey (SHHS2) - Round 2, 2010, National Report. Khartoum: Federal Ministry of Health, Central Bureau of Statistics; 2012.",2025-04-07T06:46:44Z,2010,2010-01-01,2010-12-31
1681870,MDG_0000000025,COUNTRY,AUT,EUR,Europe,YEAR,2017,,,,,,,,,98,98.4,,,Vital statistics. Live births (with place of birth in Austria) by medical characteristics since 2007 [website]. Vienna: Statistics Austria; 2018 (http://www.statistik.at/web_en/statistics/PeopleSociety/health/medical_and_sociomedical_characteristics_of_live_birth/110639.html; accessed 11 September 2018).,2026-04-21T12:35:59Z,2017,2017-01-01,2017-12-31
1721201,MDG_0000000025,COUNTRY,MSR,AMR,Americas,YEAR,2016,,,,,,,,,100,100,,,PLISA Health Information Platform. Indicator profile: Deliveries attended by skilled birth attendants (%) [online database]. Washington; DC: Pan American Health Organization/World Health Organization (PAHO/WHO); 2021 (https://opendata.paho.org/es/indicadores-basicos/tablero-de-los-indicadores-basicos; accessed 30 December 2021).,2026-04-21T12:35:59Z,2016,2016-01-01,2016-12-31
1759809,MDG_0000000025,COUNTRY,URY,AMR,Americas,YEAR,2008,,,,,,,,,100,100,,, Anuario Estadístico 2010. Uruguay: Instituto Nacional de Estadística (INE); 2011 (in Spanish).  ,2025-04-07T06:46:44Z,2008,2008-01-01,2008-12-31
1779532,MDG_0000000025,COUNTRY,BOL,AMR,Americas,YEAR,2002,,,,,,,,,65,65,,,"Doctor, nurse, and auxiliary nurse Resultados de la Encuesta de Hogares 2002. La Paz: República de Bolivia, Ministerio de Hacienda, Instituto Nacional de Estadística; 2003 (in Spanish).",2025-04-07T06:46:44Z,2002,2002-01-01,2002-12-31
1882087,MDG_0000000025,COUNTRY,FRA,EUR,Europe,YEAR,2007,,,,,,,,,98,98,,," Tableau 64: Conditions d'accouchement selon le groupe d'âges de la mère. Année 2007 [website]. Paris: Institut National de la Statistique et des Études Économiques (INSEE) [National Institute of Statistics and Economic Studies]; 2008 (http://www.insee.fr/en/insee-statistique-publique/default.asp, accessed 23 November 2011, in French).
",2025-04-07T06:46:44Z,2007,2007-01-01,2007-12-31
1921921,MDG_0000000025,COUNTRY,ETH,AFR,Africa,YEAR,2019,,,,,,,,,50,49.8,,,Ethiopian Public Health Institute (EPHI) [Ethiopia] and ICF. 2019. Ethiopia Mini Demographic andHealth Survey 2019: Key Indicators. Rockville; Maryland; USA: EPHI and ICF.,2026-04-21T12:35:59Z,2019,2019-01-01,2019-12-31
1934183,MDG_0000000025,COUNTRY,CHL,AMR,Americas,YEAR,2018,,,,,,,,,100,99.8,,,PLISA Health Information Platform. Indicator profile: Deliveries attended by skilled birth attendants (%) [online database]. Washington; DC: Pan American Health Organization/World Health Organization (PAHO/WHO); 2021 (https://opendata.paho.org/es/indicadores-basicos/tablero-de-los-indicadores-basicos; accessed 30 December 2021).,2026-04-21T12:35:59Z,2018,2018-01-01,2018-12-31
1954394,MDG_0000000025,COUNTRY,BLZ,AMR,Americas,YEAR,2015,,,,,,,,,94,94,,,"Trained personnel PLISA Health Information Platform. Indicator profile: Deliveries attended by skilled birth attendants (%) [online database]. Washington, DC: Pan American Health Organization/World Health Organization (PAHO/WHO); 2021 (https://opendata.paho.org/es/indicadores-basicos/tablero-de-los-indicadores-basicos, accessed 30 December 2021). ",2025-04-07T06:46:44Z,2015,2015-01-01,2015-12-31
1966397,MDG_0000000025,COUNTRY,OMN,EMR,Eastern Mediterranean,YEAR,2000,,,,,,,,,95,95,,," National Health Survey, 2000. Volume II - Reproductive Health Study. Muscat: Ministry of Health [Oman], United Nations Children’s Fund (UNICEF), United Nations Population Fund (UNFPA); 2001.",2025-04-07T06:46:44Z,2000,2000-01-01,2000-12-31
1979656,MDG_0000000025,COUNTRY,BTN,SEAR,South-East Asia,YEAR,2014,,,,,,,,,89,89,,,"Trained personnel Statistical Yearbook of Bhutan 2017. Thimphu: National Statistics Bureau, Bhutan; 2017. ",2025-04-07T06:46:44Z,2014,2014-01-01,2014-12-31
1992877,MDG_0000000025,COUNTRY,SYC,AFR,Africa,YEAR,2022,,,,,,,,,100,99.8,,,Seychelles Annual Health Sector Performance Report 2022. Ministry of Health; Seychelles; 2023.,2026-04-21T12:35:59Z,2022,2022-01-01,2022-12-31
2012801,MDG_0000000025,COUNTRY,USA,AMR,Americas,YEAR,2016,,,,,,,,,99,99.1,,,Martin JA; Hamilton BE; Osterman MJK; Driscoll AK; Drake P. Births: Final Data for 2016. National Vital Statistics Reports; vol 67; no 1. Hyattsville; MD: National Center for Health Statistics; 2018.,2026-04-21T12:35:59Z,2016,2016-01-01,2016-12-31
2037984,MDG_0000000025,COUNTRY,KGZ,EUR,Europe,YEAR,2009,,,,,,,,,99,99,,,"Skilled health personnel Transformative Monitoring for Enhanced Equity (TransMonEE) Kyrgyzstan. [2.A. Performance Health of Mother and Child] [online database]. Bishkek City: National Statistical Committee of the Kyrgyz Republic; 2012 (www.stat.kg, accessed 6 November 2012, in Russian/Kyrgyz). ",2025-04-07T06:46:44Z,2009,2009-01-01,2009-12-31
2051230,MDG_0000000025,COUNTRY,ALB,EUR,Europe,YEAR,2020,,,,,,,,,100,100,,,Institute of Statistics; Men and Women 2023,2026-04-21T12:35:59Z,2020,2020-01-01,2020-12-31
2051418,MDG_0000000025,REGION,AMR,,,YEAR,2024,,,,,,,,,97,96.8,,,Estimate based on Joint UNICEF-WHO Database on Skilled Birth Attendance 2025,2026-04-21T12:35:59Z,2024,2024-01-01,2024-12-31
2097264,MDG_0000000025,COUNTRY,BRB,AMR,Americas,YEAR,2015,,,,,,,,,99,99,,,"Trained personnel PLISA Health Information Platform. Indicator profile: Deliveries attended by skilled birth attendants (%) [online database]. Washington, DC: Pan American Health Organization/World Health Organization (PAHO/WHO); 2021 (https://opendata.paho.org/es/indicadores-basicos/tablero-de-los-indicadores-basicos, accessed 30 December 2021). ",2025-04-07T06:46:44Z,2015,2015-01-01,2015-12-31
2103231,MDG_0000000025,COUNTRY,BRB,AMR,Americas,YEAR,2003,,,,,,,,,100,100,,,"Trained personnel Health Situation in the Americas: Basic Indicators 2005. Washington, DC: Pan American Health Organization/World Health Organization (PAHO/WHO), Area of Health Analysis and Information Systems (AIS); 2005.",2025-04-07T06:46:44Z,2003,2003-01-01,2003-12-31
2165791,MDG_0000000025,COUNTRY,OMN,EMR,Eastern Mediterranean,YEAR,2018,,,,,,,,,99,98.6,,,Statistical year book 2019. Issue 47. Oman: National Centre for Statistics & Information; 2019.,2026-04-21T12:35:59Z,2018,2018-01-01,2018-12-31
2179578,MDG_0000000025,COUNTRY,PAN,AMR,Americas,YEAR,2011,,,,,,,,,94,94,,,"Health professional Panamá en Cifras: años 2007-2011 [electronic publication]. Panamá: Instituto Nacional de Estadística y Censo (INEC) [Panama]; 2012 (http://www.contraloria.gob.pa/inec/Publicaciones, accessed 12 November 2012, in Spanish).",2025-04-07T06:46:44Z,2011,2011-01-01,2011-12-31
2237910,MDG_0000000025,COUNTRY,JPN,WPR,Western Pacific,YEAR,2006,,,,,,,,,100,100,,," 2009 Vital Statistics of Japan. Table 4.8: Trends in percent distribution of live births by place of delivery [website]. Tokyo: Ministry of Health, Labour and Welfare [Japan]; 2010 (http://www.mhlw.go.jp). ",2025-04-07T06:46:44Z,2006,2006-01-01,2006-12-31
2238035,MDG_0000000025,COUNTRY,BHR,EMR,Eastern Mediterranean,YEAR,2005,,,,,,,,,98,98,,, Health Statistics of 2005. Bahrain: Ministry of Health; 2006.,2025-04-07T06:46:44Z,2005,2005-01-01,2005-12-31
2243786,MDG_0000000025,COUNTRY,CAF,AFR,Africa,YEAR,2006,,,,,,,,,41,41,,," Suivi da la Situation des Enfants et des Femmes. Résultats de l'enquête nationale à indicateurs multiples couplée avec la sérologie VIH et anémie en RCA 2006. Rapport final. Bangui: Ministère du Plan, de l'Economie et de la Coopération International, Institut Centrafricain des Statistiques, et des Etudes Economiques et Sociales (ICASEES), Fonds des Nations Unies pour l'Enfance (UNICEF); 2009 (in French).",2025-04-07T06:46:44Z,2006,2006-01-01,2006-12-31
2270535,MDG_0000000025,COUNTRY,SYC,AFR,Africa,YEAR,2019,,,,,,,,,99,98.8,,,Seychelles Annual Health Sector Performance Report 2019. Ministry of Health; Seychelles; 2020.,2026-04-21T12:35:59Z,2019,2019-01-01,2019-12-31
2302485,MDG_0000000025,COUNTRY,ATG,AMR,Americas,YEAR,2017,,,,,,,,,100,100,,,PLISA Health Information Platform. Indicator profile: Deliveries attended by skilled birth attendants (%) [online database]. Washington; DC: Pan American Health Organization/World Health Organization (PAHO/WHO); 2018 (http://www.paho.org/data/index.php/en/indicators/visualization.html; accessed 11 February 2020).,2026-04-21T12:35:59Z,2017,2017-01-01,2017-12-31
2352766,MDG_0000000025,COUNTRY,DJI,EMR,Eastern Mediterranean,YEAR,2012,,,,,,,,,87,87,,,"Qualified personnel Deuxième Enquête Djiboutienne sur la Santé de la Famille (EDSF/PAPFAM 2 – 2012). Le Caire: Ministère de la Santé Djibouti, Direction de la Statistique et des Etudes Démographiques Djibouti, Ligue des États Arabes (Projet Pan Arabe sur la Santé de la Famille); 2012 (in French). ",2025-04-07T06:46:44Z,2012,2012-01-01,2012-12-31
2410929,MDG_0000000025,COUNTRY,LVA,EUR,Europe,YEAR,2018,,,,,,,,,98,97.9,,,Health Statistics Database - Maternal and child health care (Veselbas statistikas datubze). Latvia; 2023 (https://statistika.spkc.gov.lv/pxweb/en/Health/Health__Mates_berna_veseliba/MCH010_dzemdibu_raditaji_regioni.px/ accessed 21 September 2023),2026-04-21T12:35:59Z,2018,2018-01-01,2018-12-31
2443868,MDG_0000000025,COUNTRY,AIA,AMR,Americas,YEAR,2016,,,,,,,,,100,100,,,PLISA Health Information Platform. Indicator profile: Deliveries attended by skilled birth attendants (%) [online database]. Washington; DC: Pan American Health Organization/World Health Organization (PAHO/WHO); 2021 (https://opendata.paho.org/es/indicadores-basicos/tablero-de-los-indicadores-basicos); accessed December 30; 2021).,2026-04-21T12:35:59Z,2016,2016-01-01,2016-12-31
2456447,MDG_0000000025,COUNTRY,TKM,EUR,Europe,YEAR,2000,,,,,,,,,97,97,,," Gurbansoltan Eje Clinical Research Center for Maternal and Child Health (GECRCMCH), Ministry of Health and Medical Industry [Turkmenistan], ORC Macro. Turkmenistan Demographic and Health Survey 2000. Calverton, Maryland, USA: GECRCMCH, ORC Macro; 2001.",2025-04-07T06:46:44Z,2000,2000-01-01,2000-12-31
2470029,MDG_0000000025,COUNTRY,THA,SEAR,South-East Asia,YEAR,2019,,,,,,,,,99,99.1,,,Thailand Multiple Indicator Cluster Survey 2019; Survey Findings Report. Bangkok: National Statistical Office of Thailand; 2020.,2026-04-21T12:35:59Z,2019,2019-01-01,2019-12-31
2476113,MDG_0000000025,COUNTRY,PER,AMR,Americas,YEAR,2000,,,,,,,,,59,59,,," Instituto Nacional de Estadística e Informática (INEI) [Perú], Macro International. Perú Encuesta Demográfica y de Salud Familiar - ENDES 2000. Lima, Perú: Instituto Nacional de Estadística e Informática (INEI) [Perú], Macro International; 2001 (in Spanish).",2025-04-07T06:46:44Z,2000,2000-01-01,2000-12-31
2476312,MDG_0000000025,COUNTRY,MKD,EUR,Europe,YEAR,2013,,,,,,,,,100,100,,, Statistical Yearbook of the Republic of Macedonia 2014. Skopje: State Statistical Office [Macedonia]; 2014.,2025-04-07T06:46:44Z,2013,2013-01-01,2013-12-31
2489067,MDG_0000000025,COUNTRY,CHL,AMR,Americas,YEAR,2008,,,,,,,,,100,100,,, Estadísticas Vitales - Informe  Annual 2008. Santiago: Instituto Nacional de Estadísticas; 2010 (in Spanish).,2025-04-07T06:46:44Z,2008,2008-01-01,2008-12-31
2502211,MDG_0000000025,COUNTRY,ATG,AMR,Americas,YEAR,2004,,,,,,,,,100,100,,,"Trained personnel Health Situation in the Americas: Basic Indicators 2005. Washington, DC: Pan American Health Organization/World Health Organization (PAHO/WHO), Area of Health Analysis and Information Systems (AIS); 2005.",2025-04-07T06:46:44Z,2004,2004-01-01,2004-12-31
2515253,MDG_0000000025,COUNTRY,MKD,EUR,Europe,YEAR,2007,,,,,,,,,100,100,,, Statistical Yearbook of the Republic of Macedonia 2012. Skopje: State Statistical Office [Macedonia]; 2012.,2025-04-07T06:46:44Z,2007,2007-01-01,2007-12-31
2545374,MDG_0000000025,COUNTRY,BRN,WPR,Western Pacific,YEAR,2004,,,,,,,,,100,100,,,Skilled health personnel Health Information Booklet 2012. Bandar Seri Begawan: Ministry of Health [Brunei Darussalam]; 2013.,2025-04-07T06:46:44Z,2004,2004-01-01,2004-12-31
2545431,MDG_0000000025,COUNTRY,BOL,AMR,Americas,YEAR,2014,,,,,,,,,84,84,,, Registros administrativos del Sistema Nacional de Salud y Vigilancia Epidemiológica del Ministerio de Salud y Deportes - 2022,2025-04-07T06:46:44Z,2014,2014-01-01,2014-12-31
2551907,MDG_0000000025,COUNTRY,FSM,WPR,Western Pacific,YEAR,2000,,,,,,,,,83,83,,," Statistical Yearbook Federated States of Micronesia 2008. Palikir, Pohnpei: Division of Statistics, Office of Statistics, Budget and Economic Management, Overseas Development Assistance & Compact Management (SBOC) [Federated States of Micronesia]; 2008.",2025-04-07T06:46:44Z,2000,2000-01-01,2000-12-31
2596685,MDG_0000000025,COUNTRY,KGZ,EUR,Europe,YEAR,2007,,,,,,,,,98,98,,,"Skilled health personnel Transformative Monitoring for Enhanced Equity (TransMonEE) Kyrgyzstan. [2.A. Performance Health of Mother and Child] [online database]. Bishkek City: National Statistical Committee of the Kyrgyz Republic; 2012 (www.stat.kg, accessed 6 November 2012, in Russian/Kyrgyz). ",2025-04-07T06:46:44Z,2007,2007-01-01,2007-12-31
2693827,MDG_0000000025,COUNTRY,KGZ,EUR,Europe,YEAR,2011,,,,,,,,,99,99,,,"Skilled health personnel Transformative Monitoring for Enhanced Equity (TransMonEE) 2016 Database [online database]. Geneva: UNICEF Europe and Central Asia Regional Office; 2016 (www.transmonee.org, accessed 17 October 2016). ",2025-04-07T06:46:44Z,2011,2011-01-01,2011-12-31
37382,MDG_0000000025,COUNTRY,IRQ,EMR,Eastern Mediterranean,YEAR,2012,,,,,,,,,70,70,,, Shabila NP. Rates and trends in cesarean sections between 2008 and 2012 in Iraq. BMC Pregnancy Childbirth. 2017;17:22. doi: 10.1186/s12884-016-1211-6. ,2025-04-07T06:46:44Z,2012,2012-01-01,2012-12-31
43680,MDG_0000000025,COUNTRY,THA,SEAR,South-East Asia,YEAR,2012,,,,,,,,,100,100,,,"Doctor, nurse, midwife, health centerstaff, nurse's aide, midwife's aide National Statistical Office (NSO), United Nations Children's Fund (UNICEF). Thailand Multiple Indicator Cluster Survey 2012. Final Report. Bangkok: NSO, UNICEF; 2013.",2025-04-07T06:46:44Z,2012,2012-01-01,2012-12-31
50674,MDG_0000000025,COUNTRY,BDI,AFR,Africa,YEAR,2020,,,,,,,,,87,87.4,,,Annuaire des Statistisques Sanitaires 2022,2026-04-21T12:35:59Z,2020,2020-01-01,2020-12-31
1064824,MDG_0000000025,COUNTRY,BHS,AMR,Americas,YEAR,2019,,,,,,,,,99,99,,,PLISA Health Information Platform. Indicator profile: Deliveries attended by skilled birth attendants (%) [online database]. Washington; DC: Pan American Health Organization/World Health Organization (PAHO/WHO); 2021 (https://opendata.paho.org/es/indicadores-basicos/tablero-de-los-indicadores-basicos; accessed 30 December 2021).,2026-04-21T12:35:59Z,2019,2019-01-01,2019-12-31
1091786,MDG_0000000025,COUNTRY,IRN,EMR,Eastern Mediterranean,YEAR,2009,,,,,,,,,98,98,,,"Skilled personnel Millennium Development Goals (MDG) - 2014 Report. Proportion of births attended by skilled health personnel, percent [website]. Tehran: Statistical Center of Iran; 2015 (https://www.amar.org.ir/english/MDG-2014/MDG-Goal_5/MDG-Goal-5-P2, accessed 28 November 2017). ",2025-04-07T06:46:44Z,2009,2009-01-01,2009-12-31
1110584,MDG_0000000025,COUNTRY,NOR,EUR,Europe,YEAR,2017,,,,,,,,,99,99.2,,,Dataset: F11: Fdested. 2017. [online database]. Oslo: Folkehelseinstituttet; Medisinsk fdselsregister [Norwegian Institute of Public Health (NIPH); Medical Birth Registry]; 2018 (http://statistikkbank.fhi.no/mfr; accessed 21 September 2018; in Norwegian).,2026-04-21T12:35:59Z,2017,2017-01-01,2017-12-31
1111334,MDG_0000000025,COUNTRY,MEX,AMR,Americas,YEAR,2022,,,,,,,,,88,87.5,,,PLISA Health Information Platform. Indicator profile: Deliveries attended by skilled birth attendants (%) [online database]. Washington; DC: Pan American Health Organization/World Health Organization (PAHO/WHO); 2023 (https://opendata.paho.org/es/indicadores-basicos/tablero-de-los-indicadores-basicos; accessed 1 February 2024).,2026-04-21T12:35:59Z,2022,2022-01-01,2022-12-31
1117808,MDG_0000000025,REGION,EMR,,,YEAR,2009,,,,,,,,,60,60,,,,2025-04-07T06:46:44Z,2009,2009-01-01,2009-12-31
1169280,MDG_0000000025,COUNTRY,LTU,EUR,Europe,YEAR,2014,,,,,,,,,100,100,,,"Skilled health personnel Transformative Monitoring for Enhanced Equity (TransMonEE) 2016 Database [online database]. Geneva: UNICEF Europe and Central Asia Regional Office; 2016 (www.transmonee.org, accessed 17 October 2016). ",2025-04-07T06:46:44Z,2014,2014-01-01,2014-12-31
1188840,MDG_0000000025,COUNTRY,BMU,AMR,Americas,YEAR,2013,,,,,,,,,100,100,,,"Trained personnel PLISA Health Information Platform. Indicator profile: Deliveries attended by skilled birth attendants (%) [online database]. Washington, DC: Pan American Health Organization/World Health Organization (PAHO/WHO); 2023 (https://opendata.paho.org/es/indicadores-basicos/tablero-de-los-indicadores-basicos, accessed 20 September 2023).",2025-04-07T06:46:44Z,2013,2013-01-01,2013-12-31
1202547,MDG_0000000025,COUNTRY,ECU,AMR,Americas,YEAR,2008,,,,,,,,,89,89,,,"Doctors, obstetrician and nurse Registro Estadístico de Nacidos Vivos, Instituto Nacional de Estadística y Censos",2025-04-07T06:46:44Z,2008,2008-01-01,2008-12-31
1228510,MDG_0000000025,COUNTRY,BLZ,AMR,Americas,YEAR,2019,,,,,,,,,95,95.3,,,PLISA Health Information Platform. Indicator profile: Deliveries attended by skilled birth attendants (%) [online database]. Washington; DC: Pan American Health Organization/World Health Organization (PAHO/WHO); 2021 (https://opendata.paho.org/es/indicadores-basicos/tablero-de-los-indicadores-basicos; accessed 30 December 2021).,2026-04-21T12:35:59Z,2019,2019-01-01,2019-12-31
1234829,MDG_0000000025,COUNTRY,EST,EUR,Europe,YEAR,2015,,,,,,,,,100,100,,," Estonian Medical Birth Registry (EMBR). Skilled birth attendant, 1992-2019. Tallinn: National Institute for Health Development [Estonia]; 2020",2025-04-07T06:46:44Z,2015,2015-01-01,2015-12-31
1261101,MDG_0000000025,COUNTRY,AFG,EMR,Eastern Mediterranean,YEAR,2018,,,,,,,,,59,58.8,,,Afghanistan Health Survey 2018. Amsterdam: KIT Royal Tropical Institute; 2018.,2026-04-21T12:35:59Z,2018,2018-01-01,2018-12-31
1280596,MDG_0000000025,COUNTRY,ISL,EUR,Europe,YEAR,2006,,,,,,,,,99,99,,," Births: Home deliveries as percentage of all deliveries in Iceland 1980-2016 [website]. Reykjavík: Directorate of Health [Iceland]; 2017 (https://www.landlaeknir.is/english/statistics/births/, accessed 10 October 2017). ",2025-04-07T06:46:44Z,2006,2006-01-01,2006-12-31
1293438,MDG_0000000025,COUNTRY,DEU,EUR,Europe,YEAR,2016,,,,,,,,,96,96.2,,,Indicator 3..2.1: proportion of births attended by skilled health personnel [online database]. Wiesbaden: Statistisches Bundesamt (DESTATIS); 2019 (https://sustainabledevelopment-germany.github.io/en/3-1-2/; accessed 30 January 2020). Source for sample size: Live births and difference to the previous year [online database]. Wiesbaden: Statistisches Bundesamt (DESTATIS); 2019 (https://www.destatis.de/EN/Themes/Society-Environment/Population/Births/Tables/live-birth-difference.html;jsessionid=E7096D28FE065513E5F04C559D739AAF.internet721; accessed 30 January 2020).,2026-04-21T12:35:59Z,2016,2016-01-01,2016-12-31
1293724,MDG_0000000025,COUNTRY,SSD,AFR,Africa,YEAR,2010,,,,,,,,,19,19,,,"Doctor, nurse, midwife, auxilliary midwife The Republic of South Sudan: The Sudan Household Health Survey 2010. South Sudan: National Bureau of Statistics, Ministry of Health; 2012.",2025-04-07T06:46:44Z,2010,2010-01-01,2010-12-31
1299667,MDG_0000000025,COUNTRY,TUV,WPR,Western Pacific,YEAR,2007,,,,,,,,,93,93,,," Central Statistics Division [Tuvalu], Secretariat of the Pacific Community (SPC), Macro International Inc., Asian Development Bank. Tuvalu Demographic and Health Survey 2007. Noumea: SPC; 2009.",2025-04-07T06:46:44Z,2007,2007-01-01,2007-12-31
1377830,MDG_0000000025,COUNTRY,COL,AMR,Americas,YEAR,2010,,,,,,,,,95,95,,," Ojeda G, Ordonez M, Ochoa LH (Profamilia), ICF Macro. Colombia Encuesta Nacional de Demografía y Salud 2010. Bogotá, Colombia: Profamilia; 2011 (in Spanish). ",2025-04-07T06:46:44Z,2010,2010-01-01,2010-12-31
1390073,MDG_0000000025,COUNTRY,VUT,WPR,Western Pacific,YEAR,2000,,,,,,,,,88,88,,,"Doctor, nurse, and midwife (i.e. all attendants except “traditional birth attendants”) Secretariat of the Pacific Community (SPC), United Nations Development Programme (UNDP), the UN/CROP MDG Working Group. Pacific Islands Regional Millennium Development Goals Report 2004. Noumea: Secretariat of the Pacific Community (SPC); 2004.",2025-04-07T06:46:44Z,2000,2000-01-01,2000-12-31
1429804,MDG_0000000025,COUNTRY,BDI,AFR,Africa,YEAR,2019,,,,,,,,,99,98.6,,,Annuaire des Statistisques Sanitaires 2022,2026-04-21T12:35:59Z,2019,2019-01-01,2019-12-31
1455887,MDG_0000000025,COUNTRY,AUS,WPR,Western Pacific,YEAR,2017,,,,,,,,,99,99.4,,,Australia's mothers and babies 2017 - in brief. Perinatal statistics series no. 35. Cat no. PER 100. Canberra: Australian Institute of Health and Welfare (AIHW); 2019.,2026-04-21T12:35:59Z,2017,2017-01-01,2017-12-31
1475036,MDG_0000000025,COUNTRY,COL,AMR,Americas,YEAR,2003,,,,,,,,,95,95,,," DANE [online database]. Estadísticas Vitales - Nacimientos. 2003. Bogotá D.C.: Departamento Administrativo Nacional de Estadística (DANE); 2011 (http://www.dane.gov.co/daneweb_V09/index.php?option=com_content&view=article&id=786&Itemid=119, accessed 30 May 2011, in Spanish).  ",2025-04-07T06:46:44Z,2003,2003-01-01,2003-12-31
2727650,MDG_0000000025,COUNTRY,JOR,EMR,Eastern Mediterranean,YEAR,2012,,,,,,,,,100,100,,," Department of Statistics [Jordan], ICF International. Jordan Population and Family Health Survey 2012. Calverton, Maryland, USA: Department of Statistics, ICF International; 2013.",2025-04-07T06:46:44Z,2012,2012-01-01,2012-12-31
2733401,MDG_0000000025,COUNTRY,OMN,EMR,Eastern Mediterranean,YEAR,2012,,,,,,,,,99,99,,,"Skilled personnel Annual Health Report 2014. Muscat: Ministry of Health, Department of Health Information and Statistics, Directorate General of Planning [Oman]; 2015.",2025-04-07T06:46:44Z,2012,2012-01-01,2012-12-31
2792229,MDG_0000000025,COUNTRY,BDI,AFR,Africa,YEAR,2000,,,,,,,,,25,25,,," Institut de Statistiques et d’Études Économiques du Burundi, Fonds des Nations Unies pour l'Enfance (UNICEF). Enquête Nationale d’Évaluation des Conditions de vie de l’Enfant et de la Femme au Burundi (ENECEF-Burundi 2000). Rapport Final. Burundi; 2001 (in French).",2025-04-07T06:46:44Z,2000,2000-01-01,2000-12-31
2799326,MDG_0000000025,COUNTRY,DNK,EUR,Europe,YEAR,2022,,,,,,,,,96,96.4,,,Det Medicinske Fdselsregister (MFR); MFR-kuben; Institutional deliveries [online database]. Copenhagen: Sundhedsdatastyrelsen [National Board of Health Data; Denmark]; 2023 (https://www.esundhed.dk/Emner/Graviditet-foedsler-og-boern/Nyfoedte-og-foedsler-1997-#tabpanel6B95F8298EB444F48C3403E7B75B7202; accessed 21 September; 2023; in Danish).,2026-04-21T12:35:59Z,2022,2022-01-01,2022-12-31
2811413,MDG_0000000025,COUNTRY,CRI,AMR,Americas,YEAR,2011,,,,,,,,,98,98,,," Ministerio de Salud Pública, Fondo de las Naciones Unidas para la Infancia (UNICEF). Costa Rica. Encuesta de Indicadores Múltiples por Conglomerados 2011: Situación de la Niñez y Mujeres. San José, Costa Rica: UNICEF; 2013 (in Spanish).",2025-04-07T06:46:44Z,2011,2011-01-01,2011-12-31
2824496,MDG_0000000025,COUNTRY,MUS,AFR,Africa,YEAR,2012,,,,,,,,,100,100,,," Sustainable Development Goals  [online database]. Port Louis: Statistics Mauritius; 2020 (https://statsmauritius.govmu.org/Pages/Statistics/By_Subject/SDGs/SB_SDG.aspx, accessed 8 January 2021).",2025-04-07T06:46:44Z,2012,2012-01-01,2012-12-31
2837637,MDG_0000000025,COUNTRY,NZL,WPR,Western Pacific,YEAR,2010,,,,,,,,,97,97,,," National Maternity Collection. Wellington: Ministry of Health [New Zealand]; 2020. (https://minhealthnz.shinyapps.io/Maternity_report_webtool/, last accessed 8 January 2021)",2025-04-07T06:46:44Z,2010,2010-01-01,2010-12-31
2844623,MDG_0000000025,COUNTRY,MEX,AMR,Americas,YEAR,2019,,,,,,,,,89,89.4,,,PLISA Health Information Platform. Indicator profile: Deliveries attended by skilled birth attendants (%) [online database]. Washington; DC: Pan American Health Organization/World Health Organization (PAHO/WHO); 2023 (https://opendata.paho.org/es/indicadores-basicos/tablero-de-los-indicadores-basicos; accessed 1 February 2024).,2026-04-21T12:35:59Z,2019,2019-01-01,2019-12-31
2876737,MDG_0000000025,COUNTRY,AUT,EUR,Europe,YEAR,2012,,,,,,,,,99,99,,, Jahrbuch der Gesundheitsstatistik 2012. Wien: Statistik Austria; 2013 (in German).,2025-04-07T06:46:44Z,2012,2012-01-01,2012-12-31
2954202,MDG_0000000025,COUNTRY,COK,WPR,Western Pacific,YEAR,2008,,,,,,,,,100,100,,,"Skilled health personnel National Millennium Development Goals Report Cook Islands 2009. Rarotonga: Central Policy and Planning Office, Office of the Prime Minister, UNDP; 2010. ",2025-04-07T06:46:44Z,2008,2008-01-01,2008-12-31
2966987,MDG_0000000025,COUNTRY,LCA,AMR,Americas,YEAR,2017,,,,,,,,,100,100,,,PLISA Health Information Platform. Indicator profile: Deliveries attended by skilled birth attendants (%) [online database]. Washington; DC: Pan American Health Organization/World Health Organization (PAHO/WHO); 2021 (https://opendata.paho.org/es/indicadores-basicos/tablero-de-los-indicadores-basicos; accessed 30 December 2021).,2026-04-21T12:35:59Z,2017,2017-01-01,2017-12-31
3045904,MDG_0000000025,COUNTRY,CMR,AFR,Africa,YEAR,2011,,,,,,,,,56,56,,," Institut National de la Statistique (INS), ICF. International. Enquête Démographique et de Santé et à Indicateurs Multiples du Cameroun 2011. Calverton, Maryland, USA: INS, ICF International; 2012 (in French.",2025-04-07T06:46:44Z,2011,2011-01-01,2011-12-31
3052145,MDG_0000000025,COUNTRY,BGR,EUR,Europe,YEAR,2017,,,,,,,,,94,93.9,,,National Statistical Institute of Bulgaria; 2022. (Reported on 2 December 2022),2026-04-21T12:35:59Z,2017,2017-01-01,2017-12-31
3097029,MDG_0000000025,COUNTRY,AZE,EUR,Europe,YEAR,2007,,,,,,,,,93,93,,,Skilled health personnel Statistical Yearbook of Azerbaijan 2013. Baku: State Statistical Committee of the Republic of Azerbaijan; 2013.,2025-04-07T06:46:44Z,2007,2007-01-01,2007-12-31
3102982,MDG_0000000025,COUNTRY,BMU,AMR,Americas,YEAR,2000,,,,,,,,,100,100,,,"Trained personnel PLISA Health Information Platform. Indicator profile: Deliveries attended by skilled birth attendants (%) [online database]. Washington, DC: Pan American Health Organization/World Health Organization (PAHO/WHO); 2023 (https://opendata.paho.org/es/indicadores-basicos/tablero-de-los-indicadores-basicos, accessed 20 September 2023).",2025-04-07T06:46:44Z,2000,2000-01-01,2000-12-31
3155562,MDG_0000000025,COUNTRY,HUN,EUR,Europe,YEAR,2017,,,,,,,,,100,99.7,,,Hungarian Central Statistical Office. Country Consultation.,2026-04-21T12:35:59Z,2017,2017-01-01,2017-12-31
3167979,MDG_0000000025,COUNTRY,ETH,AFR,Africa,YEAR,2016,,,,,,,,,28,27.7,,,Central Statistical Agency (CSA) [Ethiopia]; ICF. Ethiopia Demographic and Health Survey 2016. Addis Ababa; Ethiopia; and Rockville; Maryland; USA: CSA ; ICF; 2016.,2026-04-21T12:35:59Z,2016,2016-01-01,2016-12-31
3213849,MDG_0000000025,COUNTRY,BLZ,AMR,Americas,YEAR,2004,,,,,,,,,88,88,,,"Trained personnel PLISA Health Information Platform. Indicator profile: Deliveries attended by skilled birth attendants (%) [online database]. Washington, DC: Pan American Health Organization/World Health Organization (PAHO/WHO); 2021 (https://opendata.paho.org/es/indicadores-basicos/tablero-de-los-indicadores-basicos, accessed 30 December 2021). ",2025-04-07T06:46:44Z,2004,2004-01-01,2004-12-31
3233903,MDG_0000000025,COUNTRY,AUS,WPR,Western Pacific,YEAR,2010,,,,,,,,,99,99,,," Li Z, Zeki R, Hilder L, Sullivan EA. Australia’s mothers and babies 2010. Perinatal statistics series no. 27. Cat. no. PER 57. Canberra: Australian Institute of Health and Welfare (AIHW) National Perinatal Epidemiology and Statistics Unit; 2012.",2025-04-07T06:46:44Z,2010,2010-01-01,2010-12-31
3246231,MDG_0000000025,COUNTRY,BIH,EUR,Europe,YEAR,2010,,,,,,,,,100,100,,, Statistical Yearbook Federation of Bosnia and Herzegovina 2011. Sarajevo: Federal Office of Statistics [Bosnia and Herzegovina]; 2011.,2025-04-07T06:46:44Z,2010,2010-01-01,2010-12-31
3292283,MDG_0000000025,COUNTRY,AUT,EUR,Europe,YEAR,2006,,,,,,,,,99,99,,, Jahrbuch der Gesundheitsstatistik 2012. Wien: Statistik Austria; 2013 (in German).,2025-04-07T06:46:44Z,2006,2006-01-01,2006-12-31
3330395,MDG_0000000025,COUNTRY,PAN,AMR,Americas,YEAR,2013,,,,,,,,,91,91,,," Contraloría General de la República, Fondo de las Naciones Unidas para la Infancia (UNICEF). Encuesta de Indicadores Múltiples por Conglomerados de Panamá 2013, Resultados Principales Panamá. Panamá: Contraloría General; 2014 (in Spanish).",2025-04-07T06:46:44Z,2013,2013-01-01,2013-12-31
3331231,MDG_0000000025,COUNTRY,NOR,EUR,Europe,YEAR,2005,,,,,,,,,99,99,,," Dataset: F11: Fødested. 2005. [online database]. Oslo: Folkehelseinstituttet, Medisinsk fødselsregister [Norwegian Institute of Public Health (NIPH), Medical Birth Registry]; 2006 (http://statistikkbank.fhi.no/mfr, accessed 10 October 2011, in Norwegian). ",2025-04-07T06:46:44Z,2005,2005-01-01,2005-12-31
3344382,MDG_0000000025,COUNTRY,CMR,AFR,Africa,YEAR,2004,,,,,,,,,59,59,,," Institut National de la Statistique (INS) et ORC Macro. Enquête Démographique et de Santé du Cameroun 2004. Calverton, Maryland, USA: INS et ORC Macro; 2005 (in French).",2025-04-07T06:46:44Z,2004,2004-01-01,2004-12-31
3363497,MDG_0000000025,COUNTRY,ECU,AMR,Americas,YEAR,2003,,,,,,,,,75,75,,,"Doctors, obstetrician and nurse Estadísticas Vitales: Registro Estadístico de Nacidos Vivos y Defunciones 2020. Quito: Instituto Nacional de Estadística y Censos (INEC); 2021 (in Spanish). ",2025-04-07T06:46:44Z,2003,2003-01-01,2003-12-31
3474139,MDG_0000000025,COUNTRY,KWT,EMR,Eastern Mediterranean,YEAR,2010,,,,,,,,,99,99,,, Annual Bulletin for Vital Statistics - Births and Deaths 2010. Kuwait City: Central Statistical Bureau (Office) [Kuwait]; 2011.,2025-04-07T06:46:44Z,2010,2010-01-01,2010-12-31
3487208,MDG_0000000025,GLOBAL,GLOBAL,,,YEAR,2001,,,,,,,,,61,61,,,,2024-04-26T13:59:03Z,2001,2001-01-01,2001-12-31
3499488,MDG_0000000025,COUNTRY,CAN,AMR,Americas,YEAR,2006,,,,,,,,,100,100,,, What Mothers Say: The Canadian Maternity Experiences Survey. Ottawa: Public Health Agency of Canada; 2009.,2025-04-07T06:46:44Z,2006,2006-01-01,2006-12-31
3499615,MDG_0000000025,COUNTRY,IRQ,EMR,Eastern Mediterranean,YEAR,2011,,,,,,,,,91,91,,," Iraq Multiple Indicator Cluster Survey 2011. Final Report. Baghdad: Central Statistical Organization (CSO), Kurdistan Regional Statistics Office (KRSO), United Nations Children’s Fund (UNICEF); 2012.",2025-04-07T06:46:44Z,2011,2011-01-01,2011-12-31
3500170,MDG_0000000025,COUNTRY,BIH,EUR,Europe,YEAR,2018,,,,,,,,,100,99.9,,,Statistical Yearbook Federation of Bosnia and Herzegovina 2019. Sarajevo: Institute for Statistics of Federation of Bosnia and Herzegovina; 2019.,2026-04-21T12:35:59Z,2018,2018-01-01,2018-12-31
3512905,MDG_0000000025,COUNTRY,LAO,WPR,Western Pacific,YEAR,2017,,,,,,,,,64,64.4,,,Lao Statistics Bureau. Lao MICS Social Indicator Survey II 2017; Survey Findings Report. Vientiane; Lao PDR: LaoStatistics Bureau; UNICEF; 2018.,2026-04-21T12:35:59Z,2017,2017-01-01,2017-12-31
3519039,MDG_0000000025,COUNTRY,FRA,EUR,Europe,YEAR,2010,,,,,,,,,98,98,,," Tableau 64: Conditions d'accouchement selon le groupe d'âges de la mère. Année 2010 [website]. Paris: Institut National de la Statistique et des Études Économiques (INSEE) [National Institute of Statistics and Economic Studies]; 2011 (http://www.insee.fr/en/insee-statistique-publique/default.asp, accessed 23 November 2011, in French).
",2025-04-07T06:46:44Z,2010,2010-01-01,2010-12-31
3564303,MDG_0000000025,COUNTRY,BGR,EUR,Europe,YEAR,2019,,,,,,,,,92,92.3,,,National Statistical Institute of Bulgaria; 2022. (Reported on 2 December 2022),2026-04-21T12:35:59Z,2019,2019-01-01,2019-12-31
3577098,MDG_0000000025,COUNTRY,JPN,WPR,Western Pacific,YEAR,2002,,,,,,,,,100,100,,," 2009 Vital Statistics of Japan. Table 4.8: Trends in percent distribution of live births by place of delivery [website]. Tokyo: Ministry of Health, Labour and Welfare [Japan]; 2010 (http://www.mhlw.go.jp). ",2025-04-07T06:46:44Z,2002,2002-01-01,2002-12-31
3578041,MDG_0000000025,COUNTRY,FSM,WPR,Western Pacific,YEAR,2003,,,,,,,,,85,85,,," Statistical Yearbook Federated States of Micronesia 2008. Palikir, Pohnpei: Division of Statistics, Office of Statistics, Budget and Economic Management, Overseas Development Assistance & Compact Management (SBOC) [Federated States of Micronesia]; 2008.",2025-04-07T06:46:44Z,2003,2003-01-01,2003-12-31
3583670,MDG_0000000025,COUNTRY,LTU,EUR,Europe,YEAR,2020,,,,,,,,,100,100,,,Official Statistics Portal; 2021 (https://osp.stat.gov.lt/nacionaliniai-darnaus-vystymosi-rodikliai; accessed 30/12/2021),2026-04-21T12:35:59Z,2020,2020-01-01,2020-12-31
3615990,MDG_0000000025,COUNTRY,NIC,AMR,Americas,YEAR,2002,,,,,,,,,73,73,,,"Trained personnel PLISA Health Information Platform. Indicator profile: Deliveries attended by skilled birth attendants (%) [online database]. Washington, DC: Pan American Health Organization/World Health Organization (PAHO/WHO); 2021 (https://opendata.paho.org/es/indicadores-basicos/tablero-de-los-indicadores-basicos, accessed 30 December 2021). ",2025-04-07T06:46:44Z,2002,2002-01-01,2002-12-31
3648563,MDG_0000000025,COUNTRY,SLV,AMR,Americas,YEAR,2008,,,,,,,,,96,96,,,"IB + home delivery with skilled personnel Asociación Demográfica Salvadoreña (ADS), Comité Consultivo Interinstitucional (CCI), Centros para el Control y Prevención de Enfermedades (CDC), Agencia de los Estados Unidos para el Desarrollo Internacional (USAID). Encuesta Nacional de Salud Familiar (FESAL) 2008. Informe Final. San Salvador: ADS; 2009 (in Spanish).",2025-04-07T06:46:44Z,2008,2008-01-01,2008-12-31
3688550,MDG_0000000025,COUNTRY,VCT,AMR,Americas,YEAR,2021,,,,,,,,,99,99,,,PLISA Health Information Platform. Indicator profile: Deliveries attended by skilled birth attendants (%) [online database]. Washington; DC: Pan American Health Organization/World Health Organization (PAHO/WHO); 2023 (https://opendata.paho.org/es/indicadores-basicos/tablero-de-los-indicadores-basicos; accessed 21 September 2023).,2026-04-21T12:35:59Z,2021,2021-01-01,2021-12-31
3694888,MDG_0000000025,COUNTRY,MUS,AFR,Africa,YEAR,2018,,,,,,,,,100,99.8,,,Sustainable Development Goals [online database]. Port Louis: Statistics Mauritius; 2020 (https://statsmauritius.govmu.org/Pages/Statistics/By_Subject/SDGs/SB_SDG.aspx; accessed 8 January 2021).,2026-04-21T12:35:59Z,2018,2018-01-01,2018-12-31
3707111,MDG_0000000025,COUNTRY,MLT,EUR,Europe,YEAR,2005,,,,,,,,,100,100,,, National Obstetric Information System (NOIS). Annual Report – 2005. Malta: Department of Health Information (DHI); 2006.,2025-04-07T06:46:44Z,2005,2005-01-01,2005-12-31
3707746,MDG_0000000025,COUNTRY,BWA,AFR,Africa,YEAR,2016,,,,,,,,,100,99.7,,,Botswana Maternal Mortality Ratio 2016. Gaborone: Statistics Botswana (CSO); 2018.,2026-04-21T12:35:59Z,2016,2016-01-01,2016-12-31
3746907,MDG_0000000025,COUNTRY,JAM,AMR,Americas,YEAR,2005,,,,,,,,,97,97,,,"Doctor, Nurse / Midwife, Auxiliary Midwife Jamaica Multiple Indicator Cluster Survey 2005. Kingston: Statistical Institute of Jamaica, United Nations Children's Fund (UNICEF); 2007.",2025-04-07T06:46:44Z,2005,2005-01-01,2005-12-31
3753114,MDG_0000000025,COUNTRY,ARE,EMR,Eastern Mediterranean,YEAR,2022,,,,,,,,,100,100,,,Ministry of Health and Prevention. Country Consultation 2024,2026-04-21T12:35:59Z,2022,2022-01-01,2022-12-31
3766048,MDG_0000000025,COUNTRY,BLR,EUR,Europe,YEAR,2022,,,,,,,,,100,99.9,,,National platform for reporting indicators of Sustainable Development Goals. http://sdgplatform.belstat.gov.by/datasets/3.1.2; last accessed 6/12/2023,2026-04-21T12:35:59Z,2022,2022-01-01,2022-12-31
3766932,MDG_0000000025,REGION,EUR,,,YEAR,2013,,,,,,,,,99,99,,,,2024-04-26T13:59:03Z,2013,2013-01-01,2013-12-31
3779485,MDG_0000000025,COUNTRY,CUB,AMR,Americas,YEAR,2021,,,,,,,,,100,99.9,,,Plataforma ODS Cuba; actualizacin 2021,2026-04-21T12:35:59Z,2021,2021-01-01,2021-12-31
3805393,MDG_0000000025,COUNTRY,AUT,EUR,Europe,YEAR,2003,,,,,,,,,98,98,,, Jahrbuch der Gesundheitsstatistik 2003. Wien: Statistik Austria; 2005 (in German).,2025-04-07T06:46:44Z,2003,2003-01-01,2003-12-31
3838219,MDG_0000000025,COUNTRY,GEO,EUR,Europe,YEAR,2017,,,,,,,,,100,99.9,,,Health Care; Statistical Yearbook 2017 Georgia. Tbilisi: Ministry of Labour; Health and Social Affairs of Georgia; National Centre for Disease Control and Public Health; 2018.,2026-04-21T12:35:59Z,2017,2017-01-01,2017-12-31
3863714,MDG_0000000025,COUNTRY,PRT,EUR,Europe,YEAR,2021,,,,,,,,,98,97.6,,,Annual Statistics Portugal Deliveries (No.) by Place of residence of mother (NUTS - 2013) and Place (Delivery); Annual - Statistics Portugal; Childbirths; 2023. (https://www.ine.pt/xportal/xmain?xpid=INE&xpgid=ine_main accessed 22 September 2023).,2026-04-21T12:35:59Z,2021,2021-01-01,2021-12-31
3870515,MDG_0000000025,COUNTRY,ISL,EUR,Europe,YEAR,2000,,,,,,,,,99,99,,," Births: Home deliveries as percentage of all deliveries in Iceland 1980-2016 [website]. Reykjavík: Directorate of Health [Iceland]; 2017 (https://www.landlaeknir.is/english/statistics/births/, accessed 10 October 2017). ",2025-04-07T06:46:44Z,2000,2000-01-01,2000-12-31
3870669,MDG_0000000025,COUNTRY,CHL,AMR,Americas,YEAR,2009,,,,,,,,,100,100,,, Estadísticas Vitales - Informe  Annual 2009. Santiago: Instituto Nacional de Estadísticas; 2011 (in Spanish).,2025-04-07T06:46:44Z,2009,2009-01-01,2009-12-31
3876730,MDG_0000000025,COUNTRY,NIC,AMR,Americas,YEAR,2014,,,,,,,,,93,93,,,"Trained personnel PLISA Health Information Platform. Indicator profile: Deliveries attended by skilled birth attendants (%) [online database]. Washington, DC: Pan American Health Organization/World Health Organization (PAHO/WHO); 2021 (https://opendata.paho.org/es/indicadores-basicos/tablero-de-los-indicadores-basicos, accessed 30 December 2021). ",2025-04-07T06:46:44Z,2014,2014-01-01,2014-12-31
3883185,MDG_0000000025,COUNTRY,BOL,AMR,Americas,YEAR,2005,,,,,,,,,62,62,,, Registros administrativos del Sistema Nacional de Salud y Vigilancia Epidemiológica del Ministerio de Salud y Deportes - 2022,2025-04-07T06:46:44Z,2005,2005-01-01,2005-12-31
3910087,MDG_0000000025,COUNTRY,RUS,EUR,Europe,YEAR,2021,,,,,,,,,100,99.7,,,Federal State Statistics Service. Data on SDG Indicators. Russia; 2023. (https://eng.rosstat.gov.ru/3.1.2) accessed September 27; 2023.,2026-04-21T12:35:59Z,2021,2021-01-01,2021-12-31
3922802,MDG_0000000025,COUNTRY,ITA,EUR,Europe,YEAR,2004,,,,,,,,,100,100,,, Certificato di assistenza al parto (CeDAP). Analisi dell’evento nascita - Anno 2004. Roma: Direzione Generale del Sistema Informativo – Ufficio di Statistica; 2007 (in Italian). ,2025-04-07T06:46:44Z,2004,2004-01-01,2004-12-31
4091340,MDG_0000000025,COUNTRY,MSR,AMR,Americas,YEAR,2019,,,,,,,,,100,100,,,PLISA Health Information Platform. Indicator profile: Deliveries attended by skilled birth attendants (%) [online database]. Washington; DC: Pan American Health Organization/World Health Organization (PAHO/WHO); 2021 (https://opendata.paho.org/es/indicadores-basicos/tablero-de-los-indicadores-basicos; accessed 30 December 2021).,2026-04-21T12:35:59Z,2019,2019-01-01,2019-12-31
4110161,MDG_0000000025,COUNTRY,GRD,AMR,Americas,YEAR,2016,,,,,,,,,99,99.3,,,PLISA Health Information Platform. Indicator profile: Deliveries attended by skilled birth attendants (%) [online database]. Washington; DC: Pan American Health Organization/World Health Organization (PAHO/WHO); 2018 (http://www.paho.org/data/index.php/en/indicators/visualization.html; accessed 11 February 2020).,2026-04-21T12:35:59Z,2016,2016-01-01,2016-12-31
4123467,MDG_0000000025,GLOBAL,GLOBAL,,,YEAR,2015,,,,,,,,,80,80,,,,2024-04-26T13:59:03Z,2015,2015-01-01,2015-12-31
4130417,MDG_0000000025,COUNTRY,LTU,EUR,Europe,YEAR,2022,,,,,,,,,100,100,,,Official Statistics Portal Lithuania; 2023 (https://lithuaniasdg-en-ls-osp-sdg.hub.arcgis.com/pages/goal-3 accessed 22 September 2023).,2026-04-21T12:35:59Z,2022,2022-01-01,2022-12-31
4142459,MDG_0000000025,COUNTRY,MOZ,AFR,Africa,YEAR,2011,,,,,,,,,54,54,,,"Doctor (2.5%), nurse, midwife (16.1%), auxiliary nurse/midwife (35.7%) Ministerio da Saude (MISAU) [Mozambique], Instituto Nacional de Estatística (INE) [Mozambique], ICF International. Moçambique Inquérito Demográfico e de Saúde 2011. Calverton, Maryland, USA: MISA [Mozambique], INE [Mozambique], ICF International; 2013 (in Portuguese).",2025-04-07T06:46:44Z,2011,2011-01-01,2011-12-31
4155916,MDG_0000000025,COUNTRY,HUN,EUR,Europe,YEAR,2016,,,,,,,,,100,99.7,,,Hungarian Central Statistical Office. Country Consultation.,2026-04-21T12:35:59Z,2016,2016-01-01,2016-12-31
4162436,MDG_0000000025,COUNTRY,MDA,EUR,Europe,YEAR,2021,,,,,,,,,100,99.6,,,Statistical databank. Share of births attended by skilled health personnel by Indicators and Years [online database]. Chisinau: National Bureau of Statistics [Republic of Moldova]; 2022 (https://statbank.statistica.md/pxweb/pxweb/en/50%20Statistica%20gender/50%20Statistica%20gender__GEN04/GEN040600soc.px/table/tableViewLayout1/?rxid=b2ff27d7-0b96-43c9-934b-42e1a2a9a774); accessed 30 December 2022).,2026-04-21T12:35:59Z,2021,2021-01-01,2021-12-31
4162910,MDG_0000000025,COUNTRY,BIH,EUR,Europe,YEAR,2004,,,,,,,,,100,100,,, Statistical Yearbook Federation of Bosnia and Herzegovina 2006. Sarajevo: Federal Office of Statistics [Federation of Bosnia and Herzegovina]; 2006.,2025-04-07T06:46:44Z,2004,2004-01-01,2004-12-31
4168739,MDG_0000000025,COUNTRY,GRC,EUR,Europe,YEAR,2003,,,,,,,,,100,100,,,"Skilled persons Hellenic Republic, Hellenic Statistical Authority, General Directorate of Statistical Surveys, Vital and Migration Statistics Section, Statistical Output, provided during SDG Country Consultation",2025-04-07T06:46:44Z,2003,2003-01-01,2003-12-31
4182145,MDG_0000000025,COUNTRY,PRY,AMR,Americas,YEAR,2015,,,,,,,,,96,96,,," Anuario 2015 Paraguay. Fernando de la Mora: Dirección General de Estadística, Encuestas y Censos (DGEEC) [Paraguay]; 2017 (in Spanish).",2025-04-07T06:46:44Z,2015,2015-01-01,2015-12-31
4273308,MDG_0000000025,COUNTRY,LCA,AMR,Americas,YEAR,2006,,,,,,,,,98,98,,,"Trained personnel Health Situation in the Americas: Basic Indicators 2008. Washington, DC: Pan American Health Organization/World Health Organization (PAHO/WHO), Health Information and Analysis; 2008.",2025-04-07T06:46:44Z,2006,2006-01-01,2006-12-31
4285731,MDG_0000000025,COUNTRY,JAM,AMR,Americas,YEAR,2019,,,,,,,,,100,99.7,,,PLISA Health Information Platform. Indicator profile: Deliveries attended by skilled birth attendants (%) [online database]. Washington; DC: Pan American Health Organization/World Health Organization (PAHO/WHO); 2023 (https://opendata.paho.org/es/indicadores-basicos/tablero-de-los-indicadores-basicos; accessed 21 September 2023).,2026-04-21T12:35:59Z,2019,2019-01-01,2019-12-31
4299384,MDG_0000000025,COUNTRY,ATG,AMR,Americas,YEAR,2008,,,,,,,,,100,100,,,"Trained personnel Health Situation in the Americas: Basic Indicators 2009. Washington, DC: Pan American Health Organization/World Health Organization (PAHO/WHO), Health Information and Analysis Project; 2009.",2025-04-07T06:46:44Z,2008,2008-01-01,2008-12-31
4305114,MDG_0000000025,COUNTRY,NIU,WPR,Western Pacific,YEAR,2000,,,,,,,,,100,100,,,"Doctor, nurse, and midwife (i.e. all attendants except “traditional birth attendants”) Secretariat of the Pacific Community (SPC), United Nations Development Programme (UNDP), the UN/CROP MDG Working Group. Pacific Islands Regional Millennium Development Goals Report 2004. Noumea: Secretariat of the Pacific Community (SPC); 2004.",2025-04-07T06:46:44Z,2000,2000-01-01,2000-12-31
4312404,MDG_0000000025,COUNTRY,PAN,AMR,Americas,YEAR,2003,,,,,,,,,93,93,,,"Health professional Panamá en Cifras: años 2002-2006 [electronic publication]. Panamá: Instituto Nacional de Estadística y Censo (INEC) [Panama]; 2007 (http://www.contraloria.gob.pa/inec/Publicaciones, accessed 18 April 2011, in Spanish).",2025-04-07T06:46:44Z,2003,2003-01-01,2003-12-31
4331025,MDG_0000000025,COUNTRY,KWT,EMR,Eastern Mediterranean,YEAR,2017,,,,,,,,,100,99.9,,,Annual Bulletin for Vital Statistics - Births and Deaths 2017. Kuwait City: Central Statistical Bureau (Office) [Kuwait]; 2018.,2026-04-21T12:35:59Z,2017,2017-01-01,2017-12-31
4331246,MDG_0000000025,COUNTRY,HRV,EUR,Europe,YEAR,2005,,,,,,,,,100,100,,, Statistical Yearbook of the Republic of Croatia 2011. Zagreb: Croatian Bureau of Statistics; 2011.  ,2025-04-07T06:46:44Z,2005,2005-01-01,2005-12-31
4338320,MDG_0000000025,COUNTRY,TTO,AMR,Americas,YEAR,2006,,,,,,,,,97,97,,," Trinidad and Tobago Multiple Indicator Cluster Survey 3, 2006. Final report. Trinidad and Tobago: Ministry of Social Development, Central Statistical Office, United Nations Children's Fund (UNICEF); 2008.",2025-04-07T06:46:44Z,2006,2006-01-01,2006-12-31
4350808,MDG_0000000025,GLOBAL,GLOBAL,,,YEAR,2002,,,,,,,,,62,62,,,,2024-04-26T13:59:03Z,2002,2002-01-01,2002-12-31
4363946,MDG_0000000025,COUNTRY,SGP,WPR,Western Pacific,YEAR,2020,,,,,,,,,100,99.6,,,Registry of Births and Deaths. Singapore: Department of Statistics Singapore; 2021 (Sustainable Development Goals: Indicator 3.2.1 [online database] https://www.singstat.gov.sg/find-data/sdg/goal-3#t1; accessed 30 December 2021).,2026-04-21T12:35:59Z,2020,2020-01-01,2020-12-31
4364170,MDG_0000000025,COUNTRY,BRN,WPR,Western Pacific,YEAR,2001,,,,,,,,,100,100,,,Skilled health personnel Health Information Booklet 2011. Bandar Seri Begawan: Ministry of Health [Brunei Darussalam]; 2011.,2025-04-07T06:46:44Z,2001,2001-01-01,2001-12-31
4364319,MDG_0000000025,COUNTRY,AUS,WPR,Western Pacific,YEAR,2007,,,,,,,,,99,99,,," Laws P, Sullivan EA. Australia’s mothers and babies 2007. Perinatal statistics series no. 23. Cat. no. PER 48. Sydney: Australian Institute of Health and Welfare (AIHW) National Perinatal Statistics Unit; 2009.",2025-04-07T06:46:44Z,2007,2007-01-01,2007-12-31
4364535,MDG_0000000025,COUNTRY,BGD,SEAR,South-East Asia,YEAR,2004,,,,,,,,,13,13,,,"Doctor, nurse, midwife, paramedic, family welfare visitor National Institute of Population Research and Training (NIPORT), Mitra and Associates, ORC Macro. Bangladesh Demographic and Health Survey 2004. Dhaka, Bangladesh and Calverton, Maryland [USA]: National Institute of Population Research and Training, Mitra and Associates, ORC Macro; 2005.",2025-04-07T06:46:44Z,2004,2004-01-01,2004-12-31
4397095,MDG_0000000025,COUNTRY,MRT,AFR,Africa,YEAR,2007,,,,,,,,,57,57,,," Mauritanie Enquête Par Grappes À Indicateurs Multiples MICS 2007. Rapport Final. Nouakchott: Office National De La Statistique [Mauritanie], Fonds des Nations unies pour l’enfance (UNICEF), Fonds des Nations Unies pour la Population (FNUAP/UNFPA); 2008 (in French). ",2025-04-07T06:46:44Z,2007,2007-01-01,2007-12-31
4409693,MDG_0000000025,COUNTRY,CPV,AFR,Africa,YEAR,2017,,,,,,,,,92,92.4,,,Relatrio Estatstico 2017 [Statistical Report 2017]. Praia: Ministrio da Sade e da Segurana Social [Cabo Verde]; 2018 (in Portuguese).,2026-04-21T12:35:59Z,2017,2017-01-01,2017-12-31
4461277,MDG_0000000025,COUNTRY,PLW,WPR,Western Pacific,YEAR,2012,,,,,,,,,97,97,,, 2013 Statistical Yearbook. Koror: Ministry of Finance [Palau]; 2014.,2025-04-07T06:46:44Z,2012,2012-01-01,2012-12-31
4486667,MDG_0000000025,COUNTRY,GUY,AMR,Americas,YEAR,2000,,,,,,,,,83,83,,," Guyana Multiple Indicator Cluster Survey 2000. Georgetown: Bureau of Statistics [Guyana], United Nations Children's Fund (UNICEF); 2001.",2025-04-07T06:46:44Z,2000,2000-01-01,2000-12-31
4512926,MDG_0000000025,COUNTRY,OMN,EMR,Eastern Mediterranean,YEAR,2022,,,,,,,,,100,100,,,Annual Health Report 2022. Muscat: Ministry of Health; Department of Health Information and Statistics; Directorate General of Planning [Oman]; 2023.,2026-04-21T12:35:59Z,2022,2022-01-01,2022-12-31
4526572,MDG_0000000025,COUNTRY,SLE,AFR,Africa,YEAR,2000,,,,,,,,,37,37,,," Central Statistics Office [Sierra Leone], United Nations Children’s Fund (UNICEF), United Nations Population Fund (UNFPA),  The UN Refugee Agency (UNHCR), ACTION AID, CCF, CHASL. A household Survey Report 2000 (MICS-2). Freetown: Statistics Sierra Leone, UNICEF; 2000.",2025-04-07T06:46:44Z,2000,2000-01-01,2000-12-31
4532503,MDG_0000000025,COUNTRY,GRC,EUR,Europe,YEAR,2010,,,,,,,,,100,100,,,"Skilled persons Hellenic Republic, Hellenic Statistical Authority, General Directorate of Statistical Surveys, Vital and Migration Statistics Section, Statistical Output, provided during SDG Country Consultation",2025-04-07T06:46:44Z,2010,2010-01-01,2010-12-31
4538924,MDG_0000000025,COUNTRY,IRN,EMR,Eastern Mediterranean,YEAR,2011,,,,,,,,,99,99,,,"Skilled personnel Millennium Development Goals (MDG) - 2014 Report. Proportion of births attended by skilled health personnel, percent [website]. Tehran: Statistical Center of Iran; 2015 (https://www.amar.org.ir/english/MDG-2014/MDG-Goal_5/MDG-Goal-5-P2, accessed 28 November 2017). ",2025-04-07T06:46:44Z,2011,2011-01-01,2011-12-31
4552141,MDG_0000000025,REGION,AFR,,,YEAR,2005,,,,,,,,,44,44,,,,2024-04-26T13:59:03Z,2005,2005-01-01,2005-12-31
4578769,MDG_0000000025,COUNTRY,BWA,AFR,Africa,YEAR,2021,,,,,,,,,100,99.8,,,Vital Statistics Report 2021. Gaborone: Statistics Botswana (CSO); 2024.,2026-04-21T12:35:59Z,2021,2021-01-01,2021-12-31
4597464,MDG_0000000025,COUNTRY,CAN,AMR,Americas,YEAR,2000,,,,,,,,,99,99,,," CANSIM. Table 102-4516 - Live births and fetal deaths (stillbirths), by place of birth (hospital and non-hospital), Canada, provinces and territories, annual [database]. Ottawa: Statistics Canada, Government of Canada; 2013 (https://www80.statcan.gc.ca, accessed 17 October 2014).",2025-04-07T06:46:44Z,2000,2000-01-01,2000-12-31
4630885,MDG_0000000025,COUNTRY,GRC,EUR,Europe,YEAR,2016,,,,,,,,,100,99.9,,,Hellenic Republic; Hellenic Statistical Authority; General Directorate of Statistical Surveys; Vital and Migration Statistics Section; Statistical Output; provided during SDG Country Consultation,2026-04-21T12:35:59Z,2016,2016-01-01,2016-12-31
4636662,MDG_0000000025,COUNTRY,NZL,WPR,Western Pacific,YEAR,2003,,,,,,,,,98,98,,, Report on Maternity. Maternal and Newborn Information 2003. Wellington: Ministry of Health [New Zealand]; 2006.,2025-04-07T06:46:44Z,2003,2003-01-01,2003-12-31
4662774,MDG_0000000025,COUNTRY,GUY,AMR,Americas,YEAR,2019,,,,,,,,,95,95,,,PLISA Health Information Platform. Indicator profile: Deliveries attended by skilled birth attendants (%) [online database]. Washington; DC: Pan American Health Organization/World Health Organization (PAHO/WHO); 2021 (https://opendata.paho.org/es/indicadores-basicos/tablero-de-los-indicadores-basicos; accessed 30 December 2021).,2026-04-21T12:35:59Z,2019,2019-01-01,2019-12-31
4688529,MDG_0000000025,COUNTRY,GEO,EUR,Europe,YEAR,2011,,,,,,,,,100,100,,," Health Care, Statistical Yearbook 2011 Georgia. Tbilisi: Ministry of Labour, Health and Social Affairs of Georgia, National Centre for Disease Control and Public Health; 2012.",2025-04-07T06:46:44Z,2011,2011-01-01,2011-12-31
4714309,MDG_0000000025,COUNTRY,HUN,EUR,Europe,YEAR,2009,,,,,,,,,100,100,,,"Skilled health personnel Transformative Monitoring for Enhanced Equity (TransMonEE) 2012 Database [online database]. Geneva: UNICEF Europe and Central Asia Regional Office; 2012 (www.transmonee.org, accessed 1 November 2012). ",2025-04-07T06:46:44Z,2009,2009-01-01,2009-12-31
4721354,MDG_0000000025,COUNTRY,BRB,AMR,Americas,YEAR,2009,,,,,,,,,100,100,,,"Trained personnel PLISA Health Information Platform. Indicator profile: Deliveries attended by skilled birth attendants (%) [online database]. Washington, DC: Pan American Health Organization/World Health Organization (PAHO/WHO); 2021 (https://opendata.paho.org/es/indicadores-basicos/tablero-de-los-indicadores-basicos, accessed 30 December 2021). ",2025-04-07T06:46:44Z,2009,2009-01-01,2009-12-31
4727509,MDG_0000000025,COUNTRY,CAN,AMR,Americas,YEAR,2018,,,,,,,,,98,98,,,Table 13-10-0429-01 - Live births and fetal deaths (stillbirths); by place of birth (hospital or non-hospital) [database]. Ottawa: Statistics Canada; Government of Canada; 2020 (https://www150.statcan.gc.ca/t1/tbl1/en/tv.action?pid=1310042901; accessed 10 February 2020).,2026-04-21T12:35:59Z,2018,2018-01-01,2018-12-31
4727792,MDG_0000000025,COUNTRY,UKR,EUR,Europe,YEAR,2003,,,,,,,,,100,100,,,"Skilled health personnel Transformative Monitoring for Enhanced Equity (TransMonEE) 2012 Database [online database]. Geneva: UNICEF Europe and Central Asia Regional Office; 2012 (www.transmonee.org, accessed 1 November 2012). ",2025-04-07T06:46:44Z,2003,2003-01-01,2003-12-31
4740602,MDG_0000000025,COUNTRY,MKD,EUR,Europe,YEAR,2014,,,,,,,,,100,100,,,Health personnel Statistical Yearbook of the Republic of Macedonia 2015. Skopje: State Statistical Office [Macedonia]; 2015.,2025-04-07T06:46:44Z,2014,2014-01-01,2014-12-31
4823923,MDG_0000000025,COUNTRY,BHR,EMR,Eastern Mediterranean,YEAR,2013,,,,,,,,,100,100,,,Skilled health personnel Health Statistics of 2017. Bahrain: Ministry of Health; 2018.,2025-04-07T06:46:44Z,2013,2013-01-01,2013-12-31
4850437,MDG_0000000025,COUNTRY,OMN,EMR,Eastern Mediterranean,YEAR,2008,,,,,,,,,99,99,,,"Skilled personnel Annual Health Report 2011. Muscat: Ministry of Health, Department of Health Information and Statistics, Directorate General of Planning [Oman]; 2012.",2025-04-07T06:46:44Z,2008,2008-01-01,2008-12-31
4869921,MDG_0000000025,COUNTRY,GRD,AMR,Americas,YEAR,2007,,,,,,,,,99,99,,,"Trained personnel PLISA Health Information Platform. Indicator profile: Deliveries attended by skilled birth attendants (%) [online database]. Washington, DC: Pan American Health Organization/World Health Organization (PAHO/WHO); 2018 (http://www.paho.org/data/index.php/en/indicators/visualization.html, accessed 11 February 2020). ",2025-04-07T06:46:44Z,2007,2007-01-01,2007-12-31
4888753,MDG_0000000025,COUNTRY,GUY,AMR,Americas,YEAR,2004,,,,,,,,,96,96,,,"Trained health personnel Publications: Statistical Bulletin Second Quarter 2010 [website]. Georgetown: Bureau of Statistics [Guyana]; 2010 (http://www.statisticsguyana.gov.gy/pubs.html, accessed 16 June 2011).  ",2025-04-07T06:46:44Z,2004,2004-01-01,2004-12-31
4901641,MDG_0000000025,COUNTRY,EGY,EMR,Eastern Mediterranean,YEAR,2008,,,,,,,,,79,79,,," El-Zanaty F, Way A (Ministry of Health, El-Zanaty and Associates, Macro International). Egypt Demographic and Health Survey 2008. Cairo, Egypt: Ministry of Health, El-Zanaty and Associates, Macro International; 2009.",2025-04-07T06:46:44Z,2008,2008-01-01,2008-12-31
4921833,MDG_0000000025,REGION,EUR,,,YEAR,2015,,,,,,,,,99,99,,,,2024-04-26T13:59:03Z,2015,2015-01-01,2015-12-31
4922151,MDG_0000000025,COUNTRY,EST,EUR,Europe,YEAR,2017,,,,,,,,,100,99.5,,,Estonian Medical Birth Registry (EMBR). Skilled birth attendant; 1992-2019. Tallinn: National Institute for Health Development [Estonia]; 2020,2026-04-21T12:35:59Z,2017,2017-01-01,2017-12-31
4927870,MDG_0000000025,COUNTRY,SRB,EUR,Europe,YEAR,2004,,,,,,,,,99,99,,,"Skilled health personnel Transformative Monitoring for Enhanced Equity (TransMonEE) 2012 Database [online database]. Geneva: UNICEF Europe and Central Asia Regional Office; 2012 (www.transmonee.org, accessed 1 November 2012). ",2025-04-07T06:46:44Z,2004,2004-01-01,2004-12-31
4973531,MDG_0000000025,COUNTRY,BIH,EUR,Europe,YEAR,2021,,,,,,,,,100,99.9,,,Statistical Yearbook Federation of Bosnia and Herzegovina 2020. Sarajevo: Institute for Statistics of Federation of Bosnia and Herzegovina; 2020.,2026-04-21T12:35:59Z,2021,2021-01-01,2021-12-31
4974332,MDG_0000000025,COUNTRY,JOR,EMR,Eastern Mediterranean,YEAR,2023,,,,,,,,,100,99.9,,,Department of Statistics (DoS) [Jordan] and ICF. 2023. Jordan Population and Family Health Survey 2023: Key Indicators. Amman; Jordan; and Rockville; Maryland; USA: DoS and ICF.,2026-04-21T12:35:59Z,2023,2023-01-01,2023-12-31
4999424,MDG_0000000025,COUNTRY,JPN,WPR,Western Pacific,YEAR,2014,,,,,,,,,100,100,,," 2014 Vital Statistics of Japan [website]. Tokyo: e-stat (Portal Site of Official Statistics of Japan), National Statistics Center [Japan]; 2015 (https://www.e-stat.go.jp/en, accessed 26 January 2016).",2025-04-07T06:46:44Z,2014,2014-01-01,2014-12-31
5006416,MDG_0000000025,COUNTRY,BHS,AMR,Americas,YEAR,2013,,,,,,,,,99,99,,,"Trained personnel PLISA Health Information Platform. Indicator profile: Deliveries attended by skilled birth attendants (%) [online database]. Washington, DC: Pan American Health Organization/World Health Organization (PAHO/WHO); 2021 (https://opendata.paho.org/es/indicadores-basicos/tablero-de-los-indicadores-basicos, accessed 30 December 2021). ",2025-04-07T06:46:44Z,2013,2013-01-01,2013-12-31
5012562,MDG_0000000025,COUNTRY,BWA,AFR,Africa,YEAR,2005,,,,,,,,,94,94,,,"Skilled health personnel Stats Brief. Vision 2016 and Millennium Development Goals Indicators Report, 2012. No. 2012/3. Gaborone: Statistics Botswana (CSO); 2012.",2025-04-07T06:46:44Z,2005,2005-01-01,2005-12-31
5038536,MDG_0000000025,COUNTRY,LCA,AMR,Americas,YEAR,2003,,,,,,,,,99,99,,,"Trained personnel Health Situation in the Americas: Basic Indicators 2005. Washington, DC: Pan American Health Organization/World Health Organization (PAHO/WHO), Area of Health Analysis and Information Systems (AIS); 2005.",2025-04-07T06:46:44Z,2003,2003-01-01,2003-12-31
5058665,MDG_0000000025,REGION,EUR,,,YEAR,2024,,,,,,,,,99,99.1,,,Estimate based on Joint UNICEF-WHO Database on Skilled Birth Attendance 2025,2026-04-21T12:35:59Z,2024,2024-01-01,2024-12-31
5077765,MDG_0000000025,COUNTRY,BOL,AMR,Americas,YEAR,2017,,,,,,,,,85,85.4,,,Registros administrativos del Sistema Nacional de Salud y Vigilancia Epidemiolgica del Ministerio de Salud y Deportes - 2022,2026-04-21T12:35:59Z,2017,2017-01-01,2017-12-31
5078310,MDG_0000000025,COUNTRY,BRA,AMR,Americas,YEAR,2015,,,,,,,,,98,98,,," Ministério da Saúde, Sistema de Informações sobre Nascidos Vivos (SINASC); (https://odsbrasil.gov.br/objetivo3/indicador312#); 2021",2025-04-07T06:46:44Z,2015,2015-01-01,2015-12-31
5103437,MDG_0000000025,COUNTRY,ECU,AMR,Americas,YEAR,2017,,,,,,,,,96,95.7,,,Registro Estadstico de Nacidos Vivos; Instituto Nacional de Estadstica y Censos,2026-04-21T12:35:59Z,2017,2017-01-01,2017-12-31
5117137,MDG_0000000025,COUNTRY,GEO,EUR,Europe,YEAR,2010,,,,,,,,,100,100,,," Health Care, Statistical Yearbook 2011 Georgia. Tbilisi: Ministry of Labour, Health and Social Affairs of Georgia, National Centre for Disease Control and Public Health; 2012.",2025-04-07T06:46:44Z,2010,2010-01-01,2010-12-31
5142521,MDG_0000000025,COUNTRY,BRN,WPR,Western Pacific,YEAR,2009,,,,,,,,,100,100,,,Skilled health personnel Health Information Booklet 2017. Bandar Seri Begawan: Ministry of Health [Brunei Darussalam]; 2018.,2025-04-07T06:46:44Z,2009,2009-01-01,2009-12-31
5155591,MDG_0000000025,COUNTRY,SVK,EUR,Europe,YEAR,2001,,,,,,,,,99,99,,,"Skilled health personnel Transformative Monitoring for Enhanced Equity (TransMonEE) 2012 Database [online database]. Geneva: UNICEF Europe and Central Asia Regional Office; 2012 (www.transmonee.org, accessed 1 November 2012). ",2025-04-07T06:46:44Z,2001,2001-01-01,2001-12-31
5213986,MDG_0000000025,COUNTRY,TJK,EUR,Europe,YEAR,2003,,,,,,,,,88,88,,,"Skilled health personnel Transformative Monitoring for Enhanced Equity (TransMonEE) 2012 Database [online database]. Geneva: UNICEF Europe and Central Asia Regional Office; 2012 (www.transmonee.org, accessed 1 November 2012). ",2025-04-07T06:46:44Z,2003,2003-01-01,2003-12-31
5253268,MDG_0000000025,COUNTRY,MWI,AFR,Africa,YEAR,2000,,,,,,,,,56,56,,,"Doctor, nurse, midwife and ward attendant National Statistical Office [Malawi], ORC Macro. Malawi Demographic and Health Survey 2000. Zomba, Malawi, Calverton, Maryland, USA: National Statistical Office, ORC Macro; 2001.",2025-04-07T06:46:44Z,2000,2000-01-01,2000-12-31
5259347,MDG_0000000025,COUNTRY,ECU,AMR,Americas,YEAR,2014,,,,,,,,,95,95,,,"Doctors, obstetrician and nurse Registro Estadístico de Nacidos Vivos, Instituto Nacional de Estadística y Censos",2025-04-07T06:46:44Z,2014,2014-01-01,2014-12-31
5273023,MDG_0000000025,COUNTRY,MDA,EUR,Europe,YEAR,2001,,,,,,,,,99,99,,,"Skilled health personnel Transformative Monitoring for Enhanced Equity (TransMonEE) 2012 Database [online database]. Geneva: UNICEF Europe and Central Asia Regional Office; 2012 (www.transmonee.org, accessed 1 November 2012). ",2025-04-07T06:46:44Z,2001,2001-01-01,2001-12-31
5291764,MDG_0000000025,COUNTRY,ERI,AFR,Africa,YEAR,2002,,,,,,,,,28,28,,,"Doctor, nurse, midwife and auxiliary midwife (nurse, midwife and auxiliary midwife: 20.4%)  National Statistics and Evaluation Office (NSEO) [Eritrea], ORC Macro. Eritrea Demographic and Health Survey 2002. Calverton, Maryland, USA: National Statistics and Evaluation Office, ORC Macro; 2003.",2025-04-07T06:46:44Z,2002,2002-01-01,2002-12-31
5292524,MDG_0000000025,COUNTRY,BRB,AMR,Americas,YEAR,2008,,,,,,,,,100,100,,,"Trained personnel PLISA Health Information Platform. Indicator profile: Deliveries attended by skilled birth attendants (%) [online database]. Washington, DC: Pan American Health Organization/World Health Organization (PAHO/WHO); 2021 (https://opendata.paho.org/es/indicadores-basicos/tablero-de-los-indicadores-basicos, accessed 30 December 2021). ",2025-04-07T06:46:44Z,2008,2008-01-01,2008-12-31
5305332,MDG_0000000025,COUNTRY,BLZ,AMR,Americas,YEAR,2008,,,,,,,,,95,95,,,"Trained personnel PLISA Health Information Platform. Indicator profile: Deliveries attended by skilled birth attendants (%) [online database]. Washington, DC: Pan American Health Organization/World Health Organization (PAHO/WHO); 2021 (https://opendata.paho.org/es/indicadores-basicos/tablero-de-los-indicadores-basicos, accessed 30 December 2021). ",2025-04-07T06:46:44Z,2008,2008-01-01,2008-12-31
5330548,MDG_0000000025,COUNTRY,IDN,WPR,Western Pacific,YEAR,2007,,,,,,,,,73,73,,,"Doctor, OB/GYN nurse, midwife and village midwife (nurse, midwife and village midwife: 59.4%) Statistics Indonesia (Badan Pusat Statistik-BPS), Macro International. Indonesia Demographic and Health Survey 2007. Calverton, Maryland, USA: BPS, Macro International; 2008.",2025-04-07T06:46:44Z,2007,2007-01-01,2007-12-31
5369877,MDG_0000000025,COUNTRY,VUT,WPR,Western Pacific,YEAR,2006,,,,,,,,,93,93,,,Skilled health personnel Western Pacific Country Health Information Profiles: 2010 Revision. Manila: World Health Organization Regional Office for the Western Pacific (WPRO); 2010.,2025-04-07T06:46:44Z,2006,2006-01-01,2006-12-31
5389276,MDG_0000000025,COUNTRY,BHS,AMR,Americas,YEAR,2006,,,,,,,,,99,99,,,"Trained personnel Health Situation in the Americas: Basic Indicators 2007. Washington, DC: Pan American Health Organization/World Health Organization (PAHO/WHO), Health Analysis and Statistics Unit (HA); 2007.",2025-04-07T06:46:44Z,2006,2006-01-01,2006-12-31
5402394,MDG_0000000025,COUNTRY,CHN,WPR,Western Pacific,YEAR,2003,,,,,,,,,96,96,,,Skilled attendant China Statistical Yearbook for Health and Family Planning 2013. Beijing: National Health and Family Planning Commission of China (NHFPC); 2013. ,2025-04-07T06:46:44Z,2003,2003-01-01,2003-12-31
5402865,MDG_0000000025,REGION,SEAR,,,YEAR,2014,,,,,,,,,77,77,,,,2024-04-26T13:59:03Z,2014,2014-01-01,2014-12-31
5409173,MDG_0000000025,COUNTRY,BWA,AFR,Africa,YEAR,2018,,,,,,,,,100,99.8,,,Botswana Maternal Mortality Ratio 2021. Gaborone: Statistics Botswana (CSO); 2023.,2026-04-21T12:35:59Z,2018,2018-01-01,2018-12-31
5435214,MDG_0000000025,COUNTRY,THA,SEAR,South-East Asia,YEAR,2022,,,,,,,,,100,99.6,,,National Statistical Office of Thailand. 2023. Thailand Multiple Indicator Cluster Survey 2022; Survey Findings Report.Bangkok; Thailand: National Statistical Office of Thailand.,2026-04-21T12:35:59Z,2022,2022-01-01,2022-12-31
5461221,MDG_0000000025,COUNTRY,SVK,EUR,Europe,YEAR,2022,,,,,,,,,98,98.1,,,National Health Information Centre of the Slovak Republic; data for year 2022.,2026-04-21T12:35:59Z,2022,2022-01-01,2022-12-31
5461822,MDG_0000000025,COUNTRY,CHN,WPR,Western Pacific,YEAR,2001,,,,,,,,,97,97,,,Skilled attendant China Statistical Yearbook for Health and Family Planning 2013. Beijing: National Health and Family Planning Commission of China (NHFPC); 2013. ,2025-04-07T06:46:44Z,2001,2001-01-01,2001-12-31
5473975,MDG_0000000025,COUNTRY,SVK,EUR,Europe,YEAR,2005,,,,,,,,,100,100,,,"Skilled health personnel Transformative Monitoring for Enhanced Equity (TransMonEE) 2012 Database [online database]. Geneva: UNICEF Europe and Central Asia Regional Office; 2012 (www.transmonee.org, accessed 1 November 2012). ",2025-04-07T06:46:44Z,2005,2005-01-01,2005-12-31
5494065,MDG_0000000025,COUNTRY,ATG,AMR,Americas,YEAR,2000,,,,,,,,,100,100,,,"Trained personnel Health Situation in the Americas: Basic Indicators 2000. Washington, DC: Pan American Health Organization/World Health Organization (PAHO/WHO); 2000.",2025-04-07T06:46:44Z,2000,2000-01-01,2000-12-31
5539072,MDG_0000000025,COUNTRY,RWA,AFR,Africa,YEAR,2005,,,,,,,,,39,39,,,"Doctor (5.0%), nurse, midwife, auxiliary midwife, trained traditional birth attendant Institut National de la Statistique du Rwanda (INSR), ORC Macro. Rwanda Demographic and Health Survey 2005. Calverton, Maryland, USA: INSR, ORC Macro; 2006.",2025-04-07T06:46:44Z,2005,2005-01-01,2005-12-31
5584112,MDG_0000000025,COUNTRY,CYP,EUR,Europe,YEAR,2014,,,,,,,,,100,100,,," Health Monitoring Unit (HMU), Ministry of Health",2025-04-07T06:46:44Z,2014,2014-01-01,2014-12-31
5609858,MDG_0000000025,COUNTRY,ALB,EUR,Europe,YEAR,2022,,,,,,,,,100,100,,,Institute of Statistics; Men and Women 2023,2026-04-21T12:35:59Z,2022,2022-01-01,2022-12-31
5630197,MDG_0000000025,COUNTRY,ITA,EUR,Europe,YEAR,2011,,,,,,,,,100,100,,," Certificato di assistenza al parto (CeDAP). Analisi dell’evento nascita - Anno 2011. Roma: Direzione Generale della Digitalizzazione, del Sistema Informativo Sanitario e della Statistica – Ufficio di Statistica; 2015 (in Italian). ",2025-04-07T06:46:44Z,2011,2011-01-01,2011-12-31
5655499,MDG_0000000025,COUNTRY,HND,AMR,Americas,YEAR,2001,,,,,,,,,56,56,,,"IB + home with doctor or nurse Encuesta Nacional de Epidemiología y Salud Familiar (ENESF-2001) y de la Encuesta Nacional de Salud Masculina (ENSM-2001). Informe Final. Honduras: Secretaría de Salud de Honduras (SS), la Asociación Hondureña de Planificación de Familia (ASHONPLAFA), Agencia de los Estados Unidos para el Desarrollo Internacional (USAID); 2002 (in Spanish).",2025-04-07T06:46:44Z,2001,2001-01-01,2001-12-31
5661815,MDG_0000000025,COUNTRY,AZE,EUR,Europe,YEAR,2001,,,,,,,,,88,88,,," Ministry of Health [Azerbaijan], Division of Reproductive Health - Centers for Disease Control and Prevention (DRH/CDC). Reproductive Health Survey Azerbaijan, 2001. Final Report. Atlanta: CDC; 2003.",2025-04-07T06:46:44Z,2001,2001-01-01,2001-12-31
5662149,MDG_0000000025,REGION,SEAR,,,YEAR,2013,,,,,,,,,75,75,,,,2025-04-07T06:46:44Z,2013,2013-01-01,2013-12-31
5675684,MDG_0000000025,COUNTRY,SYC,AFR,Africa,YEAR,2011,,,,,,,,,99,99,,,"Skilled health staff Seychelles Millennium Development Goals Status Report 2013. Mahé: Ministry of Foreign Affairs [Seychelles], United Nations Development Programme (UNDP); 2013.",2025-04-07T06:46:44Z,2011,2011-01-01,2011-12-31
5746292,MDG_0000000025,COUNTRY,CHL,AMR,Americas,YEAR,2001,,,,,,,,,100,100,,,Skilled personnel Indicadores Básicos de Salud 2003. Chile: Ministerio de Salud - Departamento de Estadísticas e Información de Salud (DEIS); 2003 (in Spanish).,2025-04-07T06:46:44Z,2001,2001-01-01,2001-12-31
5766590,MDG_0000000025,COUNTRY,BWA,AFR,Africa,YEAR,2009,,,,,,,,,100,100,,,"Skilled health personnel Stats Brief. Vision 2016 and Millennium Development Goals Indicators Report, 2012. No. 2012/3. Gaborone: Statistics Botswana (CSO); 2012.",2025-04-07T06:46:44Z,2009,2009-01-01,2009-12-31
5786324,MDG_0000000025,COUNTRY,SLE,AFR,Africa,YEAR,2005,,,,,,,,,40,40,,," Statistics Sierra Leone, United Nations Children's Fund (UNICEF) Sierra Leone. Sierra Leone Multiple Indicator Cluster Survey 2005, Final Report. Freetown, Sierra Leone: Statistics Sierra Leone, UNICEF Sierra Leone; 2007.
",2025-04-07T06:46:44Z,2005,2005-01-01,2005-12-31
5824503,MDG_0000000025,COUNTRY,NGA,AFR,Africa,YEAR,2018,,,,,,,,,43,43.3,,,Nigeria Demographic and Health Survey 2018. Abuja; Rockville; Maryland; USA: National Population Commission (NPC) [Nigeria]; ICF International; 2019.,2026-04-21T12:35:59Z,2018,2018-01-01,2018-12-31
5838307,MDG_0000000025,COUNTRY,BLZ,AMR,Americas,YEAR,2006,,,,,,,,,96,96,,,"Doctor, nurse, midwife, auxiliary midwife Multiple Indicator Cluster Surveys (MICS) and Millennium Development Goals (MDG) Indicators, Belize 2006. Belize: Statistical Institute of Belize (SIB), UNICEF; 2007.",2025-04-07T06:46:44Z,2006,2006-01-01,2006-12-31
5857493,MDG_0000000025,COUNTRY,ARM,EUR,Europe,YEAR,2005,,,,,,,,,98,98,,," National Statistical Service [Armenia], Ministry of Health [Armenia], ORC Macro. Armenia Demographic and Health Survey 2005. Calverton, Maryland: National Statistical Service, Ministry of Health, ORC Macro; 2006.",2025-04-07T06:46:44Z,2005,2005-01-01,2005-12-31
5890303,MDG_0000000025,COUNTRY,NZL,WPR,Western Pacific,YEAR,2008,,,,,,,,,97,97,,," Report on Maternity 2014. Accompanying tables: Labour and Birth: place of birth. Table 37: Number and percentage of women giving birth, by place of birth 2005-2014. Wellington: Ministry of Health [New Zealand]; 2015.",2025-04-07T06:46:44Z,2008,2008-01-01,2008-12-31
5915693,MDG_0000000025,COUNTRY,TJK,EUR,Europe,YEAR,2016,,,,,,,,,98,98,,,Bureau of National Statistics of the Republic of Kazakhstan. Sustainable Development Goal Indicator 3.7.2: Proportion of women of reproductive age (aged 15-49 years) who have their need for family planning satisfied with modern methods. Nur-Sultan (Kazakhstan): Bureau of National Statistics; [cited 2025 Feb 4]. Available from: https://kazstat.github.io/sdg-site-kazstat/en/3-7-2/,2026-04-21T12:35:59Z,2016,2016-01-01,2016-12-31
5922470,MDG_0000000025,REGION,AMR,,,YEAR,2006,,,,,,,,,92,92,,,,2025-04-07T06:46:44Z,2006,2006-01-01,2006-12-31
5928543,MDG_0000000025,COUNTRY,GHA,AFR,Africa,YEAR,2006,,,,,,,,,50,50,,," Ghana Multiple Indicator Cluster Survey (MICS) 2006. Ghana: Ghana Statistical Service, Ministry of Health, United Nations Children's Fund (UNICEF); 2007.",2025-04-07T06:46:44Z,2006,2006-01-01,2006-12-31
5928964,MDG_0000000025,COUNTRY,HUN,EUR,Europe,YEAR,2015,,,,,,,,,100,100,,,Skilled live birth attendant  Hungarian Central Statistical Office. Country Consultation. ,2025-04-07T06:46:44Z,2015,2015-01-01,2015-12-31
5942268,MDG_0000000025,COUNTRY,EST,EUR,Europe,YEAR,2009,,,,,,,,,100,100,,," Estonian Medical Birth Registry (EMBR). Skilled birth attendant, 1992-2019. Tallinn: National Institute for Health Development [Estonia]; 2020",2025-04-07T06:46:44Z,2009,2009-01-01,2009-12-31
5955440,MDG_0000000025,COUNTRY,SVK,EUR,Europe,YEAR,2003,,,,,,,,,99,99,,,"Skilled health personnel Transformative Monitoring for Enhanced Equity (TransMonEE) 2012 Database [online database]. Geneva: UNICEF Europe and Central Asia Regional Office; 2012 (www.transmonee.org, accessed 1 November 2012). ",2025-04-07T06:46:44Z,2003,2003-01-01,2003-12-31
5961801,MDG_0000000025,COUNTRY,FJI,WPR,Western Pacific,YEAR,2012,,,,,,,,,99,99,,,Skilled health personnel Annual Report 2012. Suva: Ministry of Health [Fiji]; 2013. ,2025-04-07T06:46:44Z,2012,2012-01-01,2012-12-31
5987443,MDG_0000000025,COUNTRY,MNE,EUR,Europe,YEAR,2007,,,,,,,,,100,100,,, Statistical Yearbook 2009. Podgorica: Statistical Office [Montenegro]; 2009.,2025-04-07T06:46:44Z,2007,2007-01-01,2007-12-31
6007326,MDG_0000000025,COUNTRY,BDI,AFR,Africa,YEAR,2016,,,,,,,,,78,77.6,,,Annuaire des Statistisques Sanitaires 2022,2026-04-21T12:35:59Z,2016,2016-01-01,2016-12-31
6026974,MDG_0000000025,REGION,AMR,,,YEAR,2013,,,,,,,,,95,95,,,,2024-04-26T13:59:03Z,2013,2013-01-01,2013-12-31
6039554,MDG_0000000025,REGION,EMR,,,YEAR,2001,,,,,,,,,46,46,,,,2025-04-07T06:46:44Z,2001,2001-01-01,2001-12-31
6045610,MDG_0000000025,COUNTRY,CHN,WPR,Western Pacific,YEAR,2012,,,,,,,,,100,100,,,Skilled attendant China Statistical Yearbook for Health and Family Planning 2013. Beijing: National Health and Family Planning Commission of China (NHFPC); 2013. ,2025-04-07T06:46:44Z,2012,2012-01-01,2012-12-31
6065987,MDG_0000000025,COUNTRY,BWA,AFR,Africa,YEAR,2014,,,,,,,,,100,100,,, Botswana Maternal Mortality Ratio (MMR) 2011 – 2015. Gaborone: Statistics Botswana (CSO); 2017.,2025-04-07T06:46:44Z,2014,2014-01-01,2014-12-31
6078424,MDG_0000000025,COUNTRY,AUT,EUR,Europe,YEAR,2022,,,,,,,,,98,98.1,,,Statistics Austria. Medical and socio-medical characteristics of newborns.Vienna; 2023 (https://www.statistik.at/en/search?L=1&id=582&tx_solr%5Bq%5D=place+of+birth).,2026-04-21T12:35:59Z,2022,2022-01-01,2022-12-31
6104179,MDG_0000000025,COUNTRY,ARG,AMR,Americas,YEAR,2008,,,,,,,,,95,95,,, Estadísticas Vitales. Información Básica – Año 2008. Buenos Aires: Ministerio de Salud [Argentina]; 2009 (in Spanish).,2025-04-07T06:46:44Z,2008,2008-01-01,2008-12-31
6123785,MDG_0000000025,COUNTRY,FRA,EUR,Europe,YEAR,2008,,,,,,,,,98,98,,," Tableau 64: Conditions d'accouchement selon le groupe d'âges de la mère. Année 2008 [website]. Paris: Institut National de la Statistique et des Études Économiques (INSEE) [National Institute of Statistics and Economic Studies]; 2009 (http://www.insee.fr/en/insee-statistique-publique/default.asp, accessed 23 November 2011, in French).
",2025-04-07T06:46:44Z,2008,2008-01-01,2008-12-31
6150114,MDG_0000000025,COUNTRY,QAT,EMR,Eastern Mediterranean,YEAR,2003,,,,,,,,,100,100,,," Vital Statistics, Annual Bulletin. Births and Deaths 2003. Doha: The Planning Council [Qatar]; 2004.",2025-04-07T06:46:44Z,2003,2003-01-01,2003-12-31
6175654,MDG_0000000025,COUNTRY,ROU,EUR,Europe,YEAR,2004,,,,,,,,,99,99,,," Reproductive Health Survey: Romania, 2004. Summary Report. Bucharest: Ministry of Health [Romania], World Bank, United Nations Population Fund (UNFPA), United States Agency for International Development (USAID), 
United Nations Children’s Fund (UNICEF); 2005.
",2025-04-07T06:46:44Z,2004,2004-01-01,2004-12-31
6176407,MDG_0000000025,COUNTRY,CHN,WPR,Western Pacific,YEAR,2013,,,,,,,,,100,100,,,Skilled attendant China Statistical Yearbook for Health and Family Planning 2014. Beijing: National Health and Family Planning Commission of China (NHFPC); 2014. ,2025-04-07T06:46:44Z,2013,2013-01-01,2013-12-31
6208270,MDG_0000000025,COUNTRY,MHL,WPR,Western Pacific,YEAR,2010,,,,,,,,,90,90,,, Annual Report FY 2011. Ministry of Health [Republic of the Marshall Islands]; 2012.,2025-04-07T06:46:44Z,2010,2010-01-01,2010-12-31
6221344,MDG_0000000025,COUNTRY,CYP,EUR,Europe,YEAR,2021,,,,,,,,,100,99.9,,,Health Monitoring Unit (HMU); Ministry of Health,2026-04-21T12:35:59Z,2021,2021-01-01,2021-12-31
6247339,MDG_0000000025,COUNTRY,KGZ,EUR,Europe,YEAR,2023,,,,,,,,,100,99.8,,,Kyrgyz Republic Multiple Indicator Cluster Survey 2023; Survey Findings Report. Bishkek; Kyrgyzstan: National Statistical Committee of the Kyrgyz Republic and UNICEF; 2024.,2026-04-21T12:35:59Z,2023,2023-01-01,2023-12-31
6299793,MDG_0000000025,COUNTRY,AIA,AMR,Americas,YEAR,2020,,,,,,,,,100,100,,,PLISA Health Information Platform. Indicator profile: Deliveries attended by skilled birth attendants (%) [online database]. Washington; DC: Pan American Health Organization/World Health Organization (PAHO/WHO); 2021 (https://opendata.paho.org/es/indicadores-basicos/tablero-de-los-indicadores-basicos); accessed December 30; 2021).,2026-04-21T12:35:59Z,2020,2020-01-01,2020-12-31
6300016,MDG_0000000025,COUNTRY,BGD,SEAR,South-East Asia,YEAR,2011,,,,,,,,,32,32,,,"Doctor, nurse, midwife, paramedic, family welfare visitor, and CSBA National Institute of Population Research and Training (NIPORT), Mitra and Associates, ICF International. Bangladesh Demographic and Health Survey 2011. Dhaka, Bangladesh and Calverton, Maryland, USA: NIPORT, Mitra and Associates, ICF International; 2013. ",2025-04-07T06:46:44Z,2011,2011-01-01,2011-12-31
6357646,MDG_0000000025,COUNTRY,BRN,WPR,Western Pacific,YEAR,2015,,,,,,,,,100,100,,,Skilled health personnel Health Information Booklet 2017. Bandar Seri Begawan: Ministry of Health [Brunei Darussalam]; 2018.,2025-04-07T06:46:44Z,2015,2015-01-01,2015-12-31
6377855,MDG_0000000025,REGION,EUR,,,YEAR,2022,,,,,,,,,99,99,,,Estimate based on Joint UNICEF-WHO Database on Skilled Birth Attendance 2025,2026-04-21T12:35:59Z,2022,2022-01-01,2022-12-31
6390044,MDG_0000000025,COUNTRY,VEN,AMR,Americas,YEAR,2016,,,,,,,,,99,99.3,,,PLISA Health Information Platform. Indicator profile: Deliveries attended by skilled birth attendants (%) [online database]. Washington; DC: Pan American Health Organization/World Health Organization (PAHO/WHO); 2021 (https://opendata.paho.org/es/indicadores-basicos/tablero-de-los-indicadores-basicos; accessed 30 December 2021).,2026-04-21T12:35:59Z,2016,2016-01-01,2016-12-31
6396846,MDG_0000000025,COUNTRY,SYC,AFR,Africa,YEAR,2007,,,,,,,,,100,100,,,Skilled health staff Seychelles Millennium Development Goals: Status Report 2010. Mahé: Ministry of Foreign Affairs [Seychelles]; 2010.,2025-04-07T06:46:44Z,2007,2007-01-01,2007-12-31
6397323,MDG_0000000025,COUNTRY,ITA,EUR,Europe,YEAR,2005,,,,,,,,,100,100,,, Certificato di assistenza al parto (CeDAP). Analisi dell’evento nascita - Anno 2005. Roma: Direzione Generale del Sistema Informativo – Ufficio di Statistica; 2008 (in Italian). ,2025-04-07T06:46:44Z,2005,2005-01-01,2005-12-31
6416269,MDG_0000000025,COUNTRY,VEN,AMR,Americas,YEAR,2014,,,,,,,,,100,100,,,"Trained personnel PLISA Health Information Platform. Indicator profile: Deliveries attended by skilled birth attendants (%) [online database]. Washington, DC: Pan American Health Organization/World Health Organization (PAHO/WHO); 2021 (https://opendata.paho.org/es/indicadores-basicos/tablero-de-los-indicadores-basicos, accessed 30 December 2021). ",2025-04-07T06:46:44Z,2014,2014-01-01,2014-12-31
6441752,MDG_0000000025,REGION,AMR,,,YEAR,2019,,,,,,,,,96,96.4,,,Estimate based on Joint UNICEF-WHO Database on Skilled Birth Attendance 2025,2026-04-21T12:35:59Z,2019,2019-01-01,2019-12-31
6461314,MDG_0000000025,COUNTRY,CZE,EUR,Europe,YEAR,2000,,,,,,,,,100,100,,, Rodi?ka a novorozenec 2000 [Mother and Newborn 2000]. Prague: Ústav zdravotnických informací a statistiky ?R [Institute of Health Information and Statistics of the Czech Republic]; 2001 (in Czech).,2025-04-07T06:46:44Z,2000,2000-01-01,2000-12-31
6461327,MDG_0000000025,COUNTRY,GNQ,AFR,Africa,YEAR,2011,,,,,,,,,68,68,,,"Doctor, nurse, midwife and auxiliary nurse/midwife  Ministerio de Sanidad y Bienestar Social, Ministerio de Economía, Planificación e Inversiones Públicas, ICF International. Encuesta Demográfica y de Salud (EDSGE-I) 2011. Calverton, Maryland, USA; 2012 (in Spanish).",2025-04-07T06:46:44Z,2011,2011-01-01,2011-12-31
6500726,MDG_0000000025,COUNTRY,FJI,WPR,Western Pacific,YEAR,2000,,,,,,,,,97,97,,, Annual Report 2006. Suva: Ministry of Health [Fiji]; 2007. ,2025-04-07T06:46:44Z,2000,2000-01-01,2000-12-31
6539511,MDG_0000000025,COUNTRY,USA,AMR,Americas,YEAR,2012,,,,,,,,,99,99,,," Martin JA, Hamilton BE, Osterman MJK, Curtin SC, Mathews TJ. Births: Final data for 2012. National Vital Statistics Reports; vol 62, no 9. Hyattsville, MD: National Center for Health Statistics; 2013.",2025-04-07T06:46:44Z,2012,2012-01-01,2012-12-31
6546128,MDG_0000000025,COUNTRY,BRB,AMR,Americas,YEAR,2016,,,,,,,,,99,99.1,,,PLISA Health Information Platform. Indicator profile: Deliveries attended by skilled birth attendants (%) [online database]. Washington; DC: Pan American Health Organization/World Health Organization (PAHO/WHO); 2021 (https://opendata.paho.org/es/indicadores-basicos/tablero-de-los-indicadores-basicos; accessed 30 December 2021).,2026-04-21T12:35:59Z,2016,2016-01-01,2016-12-31
6616816,MDG_0000000025,COUNTRY,DEU,EUR,Europe,YEAR,2010,,,,,,,,,97,97,,," Indicator 3..2.1: proportion of births attended by skilled health personnel [online database]. Wiesbaden: Statistisches Bundesamt (DESTATIS); 2019 (https://sustainabledevelopment-germany.github.io/en/3-1-2/, accessed 30 January 2020). 

Source for sample size: 
Live births and difference to the previous year [online database]. Wiesbaden: Statistisches Bundesamt (DESTATIS); 2019 (https://www.destatis.de/EN/Themes/Society-Environment/Population/Births/Tables/live-birth-difference.html;jsessionid=E7096D28FE065513E5F04C559D739AAF.internet721, accessed 30 January 2020). ",2025-04-07T06:46:44Z,2010,2010-01-01,2010-12-31
6649682,MDG_0000000025,COUNTRY,UKR,EUR,Europe,YEAR,2010,,,,,,,,,100,100,,,"Skilled health personnel Transformative Monitoring for Enhanced Equity (TransMonEE) 2012 Database [online database]. Geneva: UNICEF Europe and Central Asia Regional Office; 2012 (www.transmonee.org, accessed 1 November 2012). ",2025-04-07T06:46:44Z,2010,2010-01-01,2010-12-31
6708312,MDG_0000000025,COUNTRY,PLW,WPR,Western Pacific,YEAR,2008,,,,,,,,,100,100,,, 2013 Statistical Yearbook. Koror: Ministry of Finance [Palau]; 2014.,2025-04-07T06:46:44Z,2008,2008-01-01,2008-12-31
6728033,MDG_0000000025,COUNTRY,BGD,SEAR,South-East Asia,YEAR,2016,,,,,,,,,50,49.8,,,Bangladesh Maternal Mortality and Health Care Survey 2016: Final Report. Dhaka and Chapel Hill: National Institute of Population Research and Training (NIPORT); International Centre for Diarrhoeal Disease Research; Bangladesh (icddr;b); MEASURE Evaluation; 2019.,2026-04-21T12:35:59Z,2016,2016-01-01,2016-12-31
6753949,MDG_0000000025,COUNTRY,SRB,EUR,Europe,YEAR,2011,,,,,,,,,99,99,,,"Skilled health personnel Transformative Monitoring for Enhanced Equity (TransMonEE) 2016 Database [online database]. Geneva: UNICEF Europe and Central Asia Regional Office; 2016 (www.transmonee.org, accessed 17 October 2016). ",2025-04-07T06:46:44Z,2011,2011-01-01,2011-12-31
6786296,MDG_0000000025,COUNTRY,GRC,EUR,Europe,YEAR,2008,,,,,,,,,100,100,,,"Skilled persons Hellenic Republic, Hellenic Statistical Authority, General Directorate of Statistical Surveys, Vital and Migration Statistics Section, Statistical Output, provided during SDG Country Consultation",2025-04-07T06:46:44Z,2008,2008-01-01,2008-12-31
6792237,MDG_0000000025,COUNTRY,CHL,AMR,Americas,YEAR,2005,,,,,,,,,100,100,,,Skilled personnel Indicadores Básicos de Salud 2007. Chile: Ministerio de Salud - Departamento de Estadísticas e Información de Salud (DEIS); 2007 (in Spanish).,2025-04-07T06:46:44Z,2005,2005-01-01,2005-12-31
6825372,MDG_0000000025,COUNTRY,WSM,WPR,Western Pacific,YEAR,2009,,,,,,,,,81,81,,,"Doctor, nurse, midwife and nurse aide Ministry of Health [Samoa], Bureau of Statistics [Samoa], ICF Macro. Samoa Demographic and Health Survey 2009. Apia, Samoa: Ministry of Health [Samoa]; 2010.",2025-04-07T06:46:44Z,2009,2009-01-01,2009-12-31
6850961,MDG_0000000025,COUNTRY,TJK,EUR,Europe,YEAR,2002,,,,,,,,,89,89,,,"Skilled health personnel Transformative Monitoring for Enhanced Equity (TransMonEE) 2012 Database [online database]. Geneva: UNICEF Europe and Central Asia Regional Office; 2012 (www.transmonee.org, accessed 1 November 2012). ",2025-04-07T06:46:44Z,2002,2002-01-01,2002-12-31
6857650,MDG_0000000025,COUNTRY,BHS,AMR,Americas,YEAR,2003,,,,,,,,,99,99,,,"Trained personnel Health Situation in the Americas: Basic Indicators 2005. Washington, DC: Pan American Health Organization/World Health Organization (PAHO/WHO), Area of Health Analysis and Information Systems (AIS); 2005.",2025-04-07T06:46:44Z,2003,2003-01-01,2003-12-31
6877066,MDG_0000000025,COUNTRY,SRB,EUR,Europe,YEAR,2005,,,,,,,,,100,100,,, Statistical Yearbook 2007. Belgrade: Statistical Office of the Republic of Serbia; 2007.,2025-04-07T06:46:44Z,2005,2005-01-01,2005-12-31
6883895,MDG_0000000025,COUNTRY,RUS,EUR,Europe,YEAR,2016,,,,,,,,,100,99.7,,,Federal State Statistics Service. Data on SDG Indicators. Russia; 2021. (https://eng.rosstat.gov.ru/3.1.2) accessed September 29; 2021.,2026-04-21T12:35:59Z,2016,2016-01-01,2016-12-31
6942570,MDG_0000000025,COUNTRY,ARG,AMR,Americas,YEAR,2011,,,,,,,,,97,97,,, Estadísticas Vitales. Información Básica – Año 2011. Buenos Aires: Ministerio de Salud [Argentina]; 2012 (in Spanish).,2025-04-07T06:46:44Z,2011,2011-01-01,2011-12-31
6968339,MDG_0000000025,COUNTRY,USA,AMR,Americas,YEAR,2005,,,,,,,,,99,99,,," Martin JA, Hamilton BE, Sutton PD, Ventura SJ, Menacker F, Kirmeyer S et al. Births: Final data for 2005. National Vital Statistics Reports; vol. 56, no. 6. Hyattsville, MD: National Center for Health Statistics; 2007.",2025-04-07T06:46:44Z,2005,2005-01-01,2005-12-31
6975503,MDG_0000000025,COUNTRY,ECU,AMR,Americas,YEAR,2006,,,,,,,,,81,81,,,"Doctors, obstetrician and nurse Estadísticas Vitales: Registro Estadístico de Nacidos Vivos y Defunciones 2020. Quito: Instituto Nacional de Estadística y Censos (INEC); 2021 (in Spanish). ",2025-04-07T06:46:44Z,2006,2006-01-01,2006-12-31
6988571,MDG_0000000025,COUNTRY,FIN,EUR,Europe,YEAR,2018,,,,,,,,,100,99.6,,,Statistics Finland: https://pxnet2.stat.fi/PXWeb/pxweb/en/SDG/; last accessed 29/12/2021,2026-04-21T12:35:59Z,2018,2018-01-01,2018-12-31
6988602,MDG_0000000025,COUNTRY,KAZ,EUR,Europe,YEAR,2003,,,,,,,,,99,99,,,"Skilled health personnel Transformative Monitoring for Enhanced Equity (TransMonEE) 2012 Database [online database]. Geneva: UNICEF Europe and Central Asia Regional Office; 2012 (www.transmonee.org, accessed 1 November 2012). ",2025-04-07T06:46:44Z,2003,2003-01-01,2003-12-31
6994592,MDG_0000000025,COUNTRY,PRY,AMR,Americas,YEAR,2000,,,,,,,,,85,85,,,"Trained personnel PLISA Health Information Platform. Indicator profile: Deliveries attended by skilled birth attendants (%) [online database]. Washington, DC: Pan American Health Organization/World Health Organization (PAHO/WHO); 2021 (https://opendata.paho.org/es/indicadores-basicos/tablero-de-los-indicadores-basicos, accessed 30 December 2021). ",2025-04-07T06:46:44Z,2000,2000-01-01,2000-12-31
7026899,MDG_0000000025,COUNTRY,SLE,AFR,Africa,YEAR,2008,,,,,,,,,42,42,,," Statistics Sierra Leone (SSL), ICF Macro. Sierra Leone Demographic and Health Survey 2008. Calverton, Maryland, USA: Statistics Sierra Leone (SSL), ICF Macro; 2009.",2025-04-07T06:46:44Z,2008,2008-01-01,2008-12-31
7079289,MDG_0000000025,COUNTRY,LTU,EUR,Europe,YEAR,2003,,,,,,,,,100,100,,,"Skilled health personnel Transformative Monitoring for Enhanced Equity (TransMonEE) 2012 Database [online database]. Geneva: UNICEF Europe and Central Asia Regional Office; 2012 (www.transmonee.org, accessed 1 November 2012). ",2025-04-07T06:46:44Z,2003,2003-01-01,2003-12-31
7098418,MDG_0000000025,COUNTRY,MDV,SEAR,South-East Asia,YEAR,2006,,,,,,,,,94,94,,, The Maldives Health Statistics 2009. Malé: Ministry of Health and Family [Republic of Maldives]; 2010.,2025-04-07T06:46:44Z,2006,2006-01-01,2006-12-31
7104985,MDG_0000000025,COUNTRY,ROU,EUR,Europe,YEAR,2022,,,,,,,,,98,98.4,,,National Institute for Statistics - Vital statistics; Romania; 2024.,2026-04-21T12:35:59Z,2022,2022-01-01,2022-12-31
7189750,MDG_0000000025,COUNTRY,MUS,AFR,Africa,YEAR,2016,,,,,,,,,100,99.7,,,Sustainable Development Goals [online database]. Port Louis: Statistics Mauritius; 2020 (https://statsmauritius.govmu.org/Pages/Statistics/By_Subject/SDGs/SB_SDG.aspx; accessed 8 January 2021).,2026-04-21T12:35:59Z,2016,2016-01-01,2016-12-31
7228654,MDG_0000000025,COUNTRY,BLR,EUR,Europe,YEAR,2014,,,,,,,,,100,100,,,"Skilled health personnel Transformative Monitoring for Enhanced Equity (TransMonEE) 2016 Database [online database]. Geneva: UNICEF Europe and Central Asia Regional Office; 2016 (www.transmonee.org, accessed 17 October 2016). ",2025-04-07T06:46:44Z,2014,2014-01-01,2014-12-31
7235113,MDG_0000000025,COUNTRY,CHL,AMR,Americas,YEAR,2019,,,,,,,,,100,99.8,,,Anuario de estadsticas vitales; 2019. Santiago: Instituto Nacional de Estadsticas [Chile]; 2019 (in Spanish).,2026-04-21T12:35:59Z,2019,2019-01-01,2019-12-31
7255384,MDG_0000000025,GLOBAL,GLOBAL,,,YEAR,2010,,,,,,,,,72,72,,,,2024-04-26T13:59:03Z,2010,2010-01-01,2010-12-31
7261953,MDG_0000000025,REGION,SEAR,,,YEAR,2015,,,,,,,,,79,79,,,,2024-04-26T13:59:03Z,2015,2015-01-01,2015-12-31
7274916,MDG_0000000025,COUNTRY,DEU,EUR,Europe,YEAR,2011,,,,,,,,,97,97,,," Indicator 3..2.1: proportion of births attended by skilled health personnel [online database]. Wiesbaden: Statistisches Bundesamt (DESTATIS); 2019 (https://sustainabledevelopment-germany.github.io/en/3-1-2/, accessed 30 January 2020). 

Source for sample size: 
Live births and difference to the previous year [online database]. Wiesbaden: Statistisches Bundesamt (DESTATIS); 2019 (https://www.destatis.de/EN/Themes/Society-Environment/Population/Births/Tables/live-birth-difference.html;jsessionid=E7096D28FE065513E5F04C559D739AAF.internet721, accessed 30 January 2020). ",2025-04-07T06:46:44Z,2011,2011-01-01,2011-12-31
7306604,MDG_0000000025,COUNTRY,LTU,EUR,Europe,YEAR,2002,,,,,,,,,100,100,,,"Skilled health personnel Transformative Monitoring for Enhanced Equity (TransMonEE) 2012 Database [online database]. Geneva: UNICEF Europe and Central Asia Regional Office; 2012 (www.transmonee.org, accessed 1 November 2012). ",2025-04-07T06:46:44Z,2002,2002-01-01,2002-12-31
7320558,MDG_0000000025,COUNTRY,HND,AMR,Americas,YEAR,2016,,,,,,,,,79,79,,,Health Situation in the Americas: Core Indicators 2017. Washington; DC: Pan American Health Organization/World Health Organization (PAHO/WHO); Communicable Diseases and Health Analysis/Health Information and Analysis; 2017.,2026-04-21T12:35:59Z,2016,2016-01-01,2016-12-31
7365321,MDG_0000000025,COUNTRY,PAN,AMR,Americas,YEAR,2010,,,,,,,,,93,93,,,"Health professional Panamá en Cifras: años 2006-2010 [electronic publication]. Panamá: Instituto Nacional de Estadística y Censo (INEC) [Panama]; 2011 (http://www.contraloria.gob.pa/inec/Publicaciones, accessed 24 September 2012, in Spanish).",2025-04-07T06:46:44Z,2010,2010-01-01,2010-12-31
7371507,MDG_0000000025,COUNTRY,LTU,EUR,Europe,YEAR,2001,,,,,,,,,100,100,,,"Skilled health personnel Transformative Monitoring for Enhanced Equity (TransMonEE) 2012 Database [online database]. Geneva: UNICEF Europe and Central Asia Regional Office; 2012 (www.transmonee.org, accessed 1 November 2012). ",2025-04-07T06:46:44Z,2001,2001-01-01,2001-12-31
7410735,MDG_0000000025,COUNTRY,TJK,EUR,Europe,YEAR,2018,,,,,,,,,99,99,,,Bureau of National Statistics of the Republic of Kazakhstan. Sustainable Development Goal Indicator 3.7.2: Proportion of women of reproductive age (aged 15-49 years) who have their need for family planning satisfied with modern methods. Nur-Sultan (Kazakhstan): Bureau of National Statistics; [cited 2025 Feb 4]. Available from: https://kazstat.github.io/sdg-site-kazstat/en/3-7-2/,2026-04-21T12:35:59Z,2018,2018-01-01,2018-12-31
7456178,MDG_0000000025,COUNTRY,AZE,EUR,Europe,YEAR,2022,,,,,,,,,100,100,,,Skilled health personnel Statistical Yearbook 2022. Women and Men in Azerbaijan. Baku: State Statistical Committee of the Republic of Azerbaijan; 2023.,2025-04-07T06:46:44Z,2022,2022-01-01,2022-12-31
7456847,MDG_0000000025,COUNTRY,AIA,AMR,Americas,YEAR,2019,,,,,,,,,100,100,,,PLISA Health Information Platform. Indicator profile: Deliveries attended by skilled birth attendants (%) [online database]. Washington; DC: Pan American Health Organization/World Health Organization (PAHO/WHO); 2021 (https://opendata.paho.org/es/indicadores-basicos/tablero-de-los-indicadores-basicos); accessed December 30; 2021).,2026-04-21T12:35:59Z,2019,2019-01-01,2019-12-31
7462859,MDG_0000000025,COUNTRY,LKA,SEAR,South-East Asia,YEAR,2016,,,,,,,,,100,99.5,,,Sri Lanka Demographic and Health Survey 2016. Battaramulla: Department of Census and Statistics (DCS); Ministry of Health; Nutrition and Indigenous Medicine; 2017.,2026-04-21T12:35:59Z,2016,2016-01-01,2016-12-31
7495800,MDG_0000000025,REGION,SEAR,,,YEAR,2020,,,,,,,,,85,85,,,Estimate based on Joint UNICEF-WHO Database on Skilled Birth Attendance 2025,2026-04-21T12:35:59Z,2020,2020-01-01,2020-12-31
7515111,MDG_0000000025,COUNTRY,MMR,SEAR,South-East Asia,YEAR,2007,,,,,,,,,64,64,,," Country Report on 2007 Fertility and Reproductive Health Survey. Nay Pyi Taw: Ministry of Immigration and Population [Myanmar], United Nations Population Fund (UNFPA); 2009.",2025-04-07T06:46:44Z,2007,2007-01-01,2007-12-31
7528810,MDG_0000000025,COUNTRY,GRD,AMR,Americas,YEAR,2009,,,,,,,,,100,100,,,"Trained personnel PLISA Health Information Platform. Indicator profile: Deliveries attended by skilled birth attendants (%) [online database]. Washington, DC: Pan American Health Organization/World Health Organization (PAHO/WHO); 2018 (http://www.paho.org/data/index.php/en/indicators/visualization.html, accessed 11 February 2020). ",2025-04-07T06:46:44Z,2009,2009-01-01,2009-12-31
7585854,MDG_0000000025,COUNTRY,ROU,EUR,Europe,YEAR,2009,,,,,,,,,100,100,,,"Skilled health personnel Transformative Monitoring for Enhanced Equity (TransMonEE) 2016 Database [online database]. Geneva: UNICEF Europe and Central Asia Regional Office; 2016 (www.transmonee.org, accessed 17 October 2016). ",2025-04-07T06:46:44Z,2009,2009-01-01,2009-12-31
7637845,MDG_0000000025,COUNTRY,BGR,EUR,Europe,YEAR,2002,,,,,,,,,99,99,,, National Statistical Institute of Bulgaria; 2023.,2025-04-07T06:46:44Z,2002,2002-01-01,2002-12-31
7689654,MDG_0000000025,COUNTRY,JPN,WPR,Western Pacific,YEAR,2022,,,,,,,,,100,99.8,,,2022 vital statistics of Japan Volume 1; Natality Table 4.7: Number of live births by place of delivery: Japan; 2022 (https://www.e-stat.go.jp/stat-search/files?stat_infid=000040101527),2026-04-21T12:35:59Z,2022,2022-01-01,2022-12-31
7702071,MDG_0000000025,COUNTRY,JPN,WPR,Western Pacific,YEAR,2009,,,,,,,,,100,100,,," 2010 Vital Statistics of Japan [website]. Tokyo: e-stat (Portal Site of Official Statistics of Japan), National Statistics Center [Japan]; 2011 (https://www.e-stat.go.jp/english/database/db-hw/vs01.html, accessed 28 November 2011).",2025-04-07T06:46:44Z,2009,2009-01-01,2009-12-31
7727960,MDG_0000000025,COUNTRY,MDV,SEAR,South-East Asia,YEAR,2009,,,,,,,,,95,95,,," Ministry of Health and Family (MOHF) [Maldives], ICF Macro. Maldives Demographic and Health Survey 2009. Calverton, Maryland: MOHF, ICF Macro; 2010.",2025-04-07T06:46:44Z,2009,2009-01-01,2009-12-31
7754160,MDG_0000000025,COUNTRY,FJI,WPR,Western Pacific,YEAR,2021,,,,,,,,,100,99.8,,,Fiji Bureau of Statistics. 2022. Fiji Multiple Indicator Cluster Survey 2021; Survey Findings Report. Suva; Fiji: Fiji Bureau of Statistics.,2026-04-21T12:35:59Z,2021,2021-01-01,2021-12-31
7754740,MDG_0000000025,COUNTRY,BRA,AMR,Americas,YEAR,2008,,,,,,,,,99,99,,," DATASUS [online database]. Brazil: MS/SVS/DASIS - Sistema de Informações sobre Nacidos Vivos – SINASC. Nascim p/resid.mãe por Local ocorrência segundo Região. Período: 2008; 2011 (http://tabnet.datasus.gov.br/cgi/deftohtm.exe?sinasc/cnv/nvuf.def, accessed 27 July 2011, in Portuguese).",2025-04-07T06:46:44Z,2008,2008-01-01,2008-12-31
7767223,MDG_0000000025,COUNTRY,NZL,WPR,Western Pacific,YEAR,2001,,,,,,,,,97,97,,, Report on Maternity 2000 & 2001. Wellington: Ministry of Health [New Zealand]; 2003.,2025-04-07T06:46:44Z,2001,2001-01-01,2001-12-31
7806106,MDG_0000000025,COUNTRY,POL,EUR,Europe,YEAR,2020,,,,,,,,,100,99.7,,,Statistics Poland (GUS) [Website]. Warsaw: Statistics Poland (GUS); 2021 (https://sdg.gov.pl/en/statistics_glob/3-1-2/; accessed 29 September 2021).,2026-04-21T12:35:59Z,2020,2020-01-01,2020-12-31
7832205,MDG_0000000025,COUNTRY,MMR,SEAR,South-East Asia,YEAR,2001,,,,,,,,,57,57,,," Myanmar Fertility and Reproductive Health Survey 2001. Detailed Analysis Report. Yangon: Ministry of Immigration and Population [Myanmar], United Nations Population Fund (UNFPA); 2004.",2025-04-07T06:46:44Z,2001,2001-01-01,2001-12-31
7838671,MDG_0000000025,COUNTRY,MDA,EUR,Europe,YEAR,2015,,,,,,,,,100,100,,," Statistical databank. Share of births attended by skilled health personnel by Indicators and Years  [online database]. Chisinau: National Bureau of Statistics [Republic of Moldova]; 2019 (https://statbank.statistica.md/pxweb/pxweb/en/50%20Statistica%20gender/50%20Statistica%20gender__GEN04/GEN040600soc.px/table/tableViewLayout1/?rxid=b2ff27d7-0b96-43c9-934b-42e1a2a9a774, accessed 5 February 2020). ",2025-04-07T06:46:44Z,2015,2015-01-01,2015-12-31
7878328,MDG_0000000025,COUNTRY,AFG,EMR,Eastern Mediterranean,YEAR,2010,,,,,,,,,34,34,,," Afghanistan Mortality Survey 2010. Calverton: Afghan Public Health Institute, Ministry of Public Health (APHI/MoPH) [Afghanistan], Central Statistics Organization (CSO) [Afghanistan], ICF Macro, Indian Institute of Health Management Research (IIHMR) [India], and World Health Organization Regional Office for the Eastern Mediterranean (WHO/EMRO) [Egypt]; 2011.",2025-04-07T06:46:44Z,2010,2010-01-01,2010-12-31
7897910,MDG_0000000025,REGION,AMR,,,YEAR,2007,,,,,,,,,93,93,,,,2024-04-26T13:59:03Z,2007,2007-01-01,2007-12-31
7968697,MDG_0000000025,COUNTRY,OMN,EMR,Eastern Mediterranean,YEAR,2010,,,,,,,,,99,99,,,"Skilled personnel Annual Health Report 2011. Muscat: Ministry of Health, Department of Health Information and Statistics, Directorate General of Planning [Oman]; 2012.",2025-04-07T06:46:44Z,2010,2010-01-01,2010-12-31
8000793,MDG_0000000025,COUNTRY,CRI,AMR,Americas,YEAR,2001,,,,,,,,,98,98,,, Estadísticas Vitales 2001. San José: Instituto Nacional de Estadística y Censos (INEC); 2003 (in Spanish).,2025-04-07T06:46:44Z,2001,2001-01-01,2001-12-31
8001218,MDG_0000000025,COUNTRY,AUS,WPR,Western Pacific,YEAR,2021,,,,,,,,,99,98.7,,,Australian Institute of Health and Welfare. Australia's mothers and babies [Internet]. Canberra: Australian Institute of Health and Welfare; 2023 [cited 2023 Sep. 20]. Available from: https://www.aihw.gov.au/reports/mothers-babies/australias-mothers-babies,2026-04-21T12:35:59Z,2021,2021-01-01,2021-12-31
8007312,MDG_0000000025,COUNTRY,ROU,EUR,Europe,YEAR,2005,,,,,,,,,98,98,,,"Skilled health personnel Transformative Monitoring for Enhanced Equity (TransMonEE) 2012 Database [online database]. Geneva: UNICEF Europe and Central Asia Regional Office; 2012 (www.transmonee.org, accessed 1 November 2012). ",2025-04-07T06:46:44Z,2005,2005-01-01,2005-12-31
8027402,MDG_0000000025,COUNTRY,AUT,EUR,Europe,YEAR,2014,,,,,,,,,99,99,,, Jahrbuch der Gesundheitsstatistik 2014. Wien: Statistik Austria; 2015 (in German).,2025-04-07T06:46:44Z,2014,2014-01-01,2014-12-31
8092077,MDG_0000000025,COUNTRY,TTO,AMR,Americas,YEAR,2016,,,,,,,,,100,100,,,PLISA Health Information Platform. Indicator profile: Deliveries attended by skilled birth attendants (%) [online database]. Washington; DC: Pan American Health Organization/World Health Organization (PAHO/WHO); 2021 (https://opendata.paho.org/es/indicadores-basicos/tablero-de-los-indicadores-basicos; accessed 30 December 2021).,2026-04-21T12:35:59Z,2016,2016-01-01,2016-12-31
8098984,MDG_0000000025,COUNTRY,TTO,AMR,Americas,YEAR,2015,,,,,,,,,100,100,,,"Trained personnel PLISA Health Information Platform. Indicator profile: Deliveries attended by skilled birth attendants (%) [online database]. Washington, DC: Pan American Health Organization/World Health Organization (PAHO/WHO); 2021 (https://opendata.paho.org/es/indicadores-basicos/tablero-de-los-indicadores-basicos, accessed 30 December 2021). ",2025-04-07T06:46:44Z,2015,2015-01-01,2015-12-31
8124449,MDG_0000000025,COUNTRY,NOR,EUR,Europe,YEAR,2019,,,,,,,,,99,99.3,,,Dataset: F11: Fdested. 2020. [online database]. Oslo: Folkehelseinstituttet; Medisinsk fdselsregister [Norwegian Institute of Public Health (NIPH); Medical Birth Registry]; 2021 (http://statistikkbank.fhi.no/mfr/); accessed 28 September 2021; in Norwegian).,2026-04-21T12:35:59Z,2019,2019-01-01,2019-12-31
8202645,MDG_0000000025,COUNTRY,TTO,AMR,Americas,YEAR,2014,,,,,,,,,100,100,,,"Trained personnel PLISA Health Information Platform. Indicator profile: Deliveries attended by skilled birth attendants (%) [online database]. Washington, DC: Pan American Health Organization/World Health Organization (PAHO/WHO); 2021 (https://opendata.paho.org/es/indicadores-basicos/tablero-de-los-indicadores-basicos, accessed 30 December 2021). ",2025-04-07T06:46:44Z,2014,2014-01-01,2014-12-31
8221951,MDG_0000000025,COUNTRY,ISL,EUR,Europe,YEAR,2012,,,,,,,,,98,98,,," Births: Home deliveries as percentage of all deliveries in Iceland 1980-2016 [website]. Reykjavík: Directorate of Health [Iceland]; 2017 (https://www.landlaeknir.is/english/statistics/births/, accessed 10 October 2017). ",2025-04-07T06:46:44Z,2012,2012-01-01,2012-12-31
8222100,MDG_0000000025,COUNTRY,BTN,SEAR,South-East Asia,YEAR,2011,,,,,,,,,70,70,,,"Trained personnel Statistical Yearbook of Bhutan 2013. Thimphu: National Statistics Bureau, Bhutan; 2014. ",2025-04-07T06:46:44Z,2011,2011-01-01,2011-12-31
8235225,MDG_0000000025,COUNTRY,BLZ,AMR,Americas,YEAR,2017,,,,,,,,,95,95.3,,,PLISA Health Information Platform. Indicator profile: Deliveries attended by skilled birth attendants (%) [online database]. Washington; DC: Pan American Health Organization/World Health Organization (PAHO/WHO); 2021 (https://opendata.paho.org/es/indicadores-basicos/tablero-de-los-indicadores-basicos; accessed 30 December 2021).,2026-04-21T12:35:59Z,2017,2017-01-01,2017-12-31
8235301,MDG_0000000025,COUNTRY,BMU,AMR,Americas,YEAR,2017,,,,,,,,,100,99.5,,,PLISA Health Information Platform. Indicator profile: Deliveries attended by skilled birth attendants (%) [online database]. Washington; DC: Pan American Health Organization/World Health Organization (PAHO/WHO); 2023 (https://opendata.paho.org/es/indicadores-basicos/tablero-de-los-indicadores-basicos; accessed 20 September 2023).,2026-04-21T12:35:59Z,2017,2017-01-01,2017-12-31
8261741,MDG_0000000025,COUNTRY,BMU,AMR,Americas,YEAR,2005,,,,,,,,,100,100,,,"Trained personnel PLISA Health Information Platform. Indicator profile: Deliveries attended by skilled birth attendants (%) [online database]. Washington, DC: Pan American Health Organization/World Health Organization (PAHO/WHO); 2023 (https://opendata.paho.org/es/indicadores-basicos/tablero-de-los-indicadores-basicos, accessed 20 September 2023).",2025-04-07T06:46:44Z,2005,2005-01-01,2005-12-31
8319764,MDG_0000000025,COUNTRY,TON,WPR,Western Pacific,YEAR,2006,,,,,,,,,98,98,,,Trained personnel Report of the Minister for Health for the Year 2010. Tonga: Ministry of Health [Tonga]; 2011.,2025-04-07T06:46:44Z,2006,2006-01-01,2006-12-31
8325970,MDG_0000000025,COUNTRY,TCD,AFR,Africa,YEAR,2004,,,,,,,,,14,14,,," Ouagadjio B, Nodjimadji K, Bagamla T, Madnodji R, Tokindang JS, Ngakoutou N et al. (INSEED, ORC Macro). Enquête Démographique et de Santé Tchad 2004. Calverton, Maryland, USA: INSEED, ORC Macro; 2005 (in French).",2025-04-07T06:46:44Z,2004,2004-01-01,2004-12-31
8333320,MDG_0000000025,REGION,WPR,,,YEAR,2014,,,,,,,,,96,96,,,,2024-04-26T13:59:03Z,2014,2014-01-01,2014-12-31
8365293,MDG_0000000025,COUNTRY,MDA,EUR,Europe,YEAR,2008,,,,,,,,,100,100,,,"Skilled health personnel Transformative Monitoring for Enhanced Equity (TransMonEE) 2012 Database [online database]. Geneva: UNICEF Europe and Central Asia Regional Office; 2012 (www.transmonee.org, accessed 1 November 2012). ",2025-04-07T06:46:44Z,2008,2008-01-01,2008-12-31
8391406,MDG_0000000025,COUNTRY,ATG,AMR,Americas,YEAR,2015,,,,,,,,,100,100,,," Health Situation in the Americas: Core Indicators 2016. Washington, DC: Pan American Health Organization/World Health Organization (PAHO/WHO), Communicable Diseases and Health Analysis/Health Information and Analysis; 2016.",2025-04-07T06:46:44Z,2015,2015-01-01,2015-12-31
8410420,MDG_0000000025,COUNTRY,KEN,AFR,Africa,YEAR,2022,,,,,,,,,89,89.3,,,KNBS and ICF. 2023. Kenya Demographic and Health Survey 2022. Nairobi; Kenya; and Rockville; Maryland;USA: KNBS and ICF.,2026-04-21T12:35:59Z,2022,2022-01-01,2022-12-31
8410808,MDG_0000000025,COUNTRY,CMR,AFR,Africa,YEAR,2014,,,,,,,,,65,65,,," Institut National de la Statistique, UNICEF. Enquête par grappes à indicateurs multiples (MICS5), 2014, Rapport Final. Yaoundé, Cameroun, Institut National de la Statistique; 2015 (in French).",2025-04-07T06:46:44Z,2014,2014-01-01,2014-12-31
8417548,MDG_0000000025,COUNTRY,VCT,AMR,Americas,YEAR,2013,,,,,,,,,99,99,,,"Trained personnel PLISA Health Information Platform. Indicator profile: Deliveries attended by skilled birth attendants (%) [online database]. Washington, DC: Pan American Health Organization/World Health Organization (PAHO/WHO); 2021 (https://opendata.paho.org/es/indicadores-basicos/tablero-de-los-indicadores-basicos, accessed 30 December 2021). ",2025-04-07T06:46:44Z,2013,2013-01-01,2013-12-31
8442756,MDG_0000000025,COUNTRY,BRB,AMR,Americas,YEAR,2012,,,,,,,,,99,99,,," Barbados Statistical Service, ‘Barbados Multiple Indicator Cluster Survey 2012: Final Report’. BSS, Bridgetown, Barbados: Barbados Statistical Service, United Nations Children’s Fund (UNICEF), United Nations Population Fund (UNFPA), United Nations Entity for Gender Equality and the Empowerment of Women (UN Women); 2014.",2025-04-07T06:46:44Z,2012,2012-01-01,2012-12-31
8442810,MDG_0000000025,COUNTRY,OMN,EMR,Eastern Mediterranean,YEAR,2011,,,,,,,,,99,99,,,"Skilled personnel Annual Health Report 2011. Muscat: Ministry of Health, Department of Health Information and Statistics, Directorate General of Planning [Oman]; 2012.",2025-04-07T06:46:44Z,2011,2011-01-01,2011-12-31
8450291,MDG_0000000025,COUNTRY,HUN,EUR,Europe,YEAR,2007,,,,,,,,,100,100,,,"Skilled health personnel Transformative Monitoring for Enhanced Equity (TransMonEE) 2012 Database [online database]. Geneva: UNICEF Europe and Central Asia Regional Office; 2012 (www.transmonee.org, accessed 1 November 2012). ",2025-04-07T06:46:44Z,2007,2007-01-01,2007-12-31
8488560,MDG_0000000025,COUNTRY,ARG,AMR,Americas,YEAR,2007,,,,,,,,,99,99,,, Estadísticas Vitales. Información Básica – Año 2007. Buenos Aires: Ministerio de Salud [Argentina]; 2008 (in Spanish).,2025-04-07T06:46:44Z,2007,2007-01-01,2007-12-31
8507695,MDG_0000000025,REGION,EMR,,,YEAR,2021,,,,,,,,,81,81.3,,,Estimate based on Joint UNICEF-WHO Database on Skilled Birth Attendance 2025,2026-04-21T12:35:59Z,2021,2021-01-01,2021-12-31
8534371,MDG_0000000025,COUNTRY,MDV,SEAR,South-East Asia,YEAR,2012,,,,,,,,,96,96,,, The Maldives Health Statistics 2013. Malé: Ministry of Health [Republic of Maldives]; 2014.,2025-04-07T06:46:44Z,2012,2012-01-01,2012-12-31
8541134,MDG_0000000025,COUNTRY,BRN,WPR,Western Pacific,YEAR,2020,,,,,,,,,100,99.7,,,Ministry of Health [Brunei Darussalam]; 2022.,2026-04-21T12:35:59Z,2020,2020-01-01,2020-12-31
8541224,MDG_0000000025,COUNTRY,GEO,EUR,Europe,YEAR,2022,,,,,,,,,100,99.7,,,Electronic Registry for Maternal and Newborn Health (Birth Registry) Five year report 2018-2022,2026-04-21T12:35:59Z,2022,2022-01-01,2022-12-31
8553410,MDG_0000000025,REGION,WPR,,,YEAR,2004,,,,,,,,,91,91,,,,2024-04-26T13:59:03Z,2004,2004-01-01,2004-12-31
8566308,MDG_0000000025,COUNTRY,AUS,WPR,Western Pacific,YEAR,2001,,,,,,,,,99,99,,," Laws PJ, Sullivan EA. Australia’s mothers and babies 2001. Perinatal Statistics Series No. 13. AIHW Cat. No. PER 25. Sydney: Australian Institute of Health and Welfare (AIHW) National Perinatal Statistics Unit; 2004.",2025-04-07T06:46:44Z,2001,2001-01-01,2001-12-31
8566366,MDG_0000000025,COUNTRY,BIH,EUR,Europe,YEAR,2019,,,,,,,,,100,99.9,,,Statistical Yearbook Federation of Bosnia and Herzegovina 2022. Sarajevo: Institute for Statistics of Federation of Bosnia and Herzegovina; 2022.,2026-04-21T12:35:59Z,2019,2019-01-01,2019-12-31
8592650,MDG_0000000025,REGION,AFR,,,YEAR,2018,,,,,,,,,65,65.4,,,Estimate based on Joint UNICEF-WHO Database on Skilled Birth Attendance 2025,2026-04-21T12:35:59Z,2018,2018-01-01,2018-12-31
8611666,MDG_0000000025,COUNTRY,PHL,WPR,Western Pacific,YEAR,2003,,,,,,,,,60,60,,," National Statistics Office (NSO) [Philippines], ORC Macro. National Demographic and Health Survey 2003. Calverton, Maryland: NSO [Philippines], ORC Macro; 2004.",2025-04-07T06:46:44Z,2003,2003-01-01,2003-12-31
8658121,MDG_0000000025,COUNTRY,CAF,AFR,Africa,YEAR,2010,,,,,,,,,40,40,,," ICASEES, Fonds des Nations Unies pour l'Enfance (UNICEF). Enquête par grappes à indicateurs multiples MICS, RCA 2010 Rapport final. Bangui: RCA ICASEES; 2012 (in French).",2025-04-07T06:46:44Z,2010,2010-01-01,2010-12-31
8663931,MDG_0000000025,COUNTRY,NOR,EUR,Europe,YEAR,2009,,,,,,,,,99,99,,," Dataset: F11: Fødested. 2009. [online database]. Oslo: Folkehelseinstituttet, Medisinsk fødselsregister [Norwegian Institute of Public Health (NIPH), Medical Birth Registry]; 2010 (http://statistikkbank.fhi.no/mfr, accessed 10 October 2011, in Norwegian). ",2025-04-07T06:46:44Z,2009,2009-01-01,2009-12-31
8683621,MDG_0000000025,COUNTRY,UZB,EUR,Europe,YEAR,2002,,,,,,,,,100,100,,,"Skilled health personnel Transformative Monitoring for Enhanced Equity (TransMonEE) 2012 Database [online database]. Geneva: UNICEF Europe and Central Asia Regional Office; 2012 (www.transmonee.org, accessed 1 November 2012). ",2025-04-07T06:46:44Z,2002,2002-01-01,2002-12-31
8710446,MDG_0000000025,COUNTRY,BWA,AFR,Africa,YEAR,2012,,,,,,,,,100,100,,, Botswana Maternal Mortality Ratio (MMR) 2008 – 2012. Stats Brief. No. 2014/2. Gaborone: Statistics Botswana (CSO); 2014.,2025-04-07T06:46:44Z,2012,2012-01-01,2012-12-31
8716793,MDG_0000000025,REGION,WPR,,,YEAR,2008,,,,,,,,,94,94,,,,2024-04-26T13:59:03Z,2008,2008-01-01,2008-12-31
8723002,MDG_0000000025,REGION,AFR,,,YEAR,2023,,,,,,,,,72,72,,,Estimate based on Joint UNICEF-WHO Database on Skilled Birth Attendance 2025,2026-04-21T12:35:59Z,2023,2023-01-01,2023-12-31
8729391,MDG_0000000025,COUNTRY,DEU,EUR,Europe,YEAR,2009,,,,,,,,,98,98,,, Qualitätsbericht 2012. Außerklinische Geburtshilfe in Deutschland. Storkow: Gesellschaft für Qualität in der außerklinischen Geburtshilfe e.V. (QUAG e.V.); 2014 (in German).  ,2025-04-07T06:46:44Z,2009,2009-01-01,2009-12-31
8749021,MDG_0000000025,COUNTRY,LVA,EUR,Europe,YEAR,2022,,,,,,,,,98,98.1,,,Health Statistics Database - Maternal and child health care (Veselbas statistikas datubze). Latvia; 2023 (https://statistika.spkc.gov.lv/pxweb/en/Health/Health__Mates_berna_veseliba/MCH010_dzemdibu_raditaji_regioni.px/ accessed 21 September 2023),2026-04-21T12:35:59Z,2022,2022-01-01,2022-12-31
8768688,MDG_0000000025,COUNTRY,IRL,EUR,Europe,YEAR,2011,,,,,,,,,100,100,,," Perinatal Statistics Report 2011. Dublin: Health Research and Information Division, the Economic and Social Research Institute (ESRI); 2012.  ",2025-04-07T06:46:44Z,2011,2011-01-01,2011-12-31
8775411,MDG_0000000025,COUNTRY,BMU,AMR,Americas,YEAR,2020,,,,,,,,,100,99.8,,,PLISA Health Information Platform. Indicator profile: Deliveries attended by skilled birth attendants (%) [online database]. Washington; DC: Pan American Health Organization/World Health Organization (PAHO/WHO); 2023 (https://opendata.paho.org/es/indicadores-basicos/tablero-de-los-indicadores-basicos; accessed 20 September 2023).,2026-04-21T12:35:59Z,2020,2020-01-01,2020-12-31
8781778,MDG_0000000025,COUNTRY,URY,AMR,Americas,YEAR,2009,,,,,,,,,100,100,,, Anuario Estadístico 2010. Uruguay: Instituto Nacional de Estadística (INE); 2011 (in Spanish).  ,2025-04-07T06:46:44Z,2009,2009-01-01,2009-12-31
8800850,MDG_0000000025,COUNTRY,SGP,WPR,Western Pacific,YEAR,2021,,,,,,,,,100,99.6,,,Registry of Births and Deaths. Singapore: Department of Statistics Singapore; 2021 (Sustainable Development Goals: Indicator 3.2.1 [online database] https://www.singstat.gov.sg/find-data/sdg/goal-3#t1; accessed 30 December 2022).,2026-04-21T12:35:59Z,2021,2021-01-01,2021-12-31
8801044,MDG_0000000025,COUNTRY,BRB,AMR,Americas,YEAR,2019,,,,,,,,,98,98,,,PLISA Health Information Platform. Indicator profile: Deliveries attended by skilled birth attendants (%) [online database]. Washington; DC: Pan American Health Organization/World Health Organization (PAHO/WHO); 2021 (https://opendata.paho.org/es/indicadores-basicos/tablero-de-los-indicadores-basicos; accessed 30 December 2021).,2026-04-21T12:35:59Z,2019,2019-01-01,2019-12-31
8814242,MDG_0000000025,COUNTRY,TTO,AMR,Americas,YEAR,2017,,,,,,,,,100,100,,,PLISA Health Information Platform. Indicator profile: Deliveries attended by skilled birth attendants (%) [online database]. Washington; DC: Pan American Health Organization/World Health Organization (PAHO/WHO); 2021 (https://opendata.paho.org/es/indicadores-basicos/tablero-de-los-indicadores-basicos; accessed 30 December 2021).,2026-04-21T12:35:59Z,2017,2017-01-01,2017-12-31
8820867,MDG_0000000025,COUNTRY,BHS,AMR,Americas,YEAR,2001,,,,,,,,,99,99,,,"Trained personnel PLISA Health Information Platform. Indicator profile: Deliveries attended by skilled birth attendants (%) [online database]. Washington, DC: Pan American Health Organization/World Health Organization (PAHO/WHO); 2021 (https://opendata.paho.org/es/indicadores-basicos/tablero-de-los-indicadores-basicos, accessed 30 December 2021). ",2025-04-07T06:46:44Z,2001,2001-01-01,2001-12-31
8826824,MDG_0000000025,COUNTRY,NIC,AMR,Americas,YEAR,2008,,,,,,,,,85,85,,,"Trained personnel PLISA Health Information Platform. Indicator profile: Deliveries attended by skilled birth attendants (%) [online database]. Washington, DC: Pan American Health Organization/World Health Organization (PAHO/WHO); 2021 (https://opendata.paho.org/es/indicadores-basicos/tablero-de-los-indicadores-basicos, accessed 30 December 2021). ",2025-04-07T06:46:44Z,2008,2008-01-01,2008-12-31
8859465,MDG_0000000025,COUNTRY,NZL,WPR,Western Pacific,YEAR,2019,,,,,,,,,97,96.5,,,Report on Maternity web tool [online database]. Birth place and year and DHB. Wellington: Ministry of Health [New Zealand]; 2022 (https://minhealthnz.shinyapps.io/Maternity_report_webtool/; accessed 6 June 2022).,2026-04-21T12:35:59Z,2019,2019-01-01,2019-12-31
8865849,MDG_0000000025,GLOBAL,GLOBAL,,,YEAR,2024,,,,,,,,,86,86.4,,,Estimate based on Joint UNICEF-WHO Database on Skilled Birth Attendance 2025,2026-04-21T12:35:59Z,2024,2024-01-01,2024-12-31
8878628,MDG_0000000025,COUNTRY,IDN,WPR,Western Pacific,YEAR,2012,,,,,,,,,83,83,,,"Doctor, obstetrician, nurse/midwife/village midwife (nurse/midwife/village midwife: 62.2%) Statistics Indonesia (Badan Pusat Statistik—BPS), National Population and Family Planning Board (BKKBN), Kementerian Kesehatan (Kemenkes—MOH),ICF International. Indonesia Demographic and Health Survey 2012. Jakarta, Indonesia: BPS, BKKBN, Kemenkes, ICF International; 2013.",2025-04-07T06:46:44Z,2012,2012-01-01,2012-12-31
8879096,MDG_0000000025,COUNTRY,ATG,AMR,Americas,YEAR,2007,,,,,,,,,100,100,,,"Trained personnel Health Situation in the Americas: Basic Indicators 2008. Washington, DC: Pan American Health Organization/World Health Organization (PAHO/WHO), Health Information and Analysis; 2008.",2025-04-07T06:46:44Z,2007,2007-01-01,2007-12-31
8904821,MDG_0000000025,REGION,WPR,,,YEAR,2023,,,,,,,,,97,97.2,,,Estimate based on Joint UNICEF-WHO Database on Skilled Birth Attendance 2025,2026-04-21T12:35:59Z,2023,2023-01-01,2023-12-31
8918310,MDG_0000000025,COUNTRY,BMU,AMR,Americas,YEAR,2011,,,,,,,,,98,98,,,"Trained personnel PLISA Health Information Platform. Indicator profile: Deliveries attended by skilled birth attendants (%) [online database]. Washington, DC: Pan American Health Organization/World Health Organization (PAHO/WHO); 2023 (https://opendata.paho.org/es/indicadores-basicos/tablero-de-los-indicadores-basicos, accessed 20 September 2023).",2025-04-07T06:46:44Z,2011,2011-01-01,2011-12-31
8923985,MDG_0000000025,REGION,AMR,,,YEAR,2016,,,,,,,,,96,96.2,,,Estimate based on Joint UNICEF-WHO Database on Skilled Birth Attendance 2025,2026-04-21T12:35:59Z,2016,2016-01-01,2016-12-31
8950122,MDG_0000000025,COUNTRY,DMA,AMR,Americas,YEAR,2020,,,,,,,,,100,100,,,PLISA Health Information Platform. Indicator profile: Deliveries attended by skilled birth attendants (%) [online database]. Washington; DC: Pan American Health Organization/World Health Organization (PAHO/WHO); 2021 (https://opendata.paho.org/es/indicadores-basicos/tablero-de-los-indicadores-basicos; accessed 30 December 2021).,2026-04-21T12:35:59Z,2020,2020-01-01,2020-12-31
9047743,MDG_0000000025,COUNTRY,PRY,AMR,Americas,YEAR,2013,,,,,,,,,97,97,,,"Trained personnel PLISA Health Information Platform. Indicator profile: Deliveries attended by skilled birth attendants (%) [online database]. Washington, DC: Pan American Health Organization/World Health Organization (PAHO/WHO); 2021 (https://opendata.paho.org/es/indicadores-basicos/tablero-de-los-indicadores-basicos, accessed 30 December 2021). ",2025-04-07T06:46:44Z,2013,2013-01-01,2013-12-31
9079421,MDG_0000000025,COUNTRY,AZE,EUR,Europe,YEAR,2008,,,,,,,,,98,98,,,Skilled health personnel Statistical Yearbook of Azerbaijan 2013. Baku: State Statistical Committee of the Republic of Azerbaijan; 2013.,2025-04-07T06:46:44Z,2008,2008-01-01,2008-12-31
9092489,MDG_0000000025,COUNTRY,GHA,AFR,Africa,YEAR,2011,,,,,,,,,67,67,,," Ghana Statistical Service, United Nations Children's Fund (UNICEF). Ghana Multiple Indicator Cluster Survey with an Enhanced Malaria Module and Biomarker, 2011, Final Report. Accra, Ghana: Ghana Statistical Service, United Nations Children's Fund (UNICEF); 2011.",2025-04-07T06:46:44Z,2011,2011-01-01,2011-12-31
9118709,MDG_0000000025,COUNTRY,VEN,AMR,Americas,YEAR,2003,,,,,,,,,95,95,,," Análisis de la situacion de la niñez y la mujer en Venezuela 2005. Caracas: Ministerio de Planificacíon y Desarrollo, Fondo de las Naciones Unidas para la Infancia (UNICEF); 2005 (in Spanish).",2025-04-07T06:46:44Z,2003,2003-01-01,2003-12-31
9145271,MDG_0000000025,COUNTRY,LCA,AMR,Americas,YEAR,2007,,,,,,,,,100,100,,,"Trained personnel PLISA Health Information Platform. Indicator profile: Deliveries attended by skilled birth attendants (%) [online database]. Washington, DC: Pan American Health Organization/World Health Organization (PAHO/WHO); 2018 (http://www.paho.org/data/index.php/en/indicators/visualization.html, accessed 11 February 2020). ",2025-04-07T06:46:44Z,2007,2007-01-01,2007-12-31
9176845,MDG_0000000025,REGION,EUR,,,YEAR,2003,,,,,,,,,97,97,,,,2024-04-26T13:59:03Z,2003,2003-01-01,2003-12-31
9202903,MDG_0000000025,COUNTRY,MSR,AMR,Americas,YEAR,2015,,,,,,,,,100,100,,,"Trained personnel PLISA Health Information Platform. Indicator profile: Deliveries attended by skilled birth attendants (%) [online database]. Washington, DC: Pan American Health Organization/World Health Organization (PAHO/WHO); 2021 (https://opendata.paho.org/es/indicadores-basicos/tablero-de-los-indicadores-basicos, accessed 30 December 2021). ",2025-04-07T06:46:44Z,2015,2015-01-01,2015-12-31
9203149,MDG_0000000025,COUNTRY,TUR,EUR,Europe,YEAR,2015,,,,,,,,,99,99,,,Skilled health personnel.  MoH:Civil Registration of MoH. Provided to Unicef in country consultation 2019. ,2025-04-07T06:46:44Z,2015,2015-01-01,2015-12-31
9216537,MDG_0000000025,COUNTRY,ARM,EUR,Europe,YEAR,2004,,,,,,,,,100,100,,,"Skilled health personnel Transformative Monitoring for Enhanced Equity (TransMonEE) 2012 Database [online database]. Geneva: UNICEF Europe and Central Asia Regional Office; 2012 (www.transmonee.org, accessed 1 November 2012). ",2025-04-07T06:46:44Z,2004,2004-01-01,2004-12-31
9255608,MDG_0000000025,COUNTRY,TUV,WPR,Western Pacific,YEAR,2000,,,,,,,,,100,100,,,"Doctor, nurse, and midwife (i.e. all attendants except “traditional birth attendants”) Secretariat of the Pacific Community (SPC), United Nations Development Programme (UNDP), the UN/CROP MDG Working Group. Pacific Islands Regional Millennium Development Goals Report 2004. Noumea: Secretariat of the Pacific Community (SPC); 2004.",2025-04-07T06:46:44Z,2000,2000-01-01,2000-12-31
9261559,MDG_0000000025,COUNTRY,RUS,EUR,Europe,YEAR,2015,,,,,,,,,100,100,,,"Skilled health personnel Federal State Statistics Service. Data on SDG Indicators. Russia; 2021. (https://eng.rosstat.gov.ru/3.1.2) accessed September 29, 2021.",2025-04-07T06:46:44Z,2015,2015-01-01,2015-12-31
9300360,MDG_0000000025,COUNTRY,IRQ,EMR,Eastern Mediterranean,YEAR,2018,,,,,,,,,96,95.6,,,Iraq 2018 Multiple Indicator Cluster Survey (MICS6). Survey Findings Report. Baghdad: Central Statistical Organization (CSO); United Nations Children's Fund (UNICEF); 2019.,2026-04-21T12:35:59Z,2018,2018-01-01,2018-12-31
9307872,MDG_0000000025,COUNTRY,NZL,WPR,Western Pacific,YEAR,2011,,,,,,,,,97,97,,," National Maternity Collection. Wellington: Ministry of Health [New Zealand]; 2020. (https://minhealthnz.shinyapps.io/Maternity_report_webtool/, last accessed 8 January 2021)",2025-04-07T06:46:44Z,2011,2011-01-01,2011-12-31
9346058,MDG_0000000025,COUNTRY,DMA,AMR,Americas,YEAR,2014,,,,,,,,,100,100,,,"Trained personnel PLISA Health Information Platform. Indicator profile: Deliveries attended by skilled birth attendants (%) [online database]. Washington, DC: Pan American Health Organization/World Health Organization (PAHO/WHO); 2021 (https://opendata.paho.org/es/indicadores-basicos/tablero-de-los-indicadores-basicos, accessed 30 December 2021). ",2025-04-07T06:46:44Z,2014,2014-01-01,2014-12-31
9423661,MDG_0000000025,COUNTRY,MDA,EUR,Europe,YEAR,2022,,,,,,,,,100,99.7,,,Statistical databank. Share of births attended by skilled health personnel by Indicators and Years [online database]. Chisinau: National Bureau of Statistics [Republic of Moldova]; 2023 (https://statbank.statistica.md/pxweb/pxweb/en/50%20Statistica%20gender/50%20Statistica%20gender__GEN04/GEN040600soc.px/table/tableViewLayout1/?rxid=b2ff27d7-0b96-43c9-934b-42e1a2a9a774); accessed 27 September 2023).,2026-04-21T12:35:59Z,2022,2022-01-01,2022-12-31
9430443,MDG_0000000025,COUNTRY,ROU,EUR,Europe,YEAR,2007,,,,,,,,,99,99,,,"Skilled health personnel Transformative Monitoring for Enhanced Equity (TransMonEE) 2012 Database [online database]. Geneva: UNICEF Europe and Central Asia Regional Office; 2012 (www.transmonee.org, accessed 1 November 2012). ",2025-04-07T06:46:44Z,2007,2007-01-01,2007-12-31
9456511,MDG_0000000025,COUNTRY,BIH,EUR,Europe,YEAR,2000,,,,,,,,,99,99,,," Household Survey of Women and Children Bosnia and Herzegovina 2000. A Multiple Indicator Cluster Survey B&H MICS 2000. Draft Final Report. Bosnia and Herzegovina: Ministry of Health, Public Health Institute, Ministry of Education, Ministry of Social Welfare, Ministry of Finance, Office for Statistics, Agency for Statistics, UNICEF; 2002.",2025-04-07T06:46:44Z,2000,2000-01-01,2000-12-31
9456639,MDG_0000000025,COUNTRY,GUY,AMR,Americas,YEAR,2017,,,,,,,,,97,96.7,,,PLISA Health Information Platform. Indicator profile: Deliveries attended by skilled birth attendants (%) [online database]. Washington; DC: Pan American Health Organization/World Health Organization (PAHO/WHO); 2021 (https://opendata.paho.org/es/indicadores-basicos/tablero-de-los-indicadores-basicos; accessed 30 December 2021).,2026-04-21T12:35:59Z,2017,2017-01-01,2017-12-31
9469593,MDG_0000000025,COUNTRY,POL,EUR,Europe,YEAR,2013,,,,,,,,,100,100,,," Statistics Poland (GUS) [Website]. Warsaw: Statistics Poland (GUS); 2020 (https://sdg.gov.pl/en/statistics_glob/3-1-2/, accessed 28 February 2021).",2025-04-07T06:46:44Z,2013,2013-01-01,2013-12-31
9489426,MDG_0000000025,COUNTRY,BRA,AMR,Americas,YEAR,2010,,,,,,,,,99,99,,," DATASUS [online database]. Brazil: MS/SVS/DASIS - Sistema de Informações sobre Nacidos Vivos – SINASC. Nascim p/resid.mãe por Local ocorrência segundo Região. Período: 2010; 2012 (http://tabnet.datasus.gov.br/cgi/deftohtm.exe?sinasc/cnv/nvuf.def, accessed 26 July 2012, in Portuguese).",2025-04-07T06:46:44Z,2010,2010-01-01,2010-12-31
9509191,MDG_0000000025,COUNTRY,NZL,WPR,Western Pacific,YEAR,2005,,,,,,,,,97,97,,," Report on Maternity 2014. Accompanying tables: Labour and Birth: place of birth. Table 37: Number and percentage of women giving birth, by place of birth 2005-2014. Wellington: Ministry of Health [New Zealand]; 2015.",2025-04-07T06:46:44Z,2005,2005-01-01,2005-12-31
9527934,MDG_0000000025,COUNTRY,MRT,AFR,Africa,YEAR,2015,,,,,,,,,69,69,,," Mauritanie Enquête Par Grappes À Indicateurs Multiples MICS 2015. Rapport Final. Nouakchott: Ministère De l’Économie et des Finances, Office National De La Statistique [Mauritanie], Fonds des Nations unies pour l’enfance (UNICEF); 2017 (in French). ",2025-04-07T06:46:44Z,2015,2015-01-01,2015-12-31
9534101,MDG_0000000025,COUNTRY,CAN,AMR,Americas,YEAR,2011,,,,,,,,,98,98,,," CANSIM. Table 102-4516 - Live births and fetal deaths (stillbirths), by place of birth (hospital and non-hospital), Canada, provinces and territories, annual [database]. Ottawa: Statistics Canada, Government of Canada; 2017 (https://www80.statcan.gc.ca, accessed 22 December 2017).",2025-04-07T06:46:44Z,2011,2011-01-01,2011-12-31
9540726,MDG_0000000025,COUNTRY,BRB,AMR,Americas,YEAR,2007,,,,,,,,,100,100,,,"Trained personnel PLISA Health Information Platform. Indicator profile: Deliveries attended by skilled birth attendants (%) [online database]. Washington, DC: Pan American Health Organization/World Health Organization (PAHO/WHO); 2021 (https://opendata.paho.org/es/indicadores-basicos/tablero-de-los-indicadores-basicos, accessed 30 December 2021). ",2025-04-07T06:46:44Z,2007,2007-01-01,2007-12-31
9553269,MDG_0000000025,COUNTRY,MYS,WPR,Western Pacific,YEAR,2021,,,,,,,,,100,99.6,,,Health Indicators 2022: Indicators for Monitoring and Evaluation of Strategy Health for All. Putrajaya: Ministry of Health [Malaysia]; 2022.,2026-04-21T12:35:59Z,2021,2021-01-01,2021-12-31
9553959,MDG_0000000025,COUNTRY,HUN,EUR,Europe,YEAR,2002,,,,,,,,,100,100,,,"Skilled health personnel Transformative Monitoring for Enhanced Equity (TransMonEE) 2012 Database [online database]. Geneva: UNICEF Europe and Central Asia Regional Office; 2012 (www.transmonee.org, accessed 1 November 2012). ",2025-04-07T06:46:44Z,2002,2002-01-01,2002-12-31
9573568,MDG_0000000025,COUNTRY,MDA,EUR,Europe,YEAR,2004,,,,,,,,,99,99,,,"Skilled health personnel Transformative Monitoring for Enhanced Equity (TransMonEE) 2012 Database [online database]. Geneva: UNICEF Europe and Central Asia Regional Office; 2012 (www.transmonee.org, accessed 1 November 2012). ",2025-04-07T06:46:44Z,2004,2004-01-01,2004-12-31
9580049,MDG_0000000025,COUNTRY,UKR,EUR,Europe,YEAR,2013,,,,,,,,,100,100,,,"Skilled health personnel Transformative Monitoring for Enhanced Equity (TransMonEE) 2016 Database [online database]. Geneva: UNICEF Europe and Central Asia Regional Office; 2016 (www.transmonee.org, accessed 17 October 2016). ",2025-04-07T06:46:44Z,2013,2013-01-01,2013-12-31
9598190,MDG_0000000025,COUNTRY,LTU,EUR,Europe,YEAR,2016,,,,,,,,,100,100,,,Official Statistics Portal; 2021 (https://osp.stat.gov.lt/nacionaliniai-darnaus-vystymosi-rodikliai; accessed 30/12/2021),2026-04-21T12:35:59Z,2016,2016-01-01,2016-12-31
9598396,MDG_0000000025,COUNTRY,NIC,AMR,Americas,YEAR,2005,,,,,,,,,79,79,,,"Trained personnel PLISA Health Information Platform. Indicator profile: Deliveries attended by skilled birth attendants (%) [online database]. Washington, DC: Pan American Health Organization/World Health Organization (PAHO/WHO); 2021 (https://opendata.paho.org/es/indicadores-basicos/tablero-de-los-indicadores-basicos, accessed 30 December 2021). ",2025-04-07T06:46:44Z,2005,2005-01-01,2005-12-31
9605059,MDG_0000000025,COUNTRY,NPL,SEAR,South-East Asia,YEAR,2000,,,,,,,,,12,12,,,"Medically trained persons Report on the Situation of Women, Children and Households. Between Census Household Information, Monitoring and Evaluation System (BCHIMES). Kathmandu: Central Bureau of Statistics [Nepal], United Nations Children’s Fund (UNICEF); 2001.",2025-04-07T06:46:44Z,2000,2000-01-01,2000-12-31
9618281,MDG_0000000025,COUNTRY,IRL,EUR,Europe,YEAR,2008,,,,,,,,,100,100,,," Perinatal Statistics Report 2008. Dublin: Health Research and Information Division, the Economic and Social Research Institute (ESRI); 2010.  ",2025-04-07T06:46:44Z,2008,2008-01-01,2008-12-31
9650281,MDG_0000000025,COUNTRY,MLT,EUR,Europe,YEAR,2022,,,,,,,,,100,99.8,,,National Obstetric Information System; Directorate for Health Information and Research [Malta] 2022; 2023,2026-04-21T12:35:59Z,2022,2022-01-01,2022-12-31
9657371,MDG_0000000025,COUNTRY,AUT,EUR,Europe,YEAR,2005,,,,,,,,,99,99,,, Jahrbuch der Gesundheitsstatistik 2012. Wien: Statistik Austria; 2013 (in German).,2025-04-07T06:46:44Z,2005,2005-01-01,2005-12-31
9662952,MDG_0000000025,COUNTRY,COD,AFR,Africa,YEAR,2007,,,,,,,,,64,64,,," Ministère du Plan, Macro International. Enquête Démographique et de Santé, République Démocratique du Congo 2007. Calverton, Maryland, U.S.A. : Ministère du Plan, Macro International; 2008 (in French). ",2025-04-07T06:46:44Z,2007,2007-01-01,2007-12-31
9663134,MDG_0000000025,COUNTRY,NOR,EUR,Europe,YEAR,2000,,,,,,,,,99,99,,," Dataset: F11: Fødested. 2000. [online database]. Oslo: Folkehelseinstituttet, Medisinsk fødselsregister [Norwegian Institute of Public Health (NIPH), Medical Birth Registry]; 2001 (http://statistikkbank.fhi.no/mfr, accessed 10 October 2011, in Norwegian). ",2025-04-07T06:46:44Z,2000,2000-01-01,2000-12-31
9663754,MDG_0000000025,COUNTRY,PRY,AMR,Americas,YEAR,2008,,,,,,,,,87,87,,,"IB plus delivery with an obstetric professional at home Encuesta Nacional de Demografía y Salud Reproductiva (ENDSSR) 2008. Informe Final. Asunción: Centro Paraguayo de Estudios de Población (CEPEP), Agencia del Gobierno de los Estados Unidos para el Desarrollo Internacional (USAID), Centros para el Control y Prevención de Enfermedades (CDC), Fondo de las Naciones Unidas para la Infancia (UNICEF), Federación Internacional de Planificación Familiar (IPPF); 2009 (in Spanish).",2025-04-07T06:46:44Z,2008,2008-01-01,2008-12-31
9670245,MDG_0000000025,COUNTRY,SRB,EUR,Europe,YEAR,2003,,,,,,,,,99,99,,,"Skilled health personnel Transformative Monitoring for Enhanced Equity (TransMonEE) 2012 Database [online database]. Geneva: UNICEF Europe and Central Asia Regional Office; 2012 (www.transmonee.org, accessed 1 November 2012). ",2025-04-07T06:46:44Z,2003,2003-01-01,2003-12-31
9683441,MDG_0000000025,COUNTRY,ARG,AMR,Americas,YEAR,2005,,,,,,,,,99,99,,, Estadísticas Vitales. Información Básica – Año 2005. Buenos Aires: Ministerio de Salud [Argentina]; 2006 (in Spanish).,2025-04-07T06:46:44Z,2005,2005-01-01,2005-12-31
9689006,MDG_0000000025,COUNTRY,PRT,EUR,Europe,YEAR,2019,,,,,,,,,100,99.9,,,Annual Statistics Portugal Live births (No.) by Place of residence of mother (NUTS - 2013); Sex; Place of delivery of the mother; Medical assistance and Size class of weight at birth; Annual. 2019 [online database]. Lisbon: Instituto Nacional de Estadstica (INE) [Portugal]; 2020,2026-04-21T12:35:59Z,2019,2019-01-01,2019-12-31
9708708,MDG_0000000025,COUNTRY,MUS,AFR,Africa,YEAR,2005,,,,,,,,,99,99,,,Skilled health personnel Millennium Development Goals. Status Report 2010. Port Louis: Republic of Mauritius; 2012.,2025-04-07T06:46:44Z,2005,2005-01-01,2005-12-31
9721701,MDG_0000000025,COUNTRY,BGD,SEAR,South-East Asia,YEAR,2023,,,,,,,,,70,69.7,,,Sample Vital Registration System (SVRS) in Digital Platform Project; Bangladesh Bureau of Statistics (BBS). Bangladesh Sample Vital Statistics 2023.,2026-04-21T12:35:59Z,2023,2023-01-01,2023-12-31
9722109,MDG_0000000025,GLOBAL,GLOBAL,,,YEAR,2019,,,,,,,,,83,83.3,,,Estimate based on Joint UNICEF-WHO Database on Skilled Birth Attendance 2025,2026-04-21T12:35:59Z,2019,2019-01-01,2019-12-31
9767161,MDG_0000000025,COUNTRY,AIA,AMR,Americas,YEAR,2012,,,,,,,,,100,100,,,"Trained personnel PLISA Health Information Platform. Indicator profile: Deliveries attended by skilled birth attendants (%) [online database]. Washington, DC: Pan American Health Organization/World Health Organization (PAHO/WHO); 2021 (https://opendata.paho.org/es/indicadores-basicos/tablero-de-los-indicadores-basicos), accessed December 30, 2021). 	",2025-04-07T06:46:44Z,2012,2012-01-01,2012-12-31
9774650,MDG_0000000025,COUNTRY,MNG,WPR,Western Pacific,YEAR,2005,,,,,,,,,99,99,,," National Statistical Office of Mongolia, United Nations Children's Fund (UNICEF). Mongolia ""Child and Development 2005"" survey (MICS-3). Final Report. Ulaanbaatar: National Statistical Office of Mongolia, United Nations Children's Fund (UNICEF); 2007.",2025-04-07T06:46:44Z,2005,2005-01-01,2005-12-31
9774746,MDG_0000000025,REGION,EMR,,,YEAR,2024,,,,,,,,,86,85.6,,,Estimate based on Joint UNICEF-WHO Database on Skilled Birth Attendance 2025,2026-04-21T12:35:59Z,2024,2024-01-01,2024-12-31
