Id,IndicatorCode,SpatialDimension,SpatialDimensionValueCode,ParentLocationCode,ParentLocation,TimeDimension,TimeDim,DisaggregatingDimension1,DisaggregatingDimension1ValueCode,DisaggregatingDimension2,DisaggregatingDimension2ValueCode,DisaggregatingDimension3,DisaggregatingDimension3ValueCode,DataSourceDimension,DataSourceDimensionValueCode,Value,NumericValue,Low,High,Comments,Date,TimeDimensionValue,TimeDimensionBegin,TimeDimensionEnd
8203232,SRHINSTITUTIONALBIRTH,COUNTRY,MLT,EUR,Europe,YEAR,2017,,,,,,,DATASOURCE,DATASOURCE_SRHIBMLT2017GOV,99.7,99.7,,,Directorate for Health Information and Research (DHIR) [Malta]; 2018.,2024-08-06T16:05:08Z,2017,2017-01-01,2017-12-31
8287874,SRHINSTITUTIONALBIRTH,COUNTRY,ROU,EUR,Europe,YEAR,1997,,,,,,,DATASOURCE,DATASOURCE_SRHIBROU1997STAT,99.9,99.8746237,,,National Institute of Statistics [Romania]; 2023,2024-08-06T16:05:08Z,1997,1997-01-01,1997-12-31
8899148,SRHINSTITUTIONALBIRTH,COUNTRY,JAM,AMR,Americas,YEAR,2016,,,,,,,DATASOURCE,DATASOURCE_SRHIBJAM2016WHO,97.6,97.6,,,WHO/PAHO; 2018.,2024-08-06T16:05:08Z,2016,2016-01-01,2016-12-31
2655757,SRHINSTITUTIONALBIRTH,COUNTRY,TUR,EUR,Europe,YEAR,2019,,,,,,,DATASOURCE,DATASOURCE_SRHIBTUR20132019DHS,98.9,98.9,,,DHS 2018. ,2024-08-06T16:05:08Z,2013-2019,2013-01-01,2019-12-31
9347021,SRHINSTITUTIONALBIRTH,COUNTRY,CUB,AMR,Americas,YEAR,2019,,,,,,,DATASOURCE,DATASOURCE_SRHIBCUB20172019MICS,99.8,99.8,,,MICS 2019.,2024-08-06T16:05:08Z,2017-2019,2017-01-01,2019-12-31
6604668,SRHINSTITUTIONALBIRTH,COUNTRY,BOL,AMR,Americas,YEAR,1994,,,,,,,DATASOURCE,DATASOURCE_SRHIBBOL19911994DHS,42.3,42.3,,,DHS 1994. ,2024-08-06T16:05:08Z,1991-1994,1991-01-01,1994-12-31
5208178,SRHINSTITUTIONALBIRTH,COUNTRY,UKR,EUR,Europe,YEAR,2007,,,,,,,DATASOURCE,DATASOURCE_SRHIBUKR20022007DHS,99.0,99,,,"DHS 2007. 
",2024-08-06T16:05:08Z,2002-2007,2002-01-01,2007-12-31
3636491,SRHINSTITUTIONALBIRTH,COUNTRY,QAT,EMR,Eastern Mediterranean,YEAR,2009,,,,,,,DATASOURCE,DATASOURCE_SRHIBQAT2009STAT,99.9,99.9,,,"Statistics Authority [Qatar]; 2010.
",2024-08-06T16:05:08Z,2009,2009-01-01,2009-12-31
8697470,SRHINSTITUTIONALBIRTH,COUNTRY,ROU,EUR,Europe,YEAR,1993,,,,,,,DATASOURCE,DATASOURCE_SRHIBROU1993STAT,99.7,99.74092926,,,National Institute of Statistics [Romania]; 2023,2024-08-06T16:05:08Z,1993,1993-01-01,1993-12-31
8937323,SRHINSTITUTIONALBIRTH,COUNTRY,DJI,EMR,Eastern Mediterranean,YEAR,2012,,,,,,,DATASOURCE,DATASOURCE_SRHIBDJI20072012STAT,86.7,86.7,,,"Ministère de la Santé Djibouti, Direction de la Statistique et des Etudes Démographiques Djibouti, Ligue des États Arabes; 2012.",2024-08-06T16:05:08Z,2007-2012,2007-01-01,2012-12-31
5630282,SRHINSTITUTIONALBIRTH,COUNTRY,BLZ,AMR,Americas,YEAR,2006,,,,,,,DATASOURCE,DATASOURCE_SRHIBBLZ2006WHO,77.0,77,,,"Ministry of Health [Belize], WHO/PAHO; 2011.
",2024-08-06T16:05:08Z,2006,2006-01-01,2006-12-31
4085045,SRHINSTITUTIONALBIRTH,COUNTRY,QAT,EMR,Eastern Mediterranean,YEAR,1999,,,,,,,DATASOURCE,DATASOURCE_SRHIBQAT1999GOV,99.9,99.9,,,"The Planning Council [Qatar]; 2000.
",2024-08-06T16:05:08Z,1999,1999-01-01,1999-12-31
1313405,SRHINSTITUTIONALBIRTH,COUNTRY,STP,AFR,Africa,YEAR,2002,,,,,,,DATASOURCE,DATASOURCE_SRHIBSTP2002UN,75.0,75,,,"République Démocratique de Sao Tomé et Principe, ONU/UN; 2004. 
",2024-08-06T16:05:08Z,2002,2002-01-01,2002-12-31
1313407,SRHINSTITUTIONALBIRTH,COUNTRY,ITA,EUR,Europe,YEAR,2015,,,,,,,DATASOURCE,DATASOURCE_SRHIBITA2015STAT,99.9,99.9,,,"Direzione Generale della Digitalizzazione, del Sistema Informativo Sanitario e della Statistica – Ufficio di Statistica [Italy]; 2018.",2024-08-06T16:05:08Z,2015,2015-01-01,2015-12-31
7852700,SRHINSTITUTIONALBIRTH,COUNTRY,ECU,AMR,Americas,YEAR,2004,,,,,,,DATASOURCE,DATASOURCE_SRHIBECU2004STAT,76.0,76,,,"Instituto Nacional de Estadística y Censos (INEC), Ecuador; 2019.",2024-08-06T16:05:08Z,2004,2004-01-01,2004-12-31
6196082,SRHINSTITUTIONALBIRTH,COUNTRY,PHL,WPR,Western Pacific,YEAR,2017,,,,,,,DATASOURCE,DATASOURCE_SRHIBPHL20122017DHS,77.7,77.7,,,DHS 2017.,2024-08-06T16:05:08Z,2012-2017,2012-01-01,2017-12-31
6513937,SRHINSTITUTIONALBIRTH,COUNTRY,IRN,EMR,Eastern Mediterranean,YEAR,2005,,,,,,,DATASOURCE,DATASOURCE_SRHIBIRN2005DATA,96.3,96.3,,,"UNICEF Data; 2018.
",2024-08-06T16:05:08Z,2005,2005-01-01,2005-12-31
8235771,SRHINSTITUTIONALBIRTH,COUNTRY,BGD,SEAR,South-East Asia,YEAR,2001,,,,,,,DATASOURCE,DATASOURCE_SRHIBBGD19982001GOV,9.2,9.2,,,"NIPORT [Bangladesh], ORC Macro, Johns Hopkins University, icddr,b [Bangladesh]; 2003.
",2024-08-06T16:05:08Z,1998-2001,1998-01-01,2001-12-31
5006928,SRHINSTITUTIONALBIRTH,COUNTRY,PRY,AMR,Americas,YEAR,2008,,,,,,,DATASOURCE,DATASOURCE_SRHIBPRY2008STAT,93.0,93,,,"Dirección General de Estadística, Encuestas y Censos (DGEEC) [Paraguay]; 2011.
",2024-08-06T16:05:08Z,2008,2008-01-01,2008-12-31
6702483,SRHINSTITUTIONALBIRTH,COUNTRY,PRY,AMR,Americas,YEAR,2012,,,,,,,DATASOURCE,DATASOURCE_SRHIBPRY2012STAT,95.7,95.7,,,"Dirección General de Estadística, Encuestas y Censos (DGEEC) [Paraguay]; 2014.
",2024-08-06T16:05:08Z,2012,2012-01-01,2012-12-31
1124544,SRHINSTITUTIONALBIRTH,COUNTRY,GEO,EUR,Europe,YEAR,2013,,,,,,,DATASOURCE,DATASOURCE_SRHIBGEO2013GOV,99.7,99.7,,,"Ministry of Labour, Health and Social Affairs of Georgia; 2015.
",2024-08-06T16:05:08Z,2013,2013-01-01,2013-12-31
4014112,SRHINSTITUTIONALBIRTH,COUNTRY,NIC,AMR,Americas,YEAR,2022,,,,,,,DATASOURCE,DATASOURCE_SRHIBNIC2022WHO,96.3,96.3,,,PLISA Health Information Platform; 2024.,2024-08-06T16:05:08Z,2022,2022-01-01,2022-12-31
5981638,SRHINSTITUTIONALBIRTH,COUNTRY,NOR,EUR,Europe,YEAR,1991,,,,,,,DATASOURCE,DATASOURCE_SRHIBNOR1991GOV,99.3,99.3,,,Folkehelseinstituttet [Norwegian Institute of Public Health (NIPH)]; 1992.,2024-08-06T16:05:08Z,1991,1991-01-01,1991-12-31
7715956,SRHINSTITUTIONALBIRTH,COUNTRY,CYP,EUR,Europe,YEAR,2009,,,,,,,DATASOURCE,DATASOURCE_SRHIBCYP2009GOV,98.3,98.3,,,"Republic of Cyprus; 2011.
",2024-08-06T16:05:08Z,2009,2009-01-01,2009-12-31
9612102,SRHINSTITUTIONALBIRTH,COUNTRY,JOR,EMR,Eastern Mediterranean,YEAR,1990,,,,,,,DATASOURCE,DATASOURCE_SRHIBJOR19851990DHS,78.4,78.4,,,DHS 1990. ,2024-08-06T16:05:08Z,1985-1990,1985-01-01,1990-12-31
5247351,SRHINSTITUTIONALBIRTH,COUNTRY,NOR,EUR,Europe,YEAR,1993,,,,,,,DATASOURCE,DATASOURCE_SRHIBNOR1993GOV,99.4,99.4,,,"Folkehelseinstituttet [Norwegian Institute of Public Health (NIPH)]; 1994.
",2024-08-06T16:05:08Z,1993,1993-01-01,1993-12-31
3708030,SRHINSTITUTIONALBIRTH,COUNTRY,IRL,EUR,Europe,YEAR,2009,,,,,,,DATASOURCE,DATASOURCE_SRHIBIRL2009GOV,99.8,99.8,,,"Health Research and Information Division, the Economic and Social Research Institute (ESRI) [Ireland]; 2011.  ",2024-08-06T16:05:08Z,2009,2009-01-01,2009-12-31
5377263,SRHINSTITUTIONALBIRTH,COUNTRY,CHL,AMR,Americas,YEAR,2009,,,,,,,DATASOURCE,DATASOURCE_SRHIBCHL2009STAT,99.8,99.8,,,"Instituto Nacional de Estadísticas [Chile]; 2011.
",2024-08-06T16:05:08Z,2009,2009-01-01,2009-12-31
7314206,SRHINSTITUTIONALBIRTH,COUNTRY,FIN,EUR,Europe,YEAR,2008,,,,,,,DATASOURCE,DATASOURCE_SRHIBFIN2008GOV,99.8,99.8,,,"National Institute for Health and Welfare (THL) [Finland]; 2014.
",2024-08-06T16:05:08Z,2008,2008-01-01,2008-12-31
9203692,SRHINSTITUTIONALBIRTH,COUNTRY,KNA,AMR,Americas,YEAR,2014,,,,,,,DATASOURCE,DATASOURCE_SRHIBKNA2014WHO,100.0,100,,,WHO/PAHO; 2018.,2024-08-06T16:05:08Z,2014,2014-01-01,2014-12-31
6378168,SRHINSTITUTIONALBIRTH,COUNTRY,JPN,WPR,Western Pacific,YEAR,1995,,,,,,,DATASOURCE,DATASOURCE_SRHIBJPN1995GOV,99.9,99.9,,,"Ministry of Health, Labour and Welfare [Japan]; 2010.",2024-08-06T16:05:08Z,1995,1995-01-01,1995-12-31
6507488,SRHINSTITUTIONALBIRTH,COUNTRY,MRT,AFR,Africa,YEAR,2021,,,,,,,DATASOURCE,DATASOURCE_SRHIBMRT20142021DHS,70.0,70,,,DHS 2019-2021.,2024-08-06T16:05:08Z,2014-2021,2014-01-01,2021-12-31
6709027,SRHINSTITUTIONALBIRTH,COUNTRY,MLT,EUR,Europe,YEAR,2009,,,,,,,DATASOURCE,DATASOURCE_SRHIBMLT2009GOV,99.8,99.8,,,Department of Health Information and Research (DHIR) [Malta]; 2010.,2024-08-06T16:05:08Z,2009,2009-01-01,2009-12-31
1993650,SRHINSTITUTIONALBIRTH,COUNTRY,CYP,EUR,Europe,YEAR,2019,,,,,,,DATASOURCE,DATASOURCE_SRHIBCYP2019GOV,99.3,99.3,,,"Births, deaths, migration 1974-2019.",2024-08-06T16:05:08Z,2019,2019-01-01,2019-12-31
2290426,SRHINSTITUTIONALBIRTH,COUNTRY,BOL,AMR,Americas,YEAR,2012,,,,,,,DATASOURCE,DATASOURCE_SRHIBBOL20072012STAT,82.1,82.1,,,"Unidad de Análisis de Políticas Sociales y Económicas (UDAPE), Ministerio de Salud, Estado Plurinacional de Bolivia, Comité Técnico – Consejo Nacional de Alimentación y Nutrición (CT-CONAN); 2014.",2024-08-06T16:05:08Z,2007-2012,2007-01-01,2012-12-31
5786521,SRHINSTITUTIONALBIRTH,COUNTRY,MLT,EUR,Europe,YEAR,2019,,,,,,,DATASOURCE,DATASOURCE_SRHIBMLT2019GOV,99.7,99.7,,,NOIS 2019. ,2024-08-06T16:05:08Z,2019,2019-01-01,2019-12-31
6033745,SRHINSTITUTIONALBIRTH,COUNTRY,NAM,AFR,Africa,YEAR,2013,,,,,,,DATASOURCE,DATASOURCE_SRHIBNAM20082013DHS,87.4,87.4,,,"DHS 2013. 
",2024-08-06T16:05:08Z,2008-2013,2008-01-01,2013-12-31
7794116,SRHINSTITUTIONALBIRTH,COUNTRY,IRL,EUR,Europe,YEAR,2017,,,,,,,DATASOURCE,DATASOURCE_SRHIBIRL2017STAT,99.7,99.7,,,Perinatal Statistics Report 2017.,2024-08-06T16:05:08Z,2017,2017-01-01,2017-12-31
4656959,SRHINSTITUTIONALBIRTH,COUNTRY,SVN,EUR,Europe,YEAR,2001,,,,,,,DATASOURCE,DATASOURCE_SRHIBSVN2001STAT,99.9,99.9,,,"Statistical Office of the Republic of Slovenia; 2006.
",2024-08-06T16:05:08Z,2001,2001-01-01,2001-12-31
1708507,SRHINSTITUTIONALBIRTH,COUNTRY,GAB,AFR,Africa,YEAR,2012,,,,,,,DATASOURCE,DATASOURCE_SRHIBGAB20072012DHS,90.2,90.2,,,"DHS 2012. 
",2024-08-06T16:05:08Z,2007-2012,2007-01-01,2012-12-31
6773914,SRHINSTITUTIONALBIRTH,COUNTRY,GEO,EUR,Europe,YEAR,2003,,,,,,,DATASOURCE,DATASOURCE_SRHIBGEO2003GOV,97.9,97.9,,,"Ministry of Labour, Health and Social Affairs of Georgia; 2006.
",2024-08-06T16:05:08Z,2003,2003-01-01,2003-12-31
7047353,SRHINSTITUTIONALBIRTH,COUNTRY,URY,AMR,Americas,YEAR,2016,,,,,,,DATASOURCE,DATASOURCE_SRHIBURY2016STAT,99.6,99.6,,,Estadísticas Vitales. Nacimientos 1996-2018; 2020. ,2024-08-06T16:05:08Z,2016,2016-01-01,2016-12-31
2483564,SRHINSTITUTIONALBIRTH,COUNTRY,GRD,AMR,Americas,YEAR,2016,,,,,,,DATASOURCE,DATASOURCE_SRHIBGRD2016WHO,99.3,99.3,,,"WHO/PAHO; 2017.
",2024-08-06T16:05:08Z,2016,2016-01-01,2016-12-31
9255917,SRHINSTITUTIONALBIRTH,COUNTRY,JOR,EMR,Eastern Mediterranean,YEAR,1997,,,,,,,DATASOURCE,DATASOURCE_SRHIBJOR19921997DHS,93.1,93.1,,,DHS 1997. ,2024-08-06T16:05:08Z,1992-1997,1992-01-01,1997-12-31
4299572,SRHINSTITUTIONALBIRTH,COUNTRY,CUB,AMR,Americas,YEAR,1995,,,,,,,DATASOURCE,DATASOURCE_SRHIBCUB1995GOV,99.8,99.8,,,"Ministerio de Salud Pública [Cuba]; 2016.
",2024-08-06T16:05:08Z,1995,1995-01-01,1995-12-31
4397347,SRHINSTITUTIONALBIRTH,COUNTRY,ALB,EUR,Europe,YEAR,2009,,,,,,,DATASOURCE,DATASOURCE_SRHIBALB20032009DHS,96.7,96.7,,,DHS 2008-09. ,2024-08-06T16:05:08Z,2003-2009,2003-01-01,2009-12-31
6365189,SRHINSTITUTIONALBIRTH,COUNTRY,BLZ,AMR,Americas,YEAR,2001,,,,,,,DATASOURCE,DATASOURCE_SRHIBBLZ2001GOV,78.9,78.9,,,"Ministry of Health [Belize]; 2004.
",2024-08-06T16:05:08Z,2001,2001-01-01,2001-12-31
9755325,SRHINSTITUTIONALBIRTH,COUNTRY,PAN,AMR,Americas,YEAR,2015,,,,,,,DATASOURCE,DATASOURCE_SRHIBPAN2015STAT,94.8,94.8,,,"Instituto Nacional de Estadística y Censo (INEC) [Panama]; 2016.
",2024-08-06T16:05:08Z,2015,2015-01-01,2015-12-31
4779920,SRHINSTITUTIONALBIRTH,COUNTRY,SVN,EUR,Europe,YEAR,1993,,,,,,,DATASOURCE,DATASOURCE_SRHIBSVN1993STAT,99.8,99.8,,,"Statistical Office of the Republic of Slovenia; 1995.
",2024-08-06T16:05:08Z,1993,1993-01-01,1993-12-31
1721554,SRHINSTITUTIONALBIRTH,COUNTRY,POL,EUR,Europe,YEAR,2018,,,,,,,DATASOURCE,DATASOURCE_SRHIBPOL2018STAT,99.8,99.8,,,Statistics Poland (GUS); 2019.,2024-08-06T16:05:08Z,2018,2018-01-01,2018-12-31
3266695,SRHINSTITUTIONALBIRTH,COUNTRY,BRN,WPR,Western Pacific,YEAR,2000,,,,,,,DATASOURCE,DATASOURCE_SRHIBBRN2000GOV,99.2,99.2,,,"Ministry of Health [Brunei Darussalam]; 2009.
",2024-08-06T16:05:08Z,2000,2000-01-01,2000-12-31
6728373,SRHINSTITUTIONALBIRTH,COUNTRY,CUB,AMR,Americas,YEAR,1996,,,,,,,DATASOURCE,DATASOURCE_SRHIBCUB1996GOV,99.8,99.8,,,Centro Nacional de Información de Ciencias Médicas-Infomed [Cuba]; 2012.,2024-08-06T16:05:08Z,1996,1996-01-01,1996-12-31
3506994,SRHINSTITUTIONALBIRTH,COUNTRY,FSM,WPR,Western Pacific,YEAR,2004,,,,,,,DATASOURCE,DATASOURCE_SRHIBFSM2004GOV,85.5,85.5,,,"SBOC [Micronesia]; 2008.
",2024-08-06T16:05:08Z,2004,2004-01-01,2004-12-31
2127650,SRHINSTITUTIONALBIRTH,COUNTRY,QAT,EMR,Eastern Mediterranean,YEAR,2017,,,,,,,DATASOURCE,DATASOURCE_SRHIBQAT2017STAT,99.9,99.9,,,Ministry of Development Planning and Statistics [Qatar]; 2018.,2024-08-06T16:05:08Z,2017,2017-01-01,2017-12-31
2309910,SRHINSTITUTIONALBIRTH,COUNTRY,BGD,SEAR,South-East Asia,YEAR,2017,,,,,,,DATASOURCE,DATASOURCE_SRHIBBGD2017STAT,48.2,48.2,,,Bangladesh Bureau of Statistics; 2018. ,2024-08-06T16:05:08Z,2017,2017-01-01,2017-12-31
1241859,SRHINSTITUTIONALBIRTH,COUNTRY,TTO,AMR,Americas,YEAR,1995,,,,,,,DATASOURCE,DATASOURCE_SRHIBTTO1995GOV,97.5,97.5,,,"Ministry of Health [Trinidad and Tobago]; 1996.
",2024-08-06T16:05:08Z,1995,1995-01-01,1995-12-31
1430462,SRHINSTITUTIONALBIRTH,COUNTRY,IND,SEAR,South-East Asia,YEAR,2008,,,,,,,DATASOURCE,DATASOURCE_SRHIBIND2008GOV,47.1,47.1,,,"Ministry of Health and Family Welfare [India]; 2015. 
",2024-08-06T16:05:08Z,2008,2008-01-01,2008-12-31
6001237,SRHINSTITUTIONALBIRTH,COUNTRY,NOR,EUR,Europe,YEAR,2022,,,,,,,DATASOURCE,DATASOURCE_SRHIBNOR2022GOV,99.2,99.2,,,Folkehelseinstituttet [Norwegian Institute of Public Health (NIPH)]; 2023.,2024-08-06T16:05:08Z,2022,2022-01-01,2022-12-31
4481491,SRHINSTITUTIONALBIRTH,COUNTRY,OMN,EMR,Eastern Mediterranean,YEAR,1995,,,,,,,DATASOURCE,DATASOURCE_SRHIBOMN19921995FHS,88.7,88.7,,,"FHS 1995. 
",2024-08-06T16:05:08Z,1992-1995,1992-01-01,1995-12-31
1838370,SRHINSTITUTIONALBIRTH,COUNTRY,MLT,EUR,Europe,YEAR,2013,,,,,,,DATASOURCE,DATASOURCE_SRHIBMLT2013GOV,99.6,99.6,,,Directorate for Health Information and Research (DHIR) [Malta]; 2014.,2024-08-06T16:05:08Z,2013,2013-01-01,2013-12-31
1902600,SRHINSTITUTIONALBIRTH,COUNTRY,USA,AMR,Americas,YEAR,1999,,,,,,,DATASOURCE,DATASOURCE_SRHIBUSA1999STAT,99.1,99.1,,,"National Center for Health Statistics [USA]; 2001.
",2024-08-06T16:05:08Z,1999,1999-01-01,1999-12-31
8769431,SRHINSTITUTIONALBIRTH,COUNTRY,CAN,AMR,Americas,YEAR,2015,,,,,,,DATASOURCE,DATASOURCE_SRHIBCAN2015STAT,97.9,97.9,,,Statistics Canada; 2018. ,2024-08-06T16:05:08Z,2015,2015-01-01,2015-12-31
2372964,SRHINSTITUTIONALBIRTH,COUNTRY,FJI,WPR,Western Pacific,YEAR,1990,,,,,,,DATASOURCE,DATASOURCE_SRHIBFJI1990GOV,95.3,95.3,,,"Ministry of Health [Fiji]; 2007.
",2024-08-06T16:05:08Z,1990,1990-01-01,1990-12-31
3897438,SRHINSTITUTIONALBIRTH,COUNTRY,MOZ,AFR,Africa,YEAR,2014,,,,,,,DATASOURCE,DATASOURCE_SRHIBMOZ2014STAT,71.0,71,,,National Statistics Institute [Mozambique]; 2017. ,2024-08-06T16:05:08Z,2014,2014-01-01,2014-12-31
4410437,SRHINSTITUTIONALBIRTH,COUNTRY,PER,AMR,Americas,YEAR,2001,,,,,,,DATASOURCE,DATASOURCE_SRHIBPER2001STAT,44.2,44.2,,,"Oficina General de Estadística e Informática MINSA [Perú]; 2011.
",2024-08-06T16:05:08Z,2001,2001-01-01,2001-12-31
6131182,SRHINSTITUTIONALBIRTH,COUNTRY,LVA,EUR,Europe,YEAR,2019,,,,,,,DATASOURCE,DATASOURCE_SRHIBLVA2019STAT,98.0,98,,,Health Statistics Database. Latvia; 2023.,2024-08-06T16:05:08Z,2019,2019-01-01,2019-12-31
8950565,SRHINSTITUTIONALBIRTH,COUNTRY,NOR,EUR,Europe,YEAR,1996,,,,,,,DATASOURCE,DATASOURCE_SRHIBNOR1996GOV,99.2,99.2,,,"Folkehelseinstituttet [Norwegian Institute of Public Health (NIPH)]; 1997.
",2024-08-06T16:05:08Z,1996,1996-01-01,1996-12-31
9262485,SRHINSTITUTIONALBIRTH,COUNTRY,CHL,AMR,Americas,YEAR,2000,,,,,,,DATASOURCE,DATASOURCE_SRHIBCHL2000STAT,99.0,99,,,Instituto Nacional de Estadísticas [Chile]; 2002.,2024-08-06T16:05:08Z,2000,2000-01-01,2000-12-31
3130078,SRHINSTITUTIONALBIRTH,COUNTRY,PAN,AMR,Americas,YEAR,2003,,,,,,,DATASOURCE,DATASOURCE_SRHIBPAN2003STAT,92.1,92.1,,,Instituto Nacional de Estadística y Censo (INEC) [Panama]. Estadísticas Vitales 2003; 2004.,2024-08-06T16:05:08Z,2003,2003-01-01,2003-12-31
6572319,SRHINSTITUTIONALBIRTH,COUNTRY,ARG,AMR,Americas,YEAR,2014,,,,,,,DATASOURCE,DATASOURCE_SRHIBARG2014GOV,99.6,99.6,,,Ministerio de Salud [Argentina]; 2015.,2024-08-06T16:05:08Z,2014,2014-01-01,2014-12-31
1909191,SRHINSTITUTIONALBIRTH,COUNTRY,CZE,EUR,Europe,YEAR,2009,,,,,,,DATASOURCE,DATASOURCE_SRHIBCZE2009STAT,99.6,99.6,,,"Ústav zdravotnických informací a statistiky ČR [Czech Republic]; 2009.
",2024-08-06T16:05:08Z,2009,2009-01-01,2009-12-31
8320644,SRHINSTITUTIONALBIRTH,COUNTRY,MNE,EUR,Europe,YEAR,2002,,,,,,,DATASOURCE,DATASOURCE_SRHIBMNE2002STAT,98.0,98,,,"Statistical Office [Montenegro]; 2006.
",2024-08-06T16:05:08Z,2002,2002-01-01,2002-12-31
5104500,SRHINSTITUTIONALBIRTH,COUNTRY,PRY,AMR,Americas,YEAR,2006,,,,,,,DATASOURCE,DATASOURCE_SRHIBPRY2006STAT,90.5,90.5,,,"Dirección General de Estadística, Encuestas y Censos (DGEEC) [Paraguay]; 2009.",2024-08-06T16:05:08Z,2006,2006-01-01,2006-12-31
9015444,SRHINSTITUTIONALBIRTH,COUNTRY,PRT,EUR,Europe,YEAR,2019,,,,,,,DATASOURCE,DATASOURCE_SRHIBPRT2019GOV,98.9,98.9,,,Place of residence of mother (NUTS – 2013) and Place (Delivery); Annual. 2019.,2024-08-06T16:05:08Z,2019,2019-01-01,2019-12-31
2694823,SRHINSTITUTIONALBIRTH,COUNTRY,PNG,WPR,Western Pacific,YEAR,2016,,,,,,,DATASOURCE,DATASOURCE_SRHIBPNG2016GOV,40.0,40,,,"Ministry of Health [Papua New Guinea]; 2017.
",2024-08-06T16:05:08Z,2016,2016-01-01,2016-12-31
1352246,SRHINSTITUTIONALBIRTH,COUNTRY,CAN,AMR,Americas,YEAR,2003,,,,,,,DATASOURCE,DATASOURCE_SRHIBCAN2003STAT,98.9,98.9,,,"Statistics Canada; 2013. 
",2024-08-06T16:05:08Z,2003,2003-01-01,2003-12-31
9301628,SRHINSTITUTIONALBIRTH,COUNTRY,GEO,EUR,Europe,YEAR,2007,,,,,,,DATASOURCE,DATASOURCE_SRHIBGEO2007GOV,99.7,99.7,,,"Ministry of Labour, Health and Social Affairs of Georgia; 2013.",2024-08-06T16:05:08Z,2007,2007-01-01,2007-12-31
3117081,SRHINSTITUTIONALBIRTH,COUNTRY,KGZ,EUR,Europe,YEAR,2006,,,,,,,DATASOURCE,DATASOURCE_SRHIBKGZ20042006MICS,96.9,96.9,,,MICS 2006. ,2024-08-06T16:05:08Z,2004-2006,2004-01-01,2006-12-31
3402900,SRHINSTITUTIONALBIRTH,COUNTRY,ARG,AMR,Americas,YEAR,2010,,,,,,,DATASOURCE,DATASOURCE_SRHIBARG2010GOV,99.4,99.4,,,Ministerio de Salud [Argentina]; 2011.,2024-08-06T16:05:08Z,2010,2010-01-01,2010-12-31
2166829,SRHINSTITUTIONALBIRTH,COUNTRY,KGZ,EUR,Europe,YEAR,2020,,,,,,,DATASOURCE,DATASOURCE_SRHIBKGZ20192020MICS,100.0,100,,,MICS 2020.,2024-08-06T16:05:08Z,2019-2020,2019-01-01,2020-12-31
6962880,SRHINSTITUTIONALBIRTH,COUNTRY,MNG,WPR,Western Pacific,YEAR,2023,,,,,,,DATASOURCE,DATASOURCE_SRHIBMNG20212023GOV,99.9,99.9,,,SiSS - Key Indicators Report 2023.,2024-08-06T16:05:08Z,2021-2023,2021-01-01,2023-12-31
7787724,SRHINSTITUTIONALBIRTH,COUNTRY,KWT,EMR,Eastern Mediterranean,YEAR,1996,,,,,,,DATASOURCE,DATASOURCE_SRHIBKWT19931996FHS,97.5,97.5,,,FHS 1996. Preliminary Report. ,2024-08-06T16:05:08Z,1993-1996,1993-01-01,1996-12-31
6137747,SRHINSTITUTIONALBIRTH,COUNTRY,MEX,AMR,Americas,YEAR,2015,,,,,,,DATASOURCE,DATASOURCE_SRHIBMEX20132015MICS,96.9,96.9,,,"MICS 2015. 
",2024-08-06T16:05:08Z,2013-2015,2013-01-01,2015-12-31
3208190,SRHINSTITUTIONALBIRTH,COUNTRY,NIC,AMR,Americas,YEAR,2009,,,,,,,DATASOURCE,DATASOURCE_SRHIBNIC2009STAT,79.6,79.6,,,"Oficina Nacional De Estadísticas, Ministerio de Salud [Nicaragua]; 2011. ",2024-08-06T16:05:08Z,2009,2009-01-01,2009-12-31
1948408,SRHINSTITUTIONALBIRTH,COUNTRY,NPL,SEAR,South-East Asia,YEAR,2016,,,,,,,DATASOURCE,DATASOURCE_SRHIBNPL20112016DHS,57.4,57.4,,,"DHS 2016.
",2024-08-06T16:05:08Z,2011-2016,2011-01-01,2016-12-31
2000328,SRHINSTITUTIONALBIRTH,COUNTRY,ECU,AMR,Americas,YEAR,2015,,,,,,,DATASOURCE,DATASOURCE_SRHIBECU2015WHO,94.3,94.3,,,WHO/PAHO; 2017.,2024-08-06T16:05:08Z,2015,2015-01-01,2015-12-31
3474705,SRHINSTITUTIONALBIRTH,COUNTRY,LAO,WPR,Western Pacific,YEAR,2023,,,,,,,DATASOURCE,DATASOURCE_SRHIBLAO20212023GOV,78.2,78.2,,,"LSIS 2023.
",2024-08-06T16:05:08Z,2021-2023,2021-01-01,2023-12-31
5188934,SRHINSTITUTIONALBIRTH,COUNTRY,BFA,AFR,Africa,YEAR,2003,,,,,,,DATASOURCE,DATASOURCE_SRHIBBFA19982003DHS,38.4,38.4,,,"DHS 2003. 
",2024-08-06T16:05:08Z,1998-2003,1998-01-01,2003-12-31
6878314,SRHINSTITUTIONALBIRTH,COUNTRY,LKA,SEAR,South-East Asia,YEAR,2007,,,,,,,DATASOURCE,DATASOURCE_SRHIBLKA20012007DHS,98.2,98.2,,,"DHS 2006-2007.
",2024-08-06T16:05:08Z,2001-2007,2001-01-01,2007-12-31
1202939,SRHINSTITUTIONALBIRTH,COUNTRY,FRA,EUR,Europe,YEAR,2008,,,,,,,DATASOURCE,DATASOURCE_SRHIBFRA2008STAT,98.0,98,,,"Institut National de la Statistique et des Études Économiques (INSEE) [France]; 2009.
",2024-08-06T16:05:08Z,2008,2008-01-01,2008-12-31
7735733,SRHINSTITUTIONALBIRTH,COUNTRY,TLS,SEAR,South-East Asia,YEAR,2010,,,,,,,DATASOURCE,DATASOURCE_SRHIBTLS2010STAT,21.4,21.4,,,"National Statistics Directorate (NSD), UNFPA; 2011.
",2024-08-06T16:05:08Z,2010,2010-01-01,2010-12-31
4825284,SRHINSTITUTIONALBIRTH,COUNTRY,BRA,AMR,Americas,YEAR,2005,,,,,,,DATASOURCE,DATASOURCE_SRHIBBRA2005DATA,98.6,98.6,,,"DATASUS, MS/SVS/DASIS [Brazil]. Período: 2005; 2011.
",2024-08-06T16:05:08Z,2005,2005-01-01,2005-12-31
1767223,SRHINSTITUTIONALBIRTH,COUNTRY,JPN,WPR,Western Pacific,YEAR,2015,,,,,,,DATASOURCE,DATASOURCE_SRHIBJPN2015STAT,99.9,99.9,,,"e-stat, National Statistics Center [Japan]; 2016.",2024-08-06T16:05:08Z,2015,2015-01-01,2015-12-31
1845004,SRHINSTITUTIONALBIRTH,COUNTRY,NPL,SEAR,South-East Asia,YEAR,2004,,,,,,,DATASOURCE,DATASOURCE_SRHIBNPL20032004STAT,15.4,15.4,,,"Central Bureau of Statistics [Nepal]; 2004.
",2024-08-06T16:05:08Z,2003-2004,2003-01-01,2004-12-31
1915799,SRHINSTITUTIONALBIRTH,COUNTRY,CPV,AFR,Africa,YEAR,2006,,,,,,,DATASOURCE,DATASOURCE_SRHIBCPV20002006STAT,83.9,83.9,,,"Instituto Nacional de Estatistica Cabo Verde; 2007.
",2024-08-06T16:05:08Z,2000-2006,2000-01-01,2006-12-31
8333719,SRHINSTITUTIONALBIRTH,COUNTRY,LVA,EUR,Europe,YEAR,2017,,,,,,,DATASOURCE,DATASOURCE_SRHIBLVA2017GOV,99.9,99.9,,,The Centre for Disease Prevention and Control of Latvia; 2018.,2024-08-06T16:05:08Z,2017,2017-01-01,2017-12-31
5104583,SRHINSTITUTIONALBIRTH,COUNTRY,AFG,EMR,Eastern Mediterranean,YEAR,2012,,,,,,,DATASOURCE,DATASOURCE_SRHIBAFG20062012STAT,36.0,36,,,Central Statistics Organization (CSO) [Afghanistan]; 2014.,2024-08-06T16:05:08Z,2006-2012,2006-01-01,2012-12-31
7548512,SRHINSTITUTIONALBIRTH,COUNTRY,BHR,EMR,Eastern Mediterranean,YEAR,2012,,,,,,,DATASOURCE,DATASOURCE_SRHIBBHR2012GOV,99.6,99.6,,,"Ministry of Health [Bahrain]; 2016.
",2024-08-06T16:05:08Z,2012,2012-01-01,2012-12-31
6183272,SRHINSTITUTIONALBIRTH,COUNTRY,EST,EUR,Europe,YEAR,2016,,,,,,,DATASOURCE,DATASOURCE_SRHIBEST2016GOV,99.4,99.4,,,"National Institute for Health Development [Estonia]; 2017.
",2024-08-06T16:05:08Z,2016,2016-01-01,2016-12-31
8171074,SRHINSTITUTIONALBIRTH,COUNTRY,YEM,EMR,Eastern Mediterranean,YEAR,1992,,,,,,,DATASOURCE,DATASOURCE_SRHIBYEM19861992DHS,11.6,11.6,,,"DHS 1991-1992.
",2024-08-06T16:05:08Z,1986-1992,1986-01-01,1992-12-31
3565601,SRHINSTITUTIONALBIRTH,COUNTRY,ISL,EUR,Europe,YEAR,1992,,,,,,,DATASOURCE,DATASOURCE_SRHIBISL1992GOV,99.8,99.8,,,"Directorate of Health [Iceland]; 2017.
",2024-08-06T16:05:08Z,1992,1992-01-01,1992-12-31
6858857,SRHINSTITUTIONALBIRTH,COUNTRY,CUB,AMR,Americas,YEAR,2010,,,,,,,DATASOURCE,DATASOURCE_SRHIBCUB2010GOV,99.9,99.9,,,"Ministerio de Salud Pública [Cuba]; 2016.
",2024-08-06T16:05:08Z,2010,2010-01-01,2010-12-31
5247613,SRHINSTITUTIONALBIRTH,COUNTRY,ITA,EUR,Europe,YEAR,2000,,,,,,,DATASOURCE,DATASOURCE_SRHIBITA19992000STAT,99.8,99.8,,,Istituto Nazionale di Statistica (ISTAT) [Italy]; 2002.,2024-08-06T16:05:08Z,1999-2000,1999-01-01,2000-12-31
3662870,SRHINSTITUTIONALBIRTH,COUNTRY,RWA,AFR,Africa,YEAR,2015,,,,,,,DATASOURCE,DATASOURCE_SRHIBRWA20092015DHS,90.7,90.7,,,"DHS 2014-15. 
",2024-08-06T16:05:08Z,2009-2015,2009-01-01,2015-12-31
6988982,SRHINSTITUTIONALBIRTH,COUNTRY,CHN,WPR,Western Pacific,YEAR,2014,,,,,,,DATASOURCE,DATASOURCE_SRHIBCHN2014GOV,99.6,99.6,,,"National Health and Family Planning Commission of China (NHFPC); 2016. 
",2024-08-06T16:05:08Z,2014,2014-01-01,2014-12-31
1371939,SRHINSTITUTIONALBIRTH,COUNTRY,YEM,EMR,Eastern Mediterranean,YEAR,1997,,,,,,,DATASOURCE,DATASOURCE_SRHIBYEM19921997DHS,15.5,15.5,,,"DHS 1997. 
",2024-08-06T16:05:08Z,1992-1997,1992-01-01,1997-12-31
6131345,SRHINSTITUTIONALBIRTH,COUNTRY,SRB,EUR,Europe,YEAR,2022,,,,,,,DATASOURCE,DATASOURCE_SRHIBSRB2022STAT,99.8,99.8,,,Statistical Office of the Republic of Serbia; 2023.,2024-08-06T16:05:08Z,2022,2022-01-01,2022-12-31
6137828,SRHINSTITUTIONALBIRTH,COUNTRY,MRT,AFR,Africa,YEAR,2011,,,,,,,DATASOURCE,DATASOURCE_SRHIBMRT20092011MICS,64.5,64.5,,,"MICS 2011. 
",2024-08-06T16:05:08Z,2009-2011,2009-01-01,2011-12-31
2903858,SRHINSTITUTIONALBIRTH,COUNTRY,CRI,AMR,Americas,YEAR,2017,,,,,,,DATASOURCE,DATASOURCE_SRHIBCRI2017WHO,94.0,94,,,WHO/PAHO; 2019. ,2024-08-06T16:05:08Z,2017,2017-01-01,2017-12-31
1928875,SRHINSTITUTIONALBIRTH,COUNTRY,EST,EUR,Europe,YEAR,2019,,,,,,,DATASOURCE,DATASOURCE_SRHIBEST2019GOV,99.4,99.4,,,National Institute for Health Development [Estonia]; 2021.,2024-08-06T16:05:08Z,2019,2019-01-01,2019-12-31
5059415,SRHINSTITUTIONALBIRTH,COUNTRY,COG,AFR,Africa,YEAR,2012,,,,,,,DATASOURCE,DATASOURCE_SRHIBCOG20062012DHS,91.5,91.5,,,"DHS 2011-2012. 
",2024-08-06T16:05:08Z,2006-2012,2006-01-01,2012-12-31
8509055,SRHINSTITUTIONALBIRTH,COUNTRY,BGR,EUR,Europe,YEAR,2005,,,,,,,DATASOURCE,DATASOURCE_SRHIBBGR2005GOV,95.5,95.5,,,"Ministry of Health. National Center of Public Health and Analyses, Bulgaria; 2015.
",2024-08-06T16:05:08Z,2005,2005-01-01,2005-12-31
8573991,SRHINSTITUTIONALBIRTH,COUNTRY,NGA,AFR,Africa,YEAR,2011,,,,,,,DATASOURCE,DATASOURCE_SRHIBNGA20092011MICS,45.1,45.1,,,MICS 2011. ,2024-08-06T16:05:08Z,2009-2011,2009-01-01,2011-12-31
4118026,SRHINSTITUTIONALBIRTH,COUNTRY,MWI,AFR,Africa,YEAR,2010,,,,,,,DATASOURCE,DATASOURCE_SRHIBMWI20052010DHS,73.2,73.2,,,DHS 2010. ,2024-08-06T16:05:08Z,2005-2010,2005-01-01,2010-12-31
2707976,SRHINSTITUTIONALBIRTH,COUNTRY,TUN,EMR,Eastern Mediterranean,YEAR,2016,,,,,,,DATASOURCE,DATASOURCE_SRHIBTUN2016GOV,99.3,99.3,,,Tunisian Health Examination Survey 2016.,2024-08-06T16:05:08Z,2016,2016-01-01,2016-12-31
9301755,SRHINSTITUTIONALBIRTH,COUNTRY,EST,EUR,Europe,YEAR,1997,,,,,,,DATASOURCE,DATASOURCE_SRHIBEST1997GOV,99.3,99.3,,,"National Institute for Health Development [Estonia]; 2017.
",2024-08-06T16:05:08Z,1997,1997-01-01,1997-12-31
2884329,SRHINSTITUTIONALBIRTH,COUNTRY,NIC,AMR,Americas,YEAR,2004,,,,,,,DATASOURCE,DATASOURCE_SRHIBNIC2004STAT,52.1,52.1,,,"Oficina Nacional De Estadísticas, Ministerio de Salud [Nicaragua]; 2011. ",2024-08-06T16:05:08Z,2004,2004-01-01,2004-12-31
2948880,SRHINSTITUTIONALBIRTH,COUNTRY,GTM,AMR,Americas,YEAR,2017,,,,,,,DATASOURCE,DATASOURCE_SRHIBGTM2017WHO,57.5,57.5,,,WHO/PAHO; 2019. ,2024-08-06T16:05:08Z,2017,2017-01-01,2017-12-31
4735210,SRHINSTITUTIONALBIRTH,COUNTRY,TJK,EUR,Europe,YEAR,2005,,,,,,,DATASOURCE,DATASOURCE_SRHIBTJK20032005MICS,61.7,61.7,,,"MICS 2005. 
",2024-08-06T16:05:08Z,2003-2005,2003-01-01,2005-12-31
3279918,SRHINSTITUTIONALBIRTH,COUNTRY,AUS,WPR,Western Pacific,YEAR,1991,,,,,,,DATASOURCE,DATASOURCE_SRHIBAUS1991GOV,99.6,99.6,,,"Lancaster P, Huang J, Pedisich E. Australian Institute of Health and Welfare (AIHW); 1994.",2024-08-06T16:05:08Z,1991,1991-01-01,1991-12-31
5312605,SRHINSTITUTIONALBIRTH,COUNTRY,MKD,EUR,Europe,YEAR,2013,,,,,,,DATASOURCE,DATASOURCE_SRHIBMKD2013STAT,99.8,99.8,,,"State Statistical Office [Macedonia]; 2015.
",2024-08-06T16:05:08Z,2013,2013-01-01,2013-12-31
5462267,SRHINSTITUTIONALBIRTH,COUNTRY,NZL,WPR,Western Pacific,YEAR,2003,,,,,,,DATASOURCE,DATASOURCE_SRHIBNZL2003GOV,98.2,98.2,,,Ministry of Health [New Zealand]; 2006.,2024-08-06T16:05:08Z,2003,2003-01-01,2003-12-31
2444819,SRHINSTITUTIONALBIRTH,COUNTRY,BIH,EUR,Europe,YEAR,2012,,,,,,,DATASOURCE,DATASOURCE_SRHIBBIH2012STAT,99.9,99.9,,,Institute for Statistics of Federation of Bosnia and Herzegovina; 2015.,2024-08-06T16:05:08Z,2012,2012-01-01,2012-12-31
3962619,SRHINSTITUTIONALBIRTH,COUNTRY,BRA,AMR,Americas,YEAR,1998,,,,,,,DATASOURCE,DATASOURCE_SRHIBBRA1998DATA,98.6,98.6,,,"DATASUS, MS/SVS/DASIS [Brazil]. Período: 1998; 2011.
",2024-08-06T16:05:08Z,1998,1998-01-01,1998-12-31
9314885,SRHINSTITUTIONALBIRTH,COUNTRY,LSO,AFR,Africa,YEAR,2004,,,,,,,DATASOURCE,DATASOURCE_SRHIBLSO19992004DHS,52.4,52.4,,,"DHS 2004. 
",2024-08-06T16:05:08Z,1999-2004,1999-01-01,2004-12-31
4689651,SRHINSTITUTIONALBIRTH,COUNTRY,FIN,EUR,Europe,YEAR,2014,,,,,,,DATASOURCE,DATASOURCE_SRHIBFIN2014GOV,99.7,99.7,,,"National Institute for Health and Welfare (THL) [Finland]; 2015.
",2024-08-06T16:05:08Z,2014,2014-01-01,2014-12-31
1793180,SRHINSTITUTIONALBIRTH,COUNTRY,USA,AMR,Americas,YEAR,1990,,,,,,,DATASOURCE,DATASOURCE_SRHIBUSA1990STAT,98.9,98.9,,,"Curtin SC, Park MM. National Center for Health Statistics; 1999.
",2024-08-06T16:05:08Z,1990,1990-01-01,1990-12-31
1928918,SRHINSTITUTIONALBIRTH,COUNTRY,PLW,WPR,Western Pacific,YEAR,2013,,,,,,,DATASOURCE,DATASOURCE_SRHIBPLW2013GOV,99.1,99.1,,,"Ministry of Finance [Palau]; 2016.
",2024-08-06T16:05:08Z,2013,2013-01-01,2013-12-31
5007300,SRHINSTITUTIONALBIRTH,COUNTRY,FRA,EUR,Europe,YEAR,2006,,,,,,,DATASOURCE,DATASOURCE_SRHIBFRA2006STAT,98.3,98.3,,,"Institut National de la Statistique et des Études Économiques (INSEE) [France]; 2007.
",2024-08-06T16:05:08Z,2006,2006-01-01,2006-12-31
8710906,SRHINSTITUTIONALBIRTH,COUNTRY,CYP,EUR,Europe,YEAR,1994,,,,,,,DATASOURCE,DATASOURCE_SRHIBCYP1994GOV,100.0,100,,,"Republic of Cyprus; 2011.
",2024-08-06T16:05:08Z,1994,1994-01-01,1994-12-31
4559761,SRHINSTITUTIONALBIRTH,COUNTRY,FRA,EUR,Europe,YEAR,2009,,,,,,,DATASOURCE,DATASOURCE_SRHIBFRA2009STAT,97.9,97.9,,,"Institut National de la Statistique et des Études Économiques (INSEE) [France]; 2010.
",2024-08-06T16:05:08Z,2009,2009-01-01,2009-12-31
7963061,SRHINSTITUTIONALBIRTH,COUNTRY,LVA,EUR,Europe,YEAR,2013,,,,,,,DATASOURCE,DATASOURCE_SRHIBLVA2013GOV,98.4,98.4,,,The Centre for Disease Prevention and Control of Latvia; 2014.,2024-08-06T16:05:08Z,2013,2013-01-01,2013-12-31
4948862,SRHINSTITUTIONALBIRTH,COUNTRY,AUS,WPR,Western Pacific,YEAR,1997,,,,,,,DATASOURCE,DATASOURCE_SRHIBAUS1997GOV,99.3,99.3,,,"Day P, Sullivan EA, Ford J, Lancaster P. Australian Institute of Health and Welfare (AIHW). Australia's mothers and babies 1997; 1999.",2024-08-06T16:05:08Z,1997,1997-01-01,1997-12-31
1896524,SRHINSTITUTIONALBIRTH,COUNTRY,PHL,WPR,Western Pacific,YEAR,1998,,,,,,,DATASOURCE,DATASOURCE_SRHIBPHL19931998DHS,34.2,34.2,,,"DHS 1998. 
",2024-08-06T16:05:08Z,1993-1998,1993-01-01,1998-12-31
2303725,SRHINSTITUTIONALBIRTH,COUNTRY,CAN,AMR,Americas,YEAR,2019,,,,,,,DATASOURCE,DATASOURCE_SRHIBCAN2019STAT,98.1,98.1,,,Statistics Canada; 2019. ,2024-08-06T16:05:08Z,2019,2019-01-01,2019-12-31
9587254,SRHINSTITUTIONALBIRTH,COUNTRY,AUS,WPR,Western Pacific,YEAR,2001,,,,,,,DATASOURCE,DATASOURCE_SRHIBAUS2001GOV,99.3,99.3,,,"Laws PJ, Sullivan EA. Australian Institute of Health and Welfare (AIHW). Australia’s mothers and babies 2001; 2004.
",2024-08-06T16:05:08Z,2001,2001-01-01,2001-12-31
1987453,SRHINSTITUTIONALBIRTH,COUNTRY,KGZ,EUR,Europe,YEAR,2012,,,,,,,DATASOURCE,DATASOURCE_SRHIBKGZ20072012DHS,98.9,98.9,,,DHS 2012. ,2024-08-06T16:05:08Z,2007-2012,2007-01-01,2012-12-31
2000505,SRHINSTITUTIONALBIRTH,COUNTRY,EST,EUR,Europe,YEAR,2011,,,,,,,DATASOURCE,DATASOURCE_SRHIBEST2011GOV,99.4,99.4,,,"National Institute for Health Development [Estonia]; 2013.
",2024-08-06T16:05:08Z,2011,2011-01-01,2011-12-31
3943356,SRHINSTITUTIONALBIRTH,COUNTRY,PRY,AMR,Americas,YEAR,1990,,,,,,,DATASOURCE,DATASOURCE_SRHIBPRY19851990DHS,53.3,53.3,,,"DHS 1990. 
",2024-08-06T16:05:08Z,1985-1990,1985-01-01,1990-12-31
5682835,SRHINSTITUTIONALBIRTH,COUNTRY,MLT,EUR,Europe,YEAR,2011,,,,,,,DATASOURCE,DATASOURCE_SRHIBMLT2011GOV,99.8,99.8,,,Department of Health Information and Research (DHIR) [Malta]; 2012.,2024-08-06T16:05:08Z,2011,2011-01-01,2011-12-31
7716364,SRHINSTITUTIONALBIRTH,COUNTRY,MKD,EUR,Europe,YEAR,1993,,,,,,,DATASOURCE,DATASOURCE_SRHIBMKD1993STAT,92.2,92.2,,,"State Statistical Office [Macedonia]; 2000.
",2024-08-06T16:05:08Z,1993,1993-01-01,1993-12-31
8151895,SRHINSTITUTIONALBIRTH,COUNTRY,CAN,AMR,Americas,YEAR,1998,,,,,,,DATASOURCE,DATASOURCE_SRHIBCAN1998STAT,99.3,99.3,,,"Statistics Canada; 2013. 
",2024-08-06T16:05:08Z,1998,1998-01-01,1998-12-31
8216696,SRHINSTITUTIONALBIRTH,COUNTRY,BIH,EUR,Europe,YEAR,2009,,,,,,,DATASOURCE,DATASOURCE_SRHIBBIH2009STAT,99.9,99.9,,,Federal Office of Statistics [Bosnia and Herzegovina]; 2011.,2024-08-06T16:05:08Z,2009,2009-01-01,2009-12-31
1902896,SRHINSTITUTIONALBIRTH,COUNTRY,CHN,WPR,Western Pacific,YEAR,2018,,,,,,,DATASOURCE,DATASOURCE_SRHIBCHN2018STAT,99.9,99.9,,,"Health Statistical Yearbook 2018.
",2024-08-06T16:05:08Z,2018,2018-01-01,2018-12-31
4728814,SRHINSTITUTIONALBIRTH,COUNTRY,GTM,AMR,Americas,YEAR,2015,,,,,,,DATASOURCE,DATASOURCE_SRHIBGTM20092015DHS,65.0,65,,,"DHS 2014-15. 
",2024-08-06T16:05:08Z,2009-2015,2009-01-01,2015-12-31
9723077,SRHINSTITUTIONALBIRTH,COUNTRY,SVN,EUR,Europe,YEAR,1997,,,,,,,DATASOURCE,DATASOURCE_SRHIBSVN1997STAT,99.8,99.8,,,"Statistical Office of the Republic of Slovenia; 2001.
",2024-08-06T16:05:08Z,1997,1997-01-01,1997-12-31
1935533,SRHINSTITUTIONALBIRTH,COUNTRY,CAN,AMR,Americas,YEAR,2014,,,,,,,DATASOURCE,DATASOURCE_SRHIBCAN2014STAT,97.9,97.9,,,"Statistics Canada; 2017. 
",2024-08-06T16:05:08Z,2014,2014-01-01,2014-12-31
8385651,SRHINSTITUTIONALBIRTH,COUNTRY,VEN,AMR,Americas,YEAR,2007,,,,,,,DATASOURCE,DATASOURCE_SRHIBVEN2007STAT,93.1,93.07734684,,,"Local de asistencia [website]. Venezuela: Instituto Nacional de Estadística, 2016 (accessed 14 October 2016, in Spanish). ",2024-08-06T16:05:08Z,2007,2007-01-01,2007-12-31
2045957,SRHINSTITUTIONALBIRTH,COUNTRY,MNG,WPR,Western Pacific,YEAR,2013,,,,,,,DATASOURCE,DATASOURCE_SRHIBMNG20112013MICS,98.4,98.4,,,"MICS 2013. 
",2024-08-06T16:05:08Z,2011-2013,2011-01-01,2013-12-31
2108398,SRHINSTITUTIONALBIRTH,COUNTRY,TZA,AFR,Africa,YEAR,1992,,,,,,,DATASOURCE,DATASOURCE_SRHIBTZA19861992DHS,52.6,52.6,,,"DHS 1991-1992.
",2024-08-06T16:05:08Z,1986-1992,1986-01-01,1992-12-31
3949909,SRHINSTITUTIONALBIRTH,COUNTRY,TLS,SEAR,South-East Asia,YEAR,2010,,,,,,,DATASOURCE,DATASOURCE_SRHIBTLS20042010DHS,22.1,22.1,,,"DHS 2009-10.
",2024-08-06T16:05:08Z,2004-2010,2004-01-01,2010-12-31
2688579,SRHINSTITUTIONALBIRTH,COUNTRY,NAM,AFR,Africa,YEAR,2007,,,,,,,DATASOURCE,DATASOURCE_SRHIBNAM20012007DHS,80.8,80.8,,,"DHS 2006-2007. 
",2024-08-06T16:05:08Z,2001-2007,2001-01-01,2007-12-31
7613140,SRHINSTITUTIONALBIRTH,COUNTRY,LUX,EUR,Europe,YEAR,2003,,,,,,,DATASOURCE,DATASOURCE_SRHIBLUX20012003GOV,99.9,99.9,,,Ministère de la Santé – Centre de Recherche Public de la Santé [Luxembourg]; 2009.,2024-08-06T16:05:08Z,2001-2003,2001-01-01,2003-12-31
1676913,SRHINSTITUTIONALBIRTH,COUNTRY,KIR,WPR,Western Pacific,YEAR,2019,,,,,,,DATASOURCE,DATASOURCE_SRHIBKIR20162019MICS,86.1,86.1,,,MICS 2018-2019.,2024-08-06T16:05:08Z,2016-2019,2016-01-01,2019-12-31
2949017,SRHINSTITUTIONALBIRTH,COUNTRY,ARG,AMR,Americas,YEAR,2011,,,,,,,DATASOURCE,DATASOURCE_SRHIBARG2011GOV,99.5,99.5,,,Ministerio de Salud [Argentina]; 2012.,2024-08-06T16:05:08Z,2011,2011-01-01,2011-12-31
8229768,SRHINSTITUTIONALBIRTH,COUNTRY,FIN,EUR,Europe,YEAR,1992,,,,,,,DATASOURCE,DATASOURCE_SRHIBFIN1992GOV,98.6,98.6,,,"National Research and Development Centre for Welfare and Health [Finland]; 2004.
",2024-08-06T16:05:08Z,1992,1992-01-01,1992-12-31
6637780,SRHINSTITUTIONALBIRTH,COUNTRY,SLE,AFR,Africa,YEAR,2005,,,,,,,DATASOURCE,DATASOURCE_SRHIBSLE20032005MICS,18.6,18.6,,,"MICS 2005. 
",2024-08-06T16:05:08Z,2003-2005,2003-01-01,2005-12-31
8314437,SRHINSTITUTIONALBIRTH,COUNTRY,BTN,SEAR,South-East Asia,YEAR,2012,,,,,,,DATASOURCE,DATASOURCE_SRHIBBTN20102012GOV,73.7,73.7,,,Ministry of Health [Bhutan]; 2014.,2024-08-06T16:05:08Z,2010-2012,2010-01-01,2012-12-31
8320942,SRHINSTITUTIONALBIRTH,COUNTRY,BGR,EUR,Europe,YEAR,2013,,,,,,,DATASOURCE,DATASOURCE_SRHIBBGR2013GOV,92.3,92.3,,,"Ministry of Health. National Center of Public Health and Analyses, Bulgaria; 2015.
",2024-08-06T16:05:08Z,2013,2013-01-01,2013-12-31
8626158,SRHINSTITUTIONALBIRTH,COUNTRY,GNB,AFR,Africa,YEAR,2010,,,,,,,DATASOURCE,DATASOURCE_SRHIBGNB20082010MICS,41.4,41.4,,,"MICS 2010. 
",2024-08-06T16:05:08Z,2008-2010,2008-01-01,2010-12-31
8814975,SRHINSTITUTIONALBIRTH,COUNTRY,DMA,AMR,Americas,YEAR,2017,,,,,,,DATASOURCE,DATASOURCE_SRHIBDMA2017WHO,97.0,97,,,WHO/PAHO; 2018.,2024-08-06T16:05:08Z,2017,2017-01-01,2017-12-31
1469934,SRHINSTITUTIONALBIRTH,COUNTRY,URY,AMR,Americas,YEAR,2017,,,,,,,DATASOURCE,DATASOURCE_SRHIBURY2017STAT,99.6,99.6,,,Estadísticas Vitales. Nacimientos 1996-2018; 2020. ,2024-08-06T16:05:08Z,2017,2017-01-01,2017-12-31
9412157,SRHINSTITUTIONALBIRTH,COUNTRY,UZB,EUR,Europe,YEAR,2015,,,,,,,DATASOURCE,DATASOURCE_SRHIBUZB2015UN,99.5,99.5,,,UNICEF CRING: Uzbekistan; 2015. ,2024-08-06T16:05:08Z,2015,2015-01-01,2015-12-31
2949060,SRHINSTITUTIONALBIRTH,COUNTRY,BRB,AMR,Americas,YEAR,2015,,,,,,,DATASOURCE,DATASOURCE_SRHIBBRB2015WHO,99.0,99,,,WHO/PAHO; 2017.,2024-08-06T16:05:08Z,2015,2015-01-01,2015-12-31
9606035,SRHINSTITUTIONALBIRTH,COUNTRY,GHA,AFR,Africa,YEAR,2022,,,,,,,DATASOURCE,DATASOURCE_SRHIBGHA20202022DHS,86.2,86.2,,,DHS 2022.,2024-08-06T16:05:08Z,2020-2022,2020-01-01,2022-12-31
6287842,SRHINSTITUTIONALBIRTH,COUNTRY,PRI,AMR,Americas,YEAR,2019,,,,,,,DATASOURCE,DATASOURCE_SRHIBPRI2019WHO,99.2,99.2,,,PLISA Health Information Platform; 2024.,2024-08-06T16:05:08Z,2019,2019-01-01,2019-12-31
7950363,SRHINSTITUTIONALBIRTH,COUNTRY,PAK,EMR,Eastern Mediterranean,YEAR,1991,,,,,,,DATASOURCE,DATASOURCE_SRHIBPAK19851991DHS,13.4,13.4,,,"DHS 1990-91.
",2024-08-06T16:05:08Z,1985-1991,1985-01-01,1991-12-31
8008704,SRHINSTITUTIONALBIRTH,COUNTRY,ECU,AMR,Americas,YEAR,2012,,,,,,,DATASOURCE,DATASOURCE_SRHIBECU20072012STAT,92.3,92.3,,,"Instituto Nacional de Estadística y Censos (INEC), Ministerio de Salud Pública del Ecuador; 2013.",2024-08-06T16:05:08Z,2007-2012,2007-01-01,2012-12-31
4722337,SRHINSTITUTIONALBIRTH,COUNTRY,ARG,AMR,Americas,YEAR,2001,,,,,,,DATASOURCE,DATASOURCE_SRHIBARG2001GOV,98.4,98.4,,,Ministerio de Salud [Argentina]; 2002.,2024-08-06T16:05:08Z,2001,2001-01-01,2001-12-31
8171307,SRHINSTITUTIONALBIRTH,COUNTRY,CUB,AMR,Americas,YEAR,2018,,,,,,,DATASOURCE,DATASOURCE_SRHIBCUB2018GOV,99.9,99.9,,,Ministerio de Salud Pública [Cuba]; 2019.,2024-08-06T16:05:08Z,2018,2018-01-01,2018-12-31
8177809,SRHINSTITUTIONALBIRTH,COUNTRY,DEU,EUR,Europe,YEAR,2015,,,,,,,DATASOURCE,DATASOURCE_SRHIBDEU2015STAT,98.8,98.8,,,DESTATIS [online database]; 2019. ,2024-08-06T16:05:08Z,2015,2015-01-01,2015-12-31
3312445,SRHINSTITUTIONALBIRTH,COUNTRY,KHM,WPR,Western Pacific,YEAR,2000,,,,,,,DATASOURCE,DATASOURCE_SRHIBKHM19952000DHS,9.9,9.9,,,"DHS 2000. 
",2024-08-06T16:05:08Z,1995-2000,1995-01-01,2000-12-31
3943470,SRHINSTITUTIONALBIRTH,COUNTRY,LVA,EUR,Europe,YEAR,2020,,,,,,,DATASOURCE,DATASOURCE_SRHIBLVA2020STAT,98.1,98.1,,,Health Statistics Database. Latvia; 2023.,2024-08-06T16:05:08Z,2020,2020-01-01,2020-12-31
2471013,SRHINSTITUTIONALBIRTH,COUNTRY,CUB,AMR,Americas,YEAR,2003,,,,,,,DATASOURCE,DATASOURCE_SRHIBCUB2003GOV,99.9,99.9,,,"Ministerio de Salud Pública [Cuba]; 2012.
",2024-08-06T16:05:08Z,2003,2003-01-01,2003-12-31
2539569,SRHINSTITUTIONALBIRTH,COUNTRY,DEU,EUR,Europe,YEAR,2004,,,,,,,DATASOURCE,DATASOURCE_SRHIBDEU2004GOV,98.2,98.2,,,"QUAG e.V. [Germany]. Qualitätsbericht 2012; 2014.  
",2024-08-06T16:05:08Z,2004,2004-01-01,2004-12-31
1339758,SRHINSTITUTIONALBIRTH,COUNTRY,GUY,AMR,Americas,YEAR,2018,,,,,,,DATASOURCE,DATASOURCE_SRHIBGUY2018WHO,94.2,94.2,,,WHO/PAHO; 2019. ,2024-08-06T16:05:08Z,2018,2018-01-01,2018-12-31
5903998,SRHINSTITUTIONALBIRTH,COUNTRY,MNE,EUR,Europe,YEAR,2004,,,,,,,DATASOURCE,DATASOURCE_SRHIBMNE2004STAT,98.3,98.3,,,"Statistical Office [Montenegro]; 2009.
",2024-08-06T16:05:08Z,2004,2004-01-01,2004-12-31
4300017,SRHINSTITUTIONALBIRTH,COUNTRY,ROU,EUR,Europe,YEAR,1999,,,,,,,DATASOURCE,DATASOURCE_SRHIBROU1999STAT,99.8,99.77993017,,,National Institute of Statistics [Romania]; 2023,2024-08-06T16:05:08Z,1999,1999-01-01,1999-12-31
7665330,SRHINSTITUTIONALBIRTH,COUNTRY,BGD,SEAR,South-East Asia,YEAR,2019,,,,,,,DATASOURCE,DATASOURCE_SRHIBBGD20162019MICS,53.4,53.4,,,MICS 2019.,2024-08-06T16:05:08Z,2016-2019,2016-01-01,2019-12-31
1644767,SRHINSTITUTIONALBIRTH,COUNTRY,GUY,AMR,Americas,YEAR,2006,,,,,,,DATASOURCE,DATASOURCE_SRHIBGUY20042006MICS,82.6,82.6,,,"MICS 2006. 
",2024-08-06T16:05:08Z,2004-2006,2004-01-01,2006-12-31
6326560,SRHINSTITUTIONALBIRTH,COUNTRY,IDN,WPR,Western Pacific,YEAR,1997,,,,,,,DATASOURCE,DATASOURCE_SRHIBIDN19921997DHS,20.5,20.5,,,"DHS 1997. 
",2024-08-06T16:05:08Z,1992-1997,1992-01-01,1997-12-31
8086904,SRHINSTITUTIONALBIRTH,COUNTRY,BIH,EUR,Europe,YEAR,2020,,,,,,,DATASOURCE,DATASOURCE_SRHIBBIH2020STAT,99.9,99.9,,,Institute for Statistics of Federation of Bosnia and Herzegovina; 2021.,2024-08-06T16:05:08Z,2020,2020-01-01,2020-12-31
8216800,SRHINSTITUTIONALBIRTH,COUNTRY,ROU,EUR,Europe,YEAR,2009,,,,,,,DATASOURCE,DATASOURCE_SRHIBROU2009STAT,99.9,99.87293344,,,National Institute of Statistics [Romania]; 2023,2024-08-06T16:05:08Z,2009,2009-01-01,2009-12-31
1883632,SRHINSTITUTIONALBIRTH,COUNTRY,SEN,AFR,Africa,YEAR,2019,,,,,,,DATASOURCE,DATASOURCE_SRHIBSEN20142019DHS,80.3,80.3,,,DHS 2019 (DHS Continuous). ,2024-08-06T16:05:08Z,2014-2019,2014-01-01,2019-12-31
3345045,SRHINSTITUTIONALBIRTH,COUNTRY,RWA,AFR,Africa,YEAR,1992,,,,,,,DATASOURCE,DATASOURCE_SRHIBRWA19871992DHS,25.4,25.4,,,"DHS 1992. 
",2024-08-06T16:05:08Z,1987-1992,1987-01-01,1992-12-31
2059094,SRHINSTITUTIONALBIRTH,COUNTRY,LAO,WPR,Western Pacific,YEAR,1993,,,,,,,DATASOURCE,DATASOURCE_SRHIBLAO19861993GOV,7.0,7,,,"Ministry of Public Health, Mother and Child Health Institute [Lao]; 1994.",2024-08-06T16:05:08Z,1986-1993,1986-01-01,1993-12-31
8554904,SRHINSTITUTIONALBIRTH,COUNTRY,FRA,EUR,Europe,YEAR,2017,,,,,,,DATASOURCE,DATASOURCE_SRHIBFRA2017STAT,98.0,98,,,Institut National de la Statistique et des Études Économiques (INSEE) [France]; 2018.,2024-08-06T16:05:08Z,2017,2017-01-01,2017-12-31
8847607,SRHINSTITUTIONALBIRTH,COUNTRY,HND,AMR,Americas,YEAR,1996,,,,,,,DATASOURCE,DATASOURCE_SRHIBHND19911996GOV,53.8,53.8,,,"Secretaría de Salud de Honduras (SS), la Asociación Hondureña de Planificación de Familia (ASHONPLAFA), CDC, USAID; 1997.",2024-08-06T16:05:08Z,1991-1996,1991-01-01,1996-12-31
2793473,SRHINSTITUTIONALBIRTH,COUNTRY,CUB,AMR,Americas,YEAR,2012,,,,,,,DATASOURCE,DATASOURCE_SRHIBCUB2012GOV,99.9,99.9,,,"Ministerio de Salud Pública [Cuba]; 2016.
",2024-08-06T16:05:08Z,2012,2012-01-01,2012-12-31
9574413,SRHINSTITUTIONALBIRTH,COUNTRY,COL,AMR,Americas,YEAR,1990,,,,,,,DATASOURCE,DATASOURCE_SRHIBCOL19851990DHS,76.3,76.3,,,"DHS 1990. 
",2024-08-06T16:05:08Z,1985-1990,1985-01-01,1990-12-31
3169628,SRHINSTITUTIONALBIRTH,COUNTRY,BRA,AMR,Americas,YEAR,2018,,,,,,,DATASOURCE,DATASOURCE_SRHIBBRA2018DATA,99.1,99.1,,,"DATASUS, MS/SVS/DASIS [Brazil]. Período: 2018.",2024-08-06T16:05:08Z,2018,2018-01-01,2018-12-31
5150262,SRHINSTITUTIONALBIRTH,COUNTRY,FRA,EUR,Europe,YEAR,2015,,,,,,,DATASOURCE,DATASOURCE_SRHIBFRA2015STAT,97.7,97.7,,,"Institut National de la Statistique et des Études Économiques (INSEE) [France]; 2016.
",2024-08-06T16:05:08Z,2015,2015-01-01,2015-12-31
8750312,SRHINSTITUTIONALBIRTH,COUNTRY,TCD,AFR,Africa,YEAR,2010,,,,,,,DATASOURCE,DATASOURCE_SRHIBTCD20082010MICS,15.8,15.8,,,MICS 2010.,2024-08-06T16:05:08Z,2008-2010,2008-01-01,2010-12-31
7223561,SRHINSTITUTIONALBIRTH,COUNTRY,DEU,EUR,Europe,YEAR,2007,,,,,,,DATASOURCE,DATASOURCE_SRHIBDEU2007GOV,98.4,98.4,,,"QUAG e.V. [Germany]. Qualitätsbericht 2012; 2014.  
",2024-08-06T16:05:08Z,2007,2007-01-01,2007-12-31
3950002,SRHINSTITUTIONALBIRTH,COUNTRY,CZE,EUR,Europe,YEAR,2006,,,,,,,DATASOURCE,DATASOURCE_SRHIBCZE2006STAT,99.7,99.7,,,"Ústav zdravotnických informací a statistiky ČR [Czech Republic]; 2007.
",2024-08-06T16:05:08Z,2006,2006-01-01,2006-12-31
4339195,SRHINSTITUTIONALBIRTH,COUNTRY,AUT,EUR,Europe,YEAR,2001,,,,,,,DATASOURCE,DATASOURCE_SRHIBAUT2001STAT,98.3,98.3,,,"Statistik Austria; 2005.
",2024-08-06T16:05:08Z,2001,2001-01-01,2001-12-31
6313594,SRHINSTITUTIONALBIRTH,COUNTRY,KAZ,EUR,Europe,YEAR,2006,,,,,,,DATASOURCE,DATASOURCE_SRHIBKAZ20042006MICS,99.8,99.8,,,MICS 2006. ,2024-08-06T16:05:08Z,2004-2006,2004-01-01,2006-12-31
8047855,SRHINSTITUTIONALBIRTH,COUNTRY,VEN,AMR,Americas,YEAR,2002,,,,,,,DATASOURCE,DATASOURCE_SRHIBVEN2002STAT,94.4,94.44505336,,,"Local de asistencia [website]. Venezuela: Instituto Nacional de Estadística, 2016 (accessed 14 October 2016, in Spanish). ",2024-08-06T16:05:08Z,2002,2002-01-01,2002-12-31
4806505,SRHINSTITUTIONALBIRTH,COUNTRY,DZA,AFR,Africa,YEAR,2006,,,,,,,DATASOURCE,DATASOURCE_SRHIBDZA20042006MICS,95.3,95.3,,,MICS 2006. ,2024-08-06T16:05:08Z,2004-2006,2004-01-01,2006-12-31
3475037,SRHINSTITUTIONALBIRTH,COUNTRY,KHM,WPR,Western Pacific,YEAR,2022,,,,,,,DATASOURCE,DATASOURCE_SRHIBKHM20192022DHS,97.8,97.8,,,DHS 2021-2022.,2024-08-06T16:05:08Z,2019-2022,2019-01-01,2022-12-31
4059613,SRHINSTITUTIONALBIRTH,COUNTRY,PER,AMR,Americas,YEAR,2011,,,,,,,DATASOURCE,DATASOURCE_SRHIBPER20062011DHS,85.1,85.1,,,"DHS 2011 (Continuous).
",2024-08-06T16:05:08Z,2006-2011,2006-01-01,2011-12-31
6294448,SRHINSTITUTIONALBIRTH,COUNTRY,MKD,EUR,Europe,YEAR,2011,,,,,,,DATASOURCE,DATASOURCE_SRHIBMKD20092011MICS,98.4,98.4,,,"MICS 2011. 
",2024-08-06T16:05:08Z,2009-2011,2009-01-01,2011-12-31
8021789,SRHINSTITUTIONALBIRTH,COUNTRY,CZE,EUR,Europe,YEAR,2002,,,,,,,DATASOURCE,DATASOURCE_SRHIBCZE2002STAT,99.8,99.8,,,Ústav zdravotnických informací a statistiky ČR [Czech Republic]. Mother and Newborn 2002; 2004.,2024-08-06T16:05:08Z,2002,2002-01-01,2002-12-31
6469126,SRHINSTITUTIONALBIRTH,COUNTRY,LBR,AFR,Africa,YEAR,2020,,,,,,,DATASOURCE,DATASOURCE_SRHIBLBR20142020DHS,79.8,79.8,,,DHS 2019-2020.,2024-08-06T16:05:08Z,2014-2020,2014-01-01,2020-12-31
8158343,SRHINSTITUTIONALBIRTH,COUNTRY,BRA,AMR,Americas,YEAR,2001,,,,,,,DATASOURCE,DATASOURCE_SRHIBBRA2001DATA,98.3,98.3,,,"DATASUS, MS/SVS/DASIS [Brazil] Período: 2001; 2011.
",2024-08-06T16:05:08Z,2001,2001-01-01,2001-12-31
8262467,SRHINSTITUTIONALBIRTH,COUNTRY,OMN,EMR,Eastern Mediterranean,YEAR,2014,,,,,,,DATASOURCE,DATASOURCE_SRHIBOMN20122014MICS,99.2,99.2,,,"MICS 2014.
",2024-08-06T16:05:08Z,2012-2014,2012-01-01,2014-12-31
4955620,SRHINSTITUTIONALBIRTH,COUNTRY,JPN,WPR,Western Pacific,YEAR,2019,,,,,,,DATASOURCE,DATASOURCE_SRHIBJPN2019STAT,99.9,99.9,,,"Trends in live births by place of delivery: Japan, urban/rural residence. 2019 Vital Statistics of Japan [website]. Tokyo: e-stat (Portal Site of Official Statistics of Japan), National Statistics Center [Japan]; 2019 (https://www.e-stat.go.jp/en/stat-search?page=2&query=2018%20vital%20statistics&layout=dataset&metadata=1&data=1, accessed 06 January 2021).",2024-08-06T16:05:08Z,2019,2019-01-01,2019-12-31
1987665,SRHINSTITUTIONALBIRTH,COUNTRY,CHN,WPR,Western Pacific,YEAR,2001,,,,,,,DATASOURCE,DATASOURCE_SRHIBCHN2001GOV,76.0,76,,,"National Health and Family Planning Commission of China (NHFPC); 2016. 
",2024-08-06T16:05:08Z,2001,2001-01-01,2001-12-31
7223608,SRHINSTITUTIONALBIRTH,COUNTRY,TTO,AMR,Americas,YEAR,2006,,,,,,,DATASOURCE,DATASOURCE_SRHIBTTO20042006MICS,97.4,97.4,,,"MICS 2006. 
",2024-08-06T16:05:08Z,2004-2006,2004-01-01,2006-12-31
2728553,SRHINSTITUTIONALBIRTH,COUNTRY,LBR,AFR,Africa,YEAR,1999,,,,,,,DATASOURCE,DATASOURCE_SRHIBLBR19961999UN,37.4,37.4,,,"Ministry of Planning and Economic Affairs [Liberia], University of Liberia, UNFPA; 2000.",2024-08-06T16:05:08Z,1996-1999,1996-01-01,1999-12-31
9574487,SRHINSTITUTIONALBIRTH,COUNTRY,QAT,EMR,Eastern Mediterranean,YEAR,2015,,,,,,,DATASOURCE,DATASOURCE_SRHIBQAT2015STAT,99.9,99.9,,,"Ministry of Development Planning and Statistics [Qatar]. Vital Statistics 2015; 2016.
",2024-08-06T16:05:08Z,2015,2015-01-01,2015-12-31
4825670,SRHINSTITUTIONALBIRTH,COUNTRY,PLW,WPR,Western Pacific,YEAR,2012,,,,,,,DATASOURCE,DATASOURCE_SRHIBPLW2012GOV,100.0,100,,,"Ministry of Finance [Palau]; 2016.
",2024-08-06T16:05:08Z,2012,2012-01-01,2012-12-31
3312568,SRHINSTITUTIONALBIRTH,COUNTRY,MDA,EUR,Europe,YEAR,2012,,,,,,,DATASOURCE,DATASOURCE_SRHIBMDA20102012MICS,98.9,98.9,,,"MICS 2012. 
",2024-08-06T16:05:08Z,2010-2012,2010-01-01,2012-12-31
2085194,SRHINSTITUTIONALBIRTH,COUNTRY,MLT,EUR,Europe,YEAR,2002,,,,,,,DATASOURCE,DATASOURCE_SRHIBMLT2002GOV,99.5,99.5,,,Department of Health Information (DHI) [Malta]; 2003.,2024-08-06T16:05:08Z,2002,2002-01-01,2002-12-31
6820061,SRHINSTITUTIONALBIRTH,COUNTRY,CYP,EUR,Europe,YEAR,2005,,,,,,,DATASOURCE,DATASOURCE_SRHIBCYP2005GOV,99.3,99.3,,,"Republic of Cyprus; 2011.
",2024-08-06T16:05:08Z,2005,2005-01-01,2005-12-31
3800395,SRHINSTITUTIONALBIRTH,COUNTRY,BLZ,AMR,Americas,YEAR,2005,,,,,,,DATASOURCE,DATASOURCE_SRHIBBLZ2005WHO,76.8,76.8,,,"Ministry of Health [Belize],WHO/PAHO; 2009.
",2024-08-06T16:05:08Z,2005,2005-01-01,2005-12-31
2649895,SRHINSTITUTIONALBIRTH,COUNTRY,ISL,EUR,Europe,YEAR,1995,,,,,,,DATASOURCE,DATASOURCE_SRHIBISL1995GOV,99.8,99.8,,,"Directorate of Health [Iceland]; 2017.
",2024-08-06T16:05:08Z,1995,1995-01-01,1995-12-31
4150725,SRHINSTITUTIONALBIRTH,COUNTRY,NER,AFR,Africa,YEAR,2012,,,,,,,DATASOURCE,DATASOURCE_SRHIBNER20072012DHS,29.8,29.8,,,"DHS 2012. 
",2024-08-06T16:05:08Z,2007-2012,2007-01-01,2012-12-31
7840357,SRHINSTITUTIONALBIRTH,COUNTRY,GEO,EUR,Europe,YEAR,2000,,,,,,,DATASOURCE,DATASOURCE_SRHIBGEO2000GOV,96.6,96.6,,,"Ministry of Labour, Health and Social Affairs of Georgia; 2006.
",2024-08-06T16:05:08Z,2000,2000-01-01,2000-12-31
7924858,SRHINSTITUTIONALBIRTH,COUNTRY,VNM,WPR,Western Pacific,YEAR,2011,,,,,,,DATASOURCE,DATASOURCE_SRHIBVNM20092011MICS,92.4,92.4,,,"MICS 2011. 
",2024-08-06T16:05:08Z,2009-2011,2009-01-01,2011-12-31
6268462,SRHINSTITUTIONALBIRTH,COUNTRY,JPN,WPR,Western Pacific,YEAR,2017,,,,,,,DATASOURCE,DATASOURCE_SRHIBJPN2017STAT,99.9,99.9,,,"e-stat, National Statistics Center [Japan]; 2018.",2024-08-06T16:05:08Z,2017,2017-01-01,2017-12-31
3390777,SRHINSTITUTIONALBIRTH,COUNTRY,USA,AMR,Americas,YEAR,2004,,,,,,,DATASOURCE,DATASOURCE_SRHIBUSA2004STAT,99.1,99.1,,,"National Center for Health Statistics [USA]; 2006.
",2024-08-06T16:05:08Z,2004,2004-01-01,2004-12-31
6754998,SRHINSTITUTIONALBIRTH,COUNTRY,EST,EUR,Europe,YEAR,1995,,,,,,,DATASOURCE,DATASOURCE_SRHIBEST1995GOV,99.3,99.3,,,"National Institute for Health Development [Estonia]; 2017.
",2024-08-06T16:05:08Z,1995,1995-01-01,1995-12-31
6865709,SRHINSTITUTIONALBIRTH,COUNTRY,SVN,EUR,Europe,YEAR,1998,,,,,,,DATASOURCE,DATASOURCE_SRHIBSVN1998STAT,99.8,99.8,,,"Statistical Office of the Republic of Slovenia; 2001.
",2024-08-06T16:05:08Z,1998,1998-01-01,1998-12-31
6930690,SRHINSTITUTIONALBIRTH,COUNTRY,DNK,EUR,Europe,YEAR,2021,,,,,,,DATASOURCE,DATASOURCE_SRHIBDNK2021DATA,96.4,96.4,,,Sundhedsdatastyrelsen [Denmark]; 2023.,2024-08-06T16:05:08Z,2021,2021-01-01,2021-12-31
2458140,SRHINSTITUTIONALBIRTH,COUNTRY,CUB,AMR,Americas,YEAR,1998,,,,,,,DATASOURCE,DATASOURCE_SRHIBCUB1998GOV,99.9,99.9,,,Centro Nacional de Información de Ciencias Médicas-Infomed [Cuba]; 2012.,2024-08-06T16:05:08Z,1998,1998-01-01,1998-12-31
2477642,SRHINSTITUTIONALBIRTH,COUNTRY,BRN,WPR,Western Pacific,YEAR,2006,,,,,,,DATASOURCE,DATASOURCE_SRHIBBRN2006GOV,99.6,99.6,,,"Ministry of Health [Brunei Darussalam]; 2014.
",2024-08-06T16:05:08Z,2006,2006-01-01,2006-12-31
6138225,SRHINSTITUTIONALBIRTH,COUNTRY,CAF,AFR,Africa,YEAR,2019,,,,,,,DATASOURCE,DATASOURCE_SRHIBCAF20162019MICS,58.3,58.3,,,MICS 2018-2019.,2024-08-06T16:05:08Z,2016-2019,2016-01-01,2019-12-31
6430336,SRHINSTITUTIONALBIRTH,COUNTRY,QAT,EMR,Eastern Mediterranean,YEAR,2010,,,,,,,DATASOURCE,DATASOURCE_SRHIBQAT2010STAT,99.9,99.9,,,"Statistics Authority [Qatar]; 2011.
",2024-08-06T16:05:08Z,2010,2010-01-01,2010-12-31
1761098,SRHINSTITUTIONALBIRTH,COUNTRY,BRA,AMR,Americas,YEAR,2014,,,,,,,DATASOURCE,DATASOURCE_SRHIBBRA2014DATA,99.1,99.1,,,"DATASUS, MS/SVS/DASIS [Brazil]. Período: 2014; 2017.
",2024-08-06T16:05:08Z,2014,2014-01-01,2014-12-31
4883894,SRHINSTITUTIONALBIRTH,COUNTRY,TUR,EUR,Europe,YEAR,1998,,,,,,,DATASOURCE,DATASOURCE_SRHIBTUR19931998DHS,72.5,72.5,,,"DHS 1998.
",2024-08-06T16:05:08Z,1993-1998,1993-01-01,1998-12-31
1942315,SRHINSTITUTIONALBIRTH,COUNTRY,STP,AFR,Africa,YEAR,2003,,,,,,,DATASOURCE,DATASOURCE_SRHIBSTP2003UN,76.4,76.4,,,"République Démocratique de Sao Tomé et Principe, ONU/UN; 2004. 
",2024-08-06T16:05:08Z,2003,2003-01-01,2003-12-31
3422923,SRHINSTITUTIONALBIRTH,COUNTRY,COM,AFR,Africa,YEAR,2012,,,,,,,DATASOURCE,DATASOURCE_SRHIBCOM20072012MICS,76.2,76.2,,,"DHS/MICS 2012. 
",2024-08-06T16:05:08Z,2007-2012,2007-01-01,2012-12-31
6820092,SRHINSTITUTIONALBIRTH,COUNTRY,PLW,WPR,Western Pacific,YEAR,2020,,,,,,,DATASOURCE,DATASOURCE_SRHIBPLW2020STAT,100.0,100,,,Palau 2021 Statistical Yearbook.,2024-08-06T16:05:08Z,2020,2020-01-01,2020-12-31
8645900,SRHINSTITUTIONALBIRTH,COUNTRY,BLZ,AMR,Americas,YEAR,1999,,,,,,,DATASOURCE,DATASOURCE_SRHIBBLZ1999GOV,77.5,77.5,,,"Ministry of Health [Belize]; 2004.
",2024-08-06T16:05:08Z,1999,1999-01-01,1999-12-31
1086105,SRHINSTITUTIONALBIRTH,COUNTRY,PAN,AMR,Americas,YEAR,2006,,,,,,,DATASOURCE,DATASOURCE_SRHIBPAN2006STAT,90.7,90.7,,,"Instituto Nacional de Estadística y Censo (INEC) [Panama]; 2007.
",2024-08-06T16:05:08Z,2006,2006-01-01,2006-12-31
7301838,SRHINSTITUTIONALBIRTH,COUNTRY,COL,AMR,Americas,YEAR,2017,,,,,,,DATASOURCE,DATASOURCE_SRHIBCOL2017WHO,98.9,98.9,,,WHO/PAHO; 2019. ,2024-08-06T16:05:08Z,2017,2017-01-01,2017-12-31
7308346,SRHINSTITUTIONALBIRTH,COUNTRY,VEN,AMR,Americas,YEAR,2005,,,,,,,DATASOURCE,DATASOURCE_SRHIBVEN2005STAT,92.5,92.47098711,,,"Local de asistencia [website]. Venezuela: Instituto Nacional de Estadística, 2016 (accessed 14 October 2016, in Spanish). ",2024-08-06T16:05:08Z,2005,2005-01-01,2005-12-31
2623866,SRHINSTITUTIONALBIRTH,COUNTRY,QAT,EMR,Eastern Mediterranean,YEAR,1990,,,,,,,DATASOURCE,DATASOURCE_SRHIBQAT1990STAT,99.5,99.5,,,"Central Statistical Organization [Qatar]; 1991.
",2024-08-06T16:05:08Z,1990,1990-01-01,1990-12-31
1352752,SRHINSTITUTIONALBIRTH,COUNTRY,GIN,AFR,Africa,YEAR,1992,,,,,,,DATASOURCE,DATASOURCE_SRHIBGIN19871992DHS,25.4,25.4,,,"DHS 1992. 
",2024-08-06T16:05:08Z,1987-1992,1987-01-01,1992-12-31
4326256,SRHINSTITUTIONALBIRTH,COUNTRY,USA,AMR,Americas,YEAR,2006,,,,,,,DATASOURCE,DATASOURCE_SRHIBUSA2006STAT,99.0,99,,,"National Center for Health Statistics [USA]; 2009.
",2024-08-06T16:05:08Z,2006,2006-01-01,2006-12-31
2787090,SRHINSTITUTIONALBIRTH,COUNTRY,GRD,AMR,Americas,YEAR,2017,,,,,,,DATASOURCE,DATASOURCE_SRHIBGRD2017WHO,98.9,98.9,,,WHO/PAHO; 2018.,2024-08-06T16:05:08Z,2017,2017-01-01,2017-12-31
8087071,SRHINSTITUTIONALBIRTH,COUNTRY,MDV,SEAR,South-East Asia,YEAR,2009,,,,,,,DATASOURCE,DATASOURCE_SRHIBMDV20042009DHS,95.1,95.1,,,"DHS 2009. 
",2024-08-06T16:05:08Z,2004-2009,2004-01-01,2009-12-31
8275599,SRHINSTITUTIONALBIRTH,COUNTRY,CAN,AMR,Americas,YEAR,2011,,,,,,,DATASOURCE,DATASOURCE_SRHIBCAN2011STAT,98.4,98.4,,,"Statistics Canada; 2017. 
",2024-08-06T16:05:08Z,2011,2011-01-01,2011-12-31
3488278,SRHINSTITUTIONALBIRTH,COUNTRY,BIH,EUR,Europe,YEAR,2002,,,,,,,DATASOURCE,DATASOURCE_SRHIBBIH2002STAT,99.9,99.9,,,"Federal Office of Statistics [Bosnia and Herzegovina]; 2006.
",2024-08-06T16:05:08Z,2002,2002-01-01,2002-12-31
6865770,SRHINSTITUTIONALBIRTH,COUNTRY,SGP,WPR,Western Pacific,YEAR,2005,,,,,,,DATASOURCE,DATASOURCE_SRHIBSGP2005STAT,99.7,99.7,,,"Department of Statistics [Singapore]; 2010.
",2024-08-06T16:05:08Z,2005,2005-01-01,2005-12-31
8756973,SRHINSTITUTIONALBIRTH,COUNTRY,SRB,EUR,Europe,YEAR,2017,,,,,,,DATASOURCE,DATASOURCE_SRHIBSRB2017STAT,99.7,99.7,,,Statistical Office of the Republic of Serbia; 2018.,2024-08-06T16:05:08Z,2017,2017-01-01,2017-12-31
9334798,SRHINSTITUTIONALBIRTH,COUNTRY,BRN,WPR,Western Pacific,YEAR,1995,,,,,,,DATASOURCE,DATASOURCE_SRHIBBRN1995GOV,96.2,96.2,,,"Ministry of Health [Brunei Darussalam]; 2009.
",2024-08-06T16:05:08Z,1995,1995-01-01,1995-12-31
9684293,SRHINSTITUTIONALBIRTH,COUNTRY,QAT,EMR,Eastern Mediterranean,YEAR,2003,,,,,,,DATASOURCE,DATASOURCE_SRHIBQAT2003GOV,99.9,99.9,,,"The Planning Council [Qatar]; 2004.
",2024-08-06T16:05:08Z,2003,2003-01-01,2003-12-31
6372357,SRHINSTITUTIONALBIRTH,COUNTRY,UZB,EUR,Europe,YEAR,2022,,,,,,,DATASOURCE,DATASOURCE_SRHIBUZB20192022MICS,99.1,99.1,,,MICS 2021-2022.,2024-08-06T16:05:08Z,2019-2022,2019-01-01,2022-12-31
8093608,SRHINSTITUTIONALBIRTH,COUNTRY,KOR,WPR,Western Pacific,YEAR,2006,,,,,,,DATASOURCE,DATASOURCE_SRHIBKOR2006GOV,100.0,100,,,"Korea Institute for Health and Social Affairs; 2009. 
",2024-08-06T16:05:08Z,2006,2006-01-01,2006-12-31
4877423,SRHINSTITUTIONALBIRTH,COUNTRY,LBY,EMR,Eastern Mediterranean,YEAR,2011,,,,,,,DATASOURCE,DATASOURCE_SRHIBLBY2011STAT,100.0,100,,,Bureau of statistics & census [State of Libya]; 2011.,2024-08-06T16:05:08Z,2011,2011-01-01,2011-12-31
2052772,SRHINSTITUTIONALBIRTH,COUNTRY,SRB,EUR,Europe,YEAR,2019,,,,,,,DATASOURCE,DATASOURCE_SRHIBSRB20172019MICS,100.0,100,,,MICS 2019.,2024-08-06T16:05:08Z,2017-2019,2017-01-01,2019-12-31
6969918,SRHINSTITUTIONALBIRTH,COUNTRY,ISL,EUR,Europe,YEAR,1990,,,,,,,DATASOURCE,DATASOURCE_SRHIBISL1990GOV,100.0,100,,,"Directorate of Health [Iceland]; 2017.
",2024-08-06T16:05:08Z,1990,1990-01-01,1990-12-31
4001835,SRHINSTITUTIONALBIRTH,COUNTRY,KGZ,EUR,Europe,YEAR,2014,,,,,,,DATASOURCE,DATASOURCE_SRHIBKGZ20122014MICS,98.3,98.3,,,MICS 2014. ,2024-08-06T16:05:08Z,2012-2014,2012-01-01,2014-12-31
9094235,SRHINSTITUTIONALBIRTH,COUNTRY,PAN,AMR,Americas,YEAR,2016,,,,,,,DATASOURCE,DATASOURCE_SRHIBPAN2016WHO,90.9,90.9,,,WHO/PAHO; 2018.,2024-08-06T16:05:08Z,2016,2016-01-01,2016-12-31
1574748,SRHINSTITUTIONALBIRTH,COUNTRY,DOM,AMR,Americas,YEAR,2012,,,,,,,DATASOURCE,DATASOURCE_SRHIBDOM2012STAT,98.8,98.8,,,Oficina Nacional de Estadística (ONE) [Dominican Republic]. Estadísticas Vitales 2010-2014; 2016.,2024-08-06T16:05:08Z,2012,2012-01-01,2012-12-31
7872754,SRHINSTITUTIONALBIRTH,COUNTRY,DMA,AMR,Americas,YEAR,2018,,,,,,,DATASOURCE,DATASOURCE_SRHIBDMA2018WHO,97.6,97.6,,,WHO/PAHO; 2019. ,2024-08-06T16:05:08Z,2018,2018-01-01,2018-12-31
6268554,SRHINSTITUTIONALBIRTH,COUNTRY,CAN,AMR,Americas,YEAR,1991,,,,,,,DATASOURCE,DATASOURCE_SRHIBCAN1991STAT,99.1,99.1,,,"Statistics Canada; 2013. 
",2024-08-06T16:05:08Z,1991,1991-01-01,1991-12-31
8262615,SRHINSTITUTIONALBIRTH,COUNTRY,FRA,EUR,Europe,YEAR,2019,,,,,,,DATASOURCE,DATASOURCE_SRHIBFRA2019STAT,97.6,97.6,,,Institut National de la Statistique et des Études Économiques (INSEE) [France]; 2020.,2024-08-06T16:05:08Z,2019,2019-01-01,2019-12-31
3384388,SRHINSTITUTIONALBIRTH,COUNTRY,PAN,AMR,Americas,YEAR,2010,,,,,,,DATASOURCE,DATASOURCE_SRHIBPAN2010STAT,92.1,92.1,,,"Instituto Nacional de Estadística y Censo (INEC) [Panama]; 2012.
",2024-08-06T16:05:08Z,2010,2010-01-01,2010-12-31
5969347,SRHINSTITUTIONALBIRTH,COUNTRY,CAN,AMR,Americas,YEAR,1995,,,,,,,DATASOURCE,DATASOURCE_SRHIBCAN1995STAT,99.4,99.4,,,"Statistics Canada; 2013. 
",2024-08-06T16:05:08Z,1995,1995-01-01,1995-12-31
9341319,SRHINSTITUTIONALBIRTH,COUNTRY,CUB,AMR,Americas,YEAR,2014,,,,,,,DATASOURCE,DATASOURCE_SRHIBCUB20122014MICS,99.0,99,,,"MICS 2014.
",2024-08-06T16:05:08Z,2012-2014,2012-01-01,2014-12-31
2955845,SRHINSTITUTIONALBIRTH,COUNTRY,MHL,WPR,Western Pacific,YEAR,2007,,,,,,,DATASOURCE,DATASOURCE_SRHIBMHL20022007DHS,85.1,85.1,,,"DHS 2007. 
",2024-08-06T16:05:08Z,2002-2007,2002-01-01,2007-12-31
6339830,SRHINSTITUTIONALBIRTH,COUNTRY,QAT,EMR,Eastern Mediterranean,YEAR,1998,,,,,,,DATASOURCE,DATASOURCE_SRHIBQAT19951998FHS,97.8,97.8,,,"FHS 1998.
",2024-08-06T16:05:08Z,1995-1998,1995-01-01,1998-12-31
3104658,SRHINSTITUTIONALBIRTH,COUNTRY,BHS,AMR,Americas,YEAR,2016,,,,,,,DATASOURCE,DATASOURCE_SRHIBBHS2016WHO,99.0,99,,,WHO/PAHO; 2018.,2024-08-06T16:05:08Z,2016,2016-01-01,2016-12-31
3390909,SRHINSTITUTIONALBIRTH,COUNTRY,MNE,EUR,Europe,YEAR,2003,,,,,,,DATASOURCE,DATASOURCE_SRHIBMNE2003STAT,98.9,98.9,,,"Statistical Office [Montenegro]; 2009.
",2024-08-06T16:05:08Z,2003,2003-01-01,2003-12-31
2046290,SRHINSTITUTIONALBIRTH,COUNTRY,COG,AFR,Africa,YEAR,2005,,,,,,,DATASOURCE,DATASOURCE_SRHIBCOG20002005DHS,82.2,82.2,,,"DHS 2005. 
",2024-08-06T16:05:08Z,2000-2005,2000-01-01,2005-12-31
3650333,SRHINSTITUTIONALBIRTH,COUNTRY,ETH,AFR,Africa,YEAR,2011,,,,,,,DATASOURCE,DATASOURCE_SRHIBETH20052011DHS,9.9,9.9,,,"DHS 2011. 
",2024-08-06T16:05:08Z,2005-2011,2005-01-01,2011-12-31
3754901,SRHINSTITUTIONALBIRTH,COUNTRY,PHL,WPR,Western Pacific,YEAR,2008,,,,,,,DATASOURCE,DATASOURCE_SRHIBPHL20032008DHS,44.2,44.2,,,"DHS 2008. 
",2024-08-06T16:05:08Z,2003-2008,2003-01-01,2008-12-31
5449723,SRHINSTITUTIONALBIRTH,COUNTRY,PLW,WPR,Western Pacific,YEAR,2018,,,,,,,DATASOURCE,DATASOURCE_SRHIBPLW2018GOV,100.0,100,,,Ministry of Finance [Palau]; 2019.,2024-08-06T16:05:08Z,2018,2018-01-01,2018-12-31
8944673,SRHINSTITUTIONALBIRTH,COUNTRY,AFG,EMR,Eastern Mediterranean,YEAR,2020,,,,,,,DATASOURCE,DATASOURCE_SRHIBAFG20142020GOV,62.5,62.5,,,IE and LFS 2019-2020.,2024-08-06T16:05:08Z,2014-2020,2014-01-01,2020-12-31
7418877,SRHINSTITUTIONALBIRTH,COUNTRY,BIH,EUR,Europe,YEAR,1999,,,,,,,DATASOURCE,DATASOURCE_SRHIBBIH1999STAT,99.3,99.3,,,"Federal Office of Statistics [Bosnia and Herzegovina]; 2006.
",2024-08-06T16:05:08Z,1999,1999-01-01,1999-12-31
32520,SRHINSTITUTIONALBIRTH,COUNTRY,VUT,WPR,Western Pacific,YEAR,2007,,,,,,,DATASOURCE,DATASOURCE_SRHIBVUT20052007MICS,79.8,79.8,,,"MICS 2007.
",2024-08-06T16:05:08Z,2005-2007,2005-01-01,2007-12-31
4326365,SRHINSTITUTIONALBIRTH,COUNTRY,SWZ,AFR,Africa,YEAR,2022,,,,,,,DATASOURCE,DATASOURCE_SRHIBSWZ20192022MICS,92.7,92.7,,,MICS 2021-2022.,2024-08-06T16:05:08Z,2019-2022,2019-01-01,2022-12-31
9490711,SRHINSTITUTIONALBIRTH,COUNTRY,FJI,WPR,Western Pacific,YEAR,1993,,,,,,,DATASOURCE,DATASOURCE_SRHIBFJI1993GOV,97.6,97.6,,,"Ministry of Health [Fiji]; 2007.
",2024-08-06T16:05:08Z,1993,1993-01-01,1993-12-31
6307730,SRHINSTITUTIONALBIRTH,COUNTRY,MNE,EUR,Europe,YEAR,2007,,,,,,,DATASOURCE,DATASOURCE_SRHIBMNE2007STAT,99.7,99.7,,,"Statistical Office [Montenegro]; 2009.
",2024-08-06T16:05:08Z,2007,2007-01-01,2007-12-31
3130709,SRHINSTITUTIONALBIRTH,COUNTRY,AUT,EUR,Europe,YEAR,2012,,,,,,,DATASOURCE,DATASOURCE_SRHIBAUT2012STAT,98.5,98.5,,,"Statistik Austria; 2014.
",2024-08-06T16:05:08Z,2012,2012-01-01,2012-12-31
8477015,SRHINSTITUTIONALBIRTH,COUNTRY,SRB,EUR,Europe,YEAR,2020,,,,,,,DATASOURCE,DATASOURCE_SRHIBSRB2020STAT,99.8,99.8,,,Statistical Office of the Republic of Serbia; 2023.,2024-08-06T16:05:08Z,2020,2020-01-01,2020-12-31
6976516,SRHINSTITUTIONALBIRTH,COUNTRY,CAN,AMR,Americas,YEAR,2021,,,,,,,DATASOURCE,DATASOURCE_SRHIBCAN2021STAT,97.6,97.6,,,Statistics Canada; 2023.,2024-08-06T16:05:08Z,2021,2021-01-01,2021-12-31
8652591,SRHINSTITUTIONALBIRTH,COUNTRY,FIN,EUR,Europe,YEAR,1995,,,,,,,DATASOURCE,DATASOURCE_SRHIBFIN1995GOV,98.5,98.5,,,"National Research and Development Centre for Welfare and Health [Finland]; 2004.
",2024-08-06T16:05:08Z,1995,1995-01-01,1995-12-31
8717886,SRHINSTITUTIONALBIRTH,COUNTRY,SVN,EUR,Europe,YEAR,2004,,,,,,,DATASOURCE,DATASOURCE_SRHIBSVN2004STAT,99.9,99.9,,,"Statistical Office of the Republic of Slovenia; 2006.
",2024-08-06T16:05:08Z,2004,2004-01-01,2004-12-31
2852366,SRHINSTITUTIONALBIRTH,COUNTRY,UKR,EUR,Europe,YEAR,2005,,,,,,,DATASOURCE,DATASOURCE_SRHIBUKR20032005MICS,99.7,99.7,,,"MICS 2005. 
",2024-08-06T16:05:08Z,2003-2005,2003-01-01,2005-12-31
6566486,SRHINSTITUTIONALBIRTH,COUNTRY,GUY,AMR,Americas,YEAR,2013,,,,,,,DATASOURCE,DATASOURCE_SRHIBGUY2013WHO,99.7,99.7,,,WHO/PAHO; 2016.,2024-08-06T16:05:08Z,2013,2013-01-01,2013-12-31
1858576,SRHINSTITUTIONALBIRTH,COUNTRY,ITA,EUR,Europe,YEAR,2017,,,,,,,DATASOURCE,DATASOURCE_SRHIBITA2017GOV,99.9,99.9,,,Analisi dell’evento nascita - Anno 2017.,2024-08-06T16:05:08Z,2017,2017-01-01,2017-12-31
1994422,SRHINSTITUTIONALBIRTH,COUNTRY,ECU,AMR,Americas,YEAR,2006,,,,,,,DATASOURCE,DATASOURCE_SRHIBECU2006STAT,80.3,80.3,,,"Instituto Nacional de Estadística y Censos (INEC), Ecuador; 2019.",2024-08-06T16:05:08Z,2006,2006-01-01,2006-12-31
5118215,SRHINSTITUTIONALBIRTH,COUNTRY,UZB,EUR,Europe,YEAR,2014,,,,,,,DATASOURCE,DATASOURCE_SRHIBUZB2014UN,99.4,99.4,,,UNICEF CRING: Uzbekistan; 2014. ,2024-08-06T16:05:08Z,2014,2014-01-01,2014-12-31
5209040,SRHINSTITUTIONALBIRTH,COUNTRY,JPN,WPR,Western Pacific,YEAR,2004,,,,,,,DATASOURCE,DATASOURCE_SRHIBJPN2004GOV,99.8,99.8,,,"Ministry of Health, Labour and Welfare [Japan]; 2010.",2024-08-06T16:05:08Z,2004,2004-01-01,2004-12-31
2258679,SRHINSTITUTIONALBIRTH,COUNTRY,BFA,AFR,Africa,YEAR,2021,,,,,,,DATASOURCE,DATASOURCE_SRHIBBFA20192021DHS,94.2,94.2,,,DHS 2021.,2024-08-06T16:05:08Z,2019-2021,2019-01-01,2021-12-31
3735381,SRHINSTITUTIONALBIRTH,COUNTRY,JAM,AMR,Americas,YEAR,2002,,,,,,,DATASOURCE,DATASOURCE_SRHIBJAM19972002RHS,92.4,92.4,,,RHS 2002.,2024-08-06T16:05:08Z,1997-2002,1997-01-01,2002-12-31
5631145,SRHINSTITUTIONALBIRTH,COUNTRY,KAZ,EUR,Europe,YEAR,2016,,,,,,,DATASOURCE,DATASOURCE_SRHIBKAZ2016GOV,99.9,99.9,,,Ministry of Healthcare of the Republic of Kazakhstan. Country consultation Dec 2019; 2019. ,2024-08-06T16:05:08Z,2016,2016-01-01,2016-12-31
5670274,SRHINSTITUTIONALBIRTH,COUNTRY,ECU,AMR,Americas,YEAR,2010,,,,,,,DATASOURCE,DATASOURCE_SRHIBECU2010STAT,87.0,87,,,"Instituto Nacional de Estadística y Censos (INEC), Ecuador; 2019.",2024-08-06T16:05:08Z,2010,2010-01-01,2010-12-31
1392045,SRHINSTITUTIONALBIRTH,COUNTRY,JPN,WPR,Western Pacific,YEAR,2021,,,,,,,DATASOURCE,DATASOURCE_SRHIBJPN2021STAT,99.8,99.8,,,"2021 vital statistics of Japan Volume 1, Natality Table 4.9: Number of live births by place of delivery : Japan, each prefecture (special wards and specified cities), 2021 (https://www.e-stat.go.jp/stat-search/files?page=1&query=2021%E5%B9%B4&layout=dataset&toukei=00450011&tstat=000001028897&cycle=7&month=0&tclass1=000001053058&tclass2=000001053061&tclass3=000001053064&stat_infid=000032235776&tclass4val=0&metadata=1&data=1)",2024-08-06T16:05:08Z,2021,2021-01-01,2021-12-31
6001980,SRHINSTITUTIONALBIRTH,COUNTRY,NOR,EUR,Europe,YEAR,2009,,,,,,,DATASOURCE,DATASOURCE_SRHIBNOR2009GOV,99.2,99.2,,,"Folkehelseinstituttet [Norwegian Institute of Public Health (NIPH)]; 2010.
",2024-08-06T16:05:08Z,2009,2009-01-01,2009-12-31
9451611,SRHINSTITUTIONALBIRTH,COUNTRY,CHN,WPR,Western Pacific,YEAR,2010,,,,,,,DATASOURCE,DATASOURCE_SRHIBCHN2010GOV,97.8,97.8,,,"National Health and Family Planning Commission of China (NHFPC); 2016. 
",2024-08-06T16:05:08Z,2010,2010-01-01,2010-12-31
3111228,SRHINSTITUTIONALBIRTH,COUNTRY,AUT,EUR,Europe,YEAR,2009,,,,,,,DATASOURCE,DATASOURCE_SRHIBAUT2009STAT,98.6,98.6,,,"Statistik Austria; 2013.
",2024-08-06T16:05:08Z,2009,2009-01-01,2009-12-31
1774359,SRHINSTITUTIONALBIRTH,COUNTRY,GHA,AFR,Africa,YEAR,2018,,,,,,,DATASOURCE,DATASOURCE_SRHIBGHA20152018MICS,77.9,77.9,,,MICS 2017-2018.,2024-08-06T16:05:08Z,2015-2018,2015-01-01,2018-12-31
1131927,SRHINSTITUTIONALBIRTH,COUNTRY,CYP,EUR,Europe,YEAR,1990,,,,,,,DATASOURCE,DATASOURCE_SRHIBCYP1990GOV,100.0,100,,,"Republic of Cyprus; 2011.
",2024-08-06T16:05:08Z,1990,1990-01-01,1990-12-31
9094368,SRHINSTITUTIONALBIRTH,COUNTRY,FIN,EUR,Europe,YEAR,2017,,,,,,,DATASOURCE,DATASOURCE_SRHIBFIN2017GOV,99.9,99.9,,,National Institute for Health and Welfare (THL) [Finland]; 2018.,2024-08-06T16:05:08Z,2017,2017-01-01,2017-12-31
7471095,SRHINSTITUTIONALBIRTH,COUNTRY,TTO,AMR,Americas,YEAR,2017,,,,,,,DATASOURCE,DATASOURCE_SRHIBTTO2017WHO,100.0,100,,,WHO/PAHO; 2018.,2024-08-06T16:05:08Z,2017,2017-01-01,2017-12-31
7536311,SRHINSTITUTIONALBIRTH,COUNTRY,LBR,AFR,Africa,YEAR,2013,,,,,,,DATASOURCE,DATASOURCE_SRHIBLBR20082013DHS,55.8,55.8,,,DHS 2013. ,2024-08-06T16:05:08Z,2008-2013,2008-01-01,2013-12-31
9211072,SRHINSTITUTIONALBIRTH,COUNTRY,QAT,EMR,Eastern Mediterranean,YEAR,2006,,,,,,,DATASOURCE,DATASOURCE_SRHIBQAT2006STAT,100.0,100,,,"Statistics Authority [Qatar]; 2007.
",2024-08-06T16:05:08Z,2006,2006-01-01,2006-12-31
5995536,SRHINSTITUTIONALBIRTH,COUNTRY,ISL,EUR,Europe,YEAR,2010,,,,,,,DATASOURCE,DATASOURCE_SRHIBISL2010GOV,98.2,98.2,,,"Directorate of Health [Iceland]; 2017.
",2024-08-06T16:05:08Z,2010,2010-01-01,2010-12-31
9769156,SRHINSTITUTIONALBIRTH,COUNTRY,CMR,AFR,Africa,YEAR,2006,,,,,,,DATASOURCE,DATASOURCE_SRHIBCMR20042006MICS,61.4,61.4,,,"MICS 2006. 
",2024-08-06T16:05:08Z,2004-2006,2004-01-01,2006-12-31
5254698,SRHINSTITUTIONALBIRTH,COUNTRY,YEM,EMR,Eastern Mediterranean,YEAR,2006,,,,,,,DATASOURCE,DATASOURCE_SRHIBYEM20042006MICS,23.5,23.5,,,"MICS 2006. 
",2024-08-06T16:05:08Z,2004-2006,2004-01-01,2006-12-31
8776536,SRHINSTITUTIONALBIRTH,COUNTRY,DZA,AFR,Africa,YEAR,1992,,,,,,,DATASOURCE,DATASOURCE_SRHIBDZA19871992STAT,76.0,76,,,"Ministère de la Santé et de la Population, Office National des Statistique [Algeria], Ligue des Etats Arabes; 1993.",2024-08-06T16:05:08Z,1987-1992,1987-01-01,1992-12-31
2373703,SRHINSTITUTIONALBIRTH,COUNTRY,MEX,AMR,Americas,YEAR,2012,,,,,,,DATASOURCE,DATASOURCE_SRHIBMEX20072012GOV,94.2,94.2,,,National Survey of Nutrition and Health 2012.,2024-08-06T16:05:08Z,2007-2012,2007-01-01,2012-12-31
5702691,SRHINSTITUTIONALBIRTH,COUNTRY,BOL,AMR,Americas,YEAR,2011,,,,,,,DATASOURCE,DATASOURCE_SRHIBBOL2011STAT,82.7,82.7,,,"Instituto Nacional de Estadística (INE), Bolivia; 2012.",2024-08-06T16:05:08Z,2011,2011-01-01,2011-12-31
9029240,SRHINSTITUTIONALBIRTH,COUNTRY,JPN,WPR,Western Pacific,YEAR,2010,,,,,,,DATASOURCE,DATASOURCE_SRHIBJPN2010STAT,99.8,99.8,,,"e-stat, National Statistics Center [Japan]; 2012.",2024-08-06T16:05:08Z,2010,2010-01-01,2010-12-31
4404689,SRHINSTITUTIONALBIRTH,COUNTRY,NZL,WPR,Western Pacific,YEAR,2007,,,,,,,DATASOURCE,DATASOURCE_SRHIBNZL2007GOV,96.7,96.7,,,Ministry of Health [New Zealand]; 2015.,2024-08-06T16:05:08Z,2007,2007-01-01,2007-12-31
8132860,SRHINSTITUTIONALBIRTH,COUNTRY,IDN,WPR,Western Pacific,YEAR,2007,,,,,,,DATASOURCE,DATASOURCE_SRHIBIDN20022007DHS,46.1,46.1,,,"DHS 2007. 
",2024-08-06T16:05:08Z,2002-2007,2002-01-01,2007-12-31
1877496,SRHINSTITUTIONALBIRTH,COUNTRY,NOR,EUR,Europe,YEAR,2016,,,,,,,DATASOURCE,DATASOURCE_SRHIBNOR2016GOV,99.1,99.1,,,Folkehelseinstituttet [Norwegian Institute of Public Health (NIPH)]; 2017.,2024-08-06T16:05:08Z,2016,2016-01-01,2016-12-31
8828435,SRHINSTITUTIONALBIRTH,COUNTRY,MNG,WPR,Western Pacific,YEAR,2010,,,,,,,DATASOURCE,DATASOURCE_SRHIBMNG20082010MICS,98.5,98.5,,,"MICS 2010. 
",2024-08-06T16:05:08Z,2008-2010,2008-01-01,2010-12-31
5527432,SRHINSTITUTIONALBIRTH,COUNTRY,TON,WPR,Western Pacific,YEAR,2019,,,,,,,DATASOURCE,DATASOURCE_SRHIBTON20172019MICS,97.6,97.6,,,MICS 2019.,2024-08-06T16:05:08Z,2017-2019,2017-01-01,2019-12-31
3904753,SRHINSTITUTIONALBIRTH,COUNTRY,PER,AMR,Americas,YEAR,2010,,,,,,,DATASOURCE,DATASOURCE_SRHIBPER20052010DHS,84.4,84.4,,,DHS 2010 (Continuous).,2024-08-06T16:05:08Z,2005-2010,2005-01-01,2010-12-31
7373348,SRHINSTITUTIONALBIRTH,COUNTRY,MRT,AFR,Africa,YEAR,2007,,,,,,,DATASOURCE,DATASOURCE_SRHIBMRT20052007MICS,48.4,48.4,,,MICS 2007. ,2024-08-06T16:05:08Z,2005-2007,2005-01-01,2007-12-31
1301321,SRHINSTITUTIONALBIRTH,COUNTRY,MKD,EUR,Europe,YEAR,2018,,,,,,,DATASOURCE,DATASOURCE_SRHIBMKD2018STAT,99.9,99.9,,,State Statistical Office [Macedonia]; 2019.,2024-08-06T16:05:08Z,2018,2018-01-01,2018-12-31
9256758,SRHINSTITUTIONALBIRTH,COUNTRY,PLW,WPR,Western Pacific,YEAR,2015,,,,,,,DATASOURCE,DATASOURCE_SRHIBPLW2015GOV,99.6,99.6,,,"Ministry of Finance [Palau]; 2016.
",2024-08-06T16:05:08Z,2015,2015-01-01,2015-12-31
3384570,SRHINSTITUTIONALBIRTH,COUNTRY,GEO,EUR,Europe,YEAR,2005,,,,,,,DATASOURCE,DATASOURCE_SRHIBGEO20032005MICS,95.5,95.5,,,"MICS 2005. 
",2024-08-06T16:05:08Z,2003-2005,2003-01-01,2005-12-31
4994895,SRHINSTITUTIONALBIRTH,COUNTRY,FRA,EUR,Europe,YEAR,2007,,,,,,,DATASOURCE,DATASOURCE_SRHIBFRA2007STAT,98.1,98.1,,,"Institut National de la Statistique et des Études Économiques (INSEE) [France]; 2008.
",2024-08-06T16:05:08Z,2007,2007-01-01,2007-12-31
5306715,SRHINSTITUTIONALBIRTH,COUNTRY,CAN,AMR,Americas,YEAR,2009,,,,,,,DATASOURCE,DATASOURCE_SRHIBCAN2009STAT,98.6,98.6,,,"Statistics Canada; 2013. 
",2024-08-06T16:05:08Z,2009,2009-01-01,2009-12-31
4864877,SRHINSTITUTIONALBIRTH,COUNTRY,IRQ,EMR,Eastern Mediterranean,YEAR,2012,,,,,,,DATASOURCE,DATASOURCE_SRHIBIRQ2012GOV,70.4,70.4,,,"Shabila NP. BMC Pregnancy Childbirth; 2017.
",2024-08-06T16:05:08Z,2012,2012-01-01,2012-12-31
6794316,SRHINSTITUTIONALBIRTH,COUNTRY,EST,EUR,Europe,YEAR,2000,,,,,,,DATASOURCE,DATASOURCE_SRHIBEST2000GOV,99.5,99.5,,,"National Institute for Health Development [Estonia]; 2017.
",2024-08-06T16:05:08Z,2000,2000-01-01,2000-12-31
2066059,SRHINSTITUTIONALBIRTH,COUNTRY,AUS,WPR,Western Pacific,YEAR,1999,,,,,,,DATASOURCE,DATASOURCE_SRHIBAUS1999GOV,99.3,99.3,,,"Nassar N, Sullivan EA. Australian Institute of Health and Welfare (AIHW); 2001.",2024-08-06T16:05:08Z,1999,1999-01-01,1999-12-31
6872518,SRHINSTITUTIONALBIRTH,COUNTRY,URY,AMR,Americas,YEAR,2002,,,,,,,DATASOURCE,DATASOURCE_SRHIBURY2002GOV,99.4,99.4,,,"Ministerio de Salud Publica [Uruguay]; 2015.
",2024-08-06T16:05:08Z,2002,2002-01-01,2002-12-31
2425911,SRHINSTITUTIONALBIRTH,COUNTRY,USA,AMR,Americas,YEAR,1995,,,,,,,DATASOURCE,DATASOURCE_SRHIBUSA1995STAT,99.0,99,,,"Curtin SC, Park MM. National Center for Health Statistics; 1999.
",2024-08-06T16:05:08Z,1995,1995-01-01,1995-12-31
1092889,SRHINSTITUTIONALBIRTH,COUNTRY,ARG,AMR,Americas,YEAR,2017,,,,,,,DATASOURCE,DATASOURCE_SRHIBARG2017GOV,97.7,97.7,,,Ministerio de Salud [Argentina]; 2018.,2024-08-06T16:05:08Z,2017,2017-01-01,2017-12-31
4151048,SRHINSTITUTIONALBIRTH,COUNTRY,CUB,AMR,Americas,YEAR,2005,,,,,,,DATASOURCE,DATASOURCE_SRHIBCUB2005GOV,99.9,99.9,,,"Ministerio de Salud Pública [Cuba]; 2016.
",2024-08-06T16:05:08Z,2005,2005-01-01,2005-12-31
1490439,SRHINSTITUTIONALBIRTH,COUNTRY,SOM,EMR,Eastern Mediterranean,YEAR,2002,,,,,,,DATASOURCE,DATASOURCE_SRHIBSOM20012002UN,8.8,8.8,,,"The World Bank, UNDP; 2003.
",2024-08-06T16:05:08Z,2001-2002,2001-01-01,2002-12-31
1561948,SRHINSTITUTIONALBIRTH,COUNTRY,LAO,WPR,Western Pacific,YEAR,2017,,,,,,,DATASOURCE,DATASOURCE_SRHIBLAO20152017GOV,64.5,64.5,,,SIS 2017.,2024-08-06T16:05:08Z,2015-2017,2015-01-01,2017-12-31
9315516,SRHINSTITUTIONALBIRTH,COUNTRY,BRA,AMR,Americas,YEAR,2011,,,,,,,DATASOURCE,DATASOURCE_SRHIBBRA2011DATA,99.0,99,,,"DATASUS, MS/SVS/DASIS [Brazil]. Período: 2011; 2013.
",2024-08-06T16:05:08Z,2011,2011-01-01,2011-12-31
3605107,SRHINSTITUTIONALBIRTH,COUNTRY,VEN,AMR,Americas,YEAR,2009,,,,,,,DATASOURCE,DATASOURCE_SRHIBVEN2009STAT,95.4,95.38549622,,,"Local de asistencia [website]. Venezuela: Instituto Nacional de Estadística, 2016 (accessed 14 October 2016, in Spanish). ",2024-08-06T16:05:08Z,2009,2009-01-01,2009-12-31
2278309,SRHINSTITUTIONALBIRTH,COUNTRY,BRN,WPR,Western Pacific,YEAR,2017,,,,,,,DATASOURCE,DATASOURCE_SRHIBBRN2017GOV,100.0,100,,,Ministry of Health [Brunei Darussalam]; 2018.,2024-08-06T16:05:08Z,2017,2017-01-01,2017-12-31
5423831,SRHINSTITUTIONALBIRTH,COUNTRY,NOR,EUR,Europe,YEAR,1999,,,,,,,DATASOURCE,DATASOURCE_SRHIBNOR1999GOV,99.1,99.1,,,"Folkehelseinstituttet [Norwegian Institute of Public Health (NIPH)]; 2000.
",2024-08-06T16:05:08Z,1999,1999-01-01,1999-12-31
3768159,SRHINSTITUTIONALBIRTH,COUNTRY,PLW,WPR,Western Pacific,YEAR,2009,,,,,,,DATASOURCE,DATASOURCE_SRHIBPLW2009GOV,99.7,99.7,,,"Ministry of Finance [Palau]; 2016.
",2024-08-06T16:05:08Z,2009,2009-01-01,2009-12-31
7113418,SRHINSTITUTIONALBIRTH,COUNTRY,BGD,SEAR,South-East Asia,YEAR,1997,,,,,,,DATASOURCE,DATASOURCE_SRHIBBGD19911997DHS,4.1,4.1,,,"DHS 1996-1997.
",2024-08-06T16:05:08Z,1991-1997,1991-01-01,1997-12-31
2373804,SRHINSTITUTIONALBIRTH,COUNTRY,PER,AMR,Americas,YEAR,2003,,,,,,,DATASOURCE,DATASOURCE_SRHIBPER2003STAT,59.8,59.8,,,"Oficina General de Estadística e Informática MINSA [Perú]; 2011.
",2024-08-06T16:05:08Z,2003,2003-01-01,2003-12-31
8848059,SRHINSTITUTIONALBIRTH,COUNTRY,NIC,AMR,Americas,YEAR,1998,,,,,,,DATASOURCE,DATASOURCE_SRHIBNIC19931998DHS,63.6,63.6,,,"DHS 1998. 
",2024-08-06T16:05:08Z,1993-1998,1993-01-01,1998-12-31
5553524,SRHINSTITUTIONALBIRTH,COUNTRY,GNB,AFR,Africa,YEAR,2019,,,,,,,DATASOURCE,DATASOURCE_SRHIBGNB20162019MICS,50.4,50.4,,,MICS 2018-2019.,2024-08-06T16:05:08Z,2016-2019,2016-01-01,2019-12-31
5917472,SRHINSTITUTIONALBIRTH,COUNTRY,BHS,AMR,Americas,YEAR,2015,,,,,,,DATASOURCE,DATASOURCE_SRHIBBHS2015WHO,99.0,99,,,WHO/PAHO; 2017.,2024-08-06T16:05:08Z,2015,2015-01-01,2015-12-31
7639734,SRHINSTITUTIONALBIRTH,COUNTRY,CZE,EUR,Europe,YEAR,2013,,,,,,,DATASOURCE,DATASOURCE_SRHIBCZE2013STAT,99.8,99.8,,,"Ústav zdravotnických informací a statistiky ČR, [Czech Republic]; 2015.
",2024-08-06T16:05:08Z,2013,2013-01-01,2013-12-31
2904573,SRHINSTITUTIONALBIRTH,COUNTRY,BRN,WPR,Western Pacific,YEAR,2012,,,,,,,DATASOURCE,DATASOURCE_SRHIBBRN2012GOV,99.8,99.8,,,"Ministry of Health [Brunei Darussalam]; 2014.
",2024-08-06T16:05:08Z,2012,2012-01-01,2012-12-31
4690304,SRHINSTITUTIONALBIRTH,COUNTRY,CAF,AFR,Africa,YEAR,2006,,,,,,,DATASOURCE,DATASOURCE_SRHIBCAF20042006MICS,51.0,51,,,"MICS 2006. 
",2024-08-06T16:05:08Z,2004-2006,2004-01-01,2006-12-31
8119945,SRHINSTITUTIONALBIRTH,COUNTRY,ZMB,AFR,Africa,YEAR,1996,,,,,,,DATASOURCE,DATASOURCE_SRHIBZMB19911996DHS,46.5,46.5,,,"DHS 1996. 
",2024-08-06T16:05:08Z,1991-1996,1991-01-01,1996-12-31
1845758,SRHINSTITUTIONALBIRTH,COUNTRY,PHL,WPR,Western Pacific,YEAR,1993,,,,,,,DATASOURCE,DATASOURCE_SRHIBPHL19881993DHS,28.2,28.2,,,"DHS 1993.
",2024-08-06T16:05:08Z,1988-1993,1988-01-01,1993-12-31
8431903,SRHINSTITUTIONALBIRTH,COUNTRY,CAN,AMR,Americas,YEAR,2016,,,,,,,DATASOURCE,DATASOURCE_SRHIBCAN2016STAT,97.8,97.8,,,Statistics Canada; 2018. ,2024-08-06T16:05:08Z,2016,2016-01-01,2016-12-31
2193718,SRHINSTITUTIONALBIRTH,COUNTRY,DMA,AMR,Americas,YEAR,2021,,,,,,,DATASOURCE,DATASOURCE_SRHIBDMA2021WHO,100.0,100,,,PLISA Health Information Platform; 2024.,2024-08-06T16:05:08Z,2021,2021-01-01,2021-12-31
1099462,SRHINSTITUTIONALBIRTH,COUNTRY,PNG,WPR,Western Pacific,YEAR,2009,,,,,,,DATASOURCE,DATASOURCE_SRHIBPNG2009GOV,42.0,42,,,"Ministry of Health [Papua New Guinea]; 2013.
",2024-08-06T16:05:08Z,2009,2009-01-01,2009-12-31
2585543,SRHINSTITUTIONALBIRTH,COUNTRY,BIH,EUR,Europe,YEAR,2006,,,,,,,DATASOURCE,DATASOURCE_SRHIBBIH20042006MICS,99.7,99.7,,,MICS 2006. ,2024-08-06T16:05:08Z,2004-2006,2004-01-01,2006-12-31
9127107,SRHINSTITUTIONALBIRTH,COUNTRY,MKD,EUR,Europe,YEAR,1992,,,,,,,DATASOURCE,DATASOURCE_SRHIBMKD1992STAT,89.9,89.9,,,"State Statistical Office [Macedonia]; 2000.
",2024-08-06T16:05:08Z,1992,1992-01-01,1992-12-31
1651814,SRHINSTITUTIONALBIRTH,COUNTRY,NPL,SEAR,South-East Asia,YEAR,2011,,,,,,,DATASOURCE,DATASOURCE_SRHIBNPL20062011DHS,35.3,35.3,,,"DHS 2011. 
",2024-08-06T16:05:08Z,2006-2011,2006-01-01,2011-12-31
7795080,SRHINSTITUTIONALBIRTH,COUNTRY,SGP,WPR,Western Pacific,YEAR,1999,,,,,,,DATASOURCE,DATASOURCE_SRHIBSGP1999STAT,99.7,99.7,,,"Department of Statistics [Singapore]; 2010.
",2024-08-06T16:05:08Z,1999,1999-01-01,1999-12-31
2885037,SRHINSTITUTIONALBIRTH,COUNTRY,FRA,EUR,Europe,YEAR,2018,,,,,,,DATASOURCE,DATASOURCE_SRHIBFRA2018STAT,98.1,98.1,,,Institut National de la Statistique et des Études Économiques (INSEE) [France]; 2019.,2024-08-06T16:05:08Z,2018,2018-01-01,2018-12-31
2898086,SRHINSTITUTIONALBIRTH,COUNTRY,KWT,EMR,Eastern Mediterranean,YEAR,2017,,,,,,,DATASOURCE,DATASOURCE_SRHIBKWT2017STAT,99.9,99.9,,,Central Statistical Bureau [Kuwait]; 2018.,2024-08-06T16:05:08Z,2017,2017-01-01,2017-12-31
4560430,SRHINSTITUTIONALBIRTH,COUNTRY,VEN,AMR,Americas,YEAR,1998,,,,,,,DATASOURCE,DATASOURCE_SRHIBVEN19931998UN,93.6,93.6,,,FNUAP/UNFPA; 2001.,2024-08-06T16:05:08Z,1993-1998,1993-01-01,1998-12-31
6281868,SRHINSTITUTIONALBIRTH,COUNTRY,EGY,EMR,Eastern Mediterranean,YEAR,2014,,,,,,,DATASOURCE,DATASOURCE_SRHIBEGY20092014DHS,86.7,86.7,,,"DHS 2014. 
",2024-08-06T16:05:08Z,2009-2014,2009-01-01,2014-12-31
6638357,SRHINSTITUTIONALBIRTH,COUNTRY,JPN,WPR,Western Pacific,YEAR,2011,,,,,,,DATASOURCE,DATASOURCE_SRHIBJPN2011STAT,99.8,99.8,,,"e-stat, National Statistics Center [Japan]; 2013.",2024-08-06T16:05:08Z,2011,2011-01-01,2011-12-31
7224034,SRHINSTITUTIONALBIRTH,COUNTRY,FIN,EUR,Europe,YEAR,2005,,,,,,,DATASOURCE,DATASOURCE_SRHIBFIN2005GOV,99.8,99.8,,,"National Institute for Health and Welfare (THL) [Finland]; 2014.
",2024-08-06T16:05:08Z,2005,2005-01-01,2005-12-31
1125581,SRHINSTITUTIONALBIRTH,COUNTRY,PER,AMR,Americas,YEAR,2017,,,,,,,DATASOURCE,DATASOURCE_SRHIBPER2017GOV,93.2,93.2,,,ENDES 2017. INEI; 2018.,2024-08-06T16:05:08Z,2017,2017-01-01,2017-12-31
1249333,SRHINSTITUTIONALBIRTH,COUNTRY,MEX,AMR,Americas,YEAR,2000,,,,,,,DATASOURCE,DATASOURCE_SRHIBMEX19952000GOV,83.7,83.7,,,"Instituto Nacional de Salud Pública [Mexico]; 2003.
",2024-08-06T16:05:08Z,1995-2000,1995-01-01,2000-12-31
1658332,SRHINSTITUTIONALBIRTH,COUNTRY,GUY,AMR,Americas,YEAR,2014,,,,,,,DATASOURCE,DATASOURCE_SRHIBGUY20122014MICS,92.7,92.7,,,"MICS 2014. 
",2024-08-06T16:05:08Z,2012-2014,2012-01-01,2014-12-31
1690341,SRHINSTITUTIONALBIRTH,COUNTRY,PHL,WPR,Western Pacific,YEAR,2011,,,,,,,DATASOURCE,DATASOURCE_SRHIBPHL20062011FHS,55.2,55.2,,,"FHS 2011.
",2024-08-06T16:05:08Z,2006-2011,2006-01-01,2011-12-31
2846100,SRHINSTITUTIONALBIRTH,COUNTRY,NER,AFR,Africa,YEAR,1998,,,,,,,DATASOURCE,DATASOURCE_SRHIBNER19951998DHS,18.0,18,,,"DHS 1998. 
",2024-08-06T16:05:08Z,1995-1998,1995-01-01,1998-12-31
9484451,SRHINSTITUTIONALBIRTH,COUNTRY,PAK,EMR,Eastern Mediterranean,YEAR,2000,,,,,,,DATASOURCE,DATASOURCE_SRHIBPAK2000GOV,22.9,22.9,,,"National Institute of Population Studies [Pakistan]; 2001.
",2024-08-06T16:05:08Z,2000,2000-01-01,2000-12-31
7873040,SRHINSTITUTIONALBIRTH,COUNTRY,AUT,EUR,Europe,YEAR,2021,,,,,,,DATASOURCE,DATASOURCE_SRHIBAUT2021STAT,98.0,98,,,Statistics Austria; 2023.,2024-08-06T16:05:08Z,2021,2021-01-01,2021-12-31
3189444,SRHINSTITUTIONALBIRTH,COUNTRY,PER,AMR,Americas,YEAR,2018,,,,,,,DATASOURCE,DATASOURCE_SRHIBPER20132018GOV,92.7,92.7,,,ENDES 2018. INEI 2019.,2024-08-06T16:05:08Z,2013-2018,2013-01-01,2018-12-31
5099057,SRHINSTITUTIONALBIRTH,COUNTRY,LAO,WPR,Western Pacific,YEAR,2005,,,,,,,DATASOURCE,DATASOURCE_SRHIBLAO20002005RHS,12.8,12.8,,,RHS 2005.,2024-08-06T16:05:08Z,2000-2005,2000-01-01,2005-12-31
5313328,SRHINSTITUTIONALBIRTH,COUNTRY,ISL,EUR,Europe,YEAR,2011,,,,,,,DATASOURCE,DATASOURCE_SRHIBISL2011GOV,97.9,97.9,,,"Directorate of Health [Iceland]; 2017.
",2024-08-06T16:05:08Z,2011,2011-01-01,2011-12-31
3891843,SRHINSTITUTIONALBIRTH,COUNTRY,FJI,WPR,Western Pacific,YEAR,1994,,,,,,,DATASOURCE,DATASOURCE_SRHIBFJI1994GOV,96.2,96.2,,,"Ministry of Health [Fiji]; 2007.
",2024-08-06T16:05:08Z,1994,1994-01-01,1994-12-31
5696332,SRHINSTITUTIONALBIRTH,COUNTRY,AZE,EUR,Europe,YEAR,2011,,,,,,,DATASOURCE,DATASOURCE_SRHIBAZE20052011DHS,93.1,93.1,,,"DHS 2011. 
",2024-08-06T16:05:08Z,2005-2011,2005-01-01,2011-12-31
9406238,SRHINSTITUTIONALBIRTH,COUNTRY,MNE,EUR,Europe,YEAR,2009,,,,,,,DATASOURCE,DATASOURCE_SRHIBMNE2009STAT,99.5,99.5,,,"Statistical Office [Montenegro]; 2010.
",2024-08-06T16:05:08Z,2009,2009-01-01,2009-12-31
4547450,SRHINSTITUTIONALBIRTH,COUNTRY,ROU,EUR,Europe,YEAR,2016,,,,,,,DATASOURCE,DATASOURCE_SRHIBROU2016STAT,99.8,99.80764842,,,National Institute of Statistics [Romania]; 2023,2024-08-06T16:05:08Z,2016,2016-01-01,2016-12-31
2994845,SRHINSTITUTIONALBIRTH,COUNTRY,DNK,EUR,Europe,YEAR,2002,,,,,,,DATASOURCE,DATASOURCE_SRHIBDNK2002GOV,98.8,98.8,,,Sundhedsstyrelsen [Denmark]; 2003.,2024-08-06T16:05:08Z,2002,2002-01-01,2002-12-31
4677297,SRHINSTITUTIONALBIRTH,COUNTRY,DMA,AMR,Americas,YEAR,2015,,,,,,,DATASOURCE,DATASOURCE_SRHIBDMA2015WHO,96.0,96,,,"WHO/PAHO; 2016.
",2024-08-06T16:05:08Z,2015,2015-01-01,2015-12-31
6944175,SRHINSTITUTIONALBIRTH,COUNTRY,BLR,EUR,Europe,YEAR,2005,,,,,,,DATASOURCE,DATASOURCE_SRHIBBLR20032005MICS,99.9,99.9,,,"MICS 2005. 
",2024-08-06T16:05:08Z,2003-2005,2003-01-01,2005-12-31
7367019,SRHINSTITUTIONALBIRTH,COUNTRY,ARG,AMR,Americas,YEAR,2008,,,,,,,DATASOURCE,DATASOURCE_SRHIBARG2008GOV,99.4,99.4,,,Ministerio de Salud [Argentina]; 2009.,2024-08-06T16:05:08Z,2008,2008-01-01,2008-12-31
1418388,SRHINSTITUTIONALBIRTH,COUNTRY,PNG,WPR,Western Pacific,YEAR,2013,,,,,,,DATASOURCE,DATASOURCE_SRHIBPNG2013GOV,43.0,43,,,"Ministry of Health [Papua New Guinea]; 2016.
",2024-08-06T16:05:08Z,2013,2013-01-01,2013-12-31
1450985,SRHINSTITUTIONALBIRTH,COUNTRY,NIC,AMR,Americas,YEAR,2001,,,,,,,DATASOURCE,DATASOURCE_SRHIBNIC2001STAT,50.6,50.6,,,"Oficina Nacional De Estadísticas, Ministerio de Salud [Nicaragua]; 2011. ",2024-08-06T16:05:08Z,2001,2001-01-01,2001-12-31
6028260,SRHINSTITUTIONALBIRTH,COUNTRY,CHN,WPR,Western Pacific,YEAR,2002,,,,,,,DATASOURCE,DATASOURCE_SRHIBCHN2002GOV,78.7,78.7,,,"National Health and Family Planning Commission of China (NHFPC); 2016. 
",2024-08-06T16:05:08Z,2002,2002-01-01,2002-12-31
1684072,SRHINSTITUTIONALBIRTH,COUNTRY,ZWE,AFR,Africa,YEAR,1999,,,,,,,DATASOURCE,DATASOURCE_SRHIBZWE19941999DHS,72.2,72.2,,,"DHS 1999. 
",2024-08-06T16:05:08Z,1994-1999,1994-01-01,1999-12-31
4670793,SRHINSTITUTIONALBIRTH,COUNTRY,ECU,AMR,Americas,YEAR,2014,,,,,,,DATASOURCE,DATASOURCE_SRHIBECU2014STAT,93.7,93.7,,,"Instituto Nacional de Estadística y Censos (INEC), Ecuador; 2019.",2024-08-06T16:05:08Z,2014,2014-01-01,2014-12-31
2304438,SRHINSTITUTIONALBIRTH,COUNTRY,ZWE,AFR,Africa,YEAR,2019,,,,,,,DATASOURCE,DATASOURCE_SRHIBZWE20172019MICS,85.5,85.5,,,MICS 2019.,2024-08-06T16:05:08Z,2017-2019,2017-01-01,2019-12-31
9107653,SRHINSTITUTIONALBIRTH,COUNTRY,CRI,AMR,Americas,YEAR,2016,,,,,,,DATASOURCE,DATASOURCE_SRHIBCRI2016WHO,93.2,93.2,,,WHO/PAHO; 2018.,2024-08-06T16:05:08Z,2016,2016-01-01,2016-12-31
6340190,SRHINSTITUTIONALBIRTH,COUNTRY,MNE,EUR,Europe,YEAR,2013,,,,,,,DATASOURCE,DATASOURCE_SRHIBMNE20112013MICS,99.0,99,,,"MICS 2013. 
",2024-08-06T16:05:08Z,2011-2013,2011-01-01,2013-12-31
3098504,SRHINSTITUTIONALBIRTH,COUNTRY,ZMB,AFR,Africa,YEAR,2002,,,,,,,DATASOURCE,DATASOURCE_SRHIBZMB19962002DHS,43.6,43.6,,,"DHS 2001-2002. 
",2024-08-06T16:05:08Z,1996-2002,1996-01-01,2002-12-31
8126542,SRHINSTITUTIONALBIRTH,COUNTRY,CYP,EUR,Europe,YEAR,2015,,,,,,,DATASOURCE,DATASOURCE_SRHIBCYP2015GOV,97.1,97.1,,,Republic of Cyprus; 2018.,2024-08-06T16:05:08Z,2015,2015-01-01,2015-12-31
8133075,SRHINSTITUTIONALBIRTH,COUNTRY,VEN,AMR,Americas,YEAR,2008,,,,,,,DATASOURCE,DATASOURCE_SRHIBVEN2008STAT,93.7,93.6854234,,,"Local de asistencia [website]. Venezuela: Instituto Nacional de Estadística, 2016 (accessed 14 October 2016, in Spanish). ",2024-08-06T16:05:08Z,2008,2008-01-01,2008-12-31
3261206,SRHINSTITUTIONALBIRTH,COUNTRY,BDI,AFR,Africa,YEAR,2010,,,,,,,DATASOURCE,DATASOURCE_SRHIBBDI20052010DHS,59.5,59.5,,,"DHS 2010. 
",2024-08-06T16:05:08Z,2005-2010,2005-01-01,2010-12-31
8243432,SRHINSTITUTIONALBIRTH,COUNTRY,LSO,AFR,Africa,YEAR,2018,,,,,,,DATASOURCE,DATASOURCE_SRHIBLSO20162018MICS,89.4,89.4,,,MICS 2018. ,2024-08-06T16:05:08Z,2016-2018,2016-01-01,2018-12-31
6599314,SRHINSTITUTIONALBIRTH,COUNTRY,MKD,EUR,Europe,YEAR,2011,,,,,,,DATASOURCE,DATASOURCE_SRHIBMKD20092011STAT,99.9,99.9,,,"State Statistical Office [Macedonia]; 2015.
",2024-08-06T16:05:08Z,2009-2011,2009-01-01,2011-12-31
3358713,SRHINSTITUTIONALBIRTH,COUNTRY,ARE,EMR,Eastern Mediterranean,YEAR,2018,,,,,,,DATASOURCE,DATASOURCE_SRHIBARE2018GOV,99.2,99.2,,,UAE National health survey report 2017-2018.,2024-08-06T16:05:08Z,2018,2018-01-01,2018-12-31
8705178,SRHINSTITUTIONALBIRTH,COUNTRY,PNG,WPR,Western Pacific,YEAR,2018,,,,,,,DATASOURCE,DATASOURCE_SRHIBPNG20112018DHS,54.7,54.7,,,DHS 2016-2018.,2024-08-06T16:05:08Z,2011-2018,2011-01-01,2018-12-31
3944093,SRHINSTITUTIONALBIRTH,COUNTRY,MLT,EUR,Europe,YEAR,2021,,,,,,,DATASOURCE,DATASOURCE_SRHIBMLT2021GOV,99.7,99.7,,,Directorate for Health Information and Research [Malta]; 2022,2024-08-06T16:05:08Z,2021,2021-01-01,2021-12-31
7517029,SRHINSTITUTIONALBIRTH,COUNTRY,DOM,AMR,Americas,YEAR,2013,,,,,,,DATASOURCE,DATASOURCE_SRHIBDOM2013STAT,98.7,98.7,,,Oficina Nacional de Estadística (ONE) [Dominican Republic]. Estadísticas Vitales 2010-2014; 2016.,2024-08-06T16:05:08Z,2013,2013-01-01,2013-12-31
5014613,SRHINSTITUTIONALBIRTH,COUNTRY,JPN,WPR,Western Pacific,YEAR,2002,,,,,,,DATASOURCE,DATASOURCE_SRHIBJPN2002GOV,99.8,99.8,,,"Ministry of Health, Labour and Welfare [Japan]; 2010.",2024-08-06T16:05:08Z,2002,2002-01-01,2002-12-31
4209972,SRHINSTITUTIONALBIRTH,COUNTRY,CIV,AFR,Africa,YEAR,1994,,,,,,,DATASOURCE,DATASOURCE_SRHIBCIV19911994DHS,44.8,44.8,,,DHS 1994. ,2024-08-06T16:05:08Z,1991-1994,1991-01-01,1994-12-31
9736843,SRHINSTITUTIONALBIRTH,COUNTRY,PAN,AMR,Americas,YEAR,2005,,,,,,,DATASOURCE,DATASOURCE_SRHIBPAN2005STAT,90.7,90.7,,,"Instituto Nacional de Estadística y Censo (INEC) [Panama]; 2006.
",2024-08-06T16:05:08Z,2005,2005-01-01,2005-12-31
8146126,SRHINSTITUTIONALBIRTH,COUNTRY,CUB,AMR,Americas,YEAR,2008,,,,,,,DATASOURCE,DATASOURCE_SRHIBCUB2008GOV,99.9,99.9,,,"Ministerio de Salud Pública [Cuba]; 2016.
",2024-08-06T16:05:08Z,2008,2008-01-01,2008-12-31
4982119,SRHINSTITUTIONALBIRTH,COUNTRY,PAK,EMR,Eastern Mediterranean,YEAR,1999,,,,,,,DATASOURCE,DATASOURCE_SRHIBPAK19981999STAT,17.0,17,,,"Pakistan Bureau of Statistics; 2000.
",2024-08-06T16:05:08Z,1998-1999,1998-01-01,1999-12-31
6768526,SRHINSTITUTIONALBIRTH,COUNTRY,PNG,WPR,Western Pacific,YEAR,2008,,,,,,,DATASOURCE,DATASOURCE_SRHIBPNG2008GOV,43.0,43,,,"Ministry of Health [Papua New Guinea]; 2013.
",2024-08-06T16:05:08Z,2008,2008-01-01,2008-12-31
6924915,SRHINSTITUTIONALBIRTH,COUNTRY,MDV,SEAR,South-East Asia,YEAR,2004,,,,,,,DATASOURCE,DATASOURCE_SRHIBMDV2004GOV,89.5,89.5,,,"Ministry of Health and Family [Republic of Maldives]; 2010.
",2024-08-06T16:05:08Z,2004,2004-01-01,2004-12-31
4437176,SRHINSTITUTIONALBIRTH,COUNTRY,TUR,EUR,Europe,YEAR,2018,,,,,,,DATASOURCE,DATASOURCE_SRHIBTUR2018STAT,98.0,98,,,Health Statistics Yearbook 2018 Newsletter; 2019. ,2024-08-06T16:05:08Z,2018,2018-01-01,2018-12-31
3378328,SRHINSTITUTIONALBIRTH,COUNTRY,URY,AMR,Americas,YEAR,2013,,,,,,,DATASOURCE,DATASOURCE_SRHIBURY20112013MICS,99.5,99.5,,,"MICS 2013.
",2024-08-06T16:05:08Z,2011-2013,2011-01-01,2013-12-31
3514652,SRHINSTITUTIONALBIRTH,COUNTRY,ROU,EUR,Europe,YEAR,2004,,,,,,,DATASOURCE,DATASOURCE_SRHIBROU2004STAT,99.9,99.89174477,,,National Institute of Statistics [Romania]; 2023,2024-08-06T16:05:08Z,2004,2004-01-01,2004-12-31
5489154,SRHINSTITUTIONALBIRTH,COUNTRY,RWA,AFR,Africa,YEAR,2008,,,,,,,DATASOURCE,DATASOURCE_SRHIBRWA20022008DHS,45.2,45.2,,,"DHS 2007-08 (Interim DHS). 
",2024-08-06T16:05:08Z,2002-2008,2002-01-01,2008-12-31
1067079,SRHINSTITUTIONALBIRTH,COUNTRY,MOZ,AFR,Africa,YEAR,2011,,,,,,,DATASOURCE,DATASOURCE_SRHIBMOZ20062011DHS,54.8,54.8,,,"DHS 2011. 
",2024-08-06T16:05:08Z,2006-2011,2006-01-01,2011-12-31
4223056,SRHINSTITUTIONALBIRTH,COUNTRY,SGP,WPR,Western Pacific,YEAR,2014,,,,,,,DATASOURCE,DATASOURCE_SRHIBSGP2014STAT,99.7,99.7,,,"Department of Statistics [Singapore]; 2016.
",2024-08-06T16:05:08Z,2014,2014-01-01,2014-12-31
1483712,SRHINSTITUTIONALBIRTH,COUNTRY,USA,AMR,Americas,YEAR,2008,,,,,,,DATASOURCE,DATASOURCE_SRHIBUSA2008STAT,99.0,99,,,"National Center for Health Statistics [USA]. Births: Final Data for 2008; 2010.
",2024-08-06T16:05:08Z,2008,2008-01-01,2008-12-31
6605927,SRHINSTITUTIONALBIRTH,COUNTRY,DOM,AMR,Americas,YEAR,2016,,,,,,,DATASOURCE,DATASOURCE_SRHIBDOM2016STAT,99.8,99.8,,,Oficina Nacional de Estadística (ONE) [Dominican Republic]; 2017.,2024-08-06T16:05:08Z,2016,2016-01-01,2016-12-31
5300520,SRHINSTITUTIONALBIRTH,COUNTRY,HND,AMR,Americas,YEAR,2015,,,,,,,DATASOURCE,DATASOURCE_SRHIBHND2015WHO,72.0,72,,,WHO/PAHO; 2016.,2024-08-06T16:05:08Z,2015,2015-01-01,2015-12-31
5313521,SRHINSTITUTIONALBIRTH,COUNTRY,MDV,SEAR,South-East Asia,YEAR,2007,,,,,,,DATASOURCE,DATASOURCE_SRHIBMDV2007GOV,96.8,96.8,,,Ministry of Health and Family [Republic of Maldives]; 2012.,2024-08-06T16:05:08Z,2007,2007-01-01,2007-12-31
7549509,SRHINSTITUTIONALBIRTH,COUNTRY,MEX,AMR,Americas,YEAR,1990,,,,,,,DATASOURCE,DATASOURCE_SRHIBMEX1990STAT,71.0,71,,,"Instituto Nacional de Estadística, Geografía e Informática (INEGI) [Mexico]; 2001.",2024-08-06T16:05:08Z,1990,1990-01-01,1990-12-31
9283189,SRHINSTITUTIONALBIRTH,COUNTRY,AUT,EUR,Europe,YEAR,2004,,,,,,,DATASOURCE,DATASOURCE_SRHIBAUT2004STAT,98.4,98.4,,,"Statistik Austria; 2013.
",2024-08-06T16:05:08Z,2004,2004-01-01,2004-12-31
9419436,SRHINSTITUTIONALBIRTH,COUNTRY,NZL,WPR,Western Pacific,YEAR,1999,,,,,,,DATASOURCE,DATASOURCE_SRHIBNZL1999GOV,92.0,92,,,Ministry of Health [New Zealand]; 2001.,2024-08-06T16:05:08Z,1999,1999-01-01,1999-12-31
8113695,SRHINSTITUTIONALBIRTH,COUNTRY,TKM,EUR,Europe,YEAR,2006,,,,,,,DATASOURCE,DATASOURCE_SRHIBTKM20042006MICS,97.8,97.8,,,"MICS 2006. 
",2024-08-06T16:05:08Z,2004-2006,2004-01-01,2006-12-31
8146202,SRHINSTITUTIONALBIRTH,COUNTRY,CRI,AMR,Americas,YEAR,2011,,,,,,,DATASOURCE,DATASOURCE_SRHIBCRI20092011MICS,98.1,98.1,,,"MICS 2011. 
",2024-08-06T16:05:08Z,2009-2011,2009-01-01,2011-12-31
1819989,SRHINSTITUTIONALBIRTH,COUNTRY,BGR,EUR,Europe,YEAR,2014,,,,,,,DATASOURCE,DATASOURCE_SRHIBBGR2014GOV,93.7,93.7,,,"Ministry of Health. National Center of Public Health and Analyses, Bulgaria; 2015.
",2024-08-06T16:05:08Z,2014,2014-01-01,2014-12-31
8841860,SRHINSTITUTIONALBIRTH,COUNTRY,CIV,AFR,Africa,YEAR,2005,,,,,,,DATASOURCE,DATASOURCE_SRHIBCIV20002005GOV,55.5,55.5,,,"AIS 2005. 
",2024-08-06T16:05:08Z,2000-2005,2000-01-01,2005-12-31
4170903,SRHINSTITUTIONALBIRTH,COUNTRY,BRB,AMR,Americas,YEAR,2014,,,,,,,DATASOURCE,DATASOURCE_SRHIBBRB2014WHO,99.7,99.7,,,WHO/PAHO; 2016.,2024-08-06T16:05:08Z,2014,2014-01-01,2014-12-31
7659564,SRHINSTITUTIONALBIRTH,COUNTRY,PAN,AMR,Americas,YEAR,2013,,,,,,,DATASOURCE,DATASOURCE_SRHIBPAN20112013MICS,91.2,91.2,,,"MICS 2013 (Key findings). 
",2024-08-06T16:05:08Z,2011-2013,2011-01-01,2013-12-31
2053352,SRHINSTITUTIONALBIRTH,COUNTRY,QAT,EMR,Eastern Mediterranean,YEAR,2004,,,,,,,DATASOURCE,DATASOURCE_SRHIBQAT2004GOV,99.9,99.9,,,"The Planning Council [Qatar]; 2005.
",2024-08-06T16:05:08Z,2004,2004-01-01,2004-12-31
5566854,SRHINSTITUTIONALBIRTH,COUNTRY,ECU,AMR,Americas,YEAR,2017,,,,,,,DATASOURCE,DATASOURCE_SRHIBECU2017STAT,95.3,95.3,,,"Instituto Nacional de Estadística y Censos (INEC), Ecuador; 2019.",2024-08-06T16:05:08Z,2017,2017-01-01,2017-12-31
1366456,SRHINSTITUTIONALBIRTH,COUNTRY,ZAF,AFR,Africa,YEAR,2016,,,,,,,DATASOURCE,DATASOURCE_SRHIBZAF20112016DHS,95.9,95.9,,,"DHS 2016. 
",2024-08-06T16:05:08Z,2011-2016,2011-01-01,2016-12-31
6269114,SRHINSTITUTIONALBIRTH,COUNTRY,SRB,EUR,Europe,YEAR,2019,,,,,,,DATASOURCE,DATASOURCE_SRHIBSRB2019STAT,99.8,99.8,,,Statistical Office of the Republic of Serbia; 2023.,2024-08-06T16:05:08Z,2019,2019-01-01,2019-12-31
3404035,SRHINSTITUTIONALBIRTH,COUNTRY,PER,AMR,Americas,YEAR,2015,,,,,,,DATASOURCE,DATASOURCE_SRHIBPER20102015DHS,91.0,91,,,"DHS 2015.
",2024-08-06T16:05:08Z,2010-2015,2010-01-01,2015-12-31
8386535,SRHINSTITUTIONALBIRTH,COUNTRY,NOR,EUR,Europe,YEAR,1992,,,,,,,DATASOURCE,DATASOURCE_SRHIBNOR1992GOV,99.3,99.3,,,Folkehelseinstituttet [Norwegian Institute of Public Health (NIPH)]; 1993.,2024-08-06T16:05:08Z,1992,1992-01-01,1992-12-31
6957472,SRHINSTITUTIONALBIRTH,COUNTRY,URY,AMR,Americas,YEAR,2012,,,,,,,DATASOURCE,DATASOURCE_SRHIBURY2012GOV,99.4,99.4,,,"Ministerio de Salud Publica [Uruguay]; 2015.
",2024-08-06T16:05:08Z,2012,2012-01-01,2012-12-31
6983528,SRHINSTITUTIONALBIRTH,COUNTRY,EST,EUR,Europe,YEAR,2001,,,,,,,DATASOURCE,DATASOURCE_SRHIBEST2001GOV,99.6,99.6,,,"National Institute for Health Development [Estonia]; 2017.
",2024-08-06T16:05:08Z,2001,2001-01-01,2001-12-31
5469759,SRHINSTITUTIONALBIRTH,COUNTRY,QAT,EMR,Eastern Mediterranean,YEAR,2002,,,,,,,DATASOURCE,DATASOURCE_SRHIBQAT2002GOV,99.9,99.9,,,"The Planning Council [Qatar]; 2003.
",2024-08-06T16:05:08Z,2002,2002-01-01,2002-12-31
8861382,SRHINSTITUTIONALBIRTH,COUNTRY,BIH,EUR,Europe,YEAR,2010,,,,,,,DATASOURCE,DATASOURCE_SRHIBBIH2010STAT,99.9,99.9,,,Institute for Statistics of Federation of Bosnia and Herzegovina; 2015.,2024-08-06T16:05:08Z,2010,2010-01-01,2010-12-31
3944284,SRHINSTITUTIONALBIRTH,COUNTRY,VEN,AMR,Americas,YEAR,2012,,,,,,,DATASOURCE,DATASOURCE_SRHIBVEN2012STAT,94.7,94.68209772,,,"Local de asistencia [website]. Venezuela: Instituto Nacional de Estadística, 2016 (accessed 14 October 2016, in Spanish). ",2024-08-06T16:05:08Z,2012,2012-01-01,2012-12-31
5813783,SRHINSTITUTIONALBIRTH,COUNTRY,IND,SEAR,South-East Asia,YEAR,1992,,,,,,,DATASOURCE,DATASOURCE_SRHIBIND19881992DHS,25.5,25.5,,,"DHS 1992-93. 
",2024-08-06T16:05:08Z,1988-1992,1988-01-01,1992-12-31
2833357,SRHINSTITUTIONALBIRTH,COUNTRY,EST,EUR,Europe,YEAR,2014,,,,,,,DATASOURCE,DATASOURCE_SRHIBEST2014GOV,99.4,99.4,,,"National Institute for Health Development [Estonia]; 2015.
",2024-08-06T16:05:08Z,2014,2014-01-01,2014-12-31
6112807,SRHINSTITUTIONALBIRTH,COUNTRY,AUS,WPR,Western Pacific,YEAR,2016,,,,,,,DATASOURCE,DATASOURCE_SRHIBAUS2016GOV,98.8,98.8,,,"Australian Institute of Health and Welfare (AIHW); 2018.
",2024-08-06T16:05:08Z,2016,2016-01-01,2016-12-31
6216982,SRHINSTITUTIONALBIRTH,COUNTRY,BIH,EUR,Europe,YEAR,2019,,,,,,,DATASOURCE,DATASOURCE_SRHIBBIH2019STAT,99.9,99.9,,,Institute for Statistics of Federation of Bosnia and Herzegovina; 2020.,2024-08-06T16:05:08Z,2019,2019-01-01,2019-12-31
4658226,SRHINSTITUTIONALBIRTH,COUNTRY,URY,AMR,Americas,YEAR,2006,,,,,,,DATASOURCE,DATASOURCE_SRHIBURY2006GOV,99.3,99.3,,,"Ministerio de Salud Publica [Uruguay]; 2015.
",2024-08-06T16:05:08Z,2006,2006-01-01,2006-12-31
3274412,SRHINSTITUTIONALBIRTH,COUNTRY,BRN,WPR,Western Pacific,YEAR,2016,,,,,,,DATASOURCE,DATASOURCE_SRHIBBRN2016GOV,100.0,100,,,"Ministry of Health [Brunei Darussalam]; 2017.
",2024-08-06T16:05:08Z,2016,2016-01-01,2016-12-31
8315300,SRHINSTITUTIONALBIRTH,COUNTRY,POL,EUR,Europe,YEAR,2021,,,,,,,DATASOURCE,DATASOURCE_SRHIBPOL2021GOV,99.6,99.6,,,Demographic Yearbook of Poland 2022. ,2024-08-06T16:05:08Z,2021,2021-01-01,2021-12-31
6775171,SRHINSTITUTIONALBIRTH,COUNTRY,NIC,AMR,Americas,YEAR,2016,,,,,,,DATASOURCE,DATASOURCE_SRHIBNIC2016WHO,88.0,88,,,WHO/PAHO; 2017.,2024-08-06T16:05:08Z,2016,2016-01-01,2016-12-31
5196527,SRHINSTITUTIONALBIRTH,COUNTRY,PER,AMR,Americas,YEAR,2009,,,,,,,DATASOURCE,DATASOURCE_SRHIBPER20042009DHS,82.0,82,,,"DHS 2009 (Continuous)
",2024-08-06T16:05:08Z,2004-2009,2004-01-01,2009-12-31
7445509,SRHINSTITUTIONALBIRTH,COUNTRY,JPN,WPR,Western Pacific,YEAR,2022,,,,,,,DATASOURCE,DATASOURCE_SRHIBJPN2022STAT,99.8,99.8,,,2022 vital statistics of Japan Volume 1; Natality Table 4.7: Number of live births by place of delivery: Japan; 2022 (https://www.e-stat.go.jp/stat-search/files?stat_infid=000040101527),2024-08-06T16:05:08Z,2022,2022-01-01,2022-12-31
9146949,SRHINSTITUTIONALBIRTH,COUNTRY,SRB,EUR,Europe,YEAR,2006,,,,,,,DATASOURCE,DATASOURCE_SRHIBSRB20032006MICS,98.8,98.8,,,"MICS 2005. 
",2024-08-06T16:05:08Z,2003-2006,2003-01-01,2006-12-31
9166488,SRHINSTITUTIONALBIRTH,COUNTRY,ECU,AMR,Americas,YEAR,2002,,,,,,,DATASOURCE,DATASOURCE_SRHIBECU2002STAT,72.9,72.9,,,"Instituto Nacional de Estadística y Censos (INEC), Ecuador; 2019.",2024-08-06T16:05:08Z,2002,2002-01-01,2002-12-31
4281354,SRHINSTITUTIONALBIRTH,COUNTRY,QAT,EMR,Eastern Mediterranean,YEAR,1995,,,,,,,DATASOURCE,DATASOURCE_SRHIBQAT1995STAT,99.8,99.8,,,"Central Statistical Organization [Qatar]; 1996.
",2024-08-06T16:05:08Z,1995,1995-01-01,1995-12-31
7646628,SRHINSTITUTIONALBIRTH,COUNTRY,SRB,EUR,Europe,YEAR,2016,,,,,,,DATASOURCE,DATASOURCE_SRHIBSRB2016STAT,99.8,99.8,,,Statistical Office of the Republic of Serbia; 2018.,2024-08-06T16:05:08Z,2016,2016-01-01,2016-12-31
2774718,SRHINSTITUTIONALBIRTH,COUNTRY,MNE,EUR,Europe,YEAR,2006,,,,,,,DATASOURCE,DATASOURCE_SRHIBMNE2006STAT,99.7,99.7,,,"Statistical Office [Montenegro]; 2009.
",2024-08-06T16:05:08Z,2006,2006-01-01,2006-12-31
7879853,SRHINSTITUTIONALBIRTH,COUNTRY,CIV,AFR,Africa,YEAR,2021,,,,,,,DATASOURCE,DATASOURCE_SRHIBCIV20192021DHS,80.9,80.9,,,DHS 2021.,2024-08-06T16:05:08Z,2019-2021,2019-01-01,2021-12-31
6249596,SRHINSTITUTIONALBIRTH,COUNTRY,MOZ,AFR,Africa,YEAR,2012,,,,,,,DATASOURCE,DATASOURCE_SRHIBMOZ2012STAT,63.8,63.8,,,National Statistics Institute [Mozambique]; 2017. ,2024-08-06T16:05:08Z,2012,2012-01-01,2012-12-31
8432257,SRHINSTITUTIONALBIRTH,COUNTRY,IDN,WPR,Western Pacific,YEAR,2013,,,,,,,DATASOURCE,DATASOURCE_SRHIBIDN20102013GOV,70.4,70.4,,,"National Institute of Health Research and Development, Ministry of Health, Government of Indonesia; 2013. 
",2024-08-06T16:05:08Z,2010-2013,2010-01-01,2013-12-31
6977070,SRHINSTITUTIONALBIRTH,COUNTRY,CHN,WPR,Western Pacific,YEAR,2005,,,,,,,DATASOURCE,DATASOURCE_SRHIBCHN2005GOV,85.9,85.9,,,"National Health and Family Planning Commission of China (NHFPC); 2016. 
",2024-08-06T16:05:08Z,2005,2005-01-01,2005-12-31
5417698,SRHINSTITUTIONALBIRTH,COUNTRY,FIN,EUR,Europe,YEAR,2003,,,,,,,DATASOURCE,DATASOURCE_SRHIBFIN2003GOV,99.8,99.8,,,"National Institute for Health and Welfare (THL) [Finland]; 2014.
",2024-08-06T16:05:08Z,2003,2003-01-01,2003-12-31
9062304,SRHINSTITUTIONALBIRTH,COUNTRY,LTU,EUR,Europe,YEAR,2021,,,,,,,DATASOURCE,DATASOURCE_SRHIBLTU2021STAT,99.8,99.8,,,Lithuania Official Statistics Portal; 2021.,2024-08-06T16:05:08Z,2021,2021-01-01,2021-12-31
5976487,SRHINSTITUTIONALBIRTH,COUNTRY,EST,EUR,Europe,YEAR,2017,,,,,,,DATASOURCE,DATASOURCE_SRHIBEST2017GOV,99.2,99.2,,,National Institute for Health Development [Estonia]; 2018.,2024-08-06T16:05:08Z,2017,2017-01-01,2017-12-31
7640125,SRHINSTITUTIONALBIRTH,COUNTRY,GEO,EUR,Europe,YEAR,2005,,,,,,,DATASOURCE,DATASOURCE_SRHIBGEO2005GOV,99.0,99,,,"Ministry of Labour, Health and Social Affairs of Georgia; 2006.
",2024-08-06T16:05:08Z,2005,2005-01-01,2005-12-31
1568890,SRHINSTITUTIONALBIRTH,COUNTRY,ECU,AMR,Americas,YEAR,2011,,,,,,,DATASOURCE,DATASOURCE_SRHIBECU2011STAT,88.9,88.9,,,"Instituto Nacional de Estadística y Censos (INEC), Ecuador; 2019.",2024-08-06T16:05:08Z,2011,2011-01-01,2011-12-31
6340417,SRHINSTITUTIONALBIRTH,COUNTRY,KOR,WPR,Western Pacific,YEAR,1997,,,,,,,DATASOURCE,DATASOURCE_SRHIBKOR19951997GOV,99.6,99.6,,,"Lee S-I, Khang Y-H, Yun S, Joa M-W. BJOG; 2005.
",2024-08-06T16:05:08Z,1995-1997,1995-01-01,1997-12-31
8217643,SRHINSTITUTIONALBIRTH,COUNTRY,BEN,AFR,Africa,YEAR,2014,,,,,,,DATASOURCE,DATASOURCE_SRHIBBEN20122014MICS,87.0,87,,,MICS 2014. ,2024-08-06T16:05:08Z,2012-2014,2012-01-01,2014-12-31
6846960,SRHINSTITUTIONALBIRTH,COUNTRY,TGO,AFR,Africa,YEAR,2014,,,,,,,DATASOURCE,DATASOURCE_SRHIBTGO20082014DHS,72.5,72.5,,,"DHS 2013-2014. 
",2024-08-06T16:05:08Z,2008-2014,2008-01-01,2014-12-31
6964081,SRHINSTITUTIONALBIRTH,COUNTRY,MDA,EUR,Europe,YEAR,1997,,,,,,,DATASOURCE,DATASOURCE_SRHIBMDA19921997RHS,99.1,99.1,,,"RHS 1997. 
",2024-08-06T16:05:08Z,1992-1997,1992-01-01,1997-12-31
7282953,SRHINSTITUTIONALBIRTH,COUNTRY,VCT,AMR,Americas,YEAR,2014,,,,,,,DATASOURCE,DATASOURCE_SRHIBVCT2014DATA,99.9,99.9,,,PAHO Database; 2018. ,2024-08-06T16:05:08Z,2014,2014-01-01,2014-12-31
5735794,SRHINSTITUTIONALBIRTH,COUNTRY,IRQ,EMR,Eastern Mediterranean,YEAR,2006,,,,,,,DATASOURCE,DATASOURCE_SRHIBIRQ20042006MICS,62.6,62.6,,,"MICS 2006. 
",2024-08-06T16:05:08Z,2004-2006,2004-01-01,2006-12-31
2644127,SRHINSTITUTIONALBIRTH,COUNTRY,MOZ,AFR,Africa,YEAR,2017,,,,,,,DATASOURCE,DATASOURCE_SRHIBMOZ2017STAT,82.6,82.6,,,National Statistics Institute [Mozambique]; 2018. ,2024-08-06T16:05:08Z,2017,2017-01-01,2017-12-31
9387454,SRHINSTITUTIONALBIRTH,COUNTRY,GHA,AFR,Africa,YEAR,2011,,,,,,,DATASOURCE,DATASOURCE_SRHIBGHA20092011MICS,67.4,67.4,,,"MICS 2011. 
",2024-08-06T16:05:08Z,2009-2011,2009-01-01,2011-12-31
4411710,SRHINSTITUTIONALBIRTH,COUNTRY,DNK,EUR,Europe,YEAR,2010,,,,,,,DATASOURCE,DATASOURCE_SRHIBDNK2010GOV,98.5,98.5,,,Sundhedsstyrelsen [Denmark]; 2012. ,2024-08-06T16:05:08Z,2010,2010-01-01,2010-12-31
2937122,SRHINSTITUTIONALBIRTH,COUNTRY,ISL,EUR,Europe,YEAR,1998,,,,,,,DATASOURCE,DATASOURCE_SRHIBISL1998GOV,99.9,99.9,,,"Directorate of Health [Iceland]; 2017.
",2024-08-06T16:05:08Z,1998,1998-01-01,1998-12-31
6295262,SRHINSTITUTIONALBIRTH,COUNTRY,BGD,SEAR,South-East Asia,YEAR,2014,,,,,,,DATASOURCE,DATASOURCE_SRHIBBGD20112014DHS,37.4,37.4,,,"DHS 2014.
",2024-08-06T16:05:08Z,2011-2014,2011-01-01,2014-12-31
4820114,SRHINSTITUTIONALBIRTH,COUNTRY,BWA,AFR,Africa,YEAR,2008,,,,,,,DATASOURCE,DATASOURCE_SRHIBBWA2008STAT,98.3,98.3,,,"Statistics Botswana (CSO). Botswana Maternal Mortality Ratio (MMR) 2008 – 2012; 2014.
",2024-08-06T16:05:08Z,2008,2008-01-01,2008-12-31
2322194,SRHINSTITUTIONALBIRTH,COUNTRY,CMR,AFR,Africa,YEAR,2011,,,,,,,DATASOURCE,DATASOURCE_SRHIBCMR20052011DHS,61.2,61.2,,,"DHS 2011. 
",2024-08-06T16:05:08Z,2005-2011,2005-01-01,2011-12-31
3989527,SRHINSTITUTIONALBIRTH,COUNTRY,IND,SEAR,South-East Asia,YEAR,1999,,,,,,,DATASOURCE,DATASOURCE_SRHIBIND19951999DHS,33.6,33.6,,,"DHS 1998-99. 
",2024-08-06T16:05:08Z,1995-1999,1995-01-01,1999-12-31
7419535,SRHINSTITUTIONALBIRTH,COUNTRY,PAK,EMR,Eastern Mediterranean,YEAR,2012,,,,,,,DATASOURCE,DATASOURCE_SRHIBPAK20112012STAT,48.0,48,,,Pakistan Bureau of Statistics; 2013.,2024-08-06T16:05:08Z,2011-2012,2011-01-01,2012-12-31
1619685,SRHINSTITUTIONALBIRTH,COUNTRY,ZWE,AFR,Africa,YEAR,2009,,,,,,,DATASOURCE,DATASOURCE_SRHIBZWE20072009MICS,58.5,58.5,,,"MICS/MIMS 2009.
",2024-08-06T16:05:08Z,2007-2009,2007-01-01,2009-12-31
6086998,SRHINSTITUTIONALBIRTH,COUNTRY,PNG,WPR,Western Pacific,YEAR,2010,,,,,,,DATASOURCE,DATASOURCE_SRHIBPNG2010GOV,40.0,40,,,"Ministry of Health [Papua New Guinea]; 2013.
",2024-08-06T16:05:08Z,2010,2010-01-01,2010-12-31
4833001,SRHINSTITUTIONALBIRTH,COUNTRY,CYP,EUR,Europe,YEAR,2014,,,,,,,DATASOURCE,DATASOURCE_SRHIBCYP2014GOV,97.4,97.4,,,Republic of Cyprus; 2015.,2024-08-06T16:05:08Z,2014,2014-01-01,2014-12-31
1794287,SRHINSTITUTIONALBIRTH,COUNTRY,AUS,WPR,Western Pacific,YEAR,1996,,,,,,,DATASOURCE,DATASOURCE_SRHIBAUS1996GOV,99.3,99.3,,,"Day P, Sullivan EA, Lancaster P. Australian Institute of Health and Welfare (AIHW). Australia's mothers and babies 1996; 1999.",2024-08-06T16:05:08Z,1996,1996-01-01,1996-12-31
6625734,SRHINSTITUTIONALBIRTH,COUNTRY,FIN,EUR,Europe,YEAR,2016,,,,,,,DATASOURCE,DATASOURCE_SRHIBFIN2016GOV,99.9,99.9,,,National Institute for Health and Welfare (THL) [Finland]; 2018.,2024-08-06T16:05:08Z,2016,2016-01-01,2016-12-31
3605566,SRHINSTITUTIONALBIRTH,COUNTRY,USA,AMR,Americas,YEAR,2018,,,,,,,DATASOURCE,DATASOURCE_SRHIBUSA2018STAT,98.8,98.8,,,National Center for Health Statistics [USA]. Final Data for 2018; 2019.,2024-08-06T16:05:08Z,2018,2018-01-01,2018-12-31
4521774,SRHINSTITUTIONALBIRTH,COUNTRY,ITA,EUR,Europe,YEAR,2005,,,,,,,DATASOURCE,DATASOURCE_SRHIBITA2005STAT,99.8,99.8,,,Direzione Generale del Sistema Informativo – Ufficio di Statistica [Italy]; 2008.,2024-08-06T16:05:08Z,2005,2005-01-01,2005-12-31
8659775,SRHINSTITUTIONALBIRTH,COUNTRY,SDN,EMR,Eastern Mediterranean,YEAR,2014,,,,,,,DATASOURCE,DATASOURCE_SRHIBSDN20122014MICS,27.7,27.7,,,"MICS 2014. 
",2024-08-06T16:05:08Z,2012-2014,2012-01-01,2014-12-31
5534455,SRHINSTITUTIONALBIRTH,COUNTRY,FRA,EUR,Europe,YEAR,2005,,,,,,,DATASOURCE,DATASOURCE_SRHIBFRA2005STAT,97.9,97.9,,,"Institut National de la Statistique et des Études Économiques (INSEE) [France]; 2006.
",2024-08-06T16:05:08Z,2005,2005-01-01,2005-12-31
2657249,SRHINSTITUTIONALBIRTH,COUNTRY,ISL,EUR,Europe,YEAR,2012,,,,,,,DATASOURCE,DATASOURCE_SRHIBISL2012GOV,97.8,97.8,,,"Directorate of Health [Iceland]; 2017.
",2024-08-06T16:05:08Z,2012,2012-01-01,2012-12-31
1504024,SRHINSTITUTIONALBIRTH,COUNTRY,LBN,EMR,Eastern Mediterranean,YEAR,1996,,,,,,,DATASOURCE,DATASOURCE_SRHIBLBN19911996GOV,87.9,87.9,,,"Ministry of Public Health [Lebanon], Ministry of Social Affairs [Lebanon]; 1996.
",2024-08-06T16:05:08Z,1991-1996,1991-01-01,1996-12-31
9633060,SRHINSTITUTIONALBIRTH,COUNTRY,RWA,AFR,Africa,YEAR,2010,,,,,,,DATASOURCE,DATASOURCE_SRHIBRWA20052010DHS,68.9,68.9,,,"DHS 2010. 
",2024-08-06T16:05:08Z,2005-2010,2005-01-01,2010-12-31
9717620,SRHINSTITUTIONALBIRTH,COUNTRY,FJI,WPR,Western Pacific,YEAR,2000,,,,,,,DATASOURCE,DATASOURCE_SRHIBFJI2000GOV,96.9,96.9,,,"Ministry of Health [Fiji]; 2007.
",2024-08-06T16:05:08Z,2000,2000-01-01,2000-12-31
8074803,SRHINSTITUTIONALBIRTH,COUNTRY,SRB,EUR,Europe,YEAR,2014,,,,,,,DATASOURCE,DATASOURCE_SRHIBSRB20122014MICS,98.3,98.3,,,"MICS 2014. 
",2024-08-06T16:05:08Z,2012-2014,2012-01-01,2014-12-31
3157525,SRHINSTITUTIONALBIRTH,COUNTRY,CHN,WPR,Western Pacific,YEAR,1990,,,,,,,DATASOURCE,DATASOURCE_SRHIBCHN1990GOV,50.6,50.6,,,"National Health and Family Planning Commission of China (NHFPC); 2016. 
",2024-08-06T16:05:08Z,1990,1990-01-01,1990-12-31
1897657,SRHINSTITUTIONALBIRTH,COUNTRY,IRL,EUR,Europe,YEAR,2006,,,,,,,DATASOURCE,DATASOURCE_SRHIBIRL2006STAT,99.7,99.7,,,"Health Research and Information Division, the Economic and Social Research Institute (ESRI) [Ireland]. Perinatal Statistics Report 2006; 2008.  ",2024-08-06T16:05:08Z,2006,2006-01-01,2006-12-31
8510236,SRHINSTITUTIONALBIRTH,COUNTRY,NGA,AFR,Africa,YEAR,2003,,,,,,,DATASOURCE,DATASOURCE_SRHIBNGA19982003DHS,32.6,32.6,,,"DHS 2003. 
",2024-08-06T16:05:08Z,1998-2003,1998-01-01,2003-12-31
5437420,SRHINSTITUTIONALBIRTH,COUNTRY,JOR,EMR,Eastern Mediterranean,YEAR,2002,,,,,,,DATASOURCE,DATASOURCE_SRHIBJOR19972002DHS,96.9,96.9,,,DHS 2002. ,2024-08-06T16:05:08Z,1997-2002,1997-01-01,2002-12-31
8764315,SRHINSTITUTIONALBIRTH,COUNTRY,URY,AMR,Americas,YEAR,2014,,,,,,,DATASOURCE,DATASOURCE_SRHIBURY2014GOV,99.4,99.4,,,"Ministerio de Salud Publica [Uruguay]; 2015.
",2024-08-06T16:05:08Z,2014,2014-01-01,2014-12-31
2534057,SRHINSTITUTIONALBIRTH,COUNTRY,BGD,SEAR,South-East Asia,YEAR,2006,,,,,,,DATASOURCE,DATASOURCE_SRHIBBGD20042006MICS,16.0,16,,,"MICS 2006. 
",2024-08-06T16:05:08Z,2004-2006,2004-01-01,2006-12-31
2892030,SRHINSTITUTIONALBIRTH,COUNTRY,OMN,EMR,Eastern Mediterranean,YEAR,2000,,,,,,,DATASOURCE,DATASOURCE_SRHIBOMN19952000UN,93.1,93.1,,,"Ministry of Health [Oman], UNICEF, UNFPA; 2001.
",2024-08-06T16:05:08Z,1995-2000,1995-01-01,2000-12-31
8120455,SRHINSTITUTIONALBIRTH,COUNTRY,BIH,EUR,Europe,YEAR,2005,,,,,,,DATASOURCE,DATASOURCE_SRHIBBIH2005STAT,99.9,99.9,,,"Federal Office of Statistics [Bosnia and Herzegovina]; 2006.
",2024-08-06T16:05:08Z,2005,2005-01-01,2005-12-31
6470040,SRHINSTITUTIONALBIRTH,COUNTRY,ITA,EUR,Europe,YEAR,2006,,,,,,,DATASOURCE,DATASOURCE_SRHIBITA2006STAT,99.8,99.8,,,Direzione Generale del Sistema Informativo – Ufficio di Statistica [Italy]; 2009.,2024-08-06T16:05:08Z,2006,2006-01-01,2006-12-31
3586178,SRHINSTITUTIONALBIRTH,COUNTRY,SLV,AMR,Americas,YEAR,2021,,,,,,,DATASOURCE,DATASOURCE_SRHIBSLV20192021GOV,94.8,94.8,,,ENS 2021.,2024-08-06T16:05:08Z,2019-2021,2019-01-01,2021-12-31
6938063,SRHINSTITUTIONALBIRTH,COUNTRY,SRB,EUR,Europe,YEAR,2010,,,,,,,DATASOURCE,DATASOURCE_SRHIBSRB20082010MICS,99.8,99.8,,,"MICS 2010. 
",2024-08-06T16:05:08Z,2008-2010,2008-01-01,2010-12-31
7178903,SRHINSTITUTIONALBIRTH,COUNTRY,AUS,WPR,Western Pacific,YEAR,1994,,,,,,,DATASOURCE,DATASOURCE_SRHIBAUS1994GOV,99.4,99.4,,,"Day P, Lancaster P, Huang J. Australian Institute of Health and Welfare (AIHW). Australia's mothers and babies 1994; 1997.",2024-08-06T16:05:08Z,1994,1994-01-01,1994-12-31
8848602,SRHINSTITUTIONALBIRTH,COUNTRY,BTN,SEAR,South-East Asia,YEAR,2019,,,,,,,DATASOURCE,DATASOURCE_SRHIBBTN2019GOV,94.5,94.5,,,Annual Health Bulletin 2020.,2024-08-06T16:05:08Z,2019,2019-01-01,2019-12-31
7458720,SRHINSTITUTIONALBIRTH,COUNTRY,ECU,AMR,Americas,YEAR,1999,,,,,,,DATASOURCE,DATASOURCE_SRHIBECU1999STAT,68.9,68.9,,,"Instituto Nacional de Estadística y Censos (INEC), Ecuador; 2019.",2024-08-06T16:05:08Z,1999,1999-01-01,1999-12-31
3313480,SRHINSTITUTIONALBIRTH,COUNTRY,POL,EUR,Europe,YEAR,2013,,,,,,,DATASOURCE,DATASOURCE_SRHIBPOL2013STAT,99.8,99.8,,,"Central Statistical Office [Poland]; 2014.
",2024-08-06T16:05:08Z,2013,2013-01-01,2013-12-31
6625832,SRHINSTITUTIONALBIRTH,COUNTRY,TTO,AMR,Americas,YEAR,2000,,,,,,,DATASOURCE,DATASOURCE_SRHIBTTO2000GOV,99.1,99.1,,,"Ministry of Health [Trinidad and Tobago]; 2002.
",2024-08-06T16:05:08Z,2000,2000-01-01,2000-12-31
2194235,SRHINSTITUTIONALBIRTH,COUNTRY,TGO,AFR,Africa,YEAR,2010,,,,,,,DATASOURCE,DATASOURCE_SRHIBTGO20082010MICS,66.5,66.5,,,"MICS 2010. 
",2024-08-06T16:05:08Z,2008-2010,2008-01-01,2010-12-31
3846911,SRHINSTITUTIONALBIRTH,COUNTRY,BRN,WPR,Western Pacific,YEAR,2002,,,,,,,DATASOURCE,DATASOURCE_SRHIBBRN2002GOV,99.4,99.4,,,"Ministry of Health [Brunei Darussalam]; 2009.
",2024-08-06T16:05:08Z,2002,2002-01-01,2002-12-31
4307575,SRHINSTITUTIONALBIRTH,COUNTRY,BHS,AMR,Americas,YEAR,2019,,,,,,,DATASOURCE,DATASOURCE_SRHIBBHS2019WHO,99.0,99,,,PLISA Health Information Platform; 2024.,2024-08-06T16:05:08Z,2019,2019-01-01,2019-12-31
2801000,SRHINSTITUTIONALBIRTH,COUNTRY,VEN,AMR,Americas,YEAR,2011,,,,,,,DATASOURCE,DATASOURCE_SRHIBVEN2011STAT,95.4,95.38603097,,,"Local de asistencia [website]. Venezuela: Instituto Nacional de Estadística, 2016 (accessed 14 October 2016, in Spanish). ",2024-08-06T16:05:08Z,2011,2011-01-01,2011-12-31
9439277,SRHINSTITUTIONALBIRTH,COUNTRY,BWA,AFR,Africa,YEAR,2014,,,,,,,DATASOURCE,DATASOURCE_SRHIBBWA2014STAT,99.6,99.6,,,"Statistics Botswana (CSO); 2016.
",2024-08-06T16:05:08Z,2014,2014-01-01,2014-12-31
9672071,SRHINSTITUTIONALBIRTH,COUNTRY,GEO,EUR,Europe,YEAR,2002,,,,,,,DATASOURCE,DATASOURCE_SRHIBGEO2002GOV,97.9,97.9,,,"Ministry of Labour, Health and Social Affairs of Georgia; 2006.
",2024-08-06T16:05:08Z,2002,2002-01-01,2002-12-31
6386213,SRHINSTITUTIONALBIRTH,COUNTRY,CAN,AMR,Americas,YEAR,2013,,,,,,,DATASOURCE,DATASOURCE_SRHIBCAN2013STAT,98.0,98,,,"Statistics Canada; 2017. 
",2024-08-06T16:05:08Z,2013,2013-01-01,2013-12-31
1904058,SRHINSTITUTIONALBIRTH,COUNTRY,AUS,WPR,Western Pacific,YEAR,2015,,,,,,,DATASOURCE,DATASOURCE_SRHIBAUS2015GOV,98.8,98.8,,,Australian Institute of Health and Welfare (AIHW); 2017.,2024-08-06T16:05:08Z,2015,2015-01-01,2015-12-31
8497324,SRHINSTITUTIONALBIRTH,COUNTRY,BRA,AMR,Americas,YEAR,1999,,,,,,,DATASOURCE,DATASOURCE_SRHIBBRA1999DATA,98.6,98.6,,,"DATASUS, MS/SVS/DASIS [Brazil]. Período: 1999; 2011.
",2024-08-06T16:05:08Z,1999,1999-01-01,1999-12-31
5352754,SRHINSTITUTIONALBIRTH,COUNTRY,USA,AMR,Americas,YEAR,1994,,,,,,,DATASOURCE,DATASOURCE_SRHIBUSA1994STAT,98.9,98.9,,,"Curtin SC, Park MM. National Center for Health Statistics; 1999.
",2024-08-06T16:05:08Z,1994,1994-01-01,1994-12-31
2560240,SRHINSTITUTIONALBIRTH,COUNTRY,LSO,AFR,Africa,YEAR,2024,,,,,,,DATASOURCE,DATASOURCE_SRHIBLSO20212024DHS,85.3,85.3,,,DHS 2023-2024. Key indicators.,2024-08-06T16:05:08Z,2021-2024,2021-01-01,2024-12-31
2560254,SRHINSTITUTIONALBIRTH,COUNTRY,DNK,EUR,Europe,YEAR,2000,,,,,,,DATASOURCE,DATASOURCE_SRHIBDNK2000GOV,98.8,98.8,,,"Sundhedsstyrelsen [Denmark]; 2003.
",2024-08-06T16:05:08Z,2000,2000-01-01,2000-12-31
5748997,SRHINSTITUTIONALBIRTH,COUNTRY,NOR,EUR,Europe,YEAR,2011,,,,,,,DATASOURCE,DATASOURCE_SRHIBNOR2011GOV,99.2,99.2,,,"Folkehelseinstituttet [Norwegian Institute of Public Health (NIPH)]; 2012.
",2024-08-06T16:05:08Z,2011,2011-01-01,2011-12-31
1671475,SRHINSTITUTIONALBIRTH,COUNTRY,NOR,EUR,Europe,YEAR,2002,,,,,,,DATASOURCE,DATASOURCE_SRHIBNOR2002GOV,99.1,99.1,,,"Folkehelseinstituttet [Norwegian Institute of Public Health (NIPH)]; 2003.
",2024-08-06T16:05:08Z,2002,2002-01-01,2002-12-31
2995359,SRHINSTITUTIONALBIRTH,COUNTRY,DOM,AMR,Americas,YEAR,1999,,,,,,,DATASOURCE,DATASOURCE_SRHIBDOM19941999DHS,96.6,96.6,,,"DHS 1999 (final report from experimental survey). 
",2024-08-06T16:05:08Z,1994-1999,1994-01-01,1999-12-31
4865503,SRHINSTITUTIONALBIRTH,COUNTRY,AUS,WPR,Western Pacific,YEAR,2003,,,,,,,DATASOURCE,DATASOURCE_SRHIBAUS2003GOV,99.3,99.3,,,"Laws PJ, Sullivan EA. Australian Institute of Health and Welfare (AIHW); 2005.
",2024-08-06T16:05:08Z,2003,2003-01-01,2003-12-31
1891223,SRHINSTITUTIONALBIRTH,COUNTRY,GIN,AFR,Africa,YEAR,2012,,,,,,,DATASOURCE,DATASOURCE_SRHIBGIN20072012MICS,40.3,40.3,,,"DHS 2012. (DHS/MICS 2012). 
",2024-08-06T16:05:08Z,2007-2012,2007-01-01,2012-12-31
6717051,SRHINSTITUTIONALBIRTH,COUNTRY,PAN,AMR,Americas,YEAR,2019,,,,,,,DATASOURCE,DATASOURCE_SRHIBPAN2019WHO,94.9,94.9,,,PLISA Health Information Platform; 2024.,2024-08-06T16:05:08Z,2019,2019-01-01,2019-12-31
5631909,SRHINSTITUTIONALBIRTH,COUNTRY,KWT,EMR,Eastern Mediterranean,YEAR,2016,,,,,,,DATASOURCE,DATASOURCE_SRHIBKWT2016STAT,99.9,99.9,,,Central Statistical Bureau (Office) [Kuwait]; 2017.,2024-08-06T16:05:08Z,2016,2016-01-01,2016-12-31
5709889,SRHINSTITUTIONALBIRTH,COUNTRY,PER,AMR,Americas,YEAR,2013,,,,,,,DATASOURCE,DATASOURCE_SRHIBPER20082013DHS,88.6,88.6,,,"DHS 2013 (Continuous).
",2024-08-06T16:05:08Z,2008-2013,2008-01-01,2013-12-31
7627323,SRHINSTITUTIONALBIRTH,COUNTRY,EST,EUR,Europe,YEAR,1994,,,,,,,DATASOURCE,DATASOURCE_SRHIBEST1994GOV,99.1,99.1,,,"National Institute for Health Development [Estonia]; 2017.
",2024-08-06T16:05:08Z,1994,1994-01-01,1994-12-31
4444092,SRHINSTITUTIONALBIRTH,COUNTRY,SEN,AFR,Africa,YEAR,2014,,,,,,,DATASOURCE,DATASOURCE_SRHIBSEN20092014DHS,76.9,76.9,,,"DHS 2014 (DHS Continuous).  
",2024-08-06T16:05:08Z,2009-2014,2009-01-01,2014-12-31
4593614,SRHINSTITUTIONALBIRTH,COUNTRY,TKM,EUR,Europe,YEAR,2019,,,,,,,DATASOURCE,DATASOURCE_SRHIBTKM20172019MICS,100.0,100,,,MICS 2019.,2024-08-06T16:05:08Z,2017-2019,2017-01-01,2019-12-31
4794496,SRHINSTITUTIONALBIRTH,COUNTRY,EGY,EMR,Eastern Mediterranean,YEAR,1998,,,,,,,DATASOURCE,DATASOURCE_SRHIBEGY19931998DHS,39.7,39.7,,,"DHS 1998 (Interim DHS). 
",2024-08-06T16:05:08Z,1993-1998,1993-01-01,1998-12-31
3222625,SRHINSTITUTIONALBIRTH,COUNTRY,CYP,EUR,Europe,YEAR,1996,,,,,,,DATASOURCE,DATASOURCE_SRHIBCYP1996GOV,100.0,100,,,"Republic of Cyprus; 2011.
",2024-08-06T16:05:08Z,1996,1996-01-01,1996-12-31
4897874,SRHINSTITUTIONALBIRTH,COUNTRY,MLT,EUR,Europe,YEAR,2010,,,,,,,DATASOURCE,DATASOURCE_SRHIBMLT2010GOV,99.8,99.8,,,Department of Health Information and Research (DHIR) [Malta]; 2011.,2024-08-06T16:05:08Z,2010,2010-01-01,2010-12-31
3716796,SRHINSTITUTIONALBIRTH,COUNTRY,BLZ,AMR,Americas,YEAR,2011,,,,,,,DATASOURCE,DATASOURCE_SRHIBBLZ20092011MICS,93.8,93.8,,,MICS 2011.,2024-08-06T16:05:08Z,2009-2011,2009-01-01,2011-12-31
8725207,SRHINSTITUTIONALBIRTH,COUNTRY,BGR,EUR,Europe,YEAR,2015,,,,,,,DATASOURCE,DATASOURCE_SRHIBBGR2015STAT,92.0,92,,,Annual Bulgaria Public Health Statistics 2019.,2024-08-06T16:05:08Z,2015,2015-01-01,2015-12-31
3944585,SRHINSTITUTIONALBIRTH,COUNTRY,BIH,EUR,Europe,YEAR,2017,,,,,,,DATASOURCE,DATASOURCE_SRHIBBIH2017STAT,99.8,99.8,,,Institute for Statistics of Federation of Bosnia and Herzegovina; 2018.,2024-08-06T16:05:08Z,2017,2017-01-01,2017-12-31
5671068,SRHINSTITUTIONALBIRTH,COUNTRY,TCD,AFR,Africa,YEAR,2019,,,,,,,DATASOURCE,DATASOURCE_SRHIBTCD20172019MICS,27.2,27.2,,,MICS 2019. ,2024-08-06T16:05:08Z,2017-2019,2017-01-01,2019-12-31
5833628,SRHINSTITUTIONALBIRTH,COUNTRY,TTO,AMR,Americas,YEAR,2015,,,,,,,DATASOURCE,DATASOURCE_SRHIBTTO2015WHO,99.9,99.9,,,WHO/PAHO; 2016.,2024-08-06T16:05:08Z,2015,2015-01-01,2015-12-31
9166769,SRHINSTITUTIONALBIRTH,COUNTRY,KWT,EMR,Eastern Mediterranean,YEAR,2004,,,,,,,DATASOURCE,DATASOURCE_SRHIBKWT2004STAT,98.3,98.3,,,Central Statistical Bureau (Office) [Kuwait]; 2006.,2024-08-06T16:05:08Z,2004,2004-01-01,2004-12-31
2931077,SRHINSTITUTIONALBIRTH,COUNTRY,BLR,EUR,Europe,YEAR,2012,,,,,,,DATASOURCE,DATASOURCE_SRHIBBLR20102012MICS,100.0,100,,,"MICS 2012. 
",2024-08-06T16:05:08Z,2010-2012,2010-01-01,2012-12-31
3248709,SRHINSTITUTIONALBIRTH,COUNTRY,FJI,WPR,Western Pacific,YEAR,1999,,,,,,,DATASOURCE,DATASOURCE_SRHIBFJI1999GOV,96.4,96.4,,,"Ministry of Health [Fiji]; 2007.
",2024-08-06T16:05:08Z,1999,1999-01-01,1999-12-31
8542947,SRHINSTITUTIONALBIRTH,COUNTRY,EST,EUR,Europe,YEAR,2010,,,,,,,DATASOURCE,DATASOURCE_SRHIBEST2010GOV,99.3,99.3,,,"National Institute for Health Development [Estonia]; 2013.
",2024-08-06T16:05:08Z,2010,2010-01-01,2010-12-31
7354464,SRHINSTITUTIONALBIRTH,COUNTRY,STP,AFR,Africa,YEAR,1999,,,,,,,DATASOURCE,DATASOURCE_SRHIBSTP1999UN,52.0,52,,,"République Démocratique de Sao Tomé et Principe, ONU/UN; 2004. 
",2024-08-06T16:05:08Z,1999,1999-01-01,1999-12-31
1289008,SRHINSTITUTIONALBIRTH,COUNTRY,QAT,EMR,Eastern Mediterranean,YEAR,1991,,,,,,,DATASOURCE,DATASOURCE_SRHIBQAT1991STAT,99.3,99.3,,,"Central Statistical Organization [Qatar]; 1992.
",2024-08-06T16:05:08Z,1991,1991-01-01,1991-12-31
6327724,SRHINSTITUTIONALBIRTH,COUNTRY,FIN,EUR,Europe,YEAR,1998,,,,,,,DATASOURCE,DATASOURCE_SRHIBFIN1998GOV,98.3,98.3,,,"National Research and Development Centre for Welfare and Health [Finland]; 2005.
",2024-08-06T16:05:08Z,1998,1998-01-01,1998-12-31
6476720,SRHINSTITUTIONALBIRTH,COUNTRY,PRY,AMR,Americas,YEAR,2010,,,,,,,DATASOURCE,DATASOURCE_SRHIBPRY2010STAT,95.6,95.6,,,"Dirección General de Estadística, Encuestas y Censos (DGEEC) [Paraguay].Estadísticas Vitales del Paraguay 2010; 2013.
",2024-08-06T16:05:08Z,2010,2010-01-01,2010-12-31
5437607,SRHINSTITUTIONALBIRTH,COUNTRY,ISL,EUR,Europe,YEAR,2007,,,,,,,DATASOURCE,DATASOURCE_SRHIBISL2007GOV,98.9,98.9,,,"Directorate of Health [Iceland]; 2017.
",2024-08-06T16:05:08Z,2007,2007-01-01,2007-12-31
9179456,SRHINSTITUTIONALBIRTH,COUNTRY,USA,AMR,Americas,YEAR,2009,,,,,,,DATASOURCE,DATASOURCE_SRHIBUSA2009STAT,98.9,98.9,,,"National Center for Health Statistics [USA]; 2011.
",2024-08-06T16:05:08Z,2009,2009-01-01,2009-12-31
9218375,SRHINSTITUTIONALBIRTH,COUNTRY,USA,AMR,Americas,YEAR,2013,,,,,,,DATASOURCE,DATASOURCE_SRHIBUSA2013STAT,98.6,98.6,,,"National Center for Health Statistics [USA]. Births: Final Data for 2013; 2015.
",2024-08-06T16:05:08Z,2013,2013-01-01,2013-12-31
26845,SRHINSTITUTIONALBIRTH,COUNTRY,SGP,WPR,Western Pacific,YEAR,2003,,,,,,,DATASOURCE,DATASOURCE_SRHIBSGP2003STAT,99.7,99.7,,,"Department of Statistics [Singapore]; 2007.
",2024-08-06T16:05:08Z,2003,2003-01-01,2003-12-31
7575495,SRHINSTITUTIONALBIRTH,COUNTRY,CAN,AMR,Americas,YEAR,2010,,,,,,,DATASOURCE,DATASOURCE_SRHIBCAN2010STAT,98.5,98.5,,,"Statistics Canada; 2017. 
",2024-08-06T16:05:08Z,2010,2010-01-01,2010-12-31
9309705,SRHINSTITUTIONALBIRTH,COUNTRY,NPL,SEAR,South-East Asia,YEAR,2019,,,,,,,DATASOURCE,DATASOURCE_SRHIBNPL20172019MICS,77.5,77.5,,,MICS 2019.,2024-08-06T16:05:08Z,2017-2019,2017-01-01,2019-12-31
7679618,SRHINSTITUTIONALBIRTH,COUNTRY,KWT,EMR,Eastern Mediterranean,YEAR,2022,,,,,,,DATASOURCE,DATASOURCE_SRHIBKWT2022STAT,99.2,99.2,,,Central Statistical Bureau (Office) [Kuwait]: 2023.,2024-08-06T16:05:08Z,2022,2022-01-01,2022-12-31
7698320,SRHINSTITUTIONALBIRTH,COUNTRY,DEU,EUR,Europe,YEAR,2014,,,,,,,DATASOURCE,DATASOURCE_SRHIBDEU2014STAT,98.6,98.6,,,DESTATIS [online database]; 2019. ,2024-08-06T16:05:08Z,2014,2014-01-01,2014-12-31
6262956,SRHINSTITUTIONALBIRTH,COUNTRY,BRA,AMR,Americas,YEAR,2012,,,,,,,DATASOURCE,DATASOURCE_SRHIBBRA2012DATA,99.0,99,,,"DATASUS, MS/SVS/DASIS [Brazil]. Período: 2012; 2014.
",2024-08-06T16:05:08Z,2012,2012-01-01,2012-12-31
6392845,SRHINSTITUTIONALBIRTH,COUNTRY,LAO,WPR,Western Pacific,YEAR,2006,,,,,,,DATASOURCE,DATASOURCE_SRHIBLAO20042006MICS,17.1,17.1,,,MICS 2006. ,2024-08-06T16:05:08Z,2004-2006,2004-01-01,2006-12-31
3528085,SRHINSTITUTIONALBIRTH,COUNTRY,BIH,EUR,Europe,YEAR,2021,,,,,,,DATASOURCE,DATASOURCE_SRHIBBIH2021STAT,99.9,99.9,,,Institute for Statistics of Federation of Bosnia and Herzegovina; 2022.,2024-08-06T16:05:08Z,2021,2021-01-01,2021-12-31
3528100,SRHINSTITUTIONALBIRTH,COUNTRY,QAT,EMR,Eastern Mediterranean,YEAR,2001,,,,,,,DATASOURCE,DATASOURCE_SRHIBQAT2001GOV,99.9,99.9,,,"The Planning Council [Qatar]; 2002.
",2024-08-06T16:05:08Z,2001,2001-01-01,2001-12-31
8686127,SRHINSTITUTIONALBIRTH,COUNTRY,QAT,EMR,Eastern Mediterranean,YEAR,2012,,,,,,,DATASOURCE,DATASOURCE_SRHIBQAT20102012MICS,98.9,98.9,,,"MICS 2012. 
",2024-08-06T16:05:08Z,2010-2012,2010-01-01,2012-12-31
2285562,SRHINSTITUTIONALBIRTH,COUNTRY,ZWE,AFR,Africa,YEAR,1994,,,,,,,DATASOURCE,DATASOURCE_SRHIBZWE19911994DHS,68.9,68.9,,,"DHS 1994. 
",2024-08-06T16:05:08Z,1991-1994,1991-01-01,1994-12-31
5398508,SRHINSTITUTIONALBIRTH,COUNTRY,BEN,AFR,Africa,YEAR,2001,,,,,,,DATASOURCE,DATASOURCE_SRHIBBEN19962001DHS,76.0,76,,,DHS 2001. ,2024-08-06T16:05:08Z,1996-2001,1996-01-01,2001-12-31
1412458,SRHINSTITUTIONALBIRTH,COUNTRY,DNK,EUR,Europe,YEAR,2012,,,,,,,DATASOURCE,DATASOURCE_SRHIBDNK2012STAT,98.2,98.2,,,"Statens Serum Institut [Denmark]; 2013.
",2024-08-06T16:05:08Z,2012,2012-01-01,2012-12-31
4425063,SRHINSTITUTIONALBIRTH,COUNTRY,MEX,AMR,Americas,YEAR,1995,,,,,,,DATASOURCE,DATASOURCE_SRHIBMEX1995STAT,74.8,74.8,,,"Instituto Nacional de Estadística, Geografía e Informática (INEGI) [Mexico]; 2001.",2024-08-06T16:05:08Z,1995,1995-01-01,1995-12-31
7834915,SRHINSTITUTIONALBIRTH,COUNTRY,ECU,AMR,Americas,YEAR,1994,,,,,,,DATASOURCE,DATASOURCE_SRHIBECU1994STAT,61.3,61.3,,,"Instituto Nacional de Estadística y Censos (INEC), Ecuador; 2019.",2024-08-06T16:05:08Z,1994,1994-01-01,1994-12-31
2905263,SRHINSTITUTIONALBIRTH,COUNTRY,ITA,EUR,Europe,YEAR,2003,,,,,,,DATASOURCE,DATASOURCE_SRHIBITA2003STAT,99.6,99.6,,,Direzione Generale del Sistema Informativo – Ufficio di Statistica [Italy]; 2005.,2024-08-06T16:05:08Z,2003,2003-01-01,2003-12-31
4522042,SRHINSTITUTIONALBIRTH,COUNTRY,MWI,AFR,Africa,YEAR,2006,,,,,,,DATASOURCE,DATASOURCE_SRHIBMWI20042006MICS,53.8,53.8,,,MICS 2006. ,2024-08-06T16:05:08Z,2004-2006,2004-01-01,2006-12-31
4704071,SRHINSTITUTIONALBIRTH,COUNTRY,AUT,EUR,Europe,YEAR,2005,,,,,,,DATASOURCE,DATASOURCE_SRHIBAUT2005STAT,98.6,98.6,,,"Statistik Austria; 2013.
",2024-08-06T16:05:08Z,2005,2005-01-01,2005-12-31
1697146,SRHINSTITUTIONALBIRTH,COUNTRY,CRI,AMR,Americas,YEAR,2021,,,,,,,DATASOURCE,DATASOURCE_SRHIBCRI2021WHO,98.6,98.6,,,PLISA Health Information Platform; 2024.,2024-08-06T16:05:08Z,2021,2021-01-01,2021-12-31
4073775,SRHINSTITUTIONALBIRTH,COUNTRY,CAN,AMR,Americas,YEAR,1997,,,,,,,DATASOURCE,DATASOURCE_SRHIBCAN1997STAT,99.3,99.3,,,"Statistics Canada; 2013. 
",2024-08-06T16:05:08Z,1997,1997-01-01,1997-12-31
5801183,SRHINSTITUTIONALBIRTH,COUNTRY,TUR,EUR,Europe,YEAR,2020,,,,,,,DATASOURCE,DATASOURCE_SRHIBTUR2020STAT,98.0,98,,,Health Statistics Yearbook 2020.,2024-08-06T16:05:08Z,2020,2020-01-01,2020-12-31
2644466,SRHINSTITUTIONALBIRTH,COUNTRY,DNK,EUR,Europe,YEAR,2020,,,,,,,DATASOURCE,DATASOURCE_SRHIBDNK2020DATA,96.6,96.6,,,Sundhedsdatastyrelsen [Denmark]; 2023.,2024-08-06T16:05:08Z,2020,2020-01-01,2020-12-31
4249620,SRHINSTITUTIONALBIRTH,COUNTRY,MEX,AMR,Americas,YEAR,1991,,,,,,,DATASOURCE,DATASOURCE_SRHIBMEX1991STAT,71.4,71.4,,,"Instituto Nacional de Estadística, Geografía e Informática (INEGI) [Mexico]; 2001.",2024-08-06T16:05:08Z,1991,1991-01-01,1991-12-31
9264072,SRHINSTITUTIONALBIRTH,COUNTRY,IRL,EUR,Europe,YEAR,2018,,,,,,,DATASOURCE,DATASOURCE_SRHIBIRL2018GOV,99.7,99.7,,,"Healthcare Pricing Office (HPO), Health Service Executive (HSE) [Ireland]; 2022.",2024-08-06T16:05:08Z,2018,2018-01-01,2018-12-31
9322763,SRHINSTITUTIONALBIRTH,COUNTRY,BDI,AFR,Africa,YEAR,2005,,,,,,,DATASOURCE,DATASOURCE_SRHIBBDI20032005MICS,28.5,28.5,,,"MICS 2005. 
",2024-08-06T16:05:08Z,2003-2005,2003-01-01,2005-12-31
9478631,SRHINSTITUTIONALBIRTH,COUNTRY,CYP,EUR,Europe,YEAR,2018,,,,,,,DATASOURCE,DATASOURCE_SRHIBCYP2018GOV,98.3,98.3,,,"Births, deaths, migration 1974-2018. ",2024-08-06T16:05:08Z,2018,2018-01-01,2018-12-31
5099772,SRHINSTITUTIONALBIRTH,COUNTRY,IRL,EUR,Europe,YEAR,2005,,,,,,,DATASOURCE,DATASOURCE_SRHIBIRL2005STAT,99.7,99.7,,,"Health Research and Information Division, the Economic and Social Research Institute (ESRI) [Ireland]. Perinatal Statistics Report 2005; 2008.  ",2024-08-06T16:05:08Z,2005,2005-01-01,2005-12-31
8445646,SRHINSTITUTIONALBIRTH,COUNTRY,CHL,AMR,Americas,YEAR,2015,,,,,,,DATASOURCE,DATASOURCE_SRHIBCHL2015STAT,99.7,99.7,,,Instituto Nacional de Estadísticas [Chile]; 2017.,2024-08-06T16:05:08Z,2015,2015-01-01,2015-12-31
5339911,SRHINSTITUTIONALBIRTH,COUNTRY,BIH,EUR,Europe,YEAR,1998,,,,,,,DATASOURCE,DATASOURCE_SRHIBBIH1998STAT,98.6,98.6,,,"Federal Office of Statistics [Bosnia and Herzegovina]; 2006.
",2024-08-06T16:05:08Z,1998,1998-01-01,1998-12-31
8686191,SRHINSTITUTIONALBIRTH,COUNTRY,BIH,EUR,Europe,YEAR,2007,,,,,,,DATASOURCE,DATASOURCE_SRHIBBIH2007STAT,99.9,99.9,,,Federal Office of Statistics [Bosnia and Herzegovina]; 2011.,2024-08-06T16:05:08Z,2007,2007-01-01,2007-12-31
8731822,SRHINSTITUTIONALBIRTH,COUNTRY,MNE,EUR,Europe,YEAR,2001,,,,,,,DATASOURCE,DATASOURCE_SRHIBMNE2001STAT,96.6,96.6,,,"Statistical Office [Montenegro]; 2006.
",2024-08-06T16:05:08Z,2001,2001-01-01,2001-12-31
4301251,SRHINSTITUTIONALBIRTH,COUNTRY,KWT,EMR,Eastern Mediterranean,YEAR,2011,,,,,,,DATASOURCE,DATASOURCE_SRHIBKWT2011STAT,98.8,98.8,,,Central Statistical Bureau (Office) [Kuwait]; 2012.,2024-08-06T16:05:08Z,2011,2011-01-01,2011-12-31
4580723,SRHINSTITUTIONALBIRTH,COUNTRY,PER,AMR,Americas,YEAR,2008,,,,,,,DATASOURCE,DATASOURCE_SRHIBPER20022008DHS,79.5,79.5,,,"DHS 2007-2008 (Continuous).
",2024-08-06T16:05:08Z,2002-2008,2002-01-01,2008-12-31
4904554,SRHINSTITUTIONALBIRTH,COUNTRY,DNK,EUR,Europe,YEAR,2015,,,,,,,DATASOURCE,DATASOURCE_SRHIBDNK2015DATA,95.4,95.4,,,"Sundhedsdatastyrelsen [Denmark]; 2017. 
",2024-08-06T16:05:08Z,2015,2015-01-01,2015-12-31
6730059,SRHINSTITUTIONALBIRTH,COUNTRY,ISL,EUR,Europe,YEAR,2003,,,,,,,DATASOURCE,DATASOURCE_SRHIBISL2003GOV,99.4,99.4,,,"Directorate of Health [Iceland]; 2017.
",2024-08-06T16:05:08Z,2003,2003-01-01,2003-12-31
2021395,SRHINSTITUTIONALBIRTH,COUNTRY,NPL,SEAR,South-East Asia,YEAR,1991,,,,,,,DATASOURCE,DATASOURCE_SRHIBNPL19861991UN,5.7,5.7,,,"Minstry of Health [Nepal], UNFPA; 1993.
",2024-08-06T16:05:08Z,1986-1991,1986-01-01,1991-12-31
5554319,SRHINSTITUTIONALBIRTH,COUNTRY,BLZ,AMR,Americas,YEAR,2008,,,,,,,DATASOURCE,DATASOURCE_SRHIBBLZ2008WHO,88.1,88.1,,,"Ministry of Health [Belize], WHO/PAHO; 2011.
",2024-08-06T16:05:08Z,2008,2008-01-01,2008-12-31
9121341,SRHINSTITUTIONALBIRTH,COUNTRY,ISL,EUR,Europe,YEAR,2016,,,,,,,DATASOURCE,DATASOURCE_SRHIBISL2016GOV,97.9,97.9,,,"Directorate of Health [Iceland]; 2017.
",2024-08-06T16:05:08Z,2016,2016-01-01,2016-12-31
5970375,SRHINSTITUTIONALBIRTH,COUNTRY,THA,SEAR,South-East Asia,YEAR,2012,,,,,,,DATASOURCE,DATASOURCE_SRHIBTHA20102012MICS,99.6,99.6,,,"MICS 2012. 
",2024-08-06T16:05:08Z,2010-2012,2010-01-01,2012-12-31
5989919,SRHINSTITUTIONALBIRTH,COUNTRY,LCA,AMR,Americas,YEAR,2014,,,,,,,DATASOURCE,DATASOURCE_SRHIBLCA2014WHO,99.1,99.1,,,WHO/PAHO; 2017.,2024-08-06T16:05:08Z,2014,2014-01-01,2014-12-31
2729748,SRHINSTITUTIONALBIRTH,COUNTRY,IRL,EUR,Europe,YEAR,2007,,,,,,,DATASOURCE,DATASOURCE_SRHIBIRL2007GOV,99.7,99.7,,,"Health Research and Information Division, the Economic and Social Research Institute (ESRI) [Ireland]; 2009.  ",2024-08-06T16:05:08Z,2007,2007-01-01,2007-12-31
9600860,SRHINSTITUTIONALBIRTH,COUNTRY,CYP,EUR,Europe,YEAR,2016,,,,,,,DATASOURCE,DATASOURCE_SRHIBCYP2016GOV,95.6,95.6,,,Republic of Cyprus; 2018.,2024-08-06T16:05:08Z,2016,2016-01-01,2016-12-31
6405781,SRHINSTITUTIONALBIRTH,COUNTRY,DJI,EMR,Eastern Mediterranean,YEAR,2006,,,,,,,DATASOURCE,DATASOURCE_SRHIBDJI20042006MICS,87.4,87.4,,,MICS 2006. ,2024-08-06T16:05:08Z,2004-2006,2004-01-01,2006-12-31
3359371,SRHINSTITUTIONALBIRTH,COUNTRY,FSM,WPR,Western Pacific,YEAR,2003,,,,,,,DATASOURCE,DATASOURCE_SRHIBFSM2003GOV,87.0,87,,,"SBOC [Micronesia]; 2008.
",2024-08-06T16:05:08Z,2003,2003-01-01,2003-12-31
1379954,SRHINSTITUTIONALBIRTH,COUNTRY,DEU,EUR,Europe,YEAR,2006,,,,,,,DATASOURCE,DATASOURCE_SRHIBDEU2006GOV,98.4,98.4,,,"QUAG e.V. [Germany]. Qualitätsbericht 2012; 2014.  
",2024-08-06T16:05:08Z,2006,2006-01-01,2006-12-31
4450800,SRHINSTITUTIONALBIRTH,COUNTRY,FRA,EUR,Europe,YEAR,2004,,,,,,,DATASOURCE,DATASOURCE_SRHIBFRA2004STAT,98.0,98,,,"Institut National de la Statistique et des Études Économiques (INSEE) [France]; 2005.
",2024-08-06T16:05:08Z,2004,2004-01-01,2004-12-31
3138288,SRHINSTITUTIONALBIRTH,COUNTRY,BRN,WPR,Western Pacific,YEAR,1999,,,,,,,DATASOURCE,DATASOURCE_SRHIBBRN1999GOV,99.1,99.1,,,"Ministry of Health [Brunei Darussalam]; 2009.
",2024-08-06T16:05:08Z,1999,1999-01-01,1999-12-31
3255419,SRHINSTITUTIONALBIRTH,COUNTRY,BHR,EMR,Eastern Mediterranean,YEAR,2017,,,,,,,DATASOURCE,DATASOURCE_SRHIBBHR2017GOV,99.7,99.7,,,Ministry of Health [Bahrain]; 2018.,2024-08-06T16:05:08Z,2017,2017-01-01,2017-12-31
8536638,SRHINSTITUTIONALBIRTH,COUNTRY,ITA,EUR,Europe,YEAR,2010,,,,,,,DATASOURCE,DATASOURCE_SRHIBITA2010STAT,99.9,99.9,,,Direzione Generale del Sistema Informativo e Statistico Sanitario – Ufficio di Statistica [Italy]; 2013. ,2024-08-06T16:05:08Z,2010,2010-01-01,2010-12-31
2504818,SRHINSTITUTIONALBIRTH,COUNTRY,IRL,EUR,Europe,YEAR,2003,,,,,,,DATASOURCE,DATASOURCE_SRHIBIRL2003GOV,99.6,99.6,,,"Health Policy and Information Division, the Economic and Social Research Institute (ESRI) [Ireland]; 2006.  ",2024-08-06T16:05:08Z,2003,2003-01-01,2003-12-31
7452493,SRHINSTITUTIONALBIRTH,COUNTRY,FIN,EUR,Europe,YEAR,2022,,,,,,,DATASOURCE,DATASOURCE_SRHIBFIN2022GOV,99.9,99.9,,,National Institute for Health and Welfare (THL) [Finland]; 2023.,2024-08-06T16:05:08Z,2022,2022-01-01,2022-12-31
9173092,SRHINSTITUTIONALBIRTH,COUNTRY,MLT,EUR,Europe,YEAR,2012,,,,,,,DATASOURCE,DATASOURCE_SRHIBMLT2012GOV,99.5,99.5,,,Department of Health Information and Research (DHIR) [Malta]; 2013.,2024-08-06T16:05:08Z,2012,2012-01-01,2012-12-31
9685416,SRHINSTITUTIONALBIRTH,COUNTRY,FJI,WPR,Western Pacific,YEAR,1997,,,,,,,DATASOURCE,DATASOURCE_SRHIBFJI1997GOV,96.2,96.2,,,"Ministry of Health [Fiji]; 2007.
",2024-08-06T16:05:08Z,1997,1997-01-01,1997-12-31
3131772,SRHINSTITUTIONALBIRTH,COUNTRY,CAN,AMR,Americas,YEAR,2002,,,,,,,DATASOURCE,DATASOURCE_SRHIBCAN2002STAT,99.3,99.3,,,"Statistics Canada; 2013. 
",2024-08-06T16:05:08Z,2002,2002-01-01,2002-12-31
1878417,SRHINSTITUTIONALBIRTH,COUNTRY,PRY,AMR,Americas,YEAR,2008,,,,,,,DATASOURCE,DATASOURCE_SRHIBPRY20032008UN,84.6,84.6,,,"ENDSSR 2008. Centro Paraguayo de Estudios de Población (CEPEP), USAID, CDC, UNICEF, IPPF; 2009.
",2024-08-06T16:05:08Z,2003-2008,2003-01-01,2008-12-31
7250914,SRHINSTITUTIONALBIRTH,COUNTRY,SWZ,AFR,Africa,YEAR,2010,,,,,,,DATASOURCE,DATASOURCE_SRHIBSWZ20082010MICS,80.4,80.4,,,"MICS 2010. 
",2024-08-06T16:05:08Z,2008-2010,2008-01-01,2010-12-31
2840372,SRHINSTITUTIONALBIRTH,COUNTRY,VCT,AMR,Americas,YEAR,2012,,,,,,,DATASOURCE,DATASOURCE_SRHIBVCT2012DATA,99.2,99.2,,,PAHO Database; 2018. ,2024-08-06T16:05:08Z,2012,2012-01-01,2012-12-31
7808939,SRHINSTITUTIONALBIRTH,COUNTRY,KOR,WPR,Western Pacific,YEAR,1994,,,,,,,DATASOURCE,DATASOURCE_SRHIBKOR19901994GOV,98.4,98.4,,,"Lee S-I, Khang Y-H, Yun S, Joa M-W. BJOG; 2005.
",2024-08-06T16:05:08Z,1990-1994,1990-01-01,1994-12-31
3248936,SRHINSTITUTIONALBIRTH,COUNTRY,GEO,EUR,Europe,YEAR,2009,,,,,,,DATASOURCE,DATASOURCE_SRHIBGEO2009GOV,99.6,99.6,,,"Ministry of Labour, Health and Social Affairs of Georgia; 2015.
",2024-08-06T16:05:08Z,2009,2009-01-01,2009-12-31
8263729,SRHINSTITUTIONALBIRTH,COUNTRY,CHL,AMR,Americas,YEAR,2016,,,,,,,DATASOURCE,DATASOURCE_SRHIBCHL2016STAT,98.1,98.1,,,Instituto Nacional de Estadísticas [Chile]; 2018.,2024-08-06T16:05:08Z,2016,2016-01-01,2016-12-31
6873446,SRHINSTITUTIONALBIRTH,COUNTRY,SYR,EMR,Eastern Mediterranean,YEAR,1992,,,,,,,DATASOURCE,DATASOURCE_SRHIBSYR1992UN,36.9,36.9,,,"Ministry of Health [Syrian Arab Republic], UNICEF; 1993.
",2024-08-06T16:05:08Z,1992,1992-01-01,1992-12-31
2491864,SRHINSTITUTIONALBIRTH,COUNTRY,DOM,AMR,Americas,YEAR,2014,,,,,,,DATASOURCE,DATASOURCE_SRHIBDOM2014STAT,99.6,99.6,,,Oficina Nacional de Estadística (ONE) [Dominican Republic]. Estadísticas Vitales 2010-2014; 2016.,2024-08-06T16:05:08Z,2014,2014-01-01,2014-12-31
2755918,SRHINSTITUTIONALBIRTH,COUNTRY,KOR,WPR,Western Pacific,YEAR,2021,,,,,,,DATASOURCE,DATASOURCE_SRHIBKOR2021GOV,100.0,100,,,Korea Institute for Health and Social Affairs; 2022.,2024-08-06T16:05:08Z,2021,2021-01-01,2021-12-31
3385516,SRHINSTITUTIONALBIRTH,COUNTRY,PAN,AMR,Americas,YEAR,2014,,,,,,,DATASOURCE,DATASOURCE_SRHIBPAN2014STAT,93.8,93.8,,,"Instituto Nacional de Estadística y Censo (INEC) [Panama]; 2015.
",2024-08-06T16:05:08Z,2014,2014-01-01,2014-12-31
2021512,SRHINSTITUTIONALBIRTH,COUNTRY,MLT,EUR,Europe,YEAR,2001,,,,,,,DATASOURCE,DATASOURCE_SRHIBMLT2001GOV,99.9,99.9,,,Department of Health Information (DHI) [Malta]; 2002.,2024-08-06T16:05:08Z,2001,2001-01-01,2001-12-31
2028011,SRHINSTITUTIONALBIRTH,COUNTRY,PAK,EMR,Eastern Mediterranean,YEAR,2006,,,,,,,DATASOURCE,DATASOURCE_SRHIBPAK20052006STAT,48.0,48,,,"Federal Bureau of Statistics [Pakistan]. PSLM 2005-06; 2007.
",2024-08-06T16:05:08Z,2005-2006,2005-01-01,2006-12-31
8686333,SRHINSTITUTIONALBIRTH,COUNTRY,IDN,WPR,Western Pacific,YEAR,2012,,,,,,,DATASOURCE,DATASOURCE_SRHIBIDN20072012DHS,63.2,63.2,,,"DHS 2012. 
",2024-08-06T16:05:08Z,2007-2012,2007-01-01,2012-12-31
4028855,SRHINSTITUTIONALBIRTH,COUNTRY,ROU,EUR,Europe,YEAR,2012,,,,,,,DATASOURCE,DATASOURCE_SRHIBROU2012STAT,99.8,99.7789293,,,National Institute of Statistics [Romania]; 2023,2024-08-06T16:05:08Z,2012,2012-01-01,2012-12-31
1827139,SRHINSTITUTIONALBIRTH,COUNTRY,CIV,AFR,Africa,YEAR,2012,,,,,,,DATASOURCE,DATASOURCE_SRHIBCIV20062012DHS,57.4,57.4,,,"DHS 2011-2012. 
",2024-08-06T16:05:08Z,2006-2012,2006-01-01,2012-12-31
3417658,SRHINSTITUTIONALBIRTH,COUNTRY,CUB,AMR,Americas,YEAR,1999,,,,,,,DATASOURCE,DATASOURCE_SRHIBCUB1999GOV,99.9,99.9,,,Centro Nacional de Información de Ciencias Médicas-Infomed [Cuba]; 2012.,2024-08-06T16:05:08Z,1999,1999-01-01,1999-12-31
6736733,SRHINSTITUTIONALBIRTH,COUNTRY,SGP,WPR,Western Pacific,YEAR,2018,,,,,,,DATASOURCE,DATASOURCE_SRHIBSGP2018STAT,99.5,99.5,,,Department of Statistics [Singapore]; 2019.,2024-08-06T16:05:08Z,2018,2018-01-01,2018-12-31
8478168,SRHINSTITUTIONALBIRTH,COUNTRY,CYP,EUR,Europe,YEAR,2011,,,,,,,DATASOURCE,DATASOURCE_SRHIBCYP2011GOV,98.3,98.3,,,"Republic of Cyprus; 2014.
",2024-08-06T16:05:08Z,2011,2011-01-01,2011-12-31
3547701,SRHINSTITUTIONALBIRTH,COUNTRY,VCT,AMR,Americas,YEAR,2011,,,,,,,DATASOURCE,DATASOURCE_SRHIBVCT2011DATA,98.8,98.8,,,PAHO Database; 2018. ,2024-08-06T16:05:08Z,2011,2011-01-01,2011-12-31
7537364,SRHINSTITUTIONALBIRTH,COUNTRY,NPL,SEAR,South-East Asia,YEAR,2006,,,,,,,DATASOURCE,DATASOURCE_SRHIBNPL20012006DHS,17.7,17.7,,,"DHS 2006. 
",2024-08-06T16:05:08Z,2001-2006,2001-01-01,2006-12-31
1412703,SRHINSTITUTIONALBIRTH,COUNTRY,CYP,EUR,Europe,YEAR,2007,,,,,,,DATASOURCE,DATASOURCE_SRHIBCYP2007GOV,98.3,98.3,,,"Republic of Cyprus; 2011.
",2024-08-06T16:05:08Z,2007,2007-01-01,2007-12-31
9277314,SRHINSTITUTIONALBIRTH,COUNTRY,KAZ,EUR,Europe,YEAR,2015,,,,,,,DATASOURCE,DATASOURCE_SRHIBKAZ20132015MICS,99.3,99.3,,,MICS 2015. ,2024-08-06T16:05:08Z,2013-2015,2013-01-01,2015-12-31
1652729,SRHINSTITUTIONALBIRTH,COUNTRY,MEX,AMR,Americas,YEAR,1996,,,,,,,DATASOURCE,DATASOURCE_SRHIBMEX1996STAT,75.8,75.8,,,"Instituto Nacional de Estadística, Geografía e Informática (INEGI) [Mexico]; 2001.",2024-08-06T16:05:08Z,1996,1996-01-01,1996-12-31
4794819,SRHINSTITUTIONALBIRTH,COUNTRY,PRK,SEAR,South-East Asia,YEAR,2009,,,,,,,DATASOURCE,DATASOURCE_SRHIBPRK20072009MICS,94.7,94.7,,,"MICS 2009. 
",2024-08-06T16:05:08Z,2007-2009,2007-01-01,2009-12-31
1762363,SRHINSTITUTIONALBIRTH,COUNTRY,MNE,EUR,Europe,YEAR,2018,,,,,,,DATASOURCE,DATASOURCE_SRHIBMNE20162018MICS,98.6,98.6,,,MICS 2018. ,2024-08-06T16:05:08Z,2016-2018,2016-01-01,2018-12-31
6580590,SRHINSTITUTIONALBIRTH,COUNTRY,NOR,EUR,Europe,YEAR,2003,,,,,,,DATASOURCE,DATASOURCE_SRHIBNOR2003GOV,99.0,99,,,"Folkehelseinstituttet [Norwegian Institute of Public Health (NIPH)]; 2004.
",2024-08-06T16:05:08Z,2003,2003-01-01,2003-12-31
1080868,SRHINSTITUTIONALBIRTH,COUNTRY,ARG,AMR,Americas,YEAR,2002,,,,,,,DATASOURCE,DATASOURCE_SRHIBARG2002GOV,98.6,98.6,,,Ministerio de Salud [Argentina]; 2003.,2024-08-06T16:05:08Z,2002,2002-01-01,2002-12-31
5658365,SRHINSTITUTIONALBIRTH,COUNTRY,USA,AMR,Americas,YEAR,2011,,,,,,,DATASOURCE,DATASOURCE_SRHIBUSA2011STAT,98.7,98.7,,,"National Center for Health Statistics [USA]. Births: Final data for 2011; 2013.
",2024-08-06T16:05:08Z,2011,2011-01-01,2011-12-31
5820970,SRHINSTITUTIONALBIRTH,COUNTRY,EST,EUR,Europe,YEAR,2015,,,,,,,DATASOURCE,DATASOURCE_SRHIBEST2015GOV,99.5,99.5,,,"National Institute for Health Development [Estonia]; 2017.
",2024-08-06T16:05:08Z,2015,2015-01-01,2015-12-31
9147538,SRHINSTITUTIONALBIRTH,COUNTRY,FIN,EUR,Europe,YEAR,1990,,,,,,,DATASOURCE,DATASOURCE_SRHIBFIN1990GOV,98.8,98.8,,,"National Research and Development Centre for Welfare and Health [Finland]; 2003.
",2024-08-06T16:05:08Z,1990,1990-01-01,1990-12-31
2736482,SRHINSTITUTIONALBIRTH,COUNTRY,MKD,EUR,Europe,YEAR,2016,,,,,,,DATASOURCE,DATASOURCE_SRHIBMKD2016STAT,99.9,99.9,,,"State Statistical Office [Macedonia]; 2017.
",2024-08-06T16:05:08Z,2016,2016-01-01,2016-12-31
4496150,SRHINSTITUTIONALBIRTH,COUNTRY,BTN,SEAR,South-East Asia,YEAR,2010,,,,,,,DATASOURCE,DATASOURCE_SRHIBBTN20082010MICS,63.0,63,,,MICS 2010. ,2024-08-06T16:05:08Z,2008-2010,2008-01-01,2010-12-31
4736850,SRHINSTITUTIONALBIRTH,COUNTRY,CUB,AMR,Americas,YEAR,1990,,,,,,,DATASOURCE,DATASOURCE_SRHIBCUB1990GOV,99.8,99.8,,,"Ministerio de Salud Pública [Cuba]; 2016.
",2024-08-06T16:05:08Z,1990,1990-01-01,1990-12-31
6463990,SRHINSTITUTIONALBIRTH,COUNTRY,MNG,WPR,Western Pacific,YEAR,2008,,,,,,,DATASOURCE,DATASOURCE_SRHIBMNG20032008RHS,98.3,98.3,,,"RHS 2008.
",2024-08-06T16:05:08Z,2003-2008,2003-01-01,2008-12-31
8322470,SRHINSTITUTIONALBIRTH,COUNTRY,CMR,AFR,Africa,YEAR,1991,,,,,,,DATASOURCE,DATASOURCE_SRHIBCMR19861991DHS,62.5,62.5,,,"DHS 1991. 
",2024-08-06T16:05:08Z,1986-1991,1986-01-01,1991-12-31
6788816,SRHINSTITUTIONALBIRTH,COUNTRY,SYR,EMR,Eastern Mediterranean,YEAR,2009,,,,,,,DATASOURCE,DATASOURCE_SRHIBSYR20042009WHO,78.2,78.2,,,"Central Bureau of Statistics [Syrian Arab Republic], League of Arab States PAPFAM, UNICEF, UNFPA, WHO; 2010.
",2024-08-06T16:05:08Z,2004-2009,2004-01-01,2009-12-31
5164743,SRHINSTITUTIONALBIRTH,COUNTRY,POL,EUR,Europe,YEAR,2015,,,,,,,DATASOURCE,DATASOURCE_SRHIBPOL2015STAT,99.8,99.8,,,"Central Statistical Office [Poland]; 2017.
",2024-08-06T16:05:08Z,2015,2015-01-01,2015-12-31
7400503,SRHINSTITUTIONALBIRTH,COUNTRY,IRL,EUR,Europe,YEAR,2016,,,,,,,DATASOURCE,DATASOURCE_SRHIBIRL2016GOV,99.7,99.7,,,"Healthcare Pricing Office (HPO), Health Service Executive (HSE) [Ireland]; 2018.  ",2024-08-06T16:05:08Z,2016,2016-01-01,2016-12-31
5814468,SRHINSTITUTIONALBIRTH,COUNTRY,BIH,EUR,Europe,YEAR,2014,,,,,,,DATASOURCE,DATASOURCE_SRHIBBIH2014STAT,99.9,99.9,,,Institute for Statistics of Federation of Bosnia and Herzegovina; 2015.,2024-08-06T16:05:08Z,2014,2014-01-01,2014-12-31
6055160,SRHINSTITUTIONALBIRTH,COUNTRY,PLW,WPR,Western Pacific,YEAR,2019,,,,,,,DATASOURCE,DATASOURCE_SRHIBPLW2019STAT,99.9,99.9,,,2019 Statistical Yearbook.,2024-08-06T16:05:08Z,2019,2019-01-01,2019-12-31
1716965,SRHINSTITUTIONALBIRTH,COUNTRY,UGA,AFR,Africa,YEAR,1995,,,,,,,DATASOURCE,DATASOURCE_SRHIBUGA19901995DHS,35.4,35.4,,,"DHS 1995. 
",2024-08-06T16:05:08Z,1990-1995,1990-01-01,1995-12-31
4794879,SRHINSTITUTIONALBIRTH,COUNTRY,DEU,EUR,Europe,YEAR,2013,,,,,,,DATASOURCE,DATASOURCE_SRHIBDEU2013STAT,98.5,98.5,,,DESTATIS [online database]; 2019. ,2024-08-06T16:05:08Z,2013,2013-01-01,2013-12-31
4840054,SRHINSTITUTIONALBIRTH,COUNTRY,COL,AMR,Americas,YEAR,2005,,,,,,,DATASOURCE,DATASOURCE_SRHIBCOL20002005DHS,92.0,92,,,"DHS 2005. 
",2024-08-06T16:05:08Z,2000-2005,2000-01-01,2005-12-31
1788346,SRHINSTITUTIONALBIRTH,COUNTRY,DEU,EUR,Europe,YEAR,2016,,,,,,,DATASOURCE,DATASOURCE_SRHIBDEU2016STAT,97.8,97.8,,,DESTATIS [online database]; 2019. ,2024-08-06T16:05:08Z,2016,2016-01-01,2016-12-31
8738662,SRHINSTITUTIONALBIRTH,COUNTRY,NGA,AFR,Africa,YEAR,2013,,,,,,,DATASOURCE,DATASOURCE_SRHIBNGA20082013DHS,35.8,35.8,,,"DHS 2013. 
",2024-08-06T16:05:08Z,2008-2013,2008-01-01,2013-12-31
9575881,SRHINSTITUTIONALBIRTH,COUNTRY,SRB,EUR,Europe,YEAR,2009,,,,,,,DATASOURCE,DATASOURCE_SRHIBSRB2009STAT,99.4,99.4,,,"Statistical Office of the Republic of Serbia; 2010.
",2024-08-06T16:05:08Z,2009,2009-01-01,2009-12-31
3508943,SRHINSTITUTIONALBIRTH,COUNTRY,CHN,WPR,Western Pacific,YEAR,2004,,,,,,,DATASOURCE,DATASOURCE_SRHIBCHN2004GOV,82.8,82.8,,,"National Health and Family Planning Commission of China (NHFPC); 2016. 
",2024-08-06T16:05:08Z,2004,2004-01-01,2004-12-31
5138688,SRHINSTITUTIONALBIRTH,COUNTRY,IRL,EUR,Europe,YEAR,2000,,,,,,,DATASOURCE,DATASOURCE_SRHIBIRL2000GOV,99.6,99.6,,,The Economic and Social Research Institute (ESRI) [Ireland]; 2004.  ,2024-08-06T16:05:08Z,2000,2000-01-01,2000-12-31
3586702,SRHINSTITUTIONALBIRTH,COUNTRY,HND,AMR,Americas,YEAR,2017,,,,,,,DATASOURCE,DATASOURCE_SRHIBHND2017WHO,74.0,74,,,WHO/PAHO; 2018.,2024-08-06T16:05:08Z,2017,2017-01-01,2017-12-31
3677681,SRHINSTITUTIONALBIRTH,COUNTRY,BGD,SEAR,South-East Asia,YEAR,1994,,,,,,,DATASOURCE,DATASOURCE_SRHIBBGD19901994DHS,3.5,3.5,,,"DHS 1993-1994. 
",2024-08-06T16:05:08Z,1990-1994,1990-01-01,1994-12-31
7010264,SRHINSTITUTIONALBIRTH,COUNTRY,SRB,EUR,Europe,YEAR,2007,,,,,,,DATASOURCE,DATASOURCE_SRHIBSRB2007STAT,99.2,99.2,,,"Statistical Office of the Republic of Serbia; 2010.
",2024-08-06T16:05:08Z,2007,2007-01-01,2007-12-31
8829551,SRHINSTITUTIONALBIRTH,COUNTRY,GEO,EUR,Europe,YEAR,2006,,,,,,,DATASOURCE,DATASOURCE_SRHIBGEO2006GOV,99.5,99.5,,,"Ministry of Labour, Health and Social Affairs of Georgia; 2013.",2024-08-06T16:05:08Z,2006,2006-01-01,2006-12-31
7277065,SRHINSTITUTIONALBIRTH,COUNTRY,QAT,EMR,Eastern Mediterranean,YEAR,1996,,,,,,,DATASOURCE,DATASOURCE_SRHIBQAT1996STAT,99.9,99.9,,,"Central Statistical Organization [Qatar]; 1997.
",2024-08-06T16:05:08Z,1996,1996-01-01,1996-12-31
2644776,SRHINSTITUTIONALBIRTH,COUNTRY,ROU,EUR,Europe,YEAR,2005,,,,,,,DATASOURCE,DATASOURCE_SRHIBROU2005STAT,99.9,99.87977578,,,National Institute of Statistics [Romania]; 2023,2024-08-06T16:05:08Z,2005,2005-01-01,2005-12-31
1432398,SRHINSTITUTIONALBIRTH,COUNTRY,FJI,WPR,Western Pacific,YEAR,2005,,,,,,,DATASOURCE,DATASOURCE_SRHIBFJI2005GOV,97.2,97.2,,,"Ministry of Health [Fiji]; 2007.
",2024-08-06T16:05:08Z,2005,2005-01-01,2005-12-31
6230744,SRHINSTITUTIONALBIRTH,COUNTRY,CIV,AFR,Africa,YEAR,2016,,,,,,,DATASOURCE,DATASOURCE_SRHIBCIV20142016MICS,69.8,69.8,,,MICS 2016.,2024-08-06T16:05:08Z,2014-2016,2014-01-01,2016-12-31
9724677,SRHINSTITUTIONALBIRTH,COUNTRY,FIN,EUR,Europe,YEAR,2018,,,,,,,DATASOURCE,DATASOURCE_SRHIBFIN2018GOV,100.0,100,,,National Institute for Health and Welfare (THL) [Finland]; 2019.,2024-08-06T16:05:08Z,2018,2018-01-01,2018-12-31
3359637,SRHINSTITUTIONALBIRTH,COUNTRY,SVN,EUR,Europe,YEAR,1991,,,,,,,DATASOURCE,DATASOURCE_SRHIBSVN1991STAT,99.7,99.7,,,"Statistical Office of the Republic of Slovenia; 1995.
",2024-08-06T16:05:08Z,1991,1991-01-01,1991-12-31
6964712,SRHINSTITUTIONALBIRTH,COUNTRY,VNM,WPR,Western Pacific,YEAR,2014,,,,,,,DATASOURCE,DATASOURCE_SRHIBVNM20122014MICS,93.6,93.6,,,"MICS 2014. 
",2024-08-06T16:05:08Z,2012-2014,2012-01-01,2014-12-31
9102060,SRHINSTITUTIONALBIRTH,COUNTRY,PAN,AMR,Americas,YEAR,2002,,,,,,,DATASOURCE,DATASOURCE_SRHIBPAN2002STAT,92.8,92.8,,,Instituto Nacional de Estadística y Censo (INEC) [Panama]. Estadísticas Vitales 2002; 2004.,2024-08-06T16:05:08Z,2002,2002-01-01,2002-12-31
5892731,SRHINSTITUTIONALBIRTH,COUNTRY,MOZ,AFR,Africa,YEAR,2003,,,,,,,DATASOURCE,DATASOURCE_SRHIBMOZ19982003DHS,47.6,47.6,,,"DHS 2003. 
",2024-08-06T16:05:08Z,1998-2003,1998-01-01,2003-12-31
1471510,SRHINSTITUTIONALBIRTH,COUNTRY,GHA,AFR,Africa,YEAR,2006,,,,,,,DATASOURCE,DATASOURCE_SRHIBGHA20042006MICS,48.7,48.7,,,"MICS 2006. 
",2024-08-06T16:05:08Z,2004-2006,2004-01-01,2006-12-31
7640799,SRHINSTITUTIONALBIRTH,COUNTRY,PRK,SEAR,South-East Asia,YEAR,2017,,,,,,,DATASOURCE,DATASOURCE_SRHIBPRK20152017MICS,92.2,92.2,,,MICS 2017. ,2024-08-06T16:05:08Z,2015-2017,2015-01-01,2017-12-31
9575943,SRHINSTITUTIONALBIRTH,COUNTRY,STP,AFR,Africa,YEAR,2000,,,,,,,DATASOURCE,DATASOURCE_SRHIBSTP2000UN,58.0,58,,,"République Démocratique de Sao Tomé et Principe, ONU/UN; 2004. 
",2024-08-06T16:05:08Z,2000,2000-01-01,2000-12-31
4878786,SRHINSTITUTIONALBIRTH,COUNTRY,BHR,EMR,Eastern Mediterranean,YEAR,2019,,,,,,,DATASOURCE,DATASOURCE_SRHIBBHR2019GOV,99.5,99.5,,,Ministry of Health [Bahrain]; 2019.,2024-08-06T16:05:08Z,2019,2019-01-01,2019-12-31
6938634,SRHINSTITUTIONALBIRTH,COUNTRY,USA,AMR,Americas,YEAR,2005,,,,,,,DATASOURCE,DATASOURCE_SRHIBUSA2005STAT,99.1,99.1,,,"National Center for Health Statistics [USA]; 2007.
",2024-08-06T16:05:08Z,2005,2005-01-01,2005-12-31
8881749,SRHINSTITUTIONALBIRTH,COUNTRY,URY,AMR,Americas,YEAR,2009,,,,,,,DATASOURCE,DATASOURCE_SRHIBURY2009GOV,99.5,99.5,,,"Ministerio de Salud Publica [Uruguay]; 2015.
",2024-08-06T16:05:08Z,2009,2009-01-01,2009-12-31
5697347,SRHINSTITUTIONALBIRTH,COUNTRY,DEU,EUR,Europe,YEAR,2011,,,,,,,DATASOURCE,DATASOURCE_SRHIBDEU2011STAT,98.4,98.4,,,DESTATIS [online database]; 2019. ,2024-08-06T16:05:08Z,2011,2011-01-01,2011-12-31
3359671,SRHINSTITUTIONALBIRTH,COUNTRY,ARG,AMR,Americas,YEAR,2015,,,,,,,DATASOURCE,DATASOURCE_SRHIBARG2015GOV,99.5,99.5,,,Ministerio de Salud [Argentina]; 2016.,2024-08-06T16:05:08Z,2015,2015-01-01,2015-12-31
3586767,SRHINSTITUTIONALBIRTH,COUNTRY,PRY,AMR,Americas,YEAR,2014,,,,,,,DATASOURCE,DATASOURCE_SRHIBPRY2014STAT,96.4,96.4,,,"Dirección General de Estadística, Encuestas y Censos (DGEEC) [Paraguay]; 2016.
",2024-08-06T16:05:08Z,2014,2014-01-01,2014-12-31
6984342,SRHINSTITUTIONALBIRTH,COUNTRY,SVN,EUR,Europe,YEAR,2007,,,,,,,DATASOURCE,DATASOURCE_SRHIBSVN2007STAT,99.9,99.9,,,"Statistical Office of the Republic of Slovenia; 2011.
",2024-08-06T16:05:08Z,2007,2007-01-01,2007-12-31
2279422,SRHINSTITUTIONALBIRTH,COUNTRY,CAN,AMR,Americas,YEAR,1994,,,,,,,DATASOURCE,DATASOURCE_SRHIBCAN1994STAT,99.3,99.3,,,"Statistics Canada; 2013. 
",2024-08-06T16:05:08Z,1994,1994-01-01,1994-12-31
7218571,SRHINSTITUTIONALBIRTH,COUNTRY,SGP,WPR,Western Pacific,YEAR,2015,,,,,,,DATASOURCE,DATASOURCE_SRHIBSGP2015STAT,99.6,99.6,,,"Department of Statistics [Singapore]; 2016.
",2024-08-06T16:05:08Z,2015,2015-01-01,2015-12-31
5691061,SRHINSTITUTIONALBIRTH,COUNTRY,KNA,AMR,Americas,YEAR,2018,,,,,,,DATASOURCE,DATASOURCE_SRHIBKNA2018WHO,100.0,100,,,WHO/PAHO; 2019. ,2024-08-06T16:05:08Z,2018,2018-01-01,2018-12-31
5782069,SRHINSTITUTIONALBIRTH,COUNTRY,MKD,EUR,Europe,YEAR,2009,,,,,,,DATASOURCE,DATASOURCE_SRHIBMKD2009STAT,99.8,99.8,,,"State Statistical Office [Macedonia]; 2010.
",2024-08-06T16:05:08Z,2009,2009-01-01,2009-12-31
6107058,SRHINSTITUTIONALBIRTH,COUNTRY,GEO,EUR,Europe,YEAR,2016,,,,,,,DATASOURCE,DATASOURCE_SRHIBGEO2016GOV,99.9,99.9,,,"Ministry of Labour, Health and Social Affairs of Georgia; 2017.",2024-08-06T16:05:08Z,2016,2016-01-01,2016-12-31
3164682,SRHINSTITUTIONALBIRTH,COUNTRY,EGY,EMR,Eastern Mediterranean,YEAR,1997,,,,,,,DATASOURCE,DATASOURCE_SRHIBEGY19921997DHS,39.7,39.7,,,"DHS 1997 (Interim DHS). 
",2024-08-06T16:05:08Z,1992-1997,1992-01-01,1997-12-31
8316084,SRHINSTITUTIONALBIRTH,COUNTRY,PAK,EMR,Eastern Mediterranean,YEAR,2013,,,,,,,DATASOURCE,DATASOURCE_SRHIBPAK20122013STAT,49.0,49,,,"Pakistan Bureau of Statistics; 2014.
",2024-08-06T16:05:08Z,2012-2013,2012-01-01,2013-12-31
5035135,SRHINSTITUTIONALBIRTH,COUNTRY,CYP,EUR,Europe,YEAR,2008,,,,,,,DATASOURCE,DATASOURCE_SRHIBCYP2008GOV,97.2,97.2,,,"Republic of Cyprus; 2011.
",2024-08-06T16:05:08Z,2008,2008-01-01,2008-12-31
8673530,SRHINSTITUTIONALBIRTH,COUNTRY,MKD,EUR,Europe,YEAR,2007,,,,,,,DATASOURCE,DATASOURCE_SRHIBMKD2007STAT,99.6,99.6,,,"State Statistical Office [Macedonia]; 2010.
",2024-08-06T16:05:08Z,2007,2007-01-01,2007-12-31
7042891,SRHINSTITUTIONALBIRTH,COUNTRY,KAZ,EUR,Europe,YEAR,2017,,,,,,,DATASOURCE,DATASOURCE_SRHIBKAZ2017GOV,99.9,99.9,,,Ministry of Healthcare of the Republic of Kazakhstan. Country consultation Dec 2019; 2019. ,2024-08-06T16:05:08Z,2017,2017-01-01,2017-12-31
7153455,SRHINSTITUTIONALBIRTH,COUNTRY,CYP,EUR,Europe,YEAR,1998,,,,,,,DATASOURCE,DATASOURCE_SRHIBCYP1998GOV,100.0,100,,,"Republic of Cyprus; 2011.
",2024-08-06T16:05:08Z,1998,1998-01-01,1998-12-31
5632448,SRHINSTITUTIONALBIRTH,COUNTRY,MWI,AFR,Africa,YEAR,2014,,,,,,,DATASOURCE,DATASOURCE_SRHIBMWI20122014MICS,88.9,88.9,,,MICS 2014. (MICS MDG Endline Survey). ,2024-08-06T16:05:08Z,2012-2014,2012-01-01,2014-12-31
1283030,SRHINSTITUTIONALBIRTH,COUNTRY,CYP,EUR,Europe,YEAR,2017,,,,,,,DATASOURCE,DATASOURCE_SRHIBCYP2017GOV,96.0,96,,,Republic of Cyprus; 2018.,2024-08-06T16:05:08Z,2017,2017-01-01,2017-12-31
9465978,SRHINSTITUTIONALBIRTH,COUNTRY,CUB,AMR,Americas,YEAR,2007,,,,,,,DATASOURCE,DATASOURCE_SRHIBCUB2007GOV,99.9,99.9,,,"Ministerio de Salud Pública [Cuba]; 2016.
",2024-08-06T16:05:08Z,2007,2007-01-01,2007-12-31
6146172,SRHINSTITUTIONALBIRTH,COUNTRY,CUB,AMR,Americas,YEAR,2021,,,,,,,DATASOURCE,DATASOURCE_SRHIBCUB2021WHO,99.9,99.9,,,PLISA Health Information Platform; 2024.,2024-08-06T16:05:08Z,2021,2021-01-01,2021-12-31
9718273,SRHINSTITUTIONALBIRTH,COUNTRY,LAO,WPR,Western Pacific,YEAR,2012,,,,,,,DATASOURCE,DATASOURCE_SRHIBLAO20092012MICS,37.5,37.5,,,MICS 2011-12/DHS 2011-12 (LSIS 2011-12). ,2024-08-06T16:05:08Z,2009-2012,2009-01-01,2012-12-31
6509592,SRHINSTITUTIONALBIRTH,COUNTRY,MDG,AFR,Africa,YEAR,1992,,,,,,,DATASOURCE,DATASOURCE_SRHIBMDG19871992DHS,45.0,45,,,DHS 1992. ,2024-08-06T16:05:08Z,1987-1992,1987-01-01,1992-12-31
8946050,SRHINSTITUTIONALBIRTH,COUNTRY,BLZ,AMR,Americas,YEAR,2018,,,,,,,DATASOURCE,DATASOURCE_SRHIBBLZ2018WHO,90.7,90.7,,,WHO/PAHO; 2019. ,2024-08-06T16:05:08Z,2018,2018-01-01,2018-12-31
1172257,SRHINSTITUTIONALBIRTH,COUNTRY,CUB,AMR,Americas,YEAR,2020,,,,,,,DATASOURCE,DATASOURCE_SRHIBCUB2020WHO,99.9,99.9,,,PLISA Health Information Platform; 2024.,2024-08-06T16:05:08Z,2020,2020-01-01,2020-12-31
7478945,SRHINSTITUTIONALBIRTH,COUNTRY,MRT,AFR,Africa,YEAR,2015,,,,,,,DATASOURCE,DATASOURCE_SRHIBMRT20132015MICS,69.3,69.3,,,"MICS 2015. 
",2024-08-06T16:05:08Z,2013-2015,2013-01-01,2015-12-31
1595505,SRHINSTITUTIONALBIRTH,COUNTRY,PRT,EUR,Europe,YEAR,2022,,,,,,,DATASOURCE,DATASOURCE_SRHIBPRT2022STAT,97.3,97.3,,,Instituto Nacional de Estadística (INE) [Portugal]; 2023.,2024-08-06T16:05:08Z,2022,2022-01-01,2022-12-31
6159148,SRHINSTITUTIONALBIRTH,COUNTRY,IRL,EUR,Europe,YEAR,2012,,,,,,,DATASOURCE,DATASOURCE_SRHIBIRL2012GOV,99.8,99.8,,,"Health Research and Information Division, the Economic and Social Research Institute (ESRI) [Ireland]; 2013.  ",2024-08-06T16:05:08Z,2012,2012-01-01,2012-12-31
1885308,SRHINSTITUTIONALBIRTH,COUNTRY,MAR,EMR,Eastern Mediterranean,YEAR,1992,,,,,,,DATASOURCE,DATASOURCE_SRHIBMAR19871992DHS,28.4,28.4,,,DHS 1992. ,2024-08-06T16:05:08Z,1987-1992,1987-01-01,1992-12-31
3619154,SRHINSTITUTIONALBIRTH,COUNTRY,LVA,EUR,Europe,YEAR,2008,,,,,,,DATASOURCE,DATASOURCE_SRHIBLVA2008GOV,99.1,99.1,,,The Centre of Health Economics [Latvia]; 2010.,2024-08-06T16:05:08Z,2008,2008-01-01,2008-12-31
1100639,SRHINSTITUTIONALBIRTH,COUNTRY,CZE,EUR,Europe,YEAR,2011,,,,,,,DATASOURCE,DATASOURCE_SRHIBCZE2011STAT,99.9,99.9,,,"Ústav zdravotnických informací a statistiky ČR [Czech Republic]; 2012.
",2024-08-06T16:05:08Z,2011,2011-01-01,2011-12-31
2709822,SRHINSTITUTIONALBIRTH,COUNTRY,PNG,WPR,Western Pacific,YEAR,2006,,,,,,,DATASOURCE,DATASOURCE_SRHIBPNG20032006DHS,51.8,51.8,,,"DHS 2006. 
",2024-08-06T16:05:08Z,2003-2006,2003-01-01,2006-12-31
4275695,SRHINSTITUTIONALBIRTH,COUNTRY,KWT,EMR,Eastern Mediterranean,YEAR,2013,,,,,,,DATASOURCE,DATASOURCE_SRHIBKWT2013STAT,98.7,98.7,,,Central Statistical Bureau (Office) [Kuwait]; 2014.,2024-08-06T16:05:08Z,2013,2013-01-01,2013-12-31
5951232,SRHINSTITUTIONALBIRTH,COUNTRY,TTO,AMR,Americas,YEAR,1993,,,,,,,DATASOURCE,DATASOURCE_SRHIBTTO1993GOV,98.3,98.3,,,"Ministry of Health [Trinidad and Tobago]; 1996.
",2024-08-06T16:05:08Z,1993,1993-01-01,1993-12-31
2762748,SRHINSTITUTIONALBIRTH,COUNTRY,USA,AMR,Americas,YEAR,2021,,,,,,,DATASOURCE,DATASOURCE_SRHIBUSA2021STAT,98.6,98.6,,,National Center for Health Statistics [USA]. Final Data for 2021; 2023.,2024-08-06T16:05:08Z,2021,2021-01-01,2021-12-31
6283026,SRHINSTITUTIONALBIRTH,COUNTRY,PNG,WPR,Western Pacific,YEAR,1996,,,,,,,DATASOURCE,DATASOURCE_SRHIBPNG19931996DHS,51.0,51,,,"DHS 1996. 
",2024-08-06T16:05:08Z,1993-1996,1993-01-01,1996-12-31
9698783,SRHINSTITUTIONALBIRTH,COUNTRY,NGA,AFR,Africa,YEAR,2007,,,,,,,DATASOURCE,DATASOURCE_SRHIBNGA20052007MICS,40.5,40.5,,,"MICS 2007. 
",2024-08-06T16:05:08Z,2005-2007,2005-01-01,2007-12-31
2080271,SRHINSTITUTIONALBIRTH,COUNTRY,UKR,EUR,Europe,YEAR,2012,,,,,,,DATASOURCE,DATASOURCE_SRHIBUKR20102012MICS,98.9,98.9,,,"MICS 2012. 
",2024-08-06T16:05:08Z,2010-2012,2010-01-01,2012-12-31
2099775,SRHINSTITUTIONALBIRTH,COUNTRY,BLZ,AMR,Americas,YEAR,2017,,,,,,,DATASOURCE,DATASOURCE_SRHIBBLZ2017WHO,92.2,92.2,,,WHO/PAHO; 2018.,2024-08-06T16:05:08Z,2017,2017-01-01,2017-12-31
3866922,SRHINSTITUTIONALBIRTH,COUNTRY,CUB,AMR,Americas,YEAR,1997,,,,,,,DATASOURCE,DATASOURCE_SRHIBCUB1997GOV,99.9,99.9,,,Centro Nacional de Información de Ciencias Médicas-Infomed [Cuba]; 2012.,2024-08-06T16:05:08Z,1997,1997-01-01,1997-12-31
5632544,SRHINSTITUTIONALBIRTH,COUNTRY,MDG,AFR,Africa,YEAR,2021,,,,,,,DATASOURCE,DATASOURCE_SRHIBMDG20152021DHS,38.5,38.5,,,DHS 2021.,2024-08-06T16:05:08Z,2015-2021,2015-01-01,2021-12-31
6087803,SRHINSTITUTIONALBIRTH,COUNTRY,NOR,EUR,Europe,YEAR,2007,,,,,,,DATASOURCE,DATASOURCE_SRHIBNOR2007GOV,99.1,99.1,,,"Folkehelseinstituttet [Norwegian Institute of Public Health (NIPH)]; 2008.
",2024-08-06T16:05:08Z,2007,2007-01-01,2007-12-31
1068116,SRHINSTITUTIONALBIRTH,COUNTRY,JAM,AMR,Americas,YEAR,2015,,,,,,,DATASOURCE,DATASOURCE_SRHIBJAM2015WHO,99.4,99.4,,,WHO/PAHO; 2017.,2024-08-06T16:05:08Z,2015,2015-01-01,2015-12-31
4717585,SRHINSTITUTIONALBIRTH,COUNTRY,FRA,EUR,Europe,YEAR,2011,,,,,,,DATASOURCE,DATASOURCE_SRHIBFRA2011STAT,96.2,96.2,,,"Institut National de la Statistique et des Études Économiques (INSEE) [France]; 2012.
",2024-08-06T16:05:08Z,2011,2011-01-01,2011-12-31
8153727,SRHINSTITUTIONALBIRTH,COUNTRY,SLV,AMR,Americas,YEAR,1998,,,,,,,DATASOURCE,DATASOURCE_SRHIBSLV19931998GOV,58.0,58,,,"ADS [El Salvador]. FESAL -98; 2000.
",2024-08-06T16:05:08Z,1993-1998,1993-01-01,1998-12-31
8348595,SRHINSTITUTIONALBIRTH,COUNTRY,BFA,AFR,Africa,YEAR,2010,,,,,,,DATASOURCE,DATASOURCE_SRHIBBFA20052010DHS,66.3,66.3,,,"DHS 2010. 
",2024-08-06T16:05:08Z,2005-2010,2005-01-01,2010-12-31
6828203,SRHINSTITUTIONALBIRTH,COUNTRY,CMR,AFR,Africa,YEAR,2019,,,,,,,DATASOURCE,DATASOURCE_SRHIBCMR20132019DHS,67.0,67,,,DHS 2019.,2024-08-06T16:05:08Z,2013-2019,2013-01-01,2019-12-31
7524666,SRHINSTITUTIONALBIRTH,COUNTRY,ECU,AMR,Americas,YEAR,2007,,,,,,,DATASOURCE,DATASOURCE_SRHIBECU2007STAT,81.7,81.7,,,"Instituto Nacional de Estadística y Censos (INEC), Ecuador; 2019.",2024-08-06T16:05:08Z,2007,2007-01-01,2007-12-31
1380411,SRHINSTITUTIONALBIRTH,COUNTRY,NIC,AMR,Americas,YEAR,2002,,,,,,,DATASOURCE,DATASOURCE_SRHIBNIC2002STAT,48.1,48.1,,,"Oficina Nacional De Estadísticas, Ministerio de Salud [Nicaragua]; 2011. ",2024-08-06T16:05:08Z,2002,2002-01-01,2002-12-31
3054803,SRHINSTITUTIONALBIRTH,COUNTRY,CYP,EUR,Europe,YEAR,1999,,,,,,,DATASOURCE,DATASOURCE_SRHIBCYP1999GOV,100.0,100,,,"Republic of Cyprus; 2011.
",2024-08-06T16:05:08Z,1999,1999-01-01,1999-12-31
3119175,SRHINSTITUTIONALBIRTH,COUNTRY,KNA,AMR,Americas,YEAR,2021,,,,,,,DATASOURCE,DATASOURCE_SRHIBKNA2021WHO,100.0,100,,,"
PLISA Health Information Platform; 2024.",2024-08-06T16:05:08Z,2021,2021-01-01,2021-12-31
3658361,SRHINSTITUTIONALBIRTH,COUNTRY,FIN,EUR,Europe,YEAR,2010,,,,,,,DATASOURCE,DATASOURCE_SRHIBFIN2010GOV,99.8,99.8,,,"National Institute for Health and Welfare (THL) [Finland]; 2014.
",2024-08-06T16:05:08Z,2010,2010-01-01,2010-12-31
3749877,SRHINSTITUTIONALBIRTH,COUNTRY,GEO,EUR,Europe,YEAR,2004,,,,,,,DATASOURCE,DATASOURCE_SRHIBGEO2004GOV,98.2,98.2,,,"Ministry of Labour, Health and Social Affairs of Georgia; 2006.
",2024-08-06T16:05:08Z,2004,2004-01-01,2004-12-31
2381639,SRHINSTITUTIONALBIRTH,COUNTRY,MEX,AMR,Americas,YEAR,1998,,,,,,,DATASOURCE,DATASOURCE_SRHIBMEX1998STAT,78.7,78.7,,,"Instituto Nacional de Estadística, Geografía e Informática (INEGI) [Mexico]; 2001.",2024-08-06T16:05:08Z,1998,1998-01-01,1998-12-31
7296916,SRHINSTITUTIONALBIRTH,COUNTRY,VNM,WPR,Western Pacific,YEAR,2002,,,,,,,DATASOURCE,DATASOURCE_SRHIBVNM19992002DHS,78.5,78.5,,,"DHS 2002. 
",2024-08-06T16:05:08Z,1999-2002,1999-01-01,2002-12-31
34022,SRHINSTITUTIONALBIRTH,COUNTRY,GIN,AFR,Africa,YEAR,2005,,,,,,,DATASOURCE,DATASOURCE_SRHIBGIN20002005DHS,30.8,30.8,,,"DHS 2005. 
",2024-08-06T16:05:08Z,2000-2005,2000-01-01,2005-12-31
4412615,SRHINSTITUTIONALBIRTH,COUNTRY,ECU,AMR,Americas,YEAR,1994,,,,,,,DATASOURCE,DATASOURCE_SRHIBECU19891994GOV,63.5,63.5,,,"Centro de Estudios de Población y Paternidad Responsable (CEPAR) [Ecuador], CDC. ENDEMAIN -94; 1995.",2024-08-06T16:05:08Z,1989-1994,1989-01-01,1994-12-31
6580943,SRHINSTITUTIONALBIRTH,COUNTRY,SRB,EUR,Europe,YEAR,1995,,,,,,,DATASOURCE,DATASOURCE_SRHIBSRB1995STAT,97.3,97.3,,,"Statistical Office of the Republic of Serbia; 2007.
",2024-08-06T16:05:08Z,1995,1995-01-01,1995-12-31
3379431,SRHINSTITUTIONALBIRTH,COUNTRY,THA,SEAR,South-East Asia,YEAR,2016,,,,,,,DATASOURCE,DATASOURCE_SRHIBTHA20132016MICS,98.6,98.6,,,"MICS 2015-16.
",2024-08-06T16:05:08Z,2013-2016,2013-01-01,2016-12-31
6802184,SRHINSTITUTIONALBIRTH,COUNTRY,SEN,AFR,Africa,YEAR,2013,,,,,,,DATASOURCE,DATASOURCE_SRHIBSEN20072013DHS,71.3,71.3,,,"DHS 2012-13. 
",2024-08-06T16:05:08Z,2007-2013,2007-01-01,2013-12-31
8550153,SRHINSTITUTIONALBIRTH,COUNTRY,GAB,AFR,Africa,YEAR,2000,,,,,,,DATASOURCE,DATASOURCE_SRHIBGAB19952000DHS,84.7,84.7,,,"DHS 2000. 
",2024-08-06T16:05:08Z,1995-2000,1995-01-01,2000-12-31
2368640,SRHINSTITUTIONALBIRTH,COUNTRY,PLW,WPR,Western Pacific,YEAR,2000,,,,,,,DATASOURCE,DATASOURCE_SRHIBPLW2000GOV,100.0,100,,,"Ministry of Finance [Palau]; 2004.
",2024-08-06T16:05:08Z,2000,2000-01-01,2000-12-31
5516078,SRHINSTITUTIONALBIRTH,COUNTRY,BEN,AFR,Africa,YEAR,2012,,,,,,,DATASOURCE,DATASOURCE_SRHIBBEN20062012DHS,86.9,86.9,,,DHS 2011-2012.,2024-08-06T16:05:08Z,2006-2012,2006-01-01,2012-12-31
9128410,SRHINSTITUTIONALBIRTH,COUNTRY,SVN,EUR,Europe,YEAR,2012,,,,,,,DATASOURCE,DATASOURCE_SRHIBSVN2012STAT,99.8,99.8,,,"Statistical Office of the Republic of Slovenia; 2013.
",2024-08-06T16:05:08Z,2012,2012-01-01,2012-12-31
3275418,SRHINSTITUTIONALBIRTH,COUNTRY,BHR,EMR,Eastern Mediterranean,YEAR,2000,,,,,,,DATASOURCE,DATASOURCE_SRHIBBHR2000GOV,98.2,98.2,,,"Ministry of Health [Bahrain]; 2001.
",2024-08-06T16:05:08Z,2000,2000-01-01,2000-12-31
2067422,SRHINSTITUTIONALBIRTH,COUNTRY,SVN,EUR,Europe,YEAR,1995,,,,,,,DATASOURCE,DATASOURCE_SRHIBSVN1995STAT,99.9,99.9,,,"Statistical Office of the Republic of Slovenia; 2001.
",2024-08-06T16:05:08Z,1995,1995-01-01,1995-12-31
8882008,SRHINSTITUTIONALBIRTH,COUNTRY,PRT,EUR,Europe,YEAR,2013,,,,,,,DATASOURCE,DATASOURCE_SRHIBPRT2013STAT,99.0,99,,,"Instituto Nacional de Estadística (INE) [Portugal]; 2014.
",2024-08-06T16:05:08Z,2013,2013-01-01,2013-12-31
7335778,SRHINSTITUTIONALBIRTH,COUNTRY,ROU,EUR,Europe,YEAR,1995,,,,,,,DATASOURCE,DATASOURCE_SRHIBROU1995STAT,99.8,99.82551416,,,National Institute of Statistics [Romania]; 2023,2024-08-06T16:05:08Z,1995,1995-01-01,1995-12-31
2561017,SRHINSTITUTIONALBIRTH,COUNTRY,PNG,WPR,Western Pacific,YEAR,2006,,,,,,,DATASOURCE,DATASOURCE_SRHIBPNG2006GOV,44.0,44,,,"Ministry of Health [Papua New Guinea]; 2011.
",2024-08-06T16:05:08Z,2006,2006-01-01,2006-12-31
1328547,SRHINSTITUTIONALBIRTH,COUNTRY,BRA,AMR,Americas,YEAR,2008,,,,,,,DATASOURCE,DATASOURCE_SRHIBBRA2008DATA,98.8,98.8,,,"DATASUS, MS/SVS/DASIS [Brazil]. Período: 2008; 2011.",2024-08-06T16:05:08Z,2008,2008-01-01,2008-12-31
7634584,SRHINSTITUTIONALBIRTH,COUNTRY,GTM,AMR,Americas,YEAR,1995,,,,,,,DATASOURCE,DATASOURCE_SRHIBGTM19901995DHS,34.3,34.3,,,"DHS 1995. 
",2024-08-06T16:05:08Z,1990-1995,1990-01-01,1995-12-31
7692461,SRHINSTITUTIONALBIRTH,COUNTRY,CRI,AMR,Americas,YEAR,2015,,,,,,,DATASOURCE,DATASOURCE_SRHIBCRI20102015GOV,99.3,99.3,,,"Ministerio de Salud [Ministry of Health, Costa Rica]; 2016.
",2024-08-06T16:05:08Z,2010-2015,2010-01-01,2015-12-31
3353400,SRHINSTITUTIONALBIRTH,COUNTRY,DZA,AFR,Africa,YEAR,2019,,,,,,,DATASOURCE,DATASOURCE_SRHIBDZA20162019MICS,98.6,98.6,,,MIC 2018-2019.,2024-08-06T16:05:08Z,2016-2019,2016-01-01,2019-12-31
8381077,SRHINSTITUTIONALBIRTH,COUNTRY,AUT,EUR,Europe,YEAR,2014,,,,,,,DATASOURCE,DATASOURCE_SRHIBAUT2014STAT,98.5,98.5,,,"Statistik Austria; 2015.
",2024-08-06T16:05:08Z,2014,2014-01-01,2014-12-31
2221127,SRHINSTITUTIONALBIRTH,COUNTRY,ARE,EMR,Eastern Mediterranean,YEAR,1995,,,,,,,DATASOURCE,DATASOURCE_SRHIBARE19921995FHS,99.2,99.2,,,"FHS 1995. 
",2024-08-06T16:05:08Z,1992-1995,1992-01-01,1995-12-31
2305703,SRHINSTITUTIONALBIRTH,COUNTRY,SLB,WPR,Western Pacific,YEAR,2015,,,,,,,DATASOURCE,DATASOURCE_SRHIBSLB20102015DHS,84.5,84.5,,,"DHS 2015. 
",2024-08-06T16:05:08Z,2010-2015,2010-01-01,2015-12-31
8765150,SRHINSTITUTIONALBIRTH,COUNTRY,ZWE,AFR,Africa,YEAR,2014,,,,,,,DATASOURCE,DATASOURCE_SRHIBZWE20122014MICS,79.6,79.6,,,"MICS 2014. 
",2024-08-06T16:05:08Z,2012-2014,2012-01-01,2014-12-31
1484857,SRHINSTITUTIONALBIRTH,COUNTRY,KWT,EMR,Eastern Mediterranean,YEAR,2010,,,,,,,DATASOURCE,DATASOURCE_SRHIBKWT2010STAT,98.6,98.6,,,Central Statistical Bureau (Office) [Kuwait]; 2011.,2024-08-06T16:05:08Z,2010,2010-01-01,2010-12-31
2762905,SRHINSTITUTIONALBIRTH,COUNTRY,CHN,WPR,Western Pacific,YEAR,1993,,,,,,,DATASOURCE,DATASOURCE_SRHIBCHN1993GOV,56.5,56.5,,,"National Health and Family Planning Commission of China (NHFPC); 2016. 
",2024-08-06T16:05:08Z,1993,1993-01-01,1993-12-31
7829057,SRHINSTITUTIONALBIRTH,COUNTRY,BHR,EMR,Eastern Mediterranean,YEAR,2016,,,,,,,DATASOURCE,DATASOURCE_SRHIBBHR2016GOV,99.7,99.7,,,Ministry of Health [Bahrain]; 2017.,2024-08-06T16:05:08Z,2016,2016-01-01,2016-12-31
2905948,SRHINSTITUTIONALBIRTH,COUNTRY,SUR,AMR,Americas,YEAR,2015,,,,,,,DATASOURCE,DATASOURCE_SRHIBSUR2015WHO,80.0,80,,,"WHO/PAHO; 2017.
",2024-08-06T16:05:08Z,2015,2015-01-01,2015-12-31
6283203,SRHINSTITUTIONALBIRTH,COUNTRY,EST,EUR,Europe,YEAR,2020,,,,,,,DATASOURCE,DATASOURCE_SRHIBEST2020GOV,98.9,98.9,,,Estonian Medical Birth Registry (EMBR) 2021,2024-08-06T16:05:08Z,2020,2020-01-01,2020-12-31
6529127,SRHINSTITUTIONALBIRTH,COUNTRY,HND,AMR,Americas,YEAR,2016,,,,,,,DATASOURCE,DATASOURCE_SRHIBHND2016WHO,79.0,79,,,WHO/PAHO; 2017.,2024-08-06T16:05:08Z,2016,2016-01-01,2016-12-31
8303311,SRHINSTITUTIONALBIRTH,COUNTRY,BHS,AMR,Americas,YEAR,2014,,,,,,,DATASOURCE,DATASOURCE_SRHIBBHS2014WHO,99.6,99.6,,,WHO/PAHO; 2016.,2024-08-06T16:05:08Z,2014,2014-01-01,2014-12-31
3638893,SRHINSTITUTIONALBIRTH,COUNTRY,GEO,EUR,Europe,YEAR,2008,,,,,,,DATASOURCE,DATASOURCE_SRHIBGEO2008GOV,99.7,99.7,,,"Ministry of Labour, Health and Social Affairs of Georgia; 2015.
",2024-08-06T16:05:08Z,2008,2008-01-01,2008-12-31
7017137,SRHINSTITUTIONALBIRTH,COUNTRY,UGA,AFR,Africa,YEAR,2011,,,,,,,DATASOURCE,DATASOURCE_SRHIBUGA20062011DHS,57.4,57.4,,,"DHS 2011. 
",2024-08-06T16:05:08Z,2006-2011,2006-01-01,2011-12-31
7101779,SRHINSTITUTIONALBIRTH,COUNTRY,PRT,EUR,Europe,YEAR,2015,,,,,,,DATASOURCE,DATASOURCE_SRHIBPRT2015STAT,98.9,98.9,,,"Instituto Nacional de Estadística (INE) [Portugal]; 2016.
",2024-08-06T16:05:08Z,2015,2015-01-01,2015-12-31
8991608,SRHINSTITUTIONALBIRTH,COUNTRY,URY,AMR,Americas,YEAR,1997,,,,,,,DATASOURCE,DATASOURCE_SRHIBURY1997GOV,99.0,99,,,"Ministerio de Salud Publica [Uruguay]; 2015.
",2024-08-06T16:05:08Z,1997,1997-01-01,1997-12-31
4191595,SRHINSTITUTIONALBIRTH,COUNTRY,BRN,WPR,Western Pacific,YEAR,2001,,,,,,,DATASOURCE,DATASOURCE_SRHIBBRN2001GOV,99.4,99.4,,,"Ministry of Health [Brunei Darussalam]; 2009.
",2024-08-06T16:05:08Z,2001,2001-01-01,2001-12-31
6152885,SRHINSTITUTIONALBIRTH,COUNTRY,ECU,AMR,Americas,YEAR,2016,,,,,,,DATASOURCE,DATASOURCE_SRHIBECU2016STAT,95.6,95.6,,,"Instituto Nacional de Estadística y Censos (INEC), Ecuador; 2019.",2024-08-06T16:05:08Z,2016,2016-01-01,2016-12-31
9492288,SRHINSTITUTIONALBIRTH,COUNTRY,DOM,AMR,Americas,YEAR,2014,,,,,,,DATASOURCE,DATASOURCE_SRHIBDOM20122014MICS,97.7,97.7,,,"MICS 2014. 
",2024-08-06T16:05:08Z,2012-2014,2012-01-01,2014-12-31
6328445,SRHINSTITUTIONALBIRTH,COUNTRY,NOR,EUR,Europe,YEAR,2019,,,,,,,DATASOURCE,DATASOURCE_SRHIBNOR2019GOV,99.3,99.3,,,Folkehelseinstituttet [Norwegian Institute of Public Health (NIPH)]; 2020.,2024-08-06T16:05:08Z,2019,2019-01-01,2019-12-31
8075710,SRHINSTITUTIONALBIRTH,COUNTRY,MEX,AMR,Americas,YEAR,1994,,,,,,,DATASOURCE,DATASOURCE_SRHIBMEX1994STAT,73.0,73,,,"Instituto Nacional de Estadística, Geografía e Informática (INEGI) [Mexico]; 2001.",2024-08-06T16:05:08Z,1994,1994-01-01,1994-12-31
3262483,SRHINSTITUTIONALBIRTH,COUNTRY,JPN,WPR,Western Pacific,YEAR,2007,,,,,,,DATASOURCE,DATASOURCE_SRHIBJPN2007GOV,99.8,99.8,,,"Ministry of Health, Labour and Welfare [Japan]; 2010.",2024-08-06T16:05:08Z,2007,2007-01-01,2007-12-31
6821826,SRHINSTITUTIONALBIRTH,COUNTRY,EST,EUR,Europe,YEAR,2002,,,,,,,DATASOURCE,DATASOURCE_SRHIBEST2002GOV,99.5,99.5,,,"National Institute for Health Development [Estonia]; 2017.
",2024-08-06T16:05:08Z,2002,2002-01-01,2002-12-31
8667271,SRHINSTITUTIONALBIRTH,COUNTRY,AUT,EUR,Europe,YEAR,2013,,,,,,,DATASOURCE,DATASOURCE_SRHIBAUT2013STAT,98.5,98.5,,,"Statistik Austria; 2015.
",2024-08-06T16:05:08Z,2013,2013-01-01,2013-12-31
7147258,SRHINSTITUTIONALBIRTH,COUNTRY,NAM,AFR,Africa,YEAR,1992,,,,,,,DATASOURCE,DATASOURCE_SRHIBNAM19871992DHS,66.9,66.9,,,"DHS 1992. 
",2024-08-06T16:05:08Z,1987-1992,1987-01-01,1992-12-31
3958202,SRHINSTITUTIONALBIRTH,COUNTRY,SVN,EUR,Europe,YEAR,1992,,,,,,,DATASOURCE,DATASOURCE_SRHIBSVN1992STAT,99.7,99.7,,,"Statistical Office of the Republic of Slovenia; 1995.
",2024-08-06T16:05:08Z,1992,1992-01-01,1992-12-31
4029372,SRHINSTITUTIONALBIRTH,COUNTRY,MKD,EUR,Europe,YEAR,2015,,,,,,,DATASOURCE,DATASOURCE_SRHIBMKD2015STAT,99.9,99.9,,,"State Statistical Office [Macedonia]; 2017.
",2024-08-06T16:05:08Z,2015,2015-01-01,2015-12-31
7660729,SRHINSTITUTIONALBIRTH,COUNTRY,DNK,EUR,Europe,YEAR,2013,,,,,,,DATASOURCE,DATASOURCE_SRHIBDNK2013DATA,96.3,96.3,,,"Sundhedsdatastyrelsen [Denmark]; 2017. 
",2024-08-06T16:05:08Z,2013,2013-01-01,2013-12-31
4542287,SRHINSTITUTIONALBIRTH,COUNTRY,CYP,EUR,Europe,YEAR,2000,,,,,,,DATASOURCE,DATASOURCE_SRHIBCYP2000GOV,97.9,97.9,,,"Republic of Cyprus; 2011.
",2024-08-06T16:05:08Z,2000,2000-01-01,2000-12-31
2266799,SRHINSTITUTIONALBIRTH,COUNTRY,QAT,EMR,Eastern Mediterranean,YEAR,2014,,,,,,,DATASOURCE,DATASOURCE_SRHIBQAT2014STAT,99.9,99.9,,,"Ministry of Development Planning and Statistics [Qatar]. Vital Statistics 2014; 2016.
",2024-08-06T16:05:08Z,2014,2014-01-01,2014-12-31
3899737,SRHINSTITUTIONALBIRTH,COUNTRY,SVN,EUR,Europe,YEAR,1990,,,,,,,DATASOURCE,DATASOURCE_SRHIBSVN1990STAT,99.7,99.7,,,"Statistical Office of the Republic of Slovenia; 1995.
",2024-08-06T16:05:08Z,1990,1990-01-01,1990-12-31
3971271,SRHINSTITUTIONALBIRTH,COUNTRY,FRA,EUR,Europe,YEAR,2021,,,,,,,DATASOURCE,DATASOURCE_SRHIBFRA2021STAT,97.3,97.3,,,Institut National de la Statistique et des Études Économiques (INSEE) [France]; 2023.,2024-08-06T16:05:08Z,2021,2021-01-01,2021-12-31
7297072,SRHINSTITUTIONALBIRTH,COUNTRY,PLW,WPR,Western Pacific,YEAR,2001,,,,,,,DATASOURCE,DATASOURCE_SRHIBPLW2001GOV,99.0,99,,,"Ministry of Finance [Palau]; 2004.
",2024-08-06T16:05:08Z,2001,2001-01-01,2001-12-31
7602078,SRHINSTITUTIONALBIRTH,COUNTRY,MDV,SEAR,South-East Asia,YEAR,2013,,,,,,,DATASOURCE,DATASOURCE_SRHIBMDV2013GOV,99.7,99.7,,,"Ministry of Health [Republic of Maldives]; 2017.
",2024-08-06T16:05:08Z,2013,2013-01-01,2013-12-31
6016589,SRHINSTITUTIONALBIRTH,COUNTRY,SEN,AFR,Africa,YEAR,2023,,,,,,,DATASOURCE,DATASOURCE_SRHIBSEN20212023DHS,92.3,92.3,,,DHS 2023 (DHS Continuous).,2024-08-06T16:05:08Z,2021-2023,2021-01-01,2023-12-31
6029619,SRHINSTITUTIONALBIRTH,COUNTRY,CUB,AMR,Americas,YEAR,2014,,,,,,,DATASOURCE,DATASOURCE_SRHIBCUB2014GOV,99.9,99.9,,,"Ministerio de Salud Pública [Cuba]; 2016.
",2024-08-06T16:05:08Z,2014,2014-01-01,2014-12-31
7835673,SRHINSTITUTIONALBIRTH,COUNTRY,DOM,AMR,Americas,YEAR,2021,,,,,,,DATASOURCE,DATASOURCE_SRHIBDOM2021WHO,99.9,99.9,,,PLISA Health Information Platform; 2024.,2024-08-06T16:05:08Z,2021,2021-01-01,2021-12-31
9666451,SRHINSTITUTIONALBIRTH,COUNTRY,ERI,AFR,Africa,YEAR,2002,,,,,,,DATASOURCE,DATASOURCE_SRHIBERI19972002DHS,26.4,26.4,,,"DHS 2002. 
",2024-08-06T16:05:08Z,1997-2002,1997-01-01,2002-12-31
8030153,SRHINSTITUTIONALBIRTH,COUNTRY,CUB,AMR,Americas,YEAR,2015,,,,,,,DATASOURCE,DATASOURCE_SRHIBCUB2015GOV,99.9,99.9,,,"Ministerio de Salud Pública [Cuba]; 2016.
",2024-08-06T16:05:08Z,2015,2015-01-01,2015-12-31
4724281,SRHINSTITUTIONALBIRTH,COUNTRY,BRN,WPR,Western Pacific,YEAR,2005,,,,,,,DATASOURCE,DATASOURCE_SRHIBBRN2005GOV,99.6,99.6,,,"Ministry of Health [Brunei Darussalam]; 2014.
",2024-08-06T16:05:08Z,2005,2005-01-01,2005-12-31
8361868,SRHINSTITUTIONALBIRTH,COUNTRY,MKD,EUR,Europe,YEAR,2010,,,,,,,DATASOURCE,DATASOURCE_SRHIBMKD2010STAT,99.7,99.7,,,"State Statistical Office [Macedonia]; 2015.
",2024-08-06T16:05:08Z,2010,2010-01-01,2010-12-31
8647695,SRHINSTITUTIONALBIRTH,COUNTRY,CUB,AMR,Americas,YEAR,2006,,,,,,,DATASOURCE,DATASOURCE_SRHIBCUB2006GOV,99.9,99.9,,,"Ministerio de Salud Pública [Cuba]; 2016.
",2024-08-06T16:05:08Z,2006,2006-01-01,2006-12-31
8713007,SRHINSTITUTIONALBIRTH,COUNTRY,VEN,AMR,Americas,YEAR,2017,,,,,,,DATASOURCE,DATASOURCE_SRHIBVEN2017WHO,95.4,95.4,,,WHO/PAHO; 2018.,2024-08-06T16:05:08Z,2017,2017-01-01,2017-12-31
1198664,SRHINSTITUTIONALBIRTH,COUNTRY,BHS,AMR,Americas,YEAR,2018,,,,,,,DATASOURCE,DATASOURCE_SRHIBBHS2018WHO,99.0,99,,,PLISA Health Information Platform; 2024.,2024-08-06T16:05:08Z,2018,2018-01-01,2018-12-31
4094107,SRHINSTITUTIONALBIRTH,COUNTRY,CUB,AMR,Americas,YEAR,2009,,,,,,,DATASOURCE,DATASOURCE_SRHIBCUB2009GOV,99.9,99.9,,,"Ministerio de Salud Pública [Cuba]; 2016.
",2024-08-06T16:05:08Z,2009,2009-01-01,2009-12-31
9251817,SRHINSTITUTIONALBIRTH,COUNTRY,NZL,WPR,Western Pacific,YEAR,2001,,,,,,,DATASOURCE,DATASOURCE_SRHIBNZL2001GOV,96.6,96.6,,,Ministry of Health [New Zealand]; 2003.,2024-08-06T16:05:08Z,2001,2001-01-01,2001-12-31
9757716,SRHINSTITUTIONALBIRTH,COUNTRY,LKA,SEAR,South-East Asia,YEAR,2016,,,,,,,DATASOURCE,DATASOURCE_SRHIBLKA20112016DHS,99.5,99.5,,,DHS 2016.,2024-08-06T16:05:08Z,2011-2016,2011-01-01,2016-12-31
3424748,SRHINSTITUTIONALBIRTH,COUNTRY,QAT,EMR,Eastern Mediterranean,YEAR,1998,,,,,,,DATASOURCE,DATASOURCE_SRHIBQAT1998GOV,99.9,99.9,,,"The Planning Council [Qatar]; 1999.
",2024-08-06T16:05:08Z,1998,1998-01-01,1998-12-31
3665072,SRHINSTITUTIONALBIRTH,COUNTRY,PHL,WPR,Western Pacific,YEAR,2022,,,,,,,DATASOURCE,DATASOURCE_SRHIBPHL20202022DHS,88.4,88.4,,,DHS 2022.,2024-08-06T16:05:08Z,2020-2022,2020-01-01,2022-12-31
8686932,SRHINSTITUTIONALBIRTH,COUNTRY,DNK,EUR,Europe,YEAR,2019,,,,,,,DATASOURCE,DATASOURCE_SRHIBDNK2019DATA,96.2,96.2,,,Sundhedsdatastyrelsen [Denmark]; 2023.,2024-08-06T16:05:08Z,2019,2019-01-01,2019-12-31
8972448,SRHINSTITUTIONALBIRTH,COUNTRY,MKD,EUR,Europe,YEAR,1998,,,,,,,DATASOURCE,DATASOURCE_SRHIBMKD1998STAT,95.2,95.2,,,"State Statistical Office [Macedonia]; 2000.
",2024-08-06T16:05:08Z,1998,1998-01-01,1998-12-31
1608383,SRHINSTITUTIONALBIRTH,COUNTRY,BIH,EUR,Europe,YEAR,2013,,,,,,,DATASOURCE,DATASOURCE_SRHIBBIH2013STAT,99.9,99.9,,,Institute for Statistics of Federation of Bosnia and Herzegovina; 2015.,2024-08-06T16:05:08Z,2013,2013-01-01,2013-12-31
4380225,SRHINSTITUTIONALBIRTH,COUNTRY,NOR,EUR,Europe,YEAR,2018,,,,,,,DATASOURCE,DATASOURCE_SRHIBNOR2018GOV,99.2,99.2,,,Folkehelseinstituttet [Norwegian Institute of Public Health (NIPH)]; 2020.,2024-08-06T16:05:08Z,2018,2018-01-01,2018-12-31
2899539,SRHINSTITUTIONALBIRTH,COUNTRY,ARG,AMR,Americas,YEAR,2016,,,,,,,DATASOURCE,DATASOURCE_SRHIBARG2016GOV,99.3,99.3,,,Ministerio de Salud [Argentina]; 2017.,2024-08-06T16:05:08Z,2016,2016-01-01,2016-12-31
3275586,SRHINSTITUTIONALBIRTH,COUNTRY,BHR,EMR,Eastern Mediterranean,YEAR,2015,,,,,,,DATASOURCE,DATASOURCE_SRHIBBHR2015GOV,99.7,99.7,,,"Ministry of Health [Bahrain]; 2016.
",2024-08-06T16:05:08Z,2015,2015-01-01,2015-12-31
5262883,SRHINSTITUTIONALBIRTH,COUNTRY,TUR,EUR,Europe,YEAR,2008,,,,,,,DATASOURCE,DATASOURCE_SRHIBTUR20032008DHS,89.7,89.7,,,"DHS 2008. 
",2024-08-06T16:05:08Z,2003-2008,2003-01-01,2008-12-31
8921108,SRHINSTITUTIONALBIRTH,COUNTRY,AUS,WPR,Western Pacific,YEAR,2007,,,,,,,DATASOURCE,DATASOURCE_SRHIBAUS2007GOV,99.2,99.2,,,"Laws P, Sullivan EA. Australian Institute of Health and Welfare (AIHW); 2009.",2024-08-06T16:05:08Z,2007,2007-01-01,2007-12-31
4159150,SRHINSTITUTIONALBIRTH,COUNTRY,TON,WPR,Western Pacific,YEAR,2010,,,,,,,DATASOURCE,DATASOURCE_SRHIBTON2010WHO,98.0,98,,,"CHIPS 2011. WHO/WPRO; 2011.
",2024-08-06T16:05:08Z,2010,2010-01-01,2010-12-31
6081587,SRHINSTITUTIONALBIRTH,COUNTRY,QAT,EMR,Eastern Mediterranean,YEAR,2011,,,,,,,DATASOURCE,DATASOURCE_SRHIBQAT2011STAT,100.0,100,,,"Ministry of Development Planning and Statistics [Qatar]; 2013.
",2024-08-06T16:05:08Z,2011,2011-01-01,2011-12-31
9466354,SRHINSTITUTIONALBIRTH,COUNTRY,DNK,EUR,Europe,YEAR,2003,,,,,,,DATASOURCE,DATASOURCE_SRHIBDNK2003GOV,98.9,98.9,,,"Sundhedsstyrelsen [Denmark]; 2005.
",2024-08-06T16:05:08Z,2003,2003-01-01,2003-12-31
4574976,SRHINSTITUTIONALBIRTH,COUNTRY,COD,AFR,Africa,YEAR,2010,,,,,,,DATASOURCE,DATASOURCE_SRHIBCOD20082010MICS,74.9,74.9,,,"MICS 2010. 
",2024-08-06T16:05:08Z,2008-2010,2008-01-01,2010-12-31
1821253,SRHINSTITUTIONALBIRTH,COUNTRY,AUS,WPR,Western Pacific,YEAR,2006,,,,,,,DATASOURCE,DATASOURCE_SRHIBAUS2006STAT,99.3,99.3,,,"Laws PJ, Hilder L. Australian Institute of Health and Welfare (AIHW) National Perinatal Statistics Unit; 2008.",2024-08-06T16:05:08Z,2006,2006-01-01,2006-12-31
6574654,SRHINSTITUTIONALBIRTH,COUNTRY,SEN,AFR,Africa,YEAR,1997,,,,,,,DATASOURCE,DATASOURCE_SRHIBSEN19921997DHS,48.0,48,,,"DHS 1997. 
",2024-08-06T16:05:08Z,1992-1997,1992-01-01,1997-12-31
2015669,SRHINSTITUTIONALBIRTH,COUNTRY,BOL,AMR,Americas,YEAR,2021,,,,,,,DATASOURCE,DATASOURCE_SRHIBBOL2021WHO,92.2,92.2,,,PLISA Health Information Platform; 2024.,2024-08-06T16:05:08Z,2021,2021-01-01,2021-12-31
8452899,SRHINSTITUTIONALBIRTH,COUNTRY,MDV,SEAR,South-East Asia,YEAR,2006,,,,,,,DATASOURCE,DATASOURCE_SRHIBMDV2006GOV,96.1,96.1,,,Ministry of Health and Family [Republic of Maldives]; 2012.,2024-08-06T16:05:08Z,2006,2006-01-01,2006-12-31
7790078,SRHINSTITUTIONALBIRTH,COUNTRY,MLI,AFR,Africa,YEAR,2018,,,,,,,DATASOURCE,DATASOURCE_SRHIBMLI20132018DHS,66.8,66.8,,,DHS 2018.,2024-08-06T16:05:08Z,2013-2018,2013-01-01,2018-12-31
6257278,SRHINSTITUTIONALBIRTH,COUNTRY,LCA,AMR,Americas,YEAR,2018,,,,,,,DATASOURCE,DATASOURCE_SRHIBLCA2018WHO,99.0,99,,,"
PLISA Health Information Platform; 2024.",2024-08-06T16:05:08Z,2018,2018-01-01,2018-12-31
9705664,SRHINSTITUTIONALBIRTH,COUNTRY,BOL,AMR,Americas,YEAR,2016,,,,,,,DATASOURCE,DATASOURCE_SRHIBBOL20112016STAT,87.7,87.7,,,"EDSA 2016. Ministerio de Salud, Instituto Nacional de Estadística (INE) [Bolivia]; 2017.",2024-08-06T16:05:08Z,2011-2016,2011-01-01,2016-12-31
8426929,SRHINSTITUTIONALBIRTH,COUNTRY,ERI,AFR,Africa,YEAR,2010,,,,,,,DATASOURCE,DATASOURCE_SRHIBERI20052010STAT,33.6,33.6,,,"National Statistics Office (NSO), Eritrea, Fafo Institute for Applied International Studies (Fafo AIS); 2013.
",2024-08-06T16:05:08Z,2005-2010,2005-01-01,2010-12-31
5113420,SRHINSTITUTIONALBIRTH,COUNTRY,ITA,EUR,Europe,YEAR,2008,,,,,,,DATASOURCE,DATASOURCE_SRHIBITA2008STAT,99.8,99.8,,,Direzione Generale del Sistema Informativo – Ufficio di Statistica [Italy]; 2011.,2024-08-06T16:05:08Z,2008,2008-01-01,2008-12-31
8446447,SRHINSTITUTIONALBIRTH,COUNTRY,PRT,EUR,Europe,YEAR,2018,,,,,,,DATASOURCE,DATASOURCE_SRHIBPRT2018STAT,98.7,98.7,,,Instituto Nacional de Estadística (INE) [Portugal]; 2019.,2024-08-06T16:05:08Z,2018,2018-01-01,2018-12-31
9725233,SRHINSTITUTIONALBIRTH,COUNTRY,IND,SEAR,South-East Asia,YEAR,2008,,,,,,,DATASOURCE,DATASOURCE_SRHIBIND20042008GOV,46.9,46.9,,,"DLHS 2007-08. International Institute for Population Sciences (IIPS) [India]; 2010.
",2024-08-06T16:05:08Z,2004-2008,2004-01-01,2008-12-31
6548901,SRHINSTITUTIONALBIRTH,COUNTRY,SUR,AMR,Americas,YEAR,2018,,,,,,,DATASOURCE,DATASOURCE_SRHIBSUR20162018MICS,92.9,92.9,,,MICS 2018. ,2024-08-06T16:05:08Z,2016-2018,2016-01-01,2018-12-31
4931467,SRHINSTITUTIONALBIRTH,COUNTRY,GMB,AFR,Africa,YEAR,2010,,,,,,,DATASOURCE,DATASOURCE_SRHIBGMB20082010MICS,55.7,55.7,,,"MICS 2010. 
",2024-08-06T16:05:08Z,2008-2010,2008-01-01,2010-12-31
8628275,SRHINSTITUTIONALBIRTH,COUNTRY,URY,AMR,Americas,YEAR,2015,,,,,,,DATASOURCE,DATASOURCE_SRHIBURY2015GOV,99.6,99.6,,,"Ministerio de Salud Publica [Uruguay]; 2016.
",2024-08-06T16:05:08Z,2015,2015-01-01,2015-12-31
7049869,SRHINSTITUTIONALBIRTH,COUNTRY,BFA,AFR,Africa,YEAR,2006,,,,,,,DATASOURCE,DATASOURCE_SRHIBBFA20042006MICS,50.5,50.5,,,"MICS 2006. 
",2024-08-06T16:05:08Z,2004-2006,2004-01-01,2006-12-31
2421016,SRHINSTITUTIONALBIRTH,COUNTRY,PAK,EMR,Eastern Mediterranean,YEAR,2002,,,,,,,DATASOURCE,DATASOURCE_SRHIBPAK20012002STAT,21.0,21,,,"Federal Bureau of Statistics [Pakistan]. PSLM 2005-06; 2007.
",2024-08-06T16:05:08Z,2001-2002,2001-01-01,2002-12-31
7628333,SRHINSTITUTIONALBIRTH,COUNTRY,BIH,EUR,Europe,YEAR,2018,,,,,,,DATASOURCE,DATASOURCE_SRHIBBIH2018STAT,99.9,99.9,,,Institute for Statistics of Federation of Bosnia and Herzegovina; 2019.,2024-08-06T16:05:08Z,2018,2018-01-01,2018-12-31
6335110,SRHINSTITUTIONALBIRTH,COUNTRY,CHN,WPR,Western Pacific,YEAR,2009,,,,,,,DATASOURCE,DATASOURCE_SRHIBCHN2009GOV,96.3,96.3,,,"National Health and Family Planning Commission of China (NHFPC); 2016. 
",2024-08-06T16:05:08Z,2009,2009-01-01,2009-12-31
1853865,SRHINSTITUTIONALBIRTH,COUNTRY,NIC,AMR,Americas,YEAR,2003,,,,,,,DATASOURCE,DATASOURCE_SRHIBNIC2003STAT,50.4,50.4,,,"Oficina Nacional De Estadísticas, Ministerio de Salud [Nicaragua]; 2011. ",2024-08-06T16:05:08Z,2003,2003-01-01,2003-12-31
1996214,SRHINSTITUTIONALBIRTH,COUNTRY,BHR,EMR,Eastern Mediterranean,YEAR,2004,,,,,,,DATASOURCE,DATASOURCE_SRHIBBHR2004GOV,97.7,97.7,,,"Ministry of Health [Bahrain]; 2005.  
",2024-08-06T16:05:08Z,2004,2004-01-01,2004-12-31
5243416,SRHINSTITUTIONALBIRTH,COUNTRY,ROU,EUR,Europe,YEAR,1998,,,,,,,DATASOURCE,DATASOURCE_SRHIBROU1998STAT,99.9,99.87161796,,,National Institute of Statistics [Romania]; 2023,2024-08-06T16:05:08Z,1998,1998-01-01,1998-12-31
5568203,SRHINSTITUTIONALBIRTH,COUNTRY,TUR,EUR,Europe,YEAR,2019,,,,,,,DATASOURCE,DATASOURCE_SRHIBTUR2019STAT,97.0,97,,,Health Statistics Yearbook 2019 Newsletter; 2020.,2024-08-06T16:05:08Z,2019,2019-01-01,2019-12-31
7232133,SRHINSTITUTIONALBIRTH,COUNTRY,JPN,WPR,Western Pacific,YEAR,2016,,,,,,,DATASOURCE,DATASOURCE_SRHIBJPN2016STAT,99.8,99.8,,,"e-stat, National Statistics Center [Japan]; 2017.",2024-08-06T16:05:08Z,2016,2016-01-01,2016-12-31
9634206,SRHINSTITUTIONALBIRTH,COUNTRY,GEO,EUR,Europe,YEAR,2018,,,,,,,DATASOURCE,DATASOURCE_SRHIBGEO20162018MICS,99.4,99.4,,,MICS 2018. ,2024-08-06T16:05:08Z,2016-2018,2016-01-01,2018-12-31
8400909,SRHINSTITUTIONALBIRTH,COUNTRY,MDG,AFR,Africa,YEAR,2009,,,,,,,DATASOURCE,DATASOURCE_SRHIBMDG20032009DHS,35.3,35.3,,,DHS 2008-2009. ,2024-08-06T16:05:08Z,2003-2009,2003-01-01,2009-12-31
8628305,SRHINSTITUTIONALBIRTH,COUNTRY,AUT,EUR,Europe,YEAR,2007,,,,,,,DATASOURCE,DATASOURCE_SRHIBAUT2007STAT,98.5,98.5,,,"Statistik Austria; 2013.
",2024-08-06T16:05:08Z,2007,2007-01-01,2007-12-31
2247488,SRHINSTITUTIONALBIRTH,COUNTRY,TJK,EUR,Europe,YEAR,2017,,,,,,,DATASOURCE,DATASOURCE_SRHIBTJK20122017DHS,88.2,88.2,,,DHS 2017. ,2024-08-06T16:05:08Z,2012-2017,2012-01-01,2017-12-31
9109181,SRHINSTITUTIONALBIRTH,COUNTRY,JPN,WPR,Western Pacific,YEAR,2006,,,,,,,DATASOURCE,DATASOURCE_SRHIBJPN2006GOV,99.8,99.8,,,"Ministry of Health, Labour and Welfare [Japan]; 2010.",2024-08-06T16:05:08Z,2006,2006-01-01,2006-12-31
7062979,SRHINSTITUTIONALBIRTH,COUNTRY,ITA,EUR,Europe,YEAR,2007,,,,,,,DATASOURCE,DATASOURCE_SRHIBITA2007STAT,99.6,99.6,,,Direzione Generale del Sistema Informativo – Ufficio di Statistica [Italy]; 2010.,2024-08-06T16:05:08Z,2007,2007-01-01,2007-12-31
8804155,SRHINSTITUTIONALBIRTH,COUNTRY,EST,EUR,Europe,YEAR,2008,,,,,,,DATASOURCE,DATASOURCE_SRHIBEST2008GOV,99.3,99.3,,,"National Institute for Health Development [Estonia]; 2013.
",2024-08-06T16:05:08Z,2008,2008-01-01,2008-12-31
7674078,SRHINSTITUTIONALBIRTH,COUNTRY,BGD,SEAR,South-East Asia,YEAR,2007,,,,,,,DATASOURCE,DATASOURCE_SRHIBBGD20022007DHS,14.6,14.6,,,"DHS 2007.
",2024-08-06T16:05:08Z,2002-2007,2002-01-01,2007-12-31
6387338,SRHINSTITUTIONALBIRTH,COUNTRY,SGP,WPR,Western Pacific,YEAR,2008,,,,,,,DATASOURCE,DATASOURCE_SRHIBSGP2008STAT,99.8,99.8,,,"Department of Statistics [Singapore]; 2010.
",2024-08-06T16:05:08Z,2008,2008-01-01,2008-12-31
3171565,SRHINSTITUTIONALBIRTH,COUNTRY,TZA,AFR,Africa,YEAR,1999,,,,,,,DATASOURCE,DATASOURCE_SRHIBTZA19941999DHS,43.5,43.5,,,"DHS 1999. 
",2024-08-06T16:05:08Z,1994-1999,1994-01-01,1999-12-31
1860456,SRHINSTITUTIONALBIRTH,COUNTRY,URY,AMR,Americas,YEAR,1996,,,,,,,DATASOURCE,DATASOURCE_SRHIBURY1996GOV,98.8,98.8,,,"Ministerio de Salud Publica [Uruguay]; 2015.
",2024-08-06T16:05:08Z,1996,1996-01-01,1996-12-31
1989740,SRHINSTITUTIONALBIRTH,COUNTRY,PLW,WPR,Western Pacific,YEAR,2002,,,,,,,DATASOURCE,DATASOURCE_SRHIBPLW2002GOV,100.0,100,,,"Ministry of Finance [Palau]; 2004.
",2024-08-06T16:05:08Z,2002,2002-01-01,2002-12-31
6926419,SRHINSTITUTIONALBIRTH,COUNTRY,USA,AMR,Americas,YEAR,2022,,,,,,,DATASOURCE,DATASOURCE_SRHIBUSA2022STAT,98.5,98.5,,,National Center for Health Statistics [USA]. Final Data for 2022; 2024.,2024-08-06T16:05:08Z,2022,2022-01-01,2022-12-31
3802442,SRHINSTITUTIONALBIRTH,COUNTRY,NZL,WPR,Western Pacific,YEAR,2017,,,,,,,DATASOURCE,DATASOURCE_SRHIBNZL2017GOV,96.6,96.6,,,Ministry of Health [New Zealand]; 2019.,2024-08-06T16:05:08Z,2017,2017-01-01,2017-12-31
3848062,SRHINSTITUTIONALBIRTH,COUNTRY,FIN,EUR,Europe,YEAR,2012,,,,,,,DATASOURCE,DATASOURCE_SRHIBFIN2012GOV,99.8,99.8,,,"National Institute for Health and Welfare (THL) [Finland]; 2014.
",2024-08-06T16:05:08Z,2012,2012-01-01,2012-12-31
1309650,SRHINSTITUTIONALBIRTH,COUNTRY,BFA,AFR,Africa,YEAR,1993,,,,,,,DATASOURCE,DATASOURCE_SRHIBBFA19881993DHS,43.0,43,,,"DHS 1993. 
",2024-08-06T16:05:08Z,1988-1993,1988-01-01,1993-12-31
2697333,SRHINSTITUTIONALBIRTH,COUNTRY,CHN,WPR,Western Pacific,YEAR,2011,,,,,,,DATASOURCE,DATASOURCE_SRHIBCHN2011GOV,98.7,98.7,,,"National Health and Family Planning Commission of China (NHFPC); 2016. 
",2024-08-06T16:05:08Z,2011,2011-01-01,2011-12-31
2860772,SRHINSTITUTIONALBIRTH,COUNTRY,AUT,EUR,Europe,YEAR,2010,,,,,,,DATASOURCE,DATASOURCE_SRHIBAUT2010STAT,98.5,98.5,,,"Statistik Austria; 2013.
",2024-08-06T16:05:08Z,2010,2010-01-01,2010-12-31
6140246,SRHINSTITUTIONALBIRTH,COUNTRY,FIN,EUR,Europe,YEAR,1999,,,,,,,DATASOURCE,DATASOURCE_SRHIBFIN1999GOV,98.4,98.4,,,"National Institute for Health and Welfare (THL) [Finland]; 2010.
",2024-08-06T16:05:08Z,1999,1999-01-01,1999-12-31
8160453,SRHINSTITUTIONALBIRTH,COUNTRY,AUT,EUR,Europe,YEAR,2015,,,,,,,DATASOURCE,DATASOURCE_SRHIBAUT2015STAT,98.5,98.5,,,"Statistics Austria; 2017.
",2024-08-06T16:05:08Z,2015,2015-01-01,2015-12-31
8374957,SRHINSTITUTIONALBIRTH,COUNTRY,VNM,WPR,Western Pacific,YEAR,1997,,,,,,,DATASOURCE,DATASOURCE_SRHIBVNM19941997DHS,61.7,61.7,,,"DHS 1997. 
",2024-08-06T16:05:08Z,1994-1997,1994-01-01,1997-12-31
3535448,SRHINSTITUTIONALBIRTH,COUNTRY,IND,SEAR,South-East Asia,YEAR,2006,,,,,,,DATASOURCE,DATASOURCE_SRHIBIND20002006DHS,38.7,38.7,,,"DHS 2005-06. 
",2024-08-06T16:05:08Z,2000-2006,2000-01-01,2006-12-31
3658782,SRHINSTITUTIONALBIRTH,COUNTRY,ZMB,AFR,Africa,YEAR,2019,,,,,,,DATASOURCE,DATASOURCE_SRHIBZMB20142019DHS,83.8,83.8,,,DHS 2018. ,2024-08-06T16:05:08Z,2014-2019,2014-01-01,2019-12-31
5484133,SRHINSTITUTIONALBIRTH,COUNTRY,PAN,AMR,Americas,YEAR,2021,,,,,,,DATASOURCE,DATASOURCE_SRHIBPAN2021WHO,91.5,91.5,,,PLISA Health Information Platform; 2024.,2024-08-06T16:05:08Z,2021,2021-01-01,2021-12-31
7180102,SRHINSTITUTIONALBIRTH,COUNTRY,POL,EUR,Europe,YEAR,2007,,,,,,,DATASOURCE,DATASOURCE_SRHIBPOL2007STAT,99.4,99.4,,,"Central Statistical Office [Poland]; 2009.
",2024-08-06T16:05:08Z,2007,2007-01-01,2007-12-31
1062080,SRHINSTITUTIONALBIRTH,COUNTRY,MLT,EUR,Europe,YEAR,2015,,,,,,,DATASOURCE,DATASOURCE_SRHIBMLT2015GOV,99.8,99.8,,,Directorate for Health Information and Research (DHIR) [Malta]; 2016.,2024-08-06T16:05:08Z,2015,2015-01-01,2015-12-31
9083156,SRHINSTITUTIONALBIRTH,COUNTRY,BWA,AFR,Africa,YEAR,2020,,,,,,,DATASOURCE,DATASOURCE_SRHIBBWA2020GOV,99.8,99.8,,,Botswana Maternal Mortality Ratio 2022.,2024-08-06T16:05:08Z,2020,2020-01-01,2020-12-31
4289231,SRHINSTITUTIONALBIRTH,COUNTRY,BRB,AMR,Americas,YEAR,2012,,,,,,,DATASOURCE,DATASOURCE_SRHIBBRB20102012MICS,100.0,100,,,"MICS 2012. 
",2024-08-06T16:05:08Z,2010-2012,2010-01-01,2012-12-31
1646974,SRHINSTITUTIONALBIRTH,COUNTRY,NOR,EUR,Europe,YEAR,2008,,,,,,,DATASOURCE,DATASOURCE_SRHIBNOR2008GOV,99.2,99.2,,,"Folkehelseinstituttet [Norwegian Institute of Public Health (NIPH)]; 2009.
",2024-08-06T16:05:08Z,2008,2008-01-01,2008-12-31
1892399,SRHINSTITUTIONALBIRTH,COUNTRY,SLE,AFR,Africa,YEAR,2008,,,,,,,DATASOURCE,DATASOURCE_SRHIBSLE20032008DHS,24.6,24.6,,,"DHS 2008. 
",2024-08-06T16:05:08Z,2003-2008,2003-01-01,2008-12-31
8621895,SRHINSTITUTIONALBIRTH,COUNTRY,TTO,AMR,Americas,YEAR,1994,,,,,,,DATASOURCE,DATASOURCE_SRHIBTTO1994GOV,98.0,98,,,"Ministry of Health [Trinidad and Tobago]; 1996.
",2024-08-06T16:05:08Z,1994,1994-01-01,1994-12-31
7433863,SRHINSTITUTIONALBIRTH,COUNTRY,KOR,WPR,Western Pacific,YEAR,1991,,,,,,,DATASOURCE,DATASOURCE_SRHIBKOR19871991GOV,97.9,97.9,,,"Lee S-I, Khang Y-H, Yun S, Joa M-W. BJOG; 2005.
",2024-08-06T16:05:08Z,1987-1991,1987-01-01,1991-12-31
9186838,SRHINSTITUTIONALBIRTH,COUNTRY,HTI,AMR,Americas,YEAR,2021,,,,,,,DATASOURCE,DATASOURCE_SRHIBHTI2021WHO,67.3,67.3,,,PLISA Health Information Platform; 2024.,2024-08-06T16:05:08Z,2021,2021-01-01,2021-12-31
4205038,SRHINSTITUTIONALBIRTH,COUNTRY,BRN,WPR,Western Pacific,YEAR,1996,,,,,,,DATASOURCE,DATASOURCE_SRHIBBRN1996GOV,98.3,98.3,,,"Ministry of Health [Brunei Darussalam]; 2009.
",2024-08-06T16:05:08Z,1996,1996-01-01,1996-12-31
6568419,SRHINSTITUTIONALBIRTH,COUNTRY,BOL,AMR,Americas,YEAR,2002,,,,,,,DATASOURCE,DATASOURCE_SRHIBBOL19972002STAT,56.9,56.9,,,"República de Bolivia, Ministerio de Hacienda, Instituto Nacional de Estadística; 2003.",2024-08-06T16:05:08Z,1997-2002,1997-01-01,2002-12-31
8772097,SRHINSTITUTIONALBIRTH,COUNTRY,FRA,EUR,Europe,YEAR,2022,,,,,,,DATASOURCE,DATASOURCE_SRHIBFRA2022STAT,97.6,97.6,,,Institut National de la Statistique et des Études Économiques (INSEE) [France]; 2023.,2024-08-06T16:05:08Z,2022,2022-01-01,2022-12-31
8882420,SRHINSTITUTIONALBIRTH,COUNTRY,GEO,EUR,Europe,YEAR,1999,,,,,,,DATASOURCE,DATASOURCE_SRHIBGEO1999GOV,97.8,97.8,,,"Ministry of Labour, Health and Social Affairs of Georgia; 2006.
",2024-08-06T16:05:08Z,1999,1999-01-01,1999-12-31
3939211,SRHINSTITUTIONALBIRTH,COUNTRY,SGP,WPR,Western Pacific,YEAR,2001,,,,,,,DATASOURCE,DATASOURCE_SRHIBSGP2001STAT,99.6,99.6,,,"Department of Statistics [Singapore]; 2007.
",2024-08-06T16:05:08Z,2001,2001-01-01,2001-12-31
8940122,SRHINSTITUTIONALBIRTH,COUNTRY,SVN,EUR,Europe,YEAR,2008,,,,,,,DATASOURCE,DATASOURCE_SRHIBSVN2008STAT,99.9,99.9,,,"Statistical Office of the Republic of Slovenia; 2011.
",2024-08-06T16:05:08Z,2008,2008-01-01,2008-12-31
1459189,SRHINSTITUTIONALBIRTH,COUNTRY,KEN,AFR,Africa,YEAR,1998,,,,,,,DATASOURCE,DATASOURCE_SRHIBKEN19951998DHS,42.1,42.1,,,DHS 1998. ,2024-08-06T16:05:08Z,1995-1998,1995-01-01,1998-12-31
7738282,SRHINSTITUTIONALBIRTH,COUNTRY,USA,AMR,Americas,YEAR,2020,,,,,,,DATASOURCE,DATASOURCE_SRHIBUSA2020STAT,98.7,98.7,,,National Center for Health Statistics [USA]. Final Data for 2020; 2022.,2024-08-06T16:05:08Z,2020,2020-01-01,2020-12-31
2977157,SRHINSTITUTIONALBIRTH,COUNTRY,NIC,AMR,Americas,YEAR,2008,,,,,,,DATASOURCE,DATASOURCE_SRHIBNIC2008GOV,66.0,66,,,Government of Nicaragua; 2014. ,2024-08-06T16:05:08Z,2008,2008-01-01,2008-12-31
7952658,SRHINSTITUTIONALBIRTH,COUNTRY,SVN,EUR,Europe,YEAR,1996,,,,,,,DATASOURCE,DATASOURCE_SRHIBSVN1996STAT,99.8,99.8,,,"Statistical Office of the Republic of Slovenia; 2001.
",2024-08-06T16:05:08Z,1996,1996-01-01,1996-12-31
6393733,SRHINSTITUTIONALBIRTH,COUNTRY,MDV,SEAR,South-East Asia,YEAR,2011,,,,,,,DATASOURCE,DATASOURCE_SRHIBMDV2011GOV,99.0,99,,,"Ministry of Health [Republic of Maldives]; 2014.
",2024-08-06T16:05:08Z,2011,2011-01-01,2011-12-31
6484357,SRHINSTITUTIONALBIRTH,COUNTRY,CHL,AMR,Americas,YEAR,2011,,,,,,,DATASOURCE,DATASOURCE_SRHIBCHL2011STAT,99.8,99.8,,,Instituto Nacional de Estadísticas [Chile]; 2013.,2024-08-06T16:05:08Z,2011,2011-01-01,2011-12-31
1854018,SRHINSTITUTIONALBIRTH,COUNTRY,AUS,WPR,Western Pacific,YEAR,2021,,,,,,,DATASOURCE,DATASOURCE_SRHIBAUS2021GOV,98.8,98.8,,,Australian Institute of Health and Welfare (AIHW); 2023.,2024-08-06T16:05:08Z,2021,2021-01-01,2021-12-31
6653197,SRHINSTITUTIONALBIRTH,COUNTRY,MKD,EUR,Europe,YEAR,2014,,,,,,,DATASOURCE,DATASOURCE_SRHIBMKD2014STAT,99.8,99.8,,,"State Statistical Office [Macedonia]; 2015.
",2024-08-06T16:05:08Z,2014,2014-01-01,2014-12-31
6666313,SRHINSTITUTIONALBIRTH,COUNTRY,BRN,WPR,Western Pacific,YEAR,2013,,,,,,,DATASOURCE,DATASOURCE_SRHIBBRN2013GOV,99.7,99.7,,,"Ministry of Health [Brunei Darussalam]; 2014.
",2024-08-06T16:05:08Z,2013,2013-01-01,2013-12-31
1983325,SRHINSTITUTIONALBIRTH,COUNTRY,PLW,WPR,Western Pacific,YEAR,2004,,,,,,,DATASOURCE,DATASOURCE_SRHIBPLW2004GOV,100.0,100,,,"Ministry of Finance [Palau]; 2007.
",2024-08-06T16:05:08Z,2004,2004-01-01,2004-12-31
5490539,SRHINSTITUTIONALBIRTH,COUNTRY,MKD,EUR,Europe,YEAR,1997,,,,,,,DATASOURCE,DATASOURCE_SRHIBMKD1997STAT,94.1,94.1,,,"State Statistical Office [Macedonia]; 2000.
",2024-08-06T16:05:08Z,1997,1997-01-01,1997-12-31
8180113,SRHINSTITUTIONALBIRTH,COUNTRY,NIC,AMR,Americas,YEAR,2007,,,,,,,DATASOURCE,DATASOURCE_SRHIBNIC2007GOV,66.0,66,,,Government of Nicaragua; 2014. ,2024-08-06T16:05:08Z,2007,2007-01-01,2007-12-31
3314752,SRHINSTITUTIONALBIRTH,COUNTRY,LCA,AMR,Americas,YEAR,2019,,,,,,,DATASOURCE,DATASOURCE_SRHIBLCA2019WHO,99.0,99,,,"
PLISA Health Information Platform; 2024.",2024-08-06T16:05:08Z,2019,2019-01-01,2019-12-31
8277710,SRHINSTITUTIONALBIRTH,COUNTRY,AUT,EUR,Europe,YEAR,2008,,,,,,,DATASOURCE,DATASOURCE_SRHIBAUT2008STAT,98.6,98.6,,,"Statistik Austria; 2013.
",2024-08-06T16:05:08Z,2008,2008-01-01,2008-12-31
6828768,SRHINSTITUTIONALBIRTH,COUNTRY,PAN,AMR,Americas,YEAR,2013,,,,,,,DATASOURCE,DATASOURCE_SRHIBPAN2013STAT,92.5,92.5,,,Instituto Nacional de Estadística y Censo (INEC) [Panama]. Estadísticas Vitales 2013; 2014.,2024-08-06T16:05:08Z,2013,2013-01-01,2013-12-31
1290178,SRHINSTITUTIONALBIRTH,COUNTRY,LSO,AFR,Africa,YEAR,2009,,,,,,,DATASOURCE,DATASOURCE_SRHIBLSO20042009DHS,58.7,58.7,,,DHS 2009. ,2024-08-06T16:05:08Z,2004-2009,2004-01-01,2009-12-31
1537942,SRHINSTITUTIONALBIRTH,COUNTRY,CZE,EUR,Europe,YEAR,2005,,,,,,,DATASOURCE,DATASOURCE_SRHIBCZE2005STAT,99.8,99.8,,,Ústav zdravotnických informací a statistiky ČR [Czech Republic]; 2006.,2024-08-06T16:05:08Z,2005,2005-01-01,2005-12-31
2815261,SRHINSTITUTIONALBIRTH,COUNTRY,BRA,AMR,Americas,YEAR,2002,,,,,,,DATASOURCE,DATASOURCE_SRHIBBRA2002DATA,98.5,98.5,,,"DATASUS, MS/SVS/DASIS [Brazil]. Período: 2002; 2011.
",2024-08-06T16:05:08Z,2002,2002-01-01,2002-12-31
6159812,SRHINSTITUTIONALBIRTH,COUNTRY,POL,EUR,Europe,YEAR,2012,,,,,,,DATASOURCE,DATASOURCE_SRHIBPOL2012STAT,99.8,99.8,,,"Central Statistical Office [Poland]; 2014.
",2024-08-06T16:05:08Z,2012,2012-01-01,2012-12-31
9589714,SRHINSTITUTIONALBIRTH,COUNTRY,MAR,EMR,Eastern Mediterranean,YEAR,1995,,,,,,,DATASOURCE,DATASOURCE_SRHIBMAR19901995DHS,37.0,37,,,"DHS 1995 (Special DHS). 
",2024-08-06T16:05:08Z,1990-1995,1990-01-01,1995-12-31
4827889,SRHINSTITUTIONALBIRTH,COUNTRY,CHL,AMR,Americas,YEAR,2014,,,,,,,DATASOURCE,DATASOURCE_SRHIBCHL2014STAT,99.7,99.7,,,"Instituto Nacional de Estadísticas [Chile]; 2016.
",2024-08-06T16:05:08Z,2014,2014-01-01,2014-12-31
2447321,SRHINSTITUTIONALBIRTH,COUNTRY,BLZ,AMR,Americas,YEAR,2016,,,,,,,DATASOURCE,DATASOURCE_SRHIBBLZ20132016MICS,96.4,96.4,,,MICS 2015-16.,2024-08-06T16:05:08Z,2013-2016,2013-01-01,2016-12-31
9011643,SRHINSTITUTIONALBIRTH,COUNTRY,NPL,SEAR,South-East Asia,YEAR,2001,,,,,,,DATASOURCE,DATASOURCE_SRHIBNPL19962001DHS,9.1,9.1,,,"DHS 2001. 
",2024-08-06T16:05:08Z,1996-2001,1996-01-01,2001-12-31
4101019,SRHINSTITUTIONALBIRTH,COUNTRY,ISL,EUR,Europe,YEAR,2005,,,,,,,DATASOURCE,DATASOURCE_SRHIBISL2005GOV,99.0,99,,,"Directorate of Health [Iceland]; 2017.
",2024-08-06T16:05:08Z,2005,2005-01-01,2005-12-31
4107557,SRHINSTITUTIONALBIRTH,COUNTRY,USA,AMR,Americas,YEAR,2012,,,,,,,DATASOURCE,DATASOURCE_SRHIBUSA2012STAT,98.6,98.6,,,"National Center for Health Statistics [USA]. Births: Final data for 2012; 2013.
",2024-08-06T16:05:08Z,2012,2012-01-01,2012-12-31
2970723,SRHINSTITUTIONALBIRTH,COUNTRY,BRA,AMR,Americas,YEAR,2013,,,,,,,DATASOURCE,DATASOURCE_SRHIBBRA2013DATA,99.1,99.1,,,"DATASUS, MS/SVS/DASIS [Brazil]. Período: 2013; 2016.
",2024-08-06T16:05:08Z,2013,2013-01-01,2013-12-31
9647266,SRHINSTITUTIONALBIRTH,COUNTRY,BLZ,AMR,Americas,YEAR,1999,,,,,,,DATASOURCE,DATASOURCE_SRHIBBLZ19941999FHS,83.5,83.5,,,FHS 1999.,2024-08-06T16:05:08Z,1994-1999,1994-01-01,1999-12-31
3165433,SRHINSTITUTIONALBIRTH,COUNTRY,CHN,WPR,Western Pacific,YEAR,2012,,,,,,,DATASOURCE,DATASOURCE_SRHIBCHN2012GOV,99.2,99.2,,,"National Health and Family Planning Commission of China (NHFPC); 2016. 
",2024-08-06T16:05:08Z,2012,2012-01-01,2012-12-31
6484445,SRHINSTITUTIONALBIRTH,COUNTRY,SVN,EUR,Europe,YEAR,2011,,,,,,,DATASOURCE,DATASOURCE_SRHIBSVN2011STAT,99.9,99.9,,,"Statistical Office of the Republic of Slovenia; 2013.
",2024-08-06T16:05:08Z,2011,2011-01-01,2011-12-31
1885982,SRHINSTITUTIONALBIRTH,COUNTRY,GEO,EUR,Europe,YEAR,2010,,,,,,,DATASOURCE,DATASOURCE_SRHIBGEO2010GOV,99.6,99.6,,,"Ministry of Labour, Health and Social Affairs of Georgia; 2015.
",2024-08-06T16:05:08Z,2010,2010-01-01,2010-12-31
8440261,SRHINSTITUTIONALBIRTH,COUNTRY,DZA,AFR,Africa,YEAR,2000,,,,,,,DATASOURCE,DATASOURCE_SRHIBDZA19952000MICS,92.0,92,,,MICS 2000. ,2024-08-06T16:05:08Z,1995-2000,1995-01-01,2000-12-31
4757275,SRHINSTITUTIONALBIRTH,COUNTRY,IRN,EMR,Eastern Mediterranean,YEAR,2000,,,,,,,DATASOURCE,DATASOURCE_SRHIBIRN19952000DATA,83.6,83.6,,,"UNICEF Data; 2018.
",2024-08-06T16:05:08Z,1995-2000,1995-01-01,2000-12-31
8108817,SRHINSTITUTIONALBIRTH,COUNTRY,FRA,EUR,Europe,YEAR,2001,,,,,,,DATASOURCE,DATASOURCE_SRHIBFRA2001STAT,99.6,99.6,,,"INSEE Première, Institut National de la Statistique et des Études Économiques (INSEE) [France]; 2003.
",2024-08-06T16:05:08Z,2001,2001-01-01,2001-12-31
5100890,SRHINSTITUTIONALBIRTH,COUNTRY,AUS,WPR,Western Pacific,YEAR,2010,,,,,,,DATASOURCE,DATASOURCE_SRHIBAUS2010GOV,99.1,99.1,,,"Li Z, Zeki R, Hilder L, Sullivan EA. Australian Institute of Health and Welfare (AIHW); 2012.",2024-08-06T16:05:08Z,2010,2010-01-01,2010-12-31
7525282,SRHINSTITUTIONALBIRTH,COUNTRY,FSM,WPR,Western Pacific,YEAR,2002,,,,,,,DATASOURCE,DATASOURCE_SRHIBFSM2002GOV,84.6,84.6,,,"SBOC [Micronesia]; 2008.
",2024-08-06T16:05:08Z,2002,2002-01-01,2002-12-31
1550876,SRHINSTITUTIONALBIRTH,COUNTRY,ECU,AMR,Americas,YEAR,1996,,,,,,,DATASOURCE,DATASOURCE_SRHIBECU1996STAT,66.2,66.2,,,"Instituto Nacional de Estadística y Censos (INEC), Ecuador; 2019.",2024-08-06T16:05:08Z,1996,1996-01-01,1996-12-31
6238110,SRHINSTITUTIONALBIRTH,COUNTRY,USA,AMR,Americas,YEAR,2010,,,,,,,DATASOURCE,DATASOURCE_SRHIBUSA2010STAT,98.8,98.8,,,"National Center for Health Statistics [USA]; 2012.
",2024-08-06T16:05:08Z,2010,2010-01-01,2010-12-31
4614477,SRHINSTITUTIONALBIRTH,COUNTRY,MLT,EUR,Europe,YEAR,2020,,,,,,,DATASOURCE,DATASOURCE_SRHIBMLT2020GOV,99.7,99.7,,,NOIS 2020.,2024-08-06T16:05:08Z,2020,2020-01-01,2020-12-31
1834655,SRHINSTITUTIONALBIRTH,COUNTRY,COM,AFR,Africa,YEAR,1996,,,,,,,DATASOURCE,DATASOURCE_SRHIBCOM19931996DHS,42.6,42.6,,,"DHS 1996.
",2024-08-06T16:05:08Z,1993-1996,1993-01-01,1996-12-31
8609052,SRHINSTITUTIONALBIRTH,COUNTRY,EST,EUR,Europe,YEAR,2021,,,,,,,DATASOURCE,DATASOURCE_SRHIBEST2021GOV,99.0,99,,,National Institute for Health Development [Estonia]; 2023.,2024-08-06T16:05:08Z,2021,2021-01-01,2021-12-31
1244688,SRHINSTITUTIONALBIRTH,COUNTRY,NPL,SEAR,South-East Asia,YEAR,2014,,,,,,,DATASOURCE,DATASOURCE_SRHIBNPL20122014MICS,55.2,55.2,,,"MICS 2014. 
",2024-08-06T16:05:08Z,2012-2014,2012-01-01,2014-12-31
4133692,SRHINSTITUTIONALBIRTH,COUNTRY,BGD,SEAR,South-East Asia,YEAR,2010,,,,,,,DATASOURCE,DATASOURCE_SRHIBBGD20072010GOV,23.4,23.4,,,"National Institute of Population Research and Training (NIPORT), MEASURE Evaluation, icddr,b [Bangladesh]; 2012.
",2024-08-06T16:05:08Z,2007-2010,2007-01-01,2010-12-31
4354614,SRHINSTITUTIONALBIRTH,COUNTRY,CHL,AMR,Americas,YEAR,2002,,,,,,,DATASOURCE,DATASOURCE_SRHIBCHL2002STAT,98.4,98.4,,,"Instituto Nacional de Estadísticas [Chile]; 2004.
",2024-08-06T16:05:08Z,2002,2002-01-01,2002-12-31
8167236,SRHINSTITUTIONALBIRTH,COUNTRY,JPN,WPR,Western Pacific,YEAR,2000,,,,,,,DATASOURCE,DATASOURCE_SRHIBJPN2000GOV,99.8,99.8,,,"Ministry of Health, Labour and Welfare [Japan]; 2010.",2024-08-06T16:05:08Z,2000,2000-01-01,2000-12-31
4905716,SRHINSTITUTIONALBIRTH,COUNTRY,TCD,AFR,Africa,YEAR,2015,,,,,,,DATASOURCE,DATASOURCE_SRHIBTCD20092015DHS,21.7,21.7,,,DHS 2014-2015.,2024-08-06T16:05:08Z,2009-2015,2009-01-01,2015-12-31
1951102,SRHINSTITUTIONALBIRTH,COUNTRY,MOZ,AFR,Africa,YEAR,2004,,,,,,,DATASOURCE,DATASOURCE_SRHIBMOZ2004STAT,46.8,46.8,,,"National Statistics Institute [Mozambique]; 2009. 
",2024-08-06T16:05:08Z,2004,2004-01-01,2004-12-31
5159174,SRHINSTITUTIONALBIRTH,COUNTRY,MNG,WPR,Western Pacific,YEAR,1998,,,,,,,DATASOURCE,DATASOURCE_SRHIBMNG19931998RHS,94.1,94.1,,,"RHS 1998. 
",2024-08-06T16:05:08Z,1993-1998,1993-01-01,1998-12-31
2317233,SRHINSTITUTIONALBIRTH,COUNTRY,NGA,AFR,Africa,YEAR,2018,,,,,,,DATASOURCE,DATASOURCE_SRHIBNGA20132018DHS,39.4,39.4,,,DHS 2018.,2024-08-06T16:05:08Z,2013-2018,2013-01-01,2018-12-31
5613767,SRHINSTITUTIONALBIRTH,COUNTRY,CHN,WPR,Western Pacific,YEAR,1992,,,,,,,DATASOURCE,DATASOURCE_SRHIBCHN1992GOV,52.7,52.7,,,"National Health and Family Planning Commission of China (NHFPC); 2016. 
",2024-08-06T16:05:08Z,1992,1992-01-01,1992-12-31
2684555,SRHINSTITUTIONALBIRTH,COUNTRY,KHM,WPR,Western Pacific,YEAR,2014,,,,,,,DATASOURCE,DATASOURCE_SRHIBKHM20092014DHS,83.2,83.2,,,"DHS 2014.
",2024-08-06T16:05:08Z,2009-2014,2009-01-01,2014-12-31
5952003,SRHINSTITUTIONALBIRTH,COUNTRY,ARG,AMR,Americas,YEAR,2012,,,,,,,DATASOURCE,DATASOURCE_SRHIBARG2012GOV,99.6,99.6,,,Ministerio de Salud [Argentina]; 2013.,2024-08-06T16:05:08Z,2012,2012-01-01,2012-12-31
8069771,SRHINSTITUTIONALBIRTH,COUNTRY,VEN,AMR,Americas,YEAR,2006,,,,,,,DATASOURCE,DATASOURCE_SRHIBVEN2006STAT,92.0,92.04441178,,,"Local de asistencia [website]. Venezuela: Instituto Nacional de Estadística, 2016 (accessed 14 October 2016, in Spanish). ",2024-08-06T16:05:08Z,2006,2006-01-01,2006-12-31
5107325,SRHINSTITUTIONALBIRTH,COUNTRY,URY,AMR,Americas,YEAR,2020,,,,,,,DATASOURCE,DATASOURCE_SRHIBURY2020STAT,99.9,99.9,,,Estadísticas Vitales 1996-2022.,2024-08-06T16:05:08Z,2020,2020-01-01,2020-12-31
6490876,SRHINSTITUTIONALBIRTH,COUNTRY,NIC,AMR,Americas,YEAR,2018,,,,,,,DATASOURCE,DATASOURCE_SRHIBNIC2018WHO,89.1,89.1,,,WHO/PAHO; 2019. ,2024-08-06T16:05:08Z,2018,2018-01-01,2018-12-31
5393291,SRHINSTITUTIONALBIRTH,COUNTRY,CHL,AMR,Americas,YEAR,2012,,,,,,,DATASOURCE,DATASOURCE_SRHIBCHL2012STAT,99.8,99.8,,,Instituto Nacional de Estadísticas [Chile]; 2014.,2024-08-06T16:05:08Z,2012,2012-01-01,2012-12-31
2548579,SRHINSTITUTIONALBIRTH,COUNTRY,AUS,WPR,Western Pacific,YEAR,1992,,,,,,,DATASOURCE,DATASOURCE_SRHIBAUS1992GOV,99.3,99.3,,,"Lancaster P, Huang J, Pedisich E. Australian Institute of Health and Welfare (AIHW); 1995.",2024-08-06T16:05:08Z,1992,1992-01-01,1992-12-31
9037867,SRHINSTITUTIONALBIRTH,COUNTRY,BOL,AMR,Americas,YEAR,2019,,,,,,,DATASOURCE,DATASOURCE_SRHIBBOL2019WHO,94.2,94.2,,,PLISA Health Information Platform; 2024.,2024-08-06T16:05:08Z,2019,2019-01-01,2019-12-31
4335111,SRHINSTITUTIONALBIRTH,COUNTRY,MDG,AFR,Africa,YEAR,2018,,,,,,,DATASOURCE,DATASOURCE_SRHIBMDG20162018MICS,38.7,38.7,,,MICS 2018. ,2024-08-06T16:05:08Z,2016-2018,2016-01-01,2018-12-31
4750913,SRHINSTITUTIONALBIRTH,COUNTRY,SGP,WPR,Western Pacific,YEAR,1997,,,,,,,DATASOURCE,DATASOURCE_SRHIBSGP1997STAT,99.7,99.7,,,"Department of Statistics [Singapore]; 2008.
",2024-08-06T16:05:08Z,1997,1997-01-01,1997-12-31
8167324,SRHINSTITUTIONALBIRTH,COUNTRY,BOL,AMR,Americas,YEAR,2003,,,,,,,DATASOURCE,DATASOURCE_SRHIBBOL19982003DHS,57.1,57.1,,,DHS 2003. ,2024-08-06T16:05:08Z,1998-2003,1998-01-01,2003-12-31
6646884,SRHINSTITUTIONALBIRTH,COUNTRY,PER,AMR,Americas,YEAR,2002,,,,,,,DATASOURCE,DATASOURCE_SRHIBPER2002STAT,51.1,51.1,,,"Oficina General de Estadística e Informática MINSA [Perú]; 2011.
",2024-08-06T16:05:08Z,2002,2002-01-01,2002-12-31
2349789,SRHINSTITUTIONALBIRTH,COUNTRY,NIC,AMR,Americas,YEAR,2017,,,,,,,DATASOURCE,DATASOURCE_SRHIBNIC2017WHO,89.6,89.6,,,WHO/PAHO; 2018.,2024-08-06T16:05:08Z,2017,2017-01-01,2017-12-31
5639885,SRHINSTITUTIONALBIRTH,COUNTRY,CUB,AMR,Americas,YEAR,2013,,,,,,,DATASOURCE,DATASOURCE_SRHIBCUB2013GOV,99.9,99.9,,,"Ministerio de Salud Pública [Cuba]; 2016.
",2024-08-06T16:05:08Z,2013,2013-01-01,2013-12-31
9193616,SRHINSTITUTIONALBIRTH,COUNTRY,PER,AMR,Americas,YEAR,2021,,,,,,,DATASOURCE,DATASOURCE_SRHIBPER2021GOV,93.2,93.2,,,ENDES 2022 main report.,2024-08-06T16:05:08Z,2021,2021-01-01,2021-12-31
7875017,SRHINSTITUTIONALBIRTH,COUNTRY,URY,AMR,Americas,YEAR,2010,,,,,,,DATASOURCE,DATASOURCE_SRHIBURY2010GOV,99.4,99.4,,,"Ministerio de Salud Publica [Uruguay]; 2015.
",2024-08-06T16:05:08Z,2010,2010-01-01,2010-12-31
3029467,SRHINSTITUTIONALBIRTH,COUNTRY,SUR,AMR,Americas,YEAR,2006,,,,,,,DATASOURCE,DATASOURCE_SRHIBSUR20042006MICS,88.3,88.3,,,"MICS 2006. 
",2024-08-06T16:05:08Z,2004-2006,2004-01-01,2006-12-31
1847770,SRHINSTITUTIONALBIRTH,COUNTRY,QAT,EMR,Eastern Mediterranean,YEAR,1992,,,,,,,DATASOURCE,DATASOURCE_SRHIBQAT1992STAT,99.5,99.5,,,"Central Statistical Organization [Qatar]; 1993.
",2024-08-06T16:05:08Z,1992,1992-01-01,1992-12-31
1892687,SRHINSTITUTIONALBIRTH,COUNTRY,ISL,EUR,Europe,YEAR,2009,,,,,,,DATASOURCE,DATASOURCE_SRHIBISL2009GOV,98.8,98.8,,,"Directorate of Health [Iceland]; 2017.
",2024-08-06T16:05:08Z,2009,2009-01-01,2009-12-31
5237367,SRHINSTITUTIONALBIRTH,COUNTRY,BRN,WPR,Western Pacific,YEAR,2011,,,,,,,DATASOURCE,DATASOURCE_SRHIBBRN2011GOV,99.6,99.6,,,"Ministry of Health [Brunei Darussalam]; 2014.
",2024-08-06T16:05:08Z,2011,2011-01-01,2011-12-31
3639541,SRHINSTITUTIONALBIRTH,COUNTRY,PRY,AMR,Americas,YEAR,2019,,,,,,,DATASOURCE,DATASOURCE_SRHIBPRY2019STAT,97.8,97.8,,,INE/DGREC. Registros administrativos de estadísticas vitales 2019.,2024-08-06T16:05:08Z,2019,2019-01-01,2019-12-31
1501822,SRHINSTITUTIONALBIRTH,COUNTRY,NZL,WPR,Western Pacific,YEAR,2020,,,,,,,DATASOURCE,DATASOURCE_SRHIBNZL2020GOV,94.5,94.5,,,National Maternity Collection 2020.,2024-08-06T16:05:08Z,2020,2020-01-01,2020-12-31
1508526,SRHINSTITUTIONALBIRTH,COUNTRY,TZA,AFR,Africa,YEAR,2022,,,,,,,DATASOURCE,DATASOURCE_SRHIBTZA20202022DHS,81.2,81.2,,,DHS-MIS 2022.,2024-08-06T16:05:08Z,2020-2022,2020-01-01,2022-12-31
1512371,SRHINSTITUTIONALBIRTH,COUNTRY,SLV,AMR,Americas,YEAR,2003,,,,,,,DATASOURCE,DATASOURCE_SRHIBSLV19972003GOV,69.4,69.4,,,"ADS [El Salvador]. FESAL 2002/03; 2004.
",2024-08-06T16:05:08Z,1997-2003,1997-01-01,2003-12-31
1521195,SRHINSTITUTIONALBIRTH,COUNTRY,KOR,WPR,Western Pacific,YEAR,2003,,,,,,,DATASOURCE,DATASOURCE_SRHIBKOR2003GOV,99.3,99.3,,,"Korea Institute for Health and Social Affairs; 2009. 
",2024-08-06T16:05:08Z,2003,2003-01-01,2003-12-31
1521307,SRHINSTITUTIONALBIRTH,COUNTRY,CAN,AMR,Americas,YEAR,2012,,,,,,,DATASOURCE,DATASOURCE_SRHIBCAN2012STAT,98.1,98.1,,,"Statistics Canada; 2017. 
",2024-08-06T16:05:08Z,2012,2012-01-01,2012-12-31
1525213,SRHINSTITUTIONALBIRTH,COUNTRY,MOZ,AFR,Africa,YEAR,1997,,,,,,,DATASOURCE,DATASOURCE_SRHIBMOZ19941997DHS,43.7,43.7,,,"DHS 1997. 
",2024-08-06T16:05:08Z,1994-1997,1994-01-01,1997-12-31
1525522,SRHINSTITUTIONALBIRTH,COUNTRY,DNK,EUR,Europe,YEAR,2004,,,,,,,DATASOURCE,DATASOURCE_SRHIBDNK2004GOV,98.6,98.6,,,"Sundhedsstyrelsen [Denmark]; 2005.
",2024-08-06T16:05:08Z,2004,2004-01-01,2004-12-31
1532558,SRHINSTITUTIONALBIRTH,COUNTRY,FSM,WPR,Western Pacific,YEAR,1998,,,,,,,DATASOURCE,DATASOURCE_SRHIBFSM1998GOV,89.8,89.8,,,"SBOC [Micronesia]; 2008.
",2024-08-06T16:05:08Z,1998,1998-01-01,1998-12-31
1532666,SRHINSTITUTIONALBIRTH,COUNTRY,ROU,EUR,Europe,YEAR,2018,,,,,,,DATASOURCE,DATASOURCE_SRHIBROU2018STAT,99.9,99.86461666,,,National Institute of Statistics [Romania]; 2023,2024-08-06T16:05:08Z,2018,2018-01-01,2018-12-31
1554242,SRHINSTITUTIONALBIRTH,COUNTRY,CZE,EUR,Europe,YEAR,2004,,,,,,,DATASOURCE,DATASOURCE_SRHIBCZE2004STAT,99.8,99.8,,,Ústav zdravotnických informací a statistiky ČR [Czech Republic]; 2005.,2024-08-06T16:05:08Z,2004,2004-01-01,2004-12-31
1570686,SRHINSTITUTIONALBIRTH,COUNTRY,DEU,EUR,Europe,YEAR,2020,,,,,,,DATASOURCE,DATASOURCE_SRHIBDEU2020STAT,96.2,96.2,,,DESTATIS [online database]; 2023.,2024-08-06T16:05:08Z,2020,2020-01-01,2020-12-31
1571047,SRHINSTITUTIONALBIRTH,COUNTRY,BIH,EUR,Europe,YEAR,2022,,,,,,,DATASOURCE,DATASOURCE_SRHIBBIH2022STAT,99.9,99.9,,,Institute for Statistics of Federation of Bosnia and Herzegovina; 2023.,2024-08-06T16:05:08Z,2022,2022-01-01,2022-12-31
1571632,SRHINSTITUTIONALBIRTH,COUNTRY,WSM,WPR,Western Pacific,YEAR,2020,,,,,,,DATASOURCE,DATASOURCE_SRHIBWSM20172020MICS,88.6,88.6,,,DHS-MICS 2019-2020.,2024-08-06T16:05:08Z,2017-2020,2017-01-01,2020-12-31
1572349,SRHINSTITUTIONALBIRTH,COUNTRY,TTO,AMR,Americas,YEAR,1997,,,,,,,DATASOURCE,DATASOURCE_SRHIBTTO1997GOV,98.4,98.4,,,"Ministry of Health [Trinidad and Tobago]; 1999.
",2024-08-06T16:05:08Z,1997,1997-01-01,1997-12-31
1572574,SRHINSTITUTIONALBIRTH,COUNTRY,CZE,EUR,Europe,YEAR,2000,,,,,,,DATASOURCE,DATASOURCE_SRHIBCZE2000STAT,99.8,99.8,,,Ústav zdravotnických informací a statistiky ČR [Czech Republic]; 2001.,2024-08-06T16:05:08Z,2000,2000-01-01,2000-12-31
1585008,SRHINSTITUTIONALBIRTH,COUNTRY,BIH,EUR,Europe,YEAR,2000,,,,,,,DATASOURCE,DATASOURCE_SRHIBBIH2000STAT,99.7,99.7,,,"Federal Office of Statistics [Bosnia and Herzegovina]; 2006.
",2024-08-06T16:05:08Z,2000,2000-01-01,2000-12-31
1598375,SRHINSTITUTIONALBIRTH,COUNTRY,CUB,AMR,Americas,YEAR,2019,,,,,,,DATASOURCE,DATASOURCE_SRHIBCUB2019GOV,99.9,99.9,,,Ministerio de Salud Pública [Cuba]; 2020.,2024-08-06T16:05:08Z,2019,2019-01-01,2019-12-31
1599004,SRHINSTITUTIONALBIRTH,COUNTRY,JAM,AMR,Americas,YEAR,1997,,,,,,,DATASOURCE,DATASOURCE_SRHIBJAM19921997RHS,87.8,87.8,,,RHS 1997.,2024-08-06T16:05:08Z,1992-1997,1992-01-01,1997-12-31
1611086,SRHINSTITUTIONALBIRTH,COUNTRY,USA,AMR,Americas,YEAR,2016,,,,,,,DATASOURCE,DATASOURCE_SRHIBUSA2016STAT,98.9,98.9,,,National Center for Health Statistics [USA]. Final Data for 2016; 2018.,2024-08-06T16:05:08Z,2016,2016-01-01,2016-12-31
1635536,SRHINSTITUTIONALBIRTH,COUNTRY,MLI,AFR,Africa,YEAR,2013,,,,,,,DATASOURCE,DATASOURCE_SRHIBMLI20072013DHS,55.0,55,,,"DHS 2012-2013. 
",2024-08-06T16:05:08Z,2007-2013,2007-01-01,2013-12-31
1635575,SRHINSTITUTIONALBIRTH,COUNTRY,BHR,EMR,Eastern Mediterranean,YEAR,2020,,,,,,,DATASOURCE,DATASOURCE_SRHIBBHR2020GOV,99.7,99.7,,,Ministry of Health [Bahrain]; 2020.,2024-08-06T16:05:08Z,2020,2020-01-01,2020-12-31
1636582,SRHINSTITUTIONALBIRTH,COUNTRY,KHM,WPR,Western Pacific,YEAR,2010,,,,,,,DATASOURCE,DATASOURCE_SRHIBKHM20052010DHS,53.8,53.8,,,"DHS 2010. 
",2024-08-06T16:05:08Z,2005-2010,2005-01-01,2010-12-31
1649015,SRHINSTITUTIONALBIRTH,COUNTRY,ISL,EUR,Europe,YEAR,2019,,,,,,,DATASOURCE,DATASOURCE_SRHIBISL2019GOV,98.3,98.3,,,Directorate of Health [Iceland]; 2021.,2024-08-06T16:05:08Z,2019,2019-01-01,2019-12-31
1657115,SRHINSTITUTIONALBIRTH,COUNTRY,EST,EUR,Europe,YEAR,2005,,,,,,,DATASOURCE,DATASOURCE_SRHIBEST2005GOV,99.6,99.6,,,"National Institute for Health Development [Estonia]; 2017.
",2024-08-06T16:05:08Z,2005,2005-01-01,2005-12-31
1662252,SRHINSTITUTIONALBIRTH,COUNTRY,GTM,AMR,Americas,YEAR,1997,,,,,,,DATASOURCE,DATASOURCE_SRHIBGTM19921997STAT,42.1,42.1,,,"Ministerio de Salud Pública y Asistencia Social (MSPAS) [Guatemala], Instituto Nacional de Estadística (INE) [Guatemala], CDC; 2003. ",2024-08-06T16:05:08Z,1992-1997,1992-01-01,1997-12-31
1666991,SRHINSTITUTIONALBIRTH,COUNTRY,URY,AMR,Americas,YEAR,2021,,,,,,,DATASOURCE,DATASOURCE_SRHIBURY2021STAT,99.0,99,,,Estadísticas Vitales 1996-2022.,2024-08-06T16:05:08Z,2021,2021-01-01,2021-12-31
1686748,SRHINSTITUTIONALBIRTH,COUNTRY,BLZ,AMR,Americas,YEAR,2013,,,,,,,DATASOURCE,DATASOURCE_SRHIBBLZ2013WHO,94.2,94.2,,,WHO/PAHO; 2014.,2024-08-06T16:05:08Z,2013,2013-01-01,2013-12-31
1705142,SRHINSTITUTIONALBIRTH,COUNTRY,PRY,AMR,Americas,YEAR,2004,,,,,,,DATASOURCE,DATASOURCE_SRHIBPRY19992004UN,74.1,74.1,,,"ENDSSR 2004. Centro Paraguayo de Estudios de Población (CEPEP), USAID, CDC, UNFPA, IPPF; 2005.
",2024-08-06T16:05:08Z,1999-2004,1999-01-01,2004-12-31
1718681,SRHINSTITUTIONALBIRTH,COUNTRY,BWA,AFR,Africa,YEAR,2012,,,,,,,DATASOURCE,DATASOURCE_SRHIBBWA2012STAT,99.8,99.8,,,"Statistics Botswana (CSO); 2016.
",2024-08-06T16:05:08Z,2012,2012-01-01,2012-12-31
1720656,SRHINSTITUTIONALBIRTH,COUNTRY,JPN,WPR,Western Pacific,YEAR,2014,,,,,,,DATASOURCE,DATASOURCE_SRHIBJPN2014STAT,99.8,99.8,,,"e-stat, National Statistics Center [Japan]; 2015.",2024-08-06T16:05:08Z,2014,2014-01-01,2014-12-31
1740735,SRHINSTITUTIONALBIRTH,COUNTRY,BWA,AFR,Africa,YEAR,2015,,,,,,,DATASOURCE,DATASOURCE_SRHIBBWA2015STAT,99.7,99.7,,,"Statistics Botswana (CSO); 2017.
",2024-08-06T16:05:08Z,2015,2015-01-01,2015-12-31
1746735,SRHINSTITUTIONALBIRTH,COUNTRY,AUS,WPR,Western Pacific,YEAR,2011,,,,,,,DATASOURCE,DATASOURCE_SRHIBAUS2011GOV,99.1,99.1,,,"Li Z, Zeki R, Hilder L, Sullivan EA. Australian Institute of Health and Welfare (AIHW); 2013.",2024-08-06T16:05:08Z,2011,2011-01-01,2011-12-31
1746787,SRHINSTITUTIONALBIRTH,COUNTRY,CHN,WPR,Western Pacific,YEAR,2008,,,,,,,DATASOURCE,DATASOURCE_SRHIBCHN2008GOV,94.5,94.5,,,"National Health and Family Planning Commission of China (NHFPC); 2016. 
",2024-08-06T16:05:08Z,2008,2008-01-01,2008-12-31
1758007,SRHINSTITUTIONALBIRTH,COUNTRY,ISL,EUR,Europe,YEAR,1994,,,,,,,DATASOURCE,DATASOURCE_SRHIBISL1994GOV,99.8,99.8,,,"Directorate of Health [Iceland]; 2017.
",2024-08-06T16:05:08Z,1994,1994-01-01,1994-12-31
1760227,SRHINSTITUTIONALBIRTH,COUNTRY,POL,EUR,Europe,YEAR,2006,,,,,,,DATASOURCE,DATASOURCE_SRHIBPOL2006STAT,99.4,99.4,,,"Central Statistical Office [Poland]; 2007.
",2024-08-06T16:05:08Z,2006,2006-01-01,2006-12-31
1763931,SRHINSTITUTIONALBIRTH,COUNTRY,ZMB,AFR,Africa,YEAR,2007,,,,,,,DATASOURCE,DATASOURCE_SRHIBZMB20022007DHS,47.7,47.7,,,"DHS 2007. 
",2024-08-06T16:05:08Z,2002-2007,2002-01-01,2007-12-31
1765212,SRHINSTITUTIONALBIRTH,COUNTRY,GMB,AFR,Africa,YEAR,2013,,,,,,,DATASOURCE,DATASOURCE_SRHIBGMB20072013DHS,62.6,62.6,,,"DHS 2013. 
",2024-08-06T16:05:08Z,2007-2013,2007-01-01,2013-12-31
1771118,SRHINSTITUTIONALBIRTH,COUNTRY,PRT,EUR,Europe,YEAR,2016,,,,,,,DATASOURCE,DATASOURCE_SRHIBPRT2016STAT,98.8,98.8,,,"Instituto Nacional de Estadística (INE) [Portugal]; 2017.
",2024-08-06T16:05:08Z,2016,2016-01-01,2016-12-31
1776885,SRHINSTITUTIONALBIRTH,COUNTRY,NOR,EUR,Europe,YEAR,2021,,,,,,,DATASOURCE,DATASOURCE_SRHIBNOR2021GOV,99.1,99.1,,,Medical Birth Registry 2021.,2024-08-06T16:05:08Z,2021,2021-01-01,2021-12-31
1779938,SRHINSTITUTIONALBIRTH,COUNTRY,DZA,AFR,Africa,YEAR,2013,,,,,,,DATASOURCE,DATASOURCE_SRHIBDZA20102013MICS,96.8,96.8,,,MICS 2012-2013. ,2024-08-06T16:05:08Z,2010-2013,2010-01-01,2013-12-31
1804982,SRHINSTITUTIONALBIRTH,COUNTRY,FIN,EUR,Europe,YEAR,2011,,,,,,,DATASOURCE,DATASOURCE_SRHIBFIN2011GOV,99.7,99.7,,,"National Institute for Health and Welfare (THL) [Finland]; 2014.
",2024-08-06T16:05:08Z,2011,2011-01-01,2011-12-31
1829098,SRHINSTITUTIONALBIRTH,COUNTRY,PRT,EUR,Europe,YEAR,2020,,,,,,,DATASOURCE,DATASOURCE_SRHIBPRT2020STAT,98.6,98.6,,,Instituto Nacional de Estadística (INE) [Portugal]; 2021.,2024-08-06T16:05:08Z,2020,2020-01-01,2020-12-31
1842418,SRHINSTITUTIONALBIRTH,COUNTRY,BHR,EMR,Eastern Mediterranean,YEAR,2007,,,,,,,DATASOURCE,DATASOURCE_SRHIBBHR2007GOV,97.4,97.4,,,"Ministry of Health [Bahrain]; 2008.
",2024-08-06T16:05:08Z,2007,2007-01-01,2007-12-31
1850911,SRHINSTITUTIONALBIRTH,COUNTRY,PLW,WPR,Western Pacific,YEAR,2007,,,,,,,DATASOURCE,DATASOURCE_SRHIBPLW2007GOV,100.0,100,,,"Ministry of Finance [Palau]; 2016.
",2024-08-06T16:05:08Z,2007,2007-01-01,2007-12-31
1855913,SRHINSTITUTIONALBIRTH,COUNTRY,ECU,AMR,Americas,YEAR,2015,,,,,,,DATASOURCE,DATASOURCE_SRHIBECU2015STAT,93.5,93.5,,,"Instituto Nacional de Estadística y Censos (INEC), Ecuador; 2019.",2024-08-06T16:05:08Z,2015,2015-01-01,2015-12-31
1857637,SRHINSTITUTIONALBIRTH,COUNTRY,DNK,EUR,Europe,YEAR,2001,,,,,,,DATASOURCE,DATASOURCE_SRHIBDNK2001GOV,98.9,98.9,,,"Sundhedsstyrelsen [Denmark]; 2003.
",2024-08-06T16:05:08Z,2001,2001-01-01,2001-12-31
1861551,SRHINSTITUTIONALBIRTH,COUNTRY,AUS,WPR,Western Pacific,YEAR,2014,,,,,,,DATASOURCE,DATASOURCE_SRHIBAUS2014GOV,99.8,99.8,,,Australian Institute of Health and Welfare (AIHW); 2016.,2024-08-06T16:05:08Z,2014,2014-01-01,2014-12-31
1874514,SRHINSTITUTIONALBIRTH,COUNTRY,PER,AMR,Americas,YEAR,2016,,,,,,,DATASOURCE,DATASOURCE_SRHIBPER20112016DHS,92.2,92.2,,,"DHS 2016. 
",2024-08-06T16:05:08Z,2011-2016,2011-01-01,2016-12-31
1875047,SRHINSTITUTIONALBIRTH,COUNTRY,NIC,AMR,Americas,YEAR,2012,,,,,,,DATASOURCE,DATASOURCE_SRHIBNIC20062012GOV,88.2,88.2,,,"ENDESA 2011/12 (Informe Preliminar). INIDE, Ministerio de Salud [Nicaragua]; 2013.",2024-08-06T16:05:08Z,2006-2012,2006-01-01,2012-12-31
1893433,SRHINSTITUTIONALBIRTH,COUNTRY,MAR,EMR,Eastern Mediterranean,YEAR,2004,,,,,,,DATASOURCE,DATASOURCE_SRHIBMAR19982004DHS,60.8,60.8,,,"DHS 2003-04. 
",2024-08-06T16:05:08Z,1998-2004,1998-01-01,2004-12-31
1893725,SRHINSTITUTIONALBIRTH,COUNTRY,ISL,EUR,Europe,YEAR,2004,,,,,,,DATASOURCE,DATASOURCE_SRHIBISL2004GOV,99.4,99.4,,,"Directorate of Health [Iceland]; 2017.
",2024-08-06T16:05:08Z,2004,2004-01-01,2004-12-31
1894860,SRHINSTITUTIONALBIRTH,COUNTRY,ARG,AMR,Americas,YEAR,2005,,,,,,,DATASOURCE,DATASOURCE_SRHIBARG2005GOV,99.1,99.1,,,Ministerio de Salud [Argentina]; 2006.,2024-08-06T16:05:08Z,2005,2005-01-01,2005-12-31
1895845,SRHINSTITUTIONALBIRTH,COUNTRY,BGR,EUR,Europe,YEAR,2000,,,,,,,DATASOURCE,DATASOURCE_SRHIBBGR2000GOV,96.5,96.5,,,"Ministry of Health. National Center of Public Health and Analyses, Bulgaria; 2015.
",2024-08-06T16:05:08Z,2000,2000-01-01,2000-12-31
1912256,SRHINSTITUTIONALBIRTH,COUNTRY,EST,EUR,Europe,YEAR,2004,,,,,,,DATASOURCE,DATASOURCE_SRHIBEST2004GOV,99.7,99.7,,,"National Institute for Health Development [Estonia]; 2017.
",2024-08-06T16:05:08Z,2004,2004-01-01,2004-12-31
1919580,SRHINSTITUTIONALBIRTH,COUNTRY,SLE,AFR,Africa,YEAR,2019,,,,,,,DATASOURCE,DATASOURCE_SRHIBSLE20142019DHS,83.4,83.4,,,DHS 2019.,2024-08-06T16:05:08Z,2014-2019,2014-01-01,2019-12-31
1940427,SRHINSTITUTIONALBIRTH,COUNTRY,HND,AMR,Americas,YEAR,2006,,,,,,,DATASOURCE,DATASOURCE_SRHIBHND20002006DHS,66.5,66.5,,,DHS 2005-2006. ,2024-08-06T16:05:08Z,2000-2006,2000-01-01,2006-12-31
1951252,SRHINSTITUTIONALBIRTH,COUNTRY,BHR,EMR,Eastern Mediterranean,YEAR,2011,,,,,,,DATASOURCE,DATASOURCE_SRHIBBHR2011GOV,99.6,99.6,,,"Ministry of Health [Bahrain]; 2013.
",2024-08-06T16:05:08Z,2011,2011-01-01,2011-12-31
1951489,SRHINSTITUTIONALBIRTH,COUNTRY,DEU,EUR,Europe,YEAR,2002,,,,,,,DATASOURCE,DATASOURCE_SRHIBDEU2002GOV,98.6,98.6,,,"QUAG e.V. [Germany]. Qualitätsbericht 2012; 2014.  
",2024-08-06T16:05:08Z,2002,2002-01-01,2002-12-31
1978621,SRHINSTITUTIONALBIRTH,COUNTRY,BHS,AMR,Americas,YEAR,2017,,,,,,,DATASOURCE,DATASOURCE_SRHIBBHS2017WHO,99.0,99,,,PLISA Health Information Platform; 2024.,2024-08-06T16:05:08Z,2017,2017-01-01,2017-12-31
1985552,SRHINSTITUTIONALBIRTH,COUNTRY,CZE,EUR,Europe,YEAR,2010,,,,,,,DATASOURCE,DATASOURCE_SRHIBCZE2010STAT,99.7,99.7,,,"Ústav zdravotnických informací a statistiky ČR [Czech Republic]; 2011.
",2024-08-06T16:05:08Z,2010,2010-01-01,2010-12-31
1990890,SRHINSTITUTIONALBIRTH,COUNTRY,ROU,EUR,Europe,YEAR,2013,,,,,,,DATASOURCE,DATASOURCE_SRHIBROU2013STAT,99.8,99.82329691,,,National Institute of Statistics [Romania]; 2023,2024-08-06T16:05:08Z,2013,2013-01-01,2013-12-31
1991521,SRHINSTITUTIONALBIRTH,COUNTRY,NGA,AFR,Africa,YEAR,1990,,,,,,,DATASOURCE,DATASOURCE_SRHIBNGA19851990DHS,30.9,30.9,,,"DHS 1990. 
",2024-08-06T16:05:08Z,1985-1990,1985-01-01,1990-12-31
1996706,SRHINSTITUTIONALBIRTH,COUNTRY,GMB,AFR,Africa,YEAR,2005,,,,,,,DATASOURCE,DATASOURCE_SRHIBGMB20032005MICS,54.5,54.5,,,"MICS 2005-2006. 
",2024-08-06T16:05:08Z,2003-2005,2003-01-01,2005-12-31
1997923,SRHINSTITUTIONALBIRTH,COUNTRY,DNK,EUR,Europe,YEAR,2017,,,,,,,DATASOURCE,DATASOURCE_SRHIBDNK2017DATA,94.7,94.7,,,Sundhedsdatastyrelsen [Denmark]; 2018. ,2024-08-06T16:05:08Z,2017,2017-01-01,2017-12-31
2004045,SRHINSTITUTIONALBIRTH,COUNTRY,MDV,SEAR,South-East Asia,YEAR,2014,,,,,,,DATASOURCE,DATASOURCE_SRHIBMDV2014GOV,99.9,99.9,,,"Ministry of Health [Republic of Maldives]; 2017.
",2024-08-06T16:05:08Z,2014,2014-01-01,2014-12-31
2006370,SRHINSTITUTIONALBIRTH,COUNTRY,FIN,EUR,Europe,YEAR,1994,,,,,,,DATASOURCE,DATASOURCE_SRHIBFIN1994GOV,98.5,98.5,,,"National Research and Development Centre for Welfare and Health [Finland]; 2005.
",2024-08-06T16:05:08Z,1994,1994-01-01,1994-12-31
2010695,SRHINSTITUTIONALBIRTH,COUNTRY,ECU,AMR,Americas,YEAR,1995,,,,,,,DATASOURCE,DATASOURCE_SRHIBECU1995STAT,63.5,63.5,,,"Instituto Nacional de Estadística y Censos (INEC), Ecuador; 2019.",2024-08-06T16:05:08Z,1995,1995-01-01,1995-12-31
2017300,SRHINSTITUTIONALBIRTH,COUNTRY,THA,SEAR,South-East Asia,YEAR,2006,,,,,,,DATASOURCE,DATASOURCE_SRHIBTHA20032006MICS,96.7,96.7,,,"MICS 2005-2006. 
",2024-08-06T16:05:08Z,2003-2006,2003-01-01,2006-12-31
2017748,SRHINSTITUTIONALBIRTH,COUNTRY,NZL,WPR,Western Pacific,YEAR,2006,,,,,,,DATASOURCE,DATASOURCE_SRHIBNZL2006GOV,96.8,96.8,,,Ministry of Health [New Zealand]; 2015.,2024-08-06T16:05:08Z,2006,2006-01-01,2006-12-31
2025730,SRHINSTITUTIONALBIRTH,COUNTRY,CHN,WPR,Western Pacific,YEAR,2006,,,,,,,DATASOURCE,DATASOURCE_SRHIBCHN2006GOV,88.4,88.4,,,"National Health and Family Planning Commission of China (NHFPC); 2016. 
",2024-08-06T16:05:08Z,2006,2006-01-01,2006-12-31
2030722,SRHINSTITUTIONALBIRTH,COUNTRY,NIC,AMR,Americas,YEAR,2007,,,,,,,DATASOURCE,DATASOURCE_SRHIBNIC20012007GOV,73.8,73.8,,,"ENDESA 2006/07. INIDE, Ministerio de Salud [Nicaragua]; 2008.",2024-08-06T16:05:08Z,2001-2007,2001-01-01,2007-12-31
2036834,SRHINSTITUTIONALBIRTH,COUNTRY,CAN,AMR,Americas,YEAR,1996,,,,,,,DATASOURCE,DATASOURCE_SRHIBCAN1996STAT,99.2,99.2,,,"Statistics Canada; 2013. 
",2024-08-06T16:05:08Z,1996,1996-01-01,1996-12-31
2043024,SRHINSTITUTIONALBIRTH,COUNTRY,CAN,AMR,Americas,YEAR,2000,,,,,,,DATASOURCE,DATASOURCE_SRHIBCAN2000STAT,99.3,99.3,,,"Statistics Canada; 2013. 
",2024-08-06T16:05:08Z,2000,2000-01-01,2000-12-31
2050210,SRHINSTITUTIONALBIRTH,COUNTRY,SEN,AFR,Africa,YEAR,2018,,,,,,,DATASOURCE,DATASOURCE_SRHIBSEN20132018DHS,81.7,81.7,,,DHS 2018 (DHS Continuous). ,2024-08-06T16:05:08Z,2013-2018,2013-01-01,2018-12-31
2051543,SRHINSTITUTIONALBIRTH,COUNTRY,EGY,EMR,Eastern Mediterranean,YEAR,2000,,,,,,,DATASOURCE,DATASOURCE_SRHIBEGY19952000DHS,48.2,48.2,,,"DHS 2000. 
",2024-08-06T16:05:08Z,1995-2000,1995-01-01,2000-12-31
2074913,SRHINSTITUTIONALBIRTH,COUNTRY,BGR,EUR,Europe,YEAR,2018,,,,,,,DATASOURCE,DATASOURCE_SRHIBBGR2018STAT,91.2,91.2,,,Annual Bulgaria Public Health Statistics 2019.,2024-08-06T16:05:08Z,2018,2018-01-01,2018-12-31
2075513,SRHINSTITUTIONALBIRTH,COUNTRY,ETH,AFR,Africa,YEAR,2000,,,,,,,DATASOURCE,DATASOURCE_SRHIBETH19952000DHS,5.0,5,,,"DHS 2000. 
",2024-08-06T16:05:08Z,1995-2000,1995-01-01,2000-12-31
2082625,SRHINSTITUTIONALBIRTH,COUNTRY,POL,EUR,Europe,YEAR,2010,,,,,,,DATASOURCE,DATASOURCE_SRHIBPOL2010STAT,99.8,99.8,,,"Central Statistical Office [Poland]; 2011.
",2024-08-06T16:05:08Z,2010,2010-01-01,2010-12-31
2094964,SRHINSTITUTIONALBIRTH,COUNTRY,LUX,EUR,Europe,YEAR,2015,,,,,,,DATASOURCE,DATASOURCE_SRHIBLUX2015GOV,99.8,99.8,,,Surveillance de la Santé Périnatale au Luxembourg. Rapport sur les naissances 2014-2015-2016.,2024-08-06T16:05:08Z,2015,2015-01-01,2015-12-31
2107153,SRHINSTITUTIONALBIRTH,COUNTRY,LCA,AMR,Americas,YEAR,2017,,,,,,,DATASOURCE,DATASOURCE_SRHIBLCA2017WHO,99.0,99,,,WHO/PAHO; 2018.,2024-08-06T16:05:08Z,2017,2017-01-01,2017-12-31
2137275,SRHINSTITUTIONALBIRTH,COUNTRY,GEO,EUR,Europe,YEAR,2015,,,,,,,DATASOURCE,DATASOURCE_SRHIBGEO2015GOV,99.8,99.8,,,"Ministry of Labour, Health and Social Affairs of Georgia; 2016.",2024-08-06T16:05:08Z,2015,2015-01-01,2015-12-31
2140295,SRHINSTITUTIONALBIRTH,COUNTRY,SRB,EUR,Europe,YEAR,2012,,,,,,,DATASOURCE,DATASOURCE_SRHIBSRB2012STAT,99.8,99.8,,,"Statistical Office of the Republic of Serbia; 2015.
",2024-08-06T16:05:08Z,2012,2012-01-01,2012-12-31
2150499,SRHINSTITUTIONALBIRTH,COUNTRY,KEN,AFR,Africa,YEAR,2014,,,,,,,DATASOURCE,DATASOURCE_SRHIBKEN20092014DHS,61.2,61.2,,,DHS 2014. ,2024-08-06T16:05:08Z,2009-2014,2009-01-01,2014-12-31
2184475,SRHINSTITUTIONALBIRTH,COUNTRY,GTM,AMR,Americas,YEAR,2012,,,,,,,DATASOURCE,DATASOURCE_SRHIBGTM2012STAT,58.6,58.6,,,"Gobierno de Guatemala, Instituto Nacional de Estadística Guatemala; 2013. 
",2024-08-06T16:05:08Z,2012,2012-01-01,2012-12-31
2198666,SRHINSTITUTIONALBIRTH,COUNTRY,LCA,AMR,Americas,YEAR,2021,,,,,,,DATASOURCE,DATASOURCE_SRHIBLCA2021WHO,99.0,99,,,"
PLISA Health Information Platform; 2024.",2024-08-06T16:05:08Z,2021,2021-01-01,2021-12-31
2254488,SRHINSTITUTIONALBIRTH,COUNTRY,CHN,WPR,Western Pacific,YEAR,1994,,,,,,,DATASOURCE,DATASOURCE_SRHIBCHN1994GOV,65.6,65.6,,,"National Health and Family Planning Commission of China (NHFPC); 2016. 
",2024-08-06T16:05:08Z,1994,1994-01-01,1994-12-31
2261968,SRHINSTITUTIONALBIRTH,COUNTRY,BHR,EMR,Eastern Mediterranean,YEAR,2003,,,,,,,DATASOURCE,DATASOURCE_SRHIBBHR2003GOV,97.8,97.8,,,"Ministry of Health [Bahrain]; 2004.
",2024-08-06T16:05:08Z,2003,2003-01-01,2003-12-31
2263931,SRHINSTITUTIONALBIRTH,COUNTRY,GTM,AMR,Americas,YEAR,1999,,,,,,,DATASOURCE,DATASOURCE_SRHIBGTM19931999DHS,40.4,40.4,,,"DHS 1998-1999. 
",2024-08-06T16:05:08Z,1993-1999,1993-01-01,1999-12-31
2268699,SRHINSTITUTIONALBIRTH,COUNTRY,PRY,AMR,Americas,YEAR,2011,,,,,,,DATASOURCE,DATASOURCE_SRHIBPRY2011STAT,96.3,96.3,,,"Dirección General de Estadística, Encuestas y Censos (DGEEC) [Paraguay].Estadísticas Vitales del Paraguay 2011; 2013.",2024-08-06T16:05:08Z,2011,2011-01-01,2011-12-31
2275559,SRHINSTITUTIONALBIRTH,COUNTRY,JOR,EMR,Eastern Mediterranean,YEAR,2018,,,,,,,DATASOURCE,DATASOURCE_SRHIBJOR20132018DHS,98.1,98.1,,,DHS 2017-18. ,2024-08-06T16:05:08Z,2013-2018,2013-01-01,2018-12-31
2281301,SRHINSTITUTIONALBIRTH,COUNTRY,MDG,AFR,Africa,YEAR,2004,,,,,,,DATASOURCE,DATASOURCE_SRHIBMDG19982004DHS,31.8,31.8,,,"DHS 2003-2004. 
",2024-08-06T16:05:08Z,1998-2004,1998-01-01,2004-12-31
2282843,SRHINSTITUTIONALBIRTH,COUNTRY,URY,AMR,Americas,YEAR,2018,,,,,,,DATASOURCE,DATASOURCE_SRHIBURY2018STAT,99.5,99.5,,,Estadísticas Vitales. Nacimientos 1996-2018; 2020. ,2024-08-06T16:05:08Z,2018,2018-01-01,2018-12-31
2288661,SRHINSTITUTIONALBIRTH,COUNTRY,COL,AMR,Americas,YEAR,2000,,,,,,,DATASOURCE,DATASOURCE_SRHIBCOL19952000DHS,87.5,87.5,,,"DHS 2000. 
",2024-08-06T16:05:08Z,1995-2000,1995-01-01,2000-12-31
2309228,SRHINSTITUTIONALBIRTH,COUNTRY,CHL,AMR,Americas,YEAR,2021,,,,,,,DATASOURCE,DATASOURCE_SRHIBCHL2021WHO,99.6,99.6,,,PLISA Health Information Platform; 2024.,2024-08-06T16:05:08Z,2021,2021-01-01,2021-12-31
2338207,SRHINSTITUTIONALBIRTH,COUNTRY,MKD,EUR,Europe,YEAR,2008,,,,,,,DATASOURCE,DATASOURCE_SRHIBMKD2008STAT,99.7,99.7,,,"State Statistical Office [Macedonia]; 2010.
",2024-08-06T16:05:08Z,2008,2008-01-01,2008-12-31
2351669,SRHINSTITUTIONALBIRTH,COUNTRY,CAN,AMR,Americas,YEAR,2022,,,,,,,DATASOURCE,DATASOURCE_SRHIBCAN2022STAT,97.8,97.8,,,Statistics Canada; 2023.,2024-08-06T16:05:08Z,2022,2022-01-01,2022-12-31
2362834,SRHINSTITUTIONALBIRTH,COUNTRY,MKD,EUR,Europe,YEAR,2001,,,,,,,DATASOURCE,DATASOURCE_SRHIBMKD2001STAT,96.9,96.9,,,"State Statistical Office [Macedonia]; 2005.
",2024-08-06T16:05:08Z,2001,2001-01-01,2001-12-31
2369510,SRHINSTITUTIONALBIRTH,COUNTRY,UGA,AFR,Africa,YEAR,2001,,,,,,,DATASOURCE,DATASOURCE_SRHIBUGA19952001DHS,36.6,36.6,,,"DHS 2000-2001.
",2024-08-06T16:05:08Z,1995-2001,1995-01-01,2001-12-31
2378617,SRHINSTITUTIONALBIRTH,COUNTRY,TJK,EUR,Europe,YEAR,2007,,,,,,,DATASOURCE,DATASOURCE_SRHIBTJK20052007STAT,73.3,73.3,,,"State Committee on Statistics Republic of Tajikistan, UNICEF; 2009.
",2024-08-06T16:05:08Z,2005-2007,2005-01-01,2007-12-31
2385750,SRHINSTITUTIONALBIRTH,COUNTRY,CAN,AMR,Americas,YEAR,2001,,,,,,,DATASOURCE,DATASOURCE_SRHIBCAN2001STAT,99.3,99.3,,,"Statistics Canada; 2013. 
",2024-08-06T16:05:08Z,2001,2001-01-01,2001-12-31
2429994,SRHINSTITUTIONALBIRTH,COUNTRY,DEU,EUR,Europe,YEAR,2018,,,,,,,DATASOURCE,DATASOURCE_SRHIBDEU2018STAT,96.2,96.2,,,DESTATIS [online database]; 2019. ,2024-08-06T16:05:08Z,2018,2018-01-01,2018-12-31
2435185,SRHINSTITUTIONALBIRTH,COUNTRY,CHL,AMR,Americas,YEAR,2017,,,,,,,DATASOURCE,DATASOURCE_SRHIBCHL2017STAT,99.7,99.7,,,Instituto Nacional de Estadísticas [Chile]; 2019.,2024-08-06T16:05:08Z,2017,2017-01-01,2017-12-31
2436309,SRHINSTITUTIONALBIRTH,COUNTRY,DJI,EMR,Eastern Mediterranean,YEAR,2002,,,,,,,DATASOURCE,DATASOURCE_SRHIBDJI19972002GOV,74.1,74.1,,,"Gouvernement de Djibouti, Ligue des États Arabes; 2004 (in French).",2024-08-06T16:05:08Z,1997-2002,1997-01-01,2002-12-31
2454576,SRHINSTITUTIONALBIRTH,COUNTRY,KIR,WPR,Western Pacific,YEAR,2009,,,,,,,DATASOURCE,DATASOURCE_SRHIBKIR20042009DHS,65.9,65.9,,,"Kiribati DHS 2009. Kiribati National Statistics Office (KNSO), Secretariat of the Pacific Community (SPC) [New Caledonia]; 2010.
",2024-08-06T16:05:08Z,2004-2009,2004-01-01,2009-12-31
2454673,SRHINSTITUTIONALBIRTH,COUNTRY,BHR,EMR,Eastern Mediterranean,YEAR,2006,,,,,,,DATASOURCE,DATASOURCE_SRHIBBHR2006GOV,97.5,97.5,,,"Ministry of Health [Bahrain]; 2007.
",2024-08-06T16:05:08Z,2006,2006-01-01,2006-12-31
2461040,SRHINSTITUTIONALBIRTH,COUNTRY,ATG,AMR,Americas,YEAR,2014,,,,,,,DATASOURCE,DATASOURCE_SRHIBATG2014WHO,100.0,100,,,WHO/PAHO; 2017.,2024-08-06T16:05:08Z,2014,2014-01-01,2014-12-31
2462273,SRHINSTITUTIONALBIRTH,COUNTRY,TTO,AMR,Americas,YEAR,2001,,,,,,,DATASOURCE,DATASOURCE_SRHIBTTO2001GOV,99.2,99.2,,,"Ministry of Health [Trinidad and Tobago]; 2004.
",2024-08-06T16:05:08Z,2001,2001-01-01,2001-12-31
2480400,SRHINSTITUTIONALBIRTH,COUNTRY,BRA,AMR,Americas,YEAR,2000,,,,,,,DATASOURCE,DATASOURCE_SRHIBBRA2000DATA,98.6,98.6,,,"DATASUS, MS/SVS/DASIS [Brazil]. Período: 2000; 2011.
",2024-08-06T16:05:08Z,2000,2000-01-01,2000-12-31
2480605,SRHINSTITUTIONALBIRTH,COUNTRY,NOR,EUR,Europe,YEAR,2012,,,,,,,DATASOURCE,DATASOURCE_SRHIBNOR2012GOV,99.2,99.2,,,"Folkehelseinstituttet [Norwegian Institute of Public Health (NIPH)]; 2013.
",2024-08-06T16:05:08Z,2012,2012-01-01,2012-12-31
2483423,SRHINSTITUTIONALBIRTH,COUNTRY,BRA,AMR,Americas,YEAR,2006,,,,,,,DATASOURCE,DATASOURCE_SRHIBBRA2006GOV,98.4,98.4,,,"Ministério da Saúde [Brazil]; 2009.
",2024-08-06T16:05:08Z,2006,2006-01-01,2006-12-31
2486712,SRHINSTITUTIONALBIRTH,COUNTRY,EST,EUR,Europe,YEAR,1992,,,,,,,DATASOURCE,DATASOURCE_SRHIBEST1992GOV,98.9,98.9,,,"National Institute for Health Development [Estonia]; 2017.
",2024-08-06T16:05:08Z,1992,1992-01-01,1992-12-31
2495472,SRHINSTITUTIONALBIRTH,COUNTRY,BLZ,AMR,Americas,YEAR,2016,,,,,,,DATASOURCE,DATASOURCE_SRHIBBLZ2016WHO,91.3,91.3,,,WHO/PAHO; 2017.,2024-08-06T16:05:08Z,2016,2016-01-01,2016-12-31
2495513,SRHINSTITUTIONALBIRTH,COUNTRY,MDV,SEAR,South-East Asia,YEAR,2012,,,,,,,DATASOURCE,DATASOURCE_SRHIBMDV2012GOV,95.7,95.7,,,"Ministry of Health [Republic of Maldives]; 2014.
",2024-08-06T16:05:08Z,2012,2012-01-01,2012-12-31
2502191,SRHINSTITUTIONALBIRTH,COUNTRY,MHL,WPR,Western Pacific,YEAR,2017,,,,,,,DATASOURCE,DATASOURCE_SRHIBMHL20152017GOV,92.1,92.1,,,ICHNS 2017.,2024-08-06T16:05:08Z,2015-2017,2015-01-01,2017-12-31
2502755,SRHINSTITUTIONALBIRTH,COUNTRY,POL,EUR,Europe,YEAR,2017,,,,,,,DATASOURCE,DATASOURCE_SRHIBPOL2017STAT,99.8,99.8,,,Statistics Poland (GUS); 2018.,2024-08-06T16:05:08Z,2017,2017-01-01,2017-12-31
2523352,SRHINSTITUTIONALBIRTH,COUNTRY,ARM,EUR,Europe,YEAR,2000,,,,,,,DATASOURCE,DATASOURCE_SRHIBARM19952000DHS,91.3,91.3,,,DHS 2000. ,2024-08-06T16:05:08Z,1995-2000,1995-01-01,2000-12-31
2523482,SRHINSTITUTIONALBIRTH,COUNTRY,COL,AMR,Americas,YEAR,2010,,,,,,,DATASOURCE,DATASOURCE_SRHIBCOL20052010DHS,95.4,95.4,,,"DHS 2010. 
",2024-08-06T16:05:08Z,2005-2010,2005-01-01,2010-12-31
2523887,SRHINSTITUTIONALBIRTH,COUNTRY,BHR,EMR,Eastern Mediterranean,YEAR,2001,,,,,,,DATASOURCE,DATASOURCE_SRHIBBHR2001GOV,97.5,97.5,,,"Ministry of Health [Bahrain]; 2002.
",2024-08-06T16:05:08Z,2001,2001-01-01,2001-12-31
2568978,SRHINSTITUTIONALBIRTH,COUNTRY,AGO,AFR,Africa,YEAR,2007,,,,,,,DATASOURCE,DATASOURCE_SRHIBAGO20012007GOV,45.8,45.8,,,"MIS 2006-07. Consultoria de Serviços e Pesquisas–COSEP Lda., Consultoria de Gestão e Administração em Saúde–Consaúde Lda. [Angola], Macro International Inc.; 2007.",2024-08-06T16:05:08Z,2001-2007,2001-01-01,2007-12-31
2569734,SRHINSTITUTIONALBIRTH,COUNTRY,KOR,WPR,Western Pacific,YEAR,2012,,,,,,,DATASOURCE,DATASOURCE_SRHIBKOR2012GOV,99.8,99.8,,,"Korea Institute for Health and Social Affairs; 2012. 
",2024-08-06T16:05:08Z,2012,2012-01-01,2012-12-31
2570964,SRHINSTITUTIONALBIRTH,COUNTRY,MLT,EUR,Europe,YEAR,2004,,,,,,,DATASOURCE,DATASOURCE_SRHIBMLT2004GOV,99.9,99.9,,,Department of Health Information (DHI) [Malta]; 2005.,2024-08-06T16:05:08Z,2004,2004-01-01,2004-12-31
2577429,SRHINSTITUTIONALBIRTH,COUNTRY,ROU,EUR,Europe,YEAR,1996,,,,,,,DATASOURCE,DATASOURCE_SRHIBROU1996STAT,99.9,99.85823847,,,National Institute of Statistics [Romania]; 2023,2024-08-06T16:05:08Z,1996,1996-01-01,1996-12-31
2608174,SRHINSTITUTIONALBIRTH,COUNTRY,NPL,SEAR,South-East Asia,YEAR,2011,,,,,,,DATASOURCE,DATASOURCE_SRHIBNPL20102011STAT,31.6,31.6,,,"Central Bureau of Statistics [Nepal]; 2011.
",2024-08-06T16:05:08Z,2010-2011,2010-01-01,2011-12-31
2616178,SRHINSTITUTIONALBIRTH,COUNTRY,NGA,AFR,Africa,YEAR,2008,,,,,,,DATASOURCE,DATASOURCE_SRHIBNGA20032008DHS,35.0,35,,,DHS 2008. ,2024-08-06T16:05:08Z,2003-2008,2003-01-01,2008-12-31
2621610,SRHINSTITUTIONALBIRTH,COUNTRY,CHL,AMR,Americas,YEAR,1997,,,,,,,DATASOURCE,DATASOURCE_SRHIBCHL1997STAT,99.4,99.4,,,"Instituto Nacional de Estadísticas, Chile. Anuario de Demografía 1997; 1999.",2024-08-06T16:05:08Z,1997,1997-01-01,1997-12-31
2622507,SRHINSTITUTIONALBIRTH,COUNTRY,MAR,EMR,Eastern Mediterranean,YEAR,2018,,,,,,,DATASOURCE,DATASOURCE_SRHIBMAR20122018GOV,86.1,86.1,,,ENPSF 2018. Ministère de la Santé [Morocco]; 2019.,2024-08-06T16:05:08Z,2012-2018,2012-01-01,2018-12-31
2629375,SRHINSTITUTIONALBIRTH,COUNTRY,EGY,EMR,Eastern Mediterranean,YEAR,1995,,,,,,,DATASOURCE,DATASOURCE_SRHIBEGY19901995DHS,32.5,32.5,,,"DHS 1995. 
",2024-08-06T16:05:08Z,1990-1995,1990-01-01,1995-12-31
2629585,SRHINSTITUTIONALBIRTH,COUNTRY,ETH,AFR,Africa,YEAR,2005,,,,,,,DATASOURCE,DATASOURCE_SRHIBETH20002005DHS,5.3,5.3,,,"DHS 2005. 
",2024-08-06T16:05:08Z,2000-2005,2000-01-01,2005-12-31
2634256,SRHINSTITUTIONALBIRTH,COUNTRY,PAN,AMR,Americas,YEAR,2008,,,,,,,DATASOURCE,DATASOURCE_SRHIBPAN2008STAT,91.5,91.5,,,"Instituto Nacional de Estadística y Censo (INEC) [Panama]; 2010.
",2024-08-06T16:05:08Z,2008,2008-01-01,2008-12-31
2653909,SRHINSTITUTIONALBIRTH,COUNTRY,SGP,WPR,Western Pacific,YEAR,2000,,,,,,,DATASOURCE,DATASOURCE_SRHIBSGP2000STAT,99.7,99.7,,,"Department of Statistics [Singapore]; 2011.
",2024-08-06T16:05:08Z,2000,2000-01-01,2000-12-31
2666359,SRHINSTITUTIONALBIRTH,COUNTRY,POL,EUR,Europe,YEAR,2009,,,,,,,DATASOURCE,DATASOURCE_SRHIBPOL2009STAT,99.7,99.7,,,"Central Statistical Office [Poland]; 2010.
",2024-08-06T16:05:08Z,2009,2009-01-01,2009-12-31
2672544,SRHINSTITUTIONALBIRTH,COUNTRY,VEN,AMR,Americas,YEAR,2000,,,,,,,DATASOURCE,DATASOURCE_SRHIBVEN2000STAT,96.0,95.9964439,,,"Local de asistencia [website]. Venezuela: Instituto Nacional de Estadística, 2016 (accessed 14 October 2016, in Spanish). ",2024-08-06T16:05:08Z,2000,2000-01-01,2000-12-31
2685579,SRHINSTITUTIONALBIRTH,COUNTRY,LVA,EUR,Europe,YEAR,2021,,,,,,,DATASOURCE,DATASOURCE_SRHIBLVA2021STAT,98.1,98.1,,,Health Statistics Database. Latvia; 2023.,2024-08-06T16:05:08Z,2021,2021-01-01,2021-12-31
2693756,SRHINSTITUTIONALBIRTH,COUNTRY,PNG,WPR,Western Pacific,YEAR,2015,,,,,,,DATASOURCE,DATASOURCE_SRHIBPNG2015GOV,37.0,37,,,"Ministry of Health [Papua New Guinea]; 2016.
",2024-08-06T16:05:08Z,2015,2015-01-01,2015-12-31
2705819,SRHINSTITUTIONALBIRTH,COUNTRY,FRA,EUR,Europe,YEAR,2014,,,,,,,DATASOURCE,DATASOURCE_SRHIBFRA2014STAT,98.3,98.3,,,"Institut National de la Statistique et des Études Économiques (INSEE) [France]; 2015.
",2024-08-06T16:05:08Z,2014,2014-01-01,2014-12-31
2707486,SRHINSTITUTIONALBIRTH,COUNTRY,URY,AMR,Americas,YEAR,2019,,,,,,,DATASOURCE,DATASOURCE_SRHIBURY2019STAT,99.5,99.5,,,Estadísticas Vitales 1996-2019.,2024-08-06T16:05:08Z,2019,2019-01-01,2019-12-31
2719339,SRHINSTITUTIONALBIRTH,COUNTRY,CHN,WPR,Western Pacific,YEAR,2003,,,,,,,DATASOURCE,DATASOURCE_SRHIBCHN2003GOV,79.4,79.4,,,"National Health and Family Planning Commission of China (NHFPC); 2016. 
",2024-08-06T16:05:08Z,2003,2003-01-01,2003-12-31
9387,SRHINSTITUTIONALBIRTH,COUNTRY,SLV,AMR,Americas,YEAR,2022,,,,,,,DATASOURCE,DATASOURCE_SRHIBSLV20212022GOV,99.0,99,,,Memoria de labores 2019-2020.,2024-08-06T16:05:08Z,2021-2022,2021-01-01,2022-12-31
17774,SRHINSTITUTIONALBIRTH,COUNTRY,MOZ,AFR,Africa,YEAR,2013,,,,,,,DATASOURCE,DATASOURCE_SRHIBMOZ2013STAT,68.9,68.9,,,National Statistics Institute [Mozambique]; 2017. ,2024-08-06T16:05:08Z,2013,2013-01-01,2013-12-31
23154,SRHINSTITUTIONALBIRTH,COUNTRY,GIN,AFR,Africa,YEAR,1999,,,,,,,DATASOURCE,DATASOURCE_SRHIBGIN19941999DHS,29.0,29,,,"DHS 1999. 
",2024-08-06T16:05:08Z,1994-1999,1994-01-01,1999-12-31
24665,SRHINSTITUTIONALBIRTH,COUNTRY,TLS,SEAR,South-East Asia,YEAR,2016,,,,,,,DATASOURCE,DATASOURCE_SRHIBTLS20112016DHS,48.5,48.5,,,DHS 2016. ,2024-08-06T16:05:08Z,2011-2016,2011-01-01,2016-12-31
28231,SRHINSTITUTIONALBIRTH,COUNTRY,CHN,WPR,Western Pacific,YEAR,1998,,,,,,,DATASOURCE,DATASOURCE_SRHIBCHN1998GOV,66.2,66.2,,,"National Health and Family Planning Commission of China (NHFPC); 2016. 
",2024-08-06T16:05:08Z,1998,1998-01-01,1998-12-31
30863,SRHINSTITUTIONALBIRTH,COUNTRY,NZL,WPR,Western Pacific,YEAR,2021,,,,,,,DATASOURCE,DATASOURCE_SRHIBNZL2021GOV,95.8,95.8,,,Ministry of Health. New Zealand; 2023.,2024-08-06T16:05:08Z,2021,2021-01-01,2021-12-31
36438,SRHINSTITUTIONALBIRTH,COUNTRY,CYP,EUR,Europe,YEAR,2010,,,,,,,DATASOURCE,DATASOURCE_SRHIBCYP2010GOV,98.6,98.6,,,"Republic of Cyprus; 2014.
",2024-08-06T16:05:08Z,2010,2010-01-01,2010-12-31
50440,SRHINSTITUTIONALBIRTH,COUNTRY,SYR,EMR,Eastern Mediterranean,YEAR,2006,,,,,,,DATASOURCE,DATASOURCE_SRHIBSYR20042006MICS,70.4,70.4,,,"MICS 2006. 
",2024-08-06T16:05:08Z,2004-2006,2004-01-01,2006-12-31
50503,SRHINSTITUTIONALBIRTH,COUNTRY,CHL,AMR,Americas,YEAR,2008,,,,,,,DATASOURCE,DATASOURCE_SRHIBCHL2008STAT,99.8,99.8,,,Instituto Nacional de Estadísticas [Chile]; 2010.,2024-08-06T16:05:08Z,2008,2008-01-01,2008-12-31
1057385,SRHINSTITUTIONALBIRTH,COUNTRY,NIC,AMR,Americas,YEAR,2006,,,,,,,DATASOURCE,DATASOURCE_SRHIBNIC2006STAT,62.6,62.6,,,"Oficina Nacional De Estadísticas, Ministerio de Salud [Nicaragua]; 2011. ",2024-08-06T16:05:08Z,2006,2006-01-01,2006-12-31
1077753,SRHINSTITUTIONALBIRTH,COUNTRY,MAR,EMR,Eastern Mediterranean,YEAR,1997,,,,,,,DATASOURCE,DATASOURCE_SRHIBMAR19931997GOV,45.6,45.6,,,"Ministère de la Santé [Morocco],  Ligue des États Arabes, PAPCHILD; 1999.",2024-08-06T16:05:08Z,1993-1997,1993-01-01,1997-12-31
1084725,SRHINSTITUTIONALBIRTH,COUNTRY,NZL,WPR,Western Pacific,YEAR,2012,,,,,,,DATASOURCE,DATASOURCE_SRHIBNZL2012GOV,96.9,96.9,,,Ministry of Health [New Zealand]; 2015.,2024-08-06T16:05:08Z,2012,2012-01-01,2012-12-31
1089827,SRHINSTITUTIONALBIRTH,COUNTRY,COL,AMR,Americas,YEAR,2019,,,,,,,DATASOURCE,DATASOURCE_SRHIBCOL2019GOV,98.4,98.4,,,"Indicadores Básicos, 2021 Ministerio de Salud y Protección Social",2024-08-06T16:05:08Z,2019,2019-01-01,2019-12-31
1091325,SRHINSTITUTIONALBIRTH,COUNTRY,DNK,EUR,Europe,YEAR,2006,,,,,,,DATASOURCE,DATASOURCE_SRHIBDNK2006GOV,98.7,98.7,,,"Sundhedsstyrelsen [Denmark]; 2008.
",2024-08-06T16:05:08Z,2006,2006-01-01,2006-12-31
1102161,SRHINSTITUTIONALBIRTH,COUNTRY,HND,AMR,Americas,YEAR,2019,,,,,,,DATASOURCE,DATASOURCE_SRHIBHND20172019MICS,92.0,92,,,MICS 2021.,2024-08-06T16:05:08Z,2017-2019,2017-01-01,2019-12-31
1108532,SRHINSTITUTIONALBIRTH,COUNTRY,ECU,AMR,Americas,YEAR,2018,,,,,,,DATASOURCE,DATASOURCE_SRHIBECU2018STAT,95.8,95.8,,,"Instituto Nacional de Estadística y Censos (INEC), Ecuador; 2019.",2024-08-06T16:05:08Z,2018,2018-01-01,2018-12-31
1115587,SRHINSTITUTIONALBIRTH,COUNTRY,PLW,WPR,Western Pacific,YEAR,2003,,,,,,,DATASOURCE,DATASOURCE_SRHIBPLW2003GOV,99.7,99.7,,,"Ministry of Finance [Palau]; 2004.
",2024-08-06T16:05:08Z,2003,2003-01-01,2003-12-31
1116520,SRHINSTITUTIONALBIRTH,COUNTRY,JOR,EMR,Eastern Mediterranean,YEAR,2012,,,,,,,DATASOURCE,DATASOURCE_SRHIBJOR20072012DHS,98.8,98.8,,,DHS 2012. ,2024-08-06T16:05:08Z,2007-2012,2007-01-01,2012-12-31
1116522,SRHINSTITUTIONALBIRTH,COUNTRY,PLW,WPR,Western Pacific,YEAR,2017,,,,,,,DATASOURCE,DATASOURCE_SRHIBPLW2017GOV,100.0,100,,,Ministry of Finance [Palau]; 2018.,2024-08-06T16:05:08Z,2017,2017-01-01,2017-12-31
1122072,SRHINSTITUTIONALBIRTH,COUNTRY,SYR,EMR,Eastern Mediterranean,YEAR,1993,,,,,,,DATASOURCE,DATASOURCE_SRHIBSYR19881993STAT,35.0,35,,,"Central Bureau of Statistics [Syrian Arab Republic], League of Arab States; 1995.
",2024-08-06T16:05:08Z,1988-1993,1988-01-01,1993-12-31
1122292,SRHINSTITUTIONALBIRTH,COUNTRY,PHL,WPR,Western Pacific,YEAR,2003,,,,,,,DATASOURCE,DATASOURCE_SRHIBPHL19982003DHS,37.9,37.9,,,"DHS 2003. 
",2024-08-06T16:05:08Z,1998-2003,1998-01-01,2003-12-31
1127700,SRHINSTITUTIONALBIRTH,COUNTRY,ETH,AFR,Africa,YEAR,2014,,,,,,,DATASOURCE,DATASOURCE_SRHIBETH20092014DHS,16.4,16.4,,,"Central Statistical Agency [Ethiopia]. Mini DHS (EMDHS); 2014.
",2024-08-06T16:05:08Z,2009-2014,2009-01-01,2014-12-31
1128302,SRHINSTITUTIONALBIRTH,COUNTRY,POL,EUR,Europe,YEAR,2016,,,,,,,DATASOURCE,DATASOURCE_SRHIBPOL2016STAT,99.8,99.8,,,"Central Statistical Office [Poland]; 2017.
",2024-08-06T16:05:08Z,2016,2016-01-01,2016-12-31
1130072,SRHINSTITUTIONALBIRTH,COUNTRY,MEX,AMR,Americas,YEAR,2008,,,,,,,DATASOURCE,DATASOURCE_SRHIBMEX2008STAT,82.1,82.1,,,"Instituto Nacional de Estadística, Geografía e Informática (INEGI) [Mexico]; 2009.",2024-08-06T16:05:08Z,2008,2008-01-01,2008-12-31
1130858,SRHINSTITUTIONALBIRTH,COUNTRY,QAT,EMR,Eastern Mediterranean,YEAR,1993,,,,,,,DATASOURCE,DATASOURCE_SRHIBQAT1993STAT,99.4,99.4,,,"Central Statistical Organization [Qatar]; 1994.
",2024-08-06T16:05:08Z,1993,1993-01-01,1993-12-31
1136126,SRHINSTITUTIONALBIRTH,COUNTRY,BHR,EMR,Eastern Mediterranean,YEAR,2009,,,,,,,DATASOURCE,DATASOURCE_SRHIBBHR2009GOV,97.3,97.3,,,"Ministry of Health [Bahrain]; 2010.
",2024-08-06T16:05:08Z,2009,2009-01-01,2009-12-31
1160624,SRHINSTITUTIONALBIRTH,COUNTRY,ZAF,AFR,Africa,YEAR,1998,,,,,,,DATASOURCE,DATASOURCE_SRHIBZAF19931998DHS,83.4,83.4,,,"DHS 1998. 
",2024-08-06T16:05:08Z,1993-1998,1993-01-01,1998-12-31
1161694,SRHINSTITUTIONALBIRTH,COUNTRY,KWT,EMR,Eastern Mediterranean,YEAR,2018,,,,,,,DATASOURCE,DATASOURCE_SRHIBKWT2018STAT,100.0,100,,,Central Statistical Bureau [Kuwait]; 2019.,2024-08-06T16:05:08Z,2018,2018-01-01,2018-12-31
1167621,SRHINSTITUTIONALBIRTH,COUNTRY,AUT,EUR,Europe,YEAR,1998,,,,,,,DATASOURCE,DATASOURCE_SRHIBAUT1998STAT,98.3,98.3,,,"Statistik Austria; 2005.
",2024-08-06T16:05:08Z,1998,1998-01-01,1998-12-31
1174967,SRHINSTITUTIONALBIRTH,COUNTRY,MAR,EMR,Eastern Mediterranean,YEAR,2011,,,,,,,DATASOURCE,DATASOURCE_SRHIBMAR20062011GOV,72.7,72.7,,,"Ministère de la Santé [Morocco], Ligue des États Arabes; 2012.
",2024-08-06T16:05:08Z,2006-2011,2006-01-01,2011-12-31
1175899,SRHINSTITUTIONALBIRTH,COUNTRY,AFG,EMR,Eastern Mediterranean,YEAR,2010,,,,,,,DATASOURCE,DATASOURCE_SRHIBAFG20082010MICS,32.9,32.9,,,MICS 2010-11. ,2024-08-06T16:05:08Z,2008-2010,2008-01-01,2010-12-31
1176222,SRHINSTITUTIONALBIRTH,COUNTRY,KWT,EMR,Eastern Mediterranean,YEAR,2020,,,,,,,DATASOURCE,DATASOURCE_SRHIBKWT2020STAT,99.9,99.9,,,Central Statistical Bureau (Office) [Kuwait]: 2023.,2024-08-06T16:05:08Z,2020,2020-01-01,2020-12-31
1180193,SRHINSTITUTIONALBIRTH,COUNTRY,FIN,EUR,Europe,YEAR,1996,,,,,,,DATASOURCE,DATASOURCE_SRHIBFIN1996GOV,98.4,98.4,,,"National Research and Development Centre for Welfare and Health [Finland]; 2003.
",2024-08-06T16:05:08Z,1996,1996-01-01,1996-12-31
1194983,SRHINSTITUTIONALBIRTH,COUNTRY,DEU,EUR,Europe,YEAR,2003,,,,,,,DATASOURCE,DATASOURCE_SRHIBDEU2003GOV,98.6,98.6,,,"QUAG e.V. [Germany]. Qualitätsbericht 2012; 2014.  
",2024-08-06T16:05:08Z,2003,2003-01-01,2003-12-31
1199476,SRHINSTITUTIONALBIRTH,COUNTRY,ROU,EUR,Europe,YEAR,2015,,,,,,,DATASOURCE,DATASOURCE_SRHIBROU2015STAT,99.8,99.84663715,,,National Institute of Statistics [Romania]; 2023,2024-08-06T16:05:08Z,2015,2015-01-01,2015-12-31
1221615,SRHINSTITUTIONALBIRTH,COUNTRY,AUT,EUR,Europe,YEAR,2000,,,,,,,DATASOURCE,DATASOURCE_SRHIBAUT2000STAT,98.3,98.3,,,"Statistik Austria; 2005.
",2024-08-06T16:05:08Z,2000,2000-01-01,2000-12-31
1225867,SRHINSTITUTIONALBIRTH,COUNTRY,PRY,AMR,Americas,YEAR,2015,,,,,,,DATASOURCE,DATASOURCE_SRHIBPRY2015STAT,96.3,96.3,,,"Dirección General de Estadística, Encuestas y Censos (DGEEC) [Paraguay]; 2017.
",2024-08-06T16:05:08Z,2015,2015-01-01,2015-12-31
1228605,SRHINSTITUTIONALBIRTH,COUNTRY,URY,AMR,Americas,YEAR,2000,,,,,,,DATASOURCE,DATASOURCE_SRHIBURY2000GOV,99.5,99.5,,,"Ministerio de Salud Publica [Uruguay]; 2015.
",2024-08-06T16:05:08Z,2000,2000-01-01,2000-12-31
1240285,SRHINSTITUTIONALBIRTH,COUNTRY,NER,AFR,Africa,YEAR,2015,,,,,,,DATASOURCE,DATASOURCE_SRHIBNER2015STAT,58.8,58.8,,,"Institut National de la Statistique (INS) [Niger]; 2015. 
",2024-08-06T16:05:08Z,2015,2015-01-01,2015-12-31
1240784,SRHINSTITUTIONALBIRTH,COUNTRY,TKM,EUR,Europe,YEAR,2000,,,,,,,DATASOURCE,DATASOURCE_SRHIBTKM19952000DHS,95.1,95.1,,,"DHS 2000. 
",2024-08-06T16:05:08Z,1995-2000,1995-01-01,2000-12-31
1241335,SRHINSTITUTIONALBIRTH,COUNTRY,CPV,AFR,Africa,YEAR,2005,,,,,,,DATASOURCE,DATASOURCE_SRHIBCPV2005DHS,77.8,77.8,,,"DHS 2005. 
",2024-08-06T16:05:08Z,2005,2005-01-01,2005-12-31
1252075,SRHINSTITUTIONALBIRTH,COUNTRY,ECU,AMR,Americas,YEAR,2016,,,,,,,DATASOURCE,DATASOURCE_SRHIBECU2016WHO,96.4,96.4,,,WHO/PAHO; 2018.,2024-08-06T16:05:08Z,2016,2016-01-01,2016-12-31
1271170,SRHINSTITUTIONALBIRTH,COUNTRY,BRA,AMR,Americas,YEAR,2016,,,,,,,DATASOURCE,DATASOURCE_SRHIBBRA2016DATA,99.1,99.1,,,"DATASUS, MS/SVS/DASIS [Brazil]. Período: 2016; 2018.",2024-08-06T16:05:08Z,2016,2016-01-01,2016-12-31
1274302,SRHINSTITUTIONALBIRTH,COUNTRY,ARG,AMR,Americas,YEAR,2020,,,,,,,DATASOURCE,DATASOURCE_SRHIBARG20172020MICS,99.5,99.5,,,MICS 2019-2020.,2024-08-06T16:05:08Z,2017-2020,2017-01-01,2020-12-31
1293359,SRHINSTITUTIONALBIRTH,COUNTRY,CHN,WPR,Western Pacific,YEAR,2000,,,,,,,DATASOURCE,DATASOURCE_SRHIBCHN2000GOV,72.9,72.9,,,"National Health and Family Planning Commission of China (NHFPC); 2016. 
",2024-08-06T16:05:08Z,2000,2000-01-01,2000-12-31
1293550,SRHINSTITUTIONALBIRTH,COUNTRY,ROU,EUR,Europe,YEAR,2008,,,,,,,DATASOURCE,DATASOURCE_SRHIBROU2008STAT,99.8,99.8431813,,,National Institute of Statistics [Romania]; 2023,2024-08-06T16:05:08Z,2008,2008-01-01,2008-12-31
1298948,SRHINSTITUTIONALBIRTH,COUNTRY,LKA,SEAR,South-East Asia,YEAR,1993,,,,,,,DATASOURCE,DATASOURCE_SRHIBLKA19981993DHS,93.8,93.8,,,"DHS 1993. 
",2024-08-06T16:05:08Z,1998-1993,1998-01-01,1993-12-31
1317876,SRHINSTITUTIONALBIRTH,COUNTRY,RWA,AFR,Africa,YEAR,2020,,,,,,,DATASOURCE,DATASOURCE_SRHIBRWA20142020DHS,93.1,93.1,,,DHS 2019-2020.,2024-08-06T16:05:08Z,2014-2020,2014-01-01,2020-12-31
1337536,SRHINSTITUTIONALBIRTH,COUNTRY,CAN,AMR,Americas,YEAR,2007,,,,,,,DATASOURCE,DATASOURCE_SRHIBCAN2007STAT,98.8,98.8,,,"Statistics Canada; 2013. 
",2024-08-06T16:05:08Z,2007,2007-01-01,2007-12-31
1343598,SRHINSTITUTIONALBIRTH,COUNTRY,JPN,WPR,Western Pacific,YEAR,2001,,,,,,,DATASOURCE,DATASOURCE_SRHIBJPN2001GOV,99.8,99.8,,,"Ministry of Health, Labour and Welfare [Japan]; 2010.",2024-08-06T16:05:08Z,2001,2001-01-01,2001-12-31
1343934,SRHINSTITUTIONALBIRTH,COUNTRY,TUN,EMR,Eastern Mediterranean,YEAR,2018,,,,,,,DATASOURCE,DATASOURCE_SRHIBTUN20162018MICS,99.7,99.7,,,MICS 2018. ,2024-08-06T16:05:08Z,2016-2018,2016-01-01,2018-12-31
1344272,SRHINSTITUTIONALBIRTH,COUNTRY,PLW,WPR,Western Pacific,YEAR,1997,,,,,,,DATASOURCE,DATASOURCE_SRHIBPLW1997GOV,100.0,100,,,"Ministry of Finance [Palau]; 2004.
",2024-08-06T16:05:08Z,1997,1997-01-01,1997-12-31
1348680,SRHINSTITUTIONALBIRTH,COUNTRY,MDA,EUR,Europe,YEAR,2005,,,,,,,DATASOURCE,DATASOURCE_SRHIBMDA20002005DHS,99.0,99,,,"DHS 2005. 
",2024-08-06T16:05:08Z,2000-2005,2000-01-01,2005-12-31
1349454,SRHINSTITUTIONALBIRTH,COUNTRY,EST,EUR,Europe,YEAR,2018,,,,,,,DATASOURCE,DATASOURCE_SRHIBEST2018GOV,99.1,99.1,,,National Institute for Health Development [Estonia]; 2019.,2024-08-06T16:05:08Z,2018,2018-01-01,2018-12-31
1355802,SRHINSTITUTIONALBIRTH,COUNTRY,LUX,EUR,Europe,YEAR,2016,,,,,,,DATASOURCE,DATASOURCE_SRHIBLUX2016GOV,99.7,99.7,,,Surveillance de la Santé Périnatale au Luxembourg. Rapport sur les naissances 2014-2015-2016.,2024-08-06T16:05:08Z,2016,2016-01-01,2016-12-31
1358255,SRHINSTITUTIONALBIRTH,COUNTRY,ISL,EUR,Europe,YEAR,2013,,,,,,,DATASOURCE,DATASOURCE_SRHIBISL2013GOV,98.1,98.1,,,"Directorate of Health [Iceland]; 2017.
",2024-08-06T16:05:08Z,2013,2013-01-01,2013-12-31
1363658,SRHINSTITUTIONALBIRTH,COUNTRY,AUS,WPR,Western Pacific,YEAR,1993,,,,,,,DATASOURCE,DATASOURCE_SRHIBAUS1993GOV,99.3,99.3,,,"Lancaster P, Huang J, Lin M. Australian Institute of Health and Welfare (AIHW); 1996.",2024-08-06T16:05:08Z,1993,1993-01-01,1993-12-31
1363695,SRHINSTITUTIONALBIRTH,COUNTRY,MLT,EUR,Europe,YEAR,2016,,,,,,,DATASOURCE,DATASOURCE_SRHIBMLT2016GOV,99.8,99.8,,,Directorate for Health Information and Research (DHIR) [Malta]; 2017.,2024-08-06T16:05:08Z,2016,2016-01-01,2016-12-31
1364847,SRHINSTITUTIONALBIRTH,COUNTRY,DZA,AFR,Africa,YEAR,2002,,,,,,,DATASOURCE,DATASOURCE_SRHIBDZA19972002STAT,90.2,90.2,,,"Ministère de la Santé, de la Population et de la Réforme Hospitalière, Office National des Statistiques  [Algeria]; Ligue des Etats Arabe; 2004. ",2024-08-06T16:05:08Z,1997-2002,1997-01-01,2002-12-31
1369801,SRHINSTITUTIONALBIRTH,COUNTRY,BGD,SEAR,South-East Asia,YEAR,2004,,,,,,,DATASOURCE,DATASOURCE_SRHIBBGD19992004DHS,9.3,9.3,,,"DHS 2004. 
",2024-08-06T16:05:08Z,1999-2004,1999-01-01,2004-12-31
1374836,SRHINSTITUTIONALBIRTH,COUNTRY,IND,SEAR,South-East Asia,YEAR,2010,,,,,,,DATASOURCE,DATASOURCE_SRHIBIND2010GOV,60.5,60.5,,,"Ministry of Health and Family Welfare [India]; 2015. 
",2024-08-06T16:05:08Z,2010,2010-01-01,2010-12-31
1376801,SRHINSTITUTIONALBIRTH,COUNTRY,URY,AMR,Americas,YEAR,2005,,,,,,,DATASOURCE,DATASOURCE_SRHIBURY2005GOV,99.3,99.3,,,"Ministerio de Salud Publica [Uruguay]; 2015.
",2024-08-06T16:05:08Z,2005,2005-01-01,2005-12-31
1377894,SRHINSTITUTIONALBIRTH,COUNTRY,GRD,AMR,Americas,YEAR,2015,,,,,,,DATASOURCE,DATASOURCE_SRHIBGRD2015WHO,98.6,98.6,,,WHO/PAHO; 2016.,2024-08-06T16:05:08Z,2015,2015-01-01,2015-12-31
1389283,SRHINSTITUTIONALBIRTH,COUNTRY,GMB,AFR,Africa,YEAR,2018,,,,,,,DATASOURCE,DATASOURCE_SRHIBGMB20162018MICS,81.5,81.5,,,MICS 2018. ,2024-08-06T16:05:08Z,2016-2018,2016-01-01,2018-12-31
1390845,SRHINSTITUTIONALBIRTH,COUNTRY,CZE,EUR,Europe,YEAR,2008,,,,,,,DATASOURCE,DATASOURCE_SRHIBCZE2008STAT,99.6,99.6,,,"Ústav zdravotnických informací a statistiky ČR [Czech Republic]; 2009.
",2024-08-06T16:05:08Z,2008,2008-01-01,2008-12-31
1395396,SRHINSTITUTIONALBIRTH,COUNTRY,AUT,EUR,Europe,YEAR,1997,,,,,,,DATASOURCE,DATASOURCE_SRHIBAUT1997STAT,98.2,98.2,,,"Statistik Austria; 2005.
",2024-08-06T16:05:08Z,1997,1997-01-01,1997-12-31
1401992,SRHINSTITUTIONALBIRTH,COUNTRY,IND,SEAR,South-East Asia,YEAR,2006,,,,,,,DATASOURCE,DATASOURCE_SRHIBIND2006GOV,34.9,34.9,,,"Ministry of Health and Family Welfare [India]; 2015. 
",2024-08-06T16:05:08Z,2006,2006-01-01,2006-12-31
1422866,SRHINSTITUTIONALBIRTH,COUNTRY,POL,EUR,Europe,YEAR,2022,,,,,,,DATASOURCE,DATASOURCE_SRHIBPOL2022GOV,99.6,99.6,,,Demographic Yearbook of Poland 2023. ,2024-08-06T16:05:08Z,2022,2022-01-01,2022-12-31
1427089,SRHINSTITUTIONALBIRTH,COUNTRY,SOM,EMR,Eastern Mediterranean,YEAR,2006,,,,,,,DATASOURCE,DATASOURCE_SRHIBSOM20042006MICS,9.4,9.4,,,"MICS 2006. 
",2024-08-06T16:05:08Z,2004-2006,2004-01-01,2006-12-31
1428540,SRHINSTITUTIONALBIRTH,COUNTRY,CAF,AFR,Africa,YEAR,1995,,,,,,,DATASOURCE,DATASOURCE_SRHIBCAF19911995DHS,49.8,49.8,,,DHS 1994-95,2024-08-06T16:05:08Z,1991-1995,1991-01-01,1995-12-31
1440659,SRHINSTITUTIONALBIRTH,COUNTRY,RWA,AFR,Africa,YEAR,2000,,,,,,,DATASOURCE,DATASOURCE_SRHIBRWA19952000DHS,26.5,26.5,,,"DHS 2000. 
",2024-08-06T16:05:08Z,1995-2000,1995-01-01,2000-12-31
1442475,SRHINSTITUTIONALBIRTH,COUNTRY,TGO,AFR,Africa,YEAR,2017,,,,,,,DATASOURCE,DATASOURCE_SRHIBTGO20152017MICS,80.0,80,,,MICS 2017. ,2024-08-06T16:05:08Z,2015-2017,2015-01-01,2017-12-31
1448083,SRHINSTITUTIONALBIRTH,COUNTRY,CAN,AMR,Americas,YEAR,2020,,,,,,,DATASOURCE,DATASOURCE_SRHIBCAN2020STAT,97.7,97.7,,,Statistics Canada; 2023.,2024-08-06T16:05:08Z,2020,2020-01-01,2020-12-31
1449710,SRHINSTITUTIONALBIRTH,COUNTRY,PNG,WPR,Western Pacific,YEAR,2012,,,,,,,DATASOURCE,DATASOURCE_SRHIBPNG2012GOV,44.0,44,,,"Ministry of Health [Papua New Guinea]; 2016.
",2024-08-06T16:05:08Z,2012,2012-01-01,2012-12-31
1453102,SRHINSTITUTIONALBIRTH,COUNTRY,CYP,EUR,Europe,YEAR,1995,,,,,,,DATASOURCE,DATASOURCE_SRHIBCYP1995GOV,100.0,100,,,"Republic of Cyprus; 2011.
",2024-08-06T16:05:08Z,1995,1995-01-01,1995-12-31
1454820,SRHINSTITUTIONALBIRTH,COUNTRY,NZL,WPR,Western Pacific,YEAR,2005,,,,,,,DATASOURCE,DATASOURCE_SRHIBNZL2005GOV,96.6,96.6,,,Ministry of Health [New Zealand]; 2015.,2024-08-06T16:05:08Z,2005,2005-01-01,2005-12-31
1480369,SRHINSTITUTIONALBIRTH,COUNTRY,BHR,EMR,Eastern Mediterranean,YEAR,2013,,,,,,,DATASOURCE,DATASOURCE_SRHIBBHR2013GOV,99.7,99.7,,,"Ministry of Health [Bahrain]; 2016.
",2024-08-06T16:05:08Z,2013,2013-01-01,2013-12-31
1480553,SRHINSTITUTIONALBIRTH,COUNTRY,SRB,EUR,Europe,YEAR,2005,,,,,,,DATASOURCE,DATASOURCE_SRHIBSRB2005STAT,99.1,99.1,,,"Statistical Office of the Republic of Serbia; 2007.
",2024-08-06T16:05:08Z,2005,2005-01-01,2005-12-31
1482102,SRHINSTITUTIONALBIRTH,COUNTRY,VCT,AMR,Americas,YEAR,2016,,,,,,,DATASOURCE,DATASOURCE_SRHIBVCT2016DATA,98.6,98.6,,,PAHO Database; 2018. ,2024-08-06T16:05:08Z,2016,2016-01-01,2016-12-31
1487449,SRHINSTITUTIONALBIRTH,COUNTRY,NER,AFR,Africa,YEAR,2006,,,,,,,DATASOURCE,DATASOURCE_SRHIBNER20012006DHS,17.2,17.2,,,"DHS 2006. 
",2024-08-06T16:05:08Z,2001-2006,2001-01-01,2006-12-31
2724751,SRHINSTITUTIONALBIRTH,COUNTRY,NIC,AMR,Americas,YEAR,2011,,,,,,,DATASOURCE,DATASOURCE_SRHIBNIC2011GOV,74.0,74,,,Government of Nicaragua; 2014. ,2024-08-06T16:05:08Z,2011,2011-01-01,2011-12-31
2726409,SRHINSTITUTIONALBIRTH,COUNTRY,TTO,AMR,Americas,YEAR,2003,,,,,,,DATASOURCE,DATASOURCE_SRHIBTTO2003GOV,99.2,99.2,,,"Ministry of Health [Trinidad and Tobago]; 2005.
",2024-08-06T16:05:08Z,2003,2003-01-01,2003-12-31
2738887,SRHINSTITUTIONALBIRTH,COUNTRY,FSM,WPR,Western Pacific,YEAR,2006,,,,,,,DATASOURCE,DATASOURCE_SRHIBFSM2006GOV,87.1,87.1,,,"SBOC [Micronesia]; 2008.
",2024-08-06T16:05:08Z,2006,2006-01-01,2006-12-31
2745048,SRHINSTITUTIONALBIRTH,COUNTRY,BTN,SEAR,South-East Asia,YEAR,2000,,,,,,,DATASOURCE,DATASOURCE_SRHIBBTN19992000GOV,19.8,19.8,,,"Department of Health Services, Ministry of Health and Education [Bhutan]; 2001.",2024-08-06T16:05:08Z,1999-2000,1999-01-01,2000-12-31
2765043,SRHINSTITUTIONALBIRTH,COUNTRY,THA,SEAR,South-East Asia,YEAR,2009,,,,,,,DATASOURCE,DATASOURCE_SRHIBTHA20082009RHS,99.4,99.4,,,"RHS 2009 (Key Findings).
",2024-08-06T16:05:08Z,2008-2009,2008-01-01,2009-12-31
2779516,SRHINSTITUTIONALBIRTH,COUNTRY,SRB,EUR,Europe,YEAR,2021,,,,,,,DATASOURCE,DATASOURCE_SRHIBSRB2021STAT,99.8,99.8,,,Statistical Office of the Republic of Serbia; 2023.,2024-08-06T16:05:08Z,2021,2021-01-01,2021-12-31
2791778,SRHINSTITUTIONALBIRTH,COUNTRY,BRA,AMR,Americas,YEAR,2020,,,,,,,DATASOURCE,DATASOURCE_SRHIBBRA2020DATA,98.9,98.9,,,"DATASUS, MS/SVS/DASIS [Brazil]. Período: 2020.",2024-08-06T16:05:08Z,2020,2020-01-01,2020-12-31
2804642,SRHINSTITUTIONALBIRTH,COUNTRY,SAU,EMR,Eastern Mediterranean,YEAR,2019,,,,,,,DATASOURCE,DATASOURCE_SRHIBSAU2019GOV,98.7,98.7,,, KSAWHS 2019.,2024-08-06T16:05:08Z,2019,2019-01-01,2019-12-31
2805832,SRHINSTITUTIONALBIRTH,COUNTRY,AUS,WPR,Western Pacific,YEAR,2009,,,,,,,DATASOURCE,DATASOURCE_SRHIBAUS2009GOV,99.1,99.1,,,"Li Z, McNally L, Hilder L, Sullivan EA. Australian Institute of Health and Welfare (AIHW); 2011.",2024-08-06T16:05:08Z,2009,2009-01-01,2009-12-31
2828614,SRHINSTITUTIONALBIRTH,COUNTRY,DNK,EUR,Europe,YEAR,2018,,,,,,,DATASOURCE,DATASOURCE_SRHIBDNK2018DATA,95.3,95.3,,,Sundhedsdatastyrelsen [Denmark]; 2019. ,2024-08-06T16:05:08Z,2018,2018-01-01,2018-12-31
2829733,SRHINSTITUTIONALBIRTH,COUNTRY,CHL,AMR,Americas,YEAR,1998,,,,,,,DATASOURCE,DATASOURCE_SRHIBCHL1998STAT,99.6,99.6,,,"Instituto Nacional de Estadísticas [Chile]. Anuario de Demografía 1998; 1999.
",2024-08-06T16:05:08Z,1998,1998-01-01,1998-12-31
2841916,SRHINSTITUTIONALBIRTH,COUNTRY,AZE,EUR,Europe,YEAR,2006,,,,,,,DATASOURCE,DATASOURCE_SRHIBAZE20012006DHS,77.7,77.7,,,DHS 2006. ,2024-08-06T16:05:08Z,2001-2006,2001-01-01,2006-12-31
2850846,SRHINSTITUTIONALBIRTH,COUNTRY,SVN,EUR,Europe,YEAR,1999,,,,,,,DATASOURCE,DATASOURCE_SRHIBSVN1999STAT,99.8,99.8,,,"Statistical Office of the Republic of Slovenia; 2001.
",2024-08-06T16:05:08Z,1999,1999-01-01,1999-12-31
2861538,SRHINSTITUTIONALBIRTH,COUNTRY,LKA,SEAR,South-East Asia,YEAR,2000,,,,,,,DATASOURCE,DATASOURCE_SRHIBLKA19952000DHS,97.1,97.1,,,"DHS 2000. 
",2024-08-06T16:05:08Z,1995-2000,1995-01-01,2000-12-31
2863066,SRHINSTITUTIONALBIRTH,COUNTRY,CUB,AMR,Americas,YEAR,2016,,,,,,,DATASOURCE,DATASOURCE_SRHIBCUB2016GOV,99.9,99.9,,,Ministerio de Salud Pública [Cuba]; 2017.,2024-08-06T16:05:08Z,2016,2016-01-01,2016-12-31
2875354,SRHINSTITUTIONALBIRTH,COUNTRY,PAN,AMR,Americas,YEAR,2011,,,,,,,DATASOURCE,DATASOURCE_SRHIBPAN2011STAT,93.2,93.2,,,"Instituto Nacional de Estadística y Censo (INEC) [Panama]; 2013.
",2024-08-06T16:05:08Z,2011,2011-01-01,2011-12-31
2880641,SRHINSTITUTIONALBIRTH,COUNTRY,PLW,WPR,Western Pacific,YEAR,2008,,,,,,,DATASOURCE,DATASOURCE_SRHIBPLW2008GOV,100.0,100,,,"Ministry of Finance [Palau]; 2016.
",2024-08-06T16:05:08Z,2008,2008-01-01,2008-12-31
2889670,SRHINSTITUTIONALBIRTH,COUNTRY,NGA,AFR,Africa,YEAR,1999,,,,,,,DATASOURCE,DATASOURCE_SRHIBNGA19961999DHS,37.3,37.3,,,"DHS 1999. 
",2024-08-06T16:05:08Z,1996-1999,1996-01-01,1999-12-31
2889774,SRHINSTITUTIONALBIRTH,COUNTRY,CUB,AMR,Americas,YEAR,2001,,,,,,,DATASOURCE,DATASOURCE_SRHIBCUB2001GOV,99.9,99.9,,,"Ministerio de Salud Pública [Cuba]; 2012.
",2024-08-06T16:05:08Z,2001,2001-01-01,2001-12-31
2894808,SRHINSTITUTIONALBIRTH,COUNTRY,LVA,EUR,Europe,YEAR,2010,,,,,,,DATASOURCE,DATASOURCE_SRHIBLVA2010GOV,98.8,98.8,,,The Centre for Disease Prevention and Control of Latvia; 2011.,2024-08-06T16:05:08Z,2010,2010-01-01,2010-12-31
2896179,SRHINSTITUTIONALBIRTH,COUNTRY,PLW,WPR,Western Pacific,YEAR,2022,,,,,,,DATASOURCE,DATASOURCE_SRHIBPLW2022GOV,98.7,98.7,,,Ministry of Finance [Palau]; 2023.,2024-08-06T16:05:08Z,2022,2022-01-01,2022-12-31
2896238,SRHINSTITUTIONALBIRTH,COUNTRY,AFG,EMR,Eastern Mediterranean,YEAR,2023,,,,,,,DATASOURCE,DATASOURCE_SRHIBAFG20202023MICS,66.3,66.3,,,MICS 2022-2023. ,2024-08-06T16:05:08Z,2020-2023,2020-01-01,2023-12-31
2906661,SRHINSTITUTIONALBIRTH,COUNTRY,NOR,EUR,Europe,YEAR,2000,,,,,,,DATASOURCE,DATASOURCE_SRHIBNOR2000GOV,99.0,99,,,"Folkehelseinstituttet [Norwegian Institute of Public Health (NIPH)]; 2001.
",2024-08-06T16:05:08Z,2000,2000-01-01,2000-12-31
2909744,SRHINSTITUTIONALBIRTH,COUNTRY,TZA,AFR,Africa,YEAR,2010,,,,,,,DATASOURCE,DATASOURCE_SRHIBTZA20052010DHS,50.2,50.2,,,"DHS 2010. 
",2024-08-06T16:05:08Z,2005-2010,2005-01-01,2010-12-31
2922102,SRHINSTITUTIONALBIRTH,COUNTRY,CZE,EUR,Europe,YEAR,2014,,,,,,,DATASOURCE,DATASOURCE_SRHIBCZE2014STAT,99.8,99.8,,,"Ústav zdravotnických informací a statistiky ČR, [Czech Republic]; 2017.",2024-08-06T16:05:08Z,2014,2014-01-01,2014-12-31
2941834,SRHINSTITUTIONALBIRTH,COUNTRY,NPL,SEAR,South-East Asia,YEAR,2022,,,,,,,DATASOURCE,DATASOURCE_SRHIBNPL20202022DHS,79.4,79.4,,,DHS 2022.,2024-08-06T16:05:08Z,2020-2022,2020-01-01,2022-12-31
2947754,SRHINSTITUTIONALBIRTH,COUNTRY,COL,AMR,Americas,YEAR,2020,,,,,,,DATASOURCE,DATASOURCE_SRHIBCOL2020WHO,97.3,97.26,,,PLISA Health Information Platform; 2024.,2024-08-06T16:05:08Z,2020,2020-01-01,2020-12-31
2980259,SRHINSTITUTIONALBIRTH,COUNTRY,SEN,AFR,Africa,YEAR,2017,,,,,,,DATASOURCE,DATASOURCE_SRHIBSEN20122017DHS,78.2,78.2,,,DHS 2017 (DHS Continuous). ,2024-08-06T16:05:08Z,2012-2017,2012-01-01,2017-12-31
2993061,SRHINSTITUTIONALBIRTH,COUNTRY,MLT,EUR,Europe,YEAR,2022,,,,,,,DATASOURCE,DATASOURCE_SRHIBMLT2022GOV,99.7,99.7,,,Directorate for Health Information and Research [Malta]; 2023,2024-08-06T16:05:08Z,2022,2022-01-01,2022-12-31
2997270,SRHINSTITUTIONALBIRTH,COUNTRY,CHN,WPR,Western Pacific,YEAR,2016,,,,,,,DATASOURCE,DATASOURCE_SRHIBCHN2016STAT,99.8,99.8,,,"Health Statistical Yearbook 2016.
",2024-08-06T16:05:08Z,2016,2016-01-01,2016-12-31
3004616,SRHINSTITUTIONALBIRTH,COUNTRY,JPN,WPR,Western Pacific,YEAR,2009,,,,,,,DATASOURCE,DATASOURCE_SRHIBJPN2009GOV,99.8,99.8,,,"Ministry of Health, Labour and Welfare [Japan]; 2010.",2024-08-06T16:05:08Z,2009,2009-01-01,2009-12-31
3018167,SRHINSTITUTIONALBIRTH,COUNTRY,HTI,AMR,Americas,YEAR,1995,,,,,,,DATASOURCE,DATASOURCE_SRHIBHTI19891995DHS,19.5,19.5,,,"DHS 1994-1995. 
",2024-08-06T16:05:08Z,1989-1995,1989-01-01,1995-12-31
3025024,SRHINSTITUTIONALBIRTH,COUNTRY,FRA,EUR,Europe,YEAR,2016,,,,,,,DATASOURCE,DATASOURCE_SRHIBFRA2016STAT,97.4,97.4,,,"Institut National de la Statistique et des Études Économiques (INSEE) [France]; 2017.
",2024-08-06T16:05:08Z,2016,2016-01-01,2016-12-31
3038948,SRHINSTITUTIONALBIRTH,COUNTRY,GHA,AFR,Africa,YEAR,1993,,,,,,,DATASOURCE,DATASOURCE_SRHIBGHA19901993DHS,42.2,42.2,,,"DHS 1993. 
",2024-08-06T16:05:08Z,1990-1993,1990-01-01,1993-12-31
3044028,SRHINSTITUTIONALBIRTH,COUNTRY,GIN,AFR,Africa,YEAR,2016,,,,,,,DATASOURCE,DATASOURCE_SRHIBGIN20132016MICS,57.2,57.2,,,MICS 2016.,2024-08-06T16:05:08Z,2013-2016,2013-01-01,2016-12-31
3058391,SRHINSTITUTIONALBIRTH,COUNTRY,IRL,EUR,Europe,YEAR,1999,,,,,,,DATASOURCE,DATASOURCE_SRHIBIRL1999GOV,99.5,99.5,,,The Economic and Social Research Institute (ESRI) [Ireland]; 2002.  ,2024-08-06T16:05:08Z,1999,1999-01-01,1999-12-31
3075899,SRHINSTITUTIONALBIRTH,COUNTRY,POL,EUR,Europe,YEAR,2005,,,,,,,DATASOURCE,DATASOURCE_SRHIBPOL2005STAT,99.3,99.3,,,"Central Statistical Office [Poland]; 2010.
",2024-08-06T16:05:08Z,2005,2005-01-01,2005-12-31
3096343,SRHINSTITUTIONALBIRTH,COUNTRY,IND,SEAR,South-East Asia,YEAR,2004,,,,,,,DATASOURCE,DATASOURCE_SRHIBIND20022004GOV,40.5,40.5,,,"DLHS 2002-04. International Institute for Population Sciences (IIPS) [India]; 2006.
",2024-08-06T16:05:08Z,2002-2004,2002-01-01,2004-12-31
3101013,SRHINSTITUTIONALBIRTH,COUNTRY,SRB,EUR,Europe,YEAR,1996,,,,,,,DATASOURCE,DATASOURCE_SRHIBSRB1996STAT,97.8,97.8,,,"Statistical Office of the Republic of Serbia; 2008.
",2024-08-06T16:05:08Z,1996,1996-01-01,1996-12-31
3103090,SRHINSTITUTIONALBIRTH,COUNTRY,PAK,EMR,Eastern Mediterranean,YEAR,2005,,,,,,,DATASOURCE,DATASOURCE_SRHIBPAK20042005STAT,28.0,28,,,Federal Bureau of Statistics [Pakistan]; 2005.,2024-08-06T16:05:08Z,2004-2005,2004-01-01,2005-12-31
3113580,SRHINSTITUTIONALBIRTH,COUNTRY,MLT,EUR,Europe,YEAR,2006,,,,,,,DATASOURCE,DATASOURCE_SRHIBMLT2006GOV,98.8,98.8,,,Department of Health Information (DHI) [Malta]; 2007.,2024-08-06T16:05:08Z,2006,2006-01-01,2006-12-31
3127525,SRHINSTITUTIONALBIRTH,COUNTRY,ARM,EUR,Europe,YEAR,2016,,,,,,,DATASOURCE,DATASOURCE_SRHIBARM20102016DHS,99.3,99.3,,,DHS 2015-2016. ,2024-08-06T16:05:08Z,2010-2016,2010-01-01,2016-12-31
3134392,SRHINSTITUTIONALBIRTH,COUNTRY,PHL,WPR,Western Pacific,YEAR,2013,,,,,,,DATASOURCE,DATASOURCE_SRHIBPHL20082013DHS,61.1,61.1,,,"DHS 2013. 
",2024-08-06T16:05:08Z,2008-2013,2008-01-01,2013-12-31
3135604,SRHINSTITUTIONALBIRTH,COUNTRY,ZWE,AFR,Africa,YEAR,2015,,,,,,,DATASOURCE,DATASOURCE_SRHIBZWE20102015DHS,77.0,77,,,"DHS 2015.
",2024-08-06T16:05:08Z,2010-2015,2010-01-01,2015-12-31
3140039,SRHINSTITUTIONALBIRTH,COUNTRY,CZE,EUR,Europe,YEAR,2017,,,,,,,DATASOURCE,DATASOURCE_SRHIBCZE2017GOV,99.8,99.8,,,Country consultation 2019. ,2024-08-06T16:05:08Z,2017,2017-01-01,2017-12-31
3142239,SRHINSTITUTIONALBIRTH,COUNTRY,GEO,EUR,Europe,YEAR,2014,,,,,,,DATASOURCE,DATASOURCE_SRHIBGEO2014GOV,99.8,99.8,,,"Ministry of Labour, Health and Social Affairs of Georgia; 2015.
",2024-08-06T16:05:08Z,2014,2014-01-01,2014-12-31
3149263,SRHINSTITUTIONALBIRTH,COUNTRY,ROU,EUR,Europe,YEAR,2014,,,,,,,DATASOURCE,DATASOURCE_SRHIBROU2014STAT,99.8,99.8410723,,,National Institute of Statistics [Romania]; 2023,2024-08-06T16:05:08Z,2014,2014-01-01,2014-12-31
3194341,SRHINSTITUTIONALBIRTH,COUNTRY,CYP,EUR,Europe,YEAR,1991,,,,,,,DATASOURCE,DATASOURCE_SRHIBCYP1991GOV,100.0,100,,,"Republic of Cyprus; 2011.
",2024-08-06T16:05:08Z,1991,1991-01-01,1991-12-31
3199450,SRHINSTITUTIONALBIRTH,COUNTRY,CRI,AMR,Americas,YEAR,2018,,,,,,,DATASOURCE,DATASOURCE_SRHIBCRI20162018MICS,97.8,97.8,,,MICS 2018. ,2024-08-06T16:05:08Z,2016-2018,2016-01-01,2018-12-31
3206505,SRHINSTITUTIONALBIRTH,COUNTRY,SOM,EMR,Eastern Mediterranean,YEAR,2019,,,,,,,DATASOURCE,DATASOURCE_SRHIBSOM20132019GOV,20.7,20.7,,,Health and Demographic Survey 2020. ,2024-08-06T16:05:08Z,2013-2019,2013-01-01,2019-12-31
3211341,SRHINSTITUTIONALBIRTH,COUNTRY,SGP,WPR,Western Pacific,YEAR,2010,,,,,,,DATASOURCE,DATASOURCE_SRHIBSGP2010STAT,99.7,99.7,,,"Department of Statistics [Singapore]; 2011.
",2024-08-06T16:05:08Z,2010,2010-01-01,2010-12-31
3213300,SRHINSTITUTIONALBIRTH,COUNTRY,CYP,EUR,Europe,YEAR,2001,,,,,,,DATASOURCE,DATASOURCE_SRHIBCYP2001GOV,83.8,83.8,,,"Republic of Cyprus; 2011.
",2024-08-06T16:05:08Z,2001,2001-01-01,2001-12-31
3213335,SRHINSTITUTIONALBIRTH,COUNTRY,LVA,EUR,Europe,YEAR,2014,,,,,,,DATASOURCE,DATASOURCE_SRHIBLVA2014GOV,98.1,98.1,,,The Centre for Disease Prevention and Control of Latvia; 2015.,2024-08-06T16:05:08Z,2014,2014-01-01,2014-12-31
3213360,SRHINSTITUTIONALBIRTH,COUNTRY,BOL,AMR,Americas,YEAR,2008,,,,,,,DATASOURCE,DATASOURCE_SRHIBBOL20032008DHS,67.5,67.5,,,DHS 2008. ,2024-08-06T16:05:08Z,2003-2008,2003-01-01,2008-12-31
3218451,SRHINSTITUTIONALBIRTH,COUNTRY,QAT,EMR,Eastern Mediterranean,YEAR,2016,,,,,,,DATASOURCE,DATASOURCE_SRHIBQAT2016STAT,99.9,99.9,,,Ministry of Development Planning and Statistics [Qatar]; 2017.,2024-08-06T16:05:08Z,2016,2016-01-01,2016-12-31
3231470,SRHINSTITUTIONALBIRTH,COUNTRY,KWT,EMR,Eastern Mediterranean,YEAR,2006,,,,,,,DATASOURCE,DATASOURCE_SRHIBKWT2006STAT,98.7,98.7,,,Central Statistical Bureau (Office) [Kuwait]; 2007.,2024-08-06T16:05:08Z,2006,2006-01-01,2006-12-31
3232866,SRHINSTITUTIONALBIRTH,COUNTRY,BRA,AMR,Americas,YEAR,2019,,,,,,,DATASOURCE,DATASOURCE_SRHIBBRA2019DATA,99.1,99.1,,,"DATASUS, MS/SVS/DASIS [Brazil]. Período: 2019.",2024-08-06T16:05:08Z,2019,2019-01-01,2019-12-31
3245027,SRHINSTITUTIONALBIRTH,COUNTRY,NPL,SEAR,South-East Asia,YEAR,1996,,,,,,,DATASOURCE,DATASOURCE_SRHIBNPL19931996DHS,7.6,7.6,,,FHS/DHS 1996.,2024-08-06T16:05:08Z,1993-1996,1993-01-01,1996-12-31
3246229,SRHINSTITUTIONALBIRTH,COUNTRY,SGP,WPR,Western Pacific,YEAR,2013,,,,,,,DATASOURCE,DATASOURCE_SRHIBSGP2013STAT,99.6,99.6,,,"Department of Statistics [Singapore]; 2014.
",2024-08-06T16:05:08Z,2013,2013-01-01,2013-12-31
3253472,SRHINSTITUTIONALBIRTH,COUNTRY,BHR,EMR,Eastern Mediterranean,YEAR,2008,,,,,,,DATASOURCE,DATASOURCE_SRHIBBHR2008GOV,97.5,97.5,,,"Ministry of Health [Bahrain]; 2009.
",2024-08-06T16:05:08Z,2008,2008-01-01,2008-12-31
3276271,SRHINSTITUTIONALBIRTH,COUNTRY,NOR,EUR,Europe,YEAR,1997,,,,,,,DATASOURCE,DATASOURCE_SRHIBNOR1997GOV,99.1,99.1,,,Folkehelseinstituttet [Norwegian Institute of Public Health (NIPH)]; 1998.,2024-08-06T16:05:08Z,1997,1997-01-01,1997-12-31
3291471,SRHINSTITUTIONALBIRTH,COUNTRY,USA,AMR,Americas,YEAR,2014,,,,,,,DATASOURCE,DATASOURCE_SRHIBUSA2014STAT,98.5,98.5,,,"National Center for Health Statistics [USA]. Births: Final Data for 2014; 2015.
",2024-08-06T16:05:08Z,2014,2014-01-01,2014-12-31
3297812,SRHINSTITUTIONALBIRTH,COUNTRY,VEN,AMR,Americas,YEAR,2004,,,,,,,DATASOURCE,DATASOURCE_SRHIBVEN2004STAT,88.9,88.94150038,,,"Local de asistencia [website]. Venezuela: Instituto Nacional de Estadística, 2016 (accessed 14 October 2016, in Spanish). ",2024-08-06T16:05:08Z,2004,2004-01-01,2004-12-31
3298184,SRHINSTITUTIONALBIRTH,COUNTRY,THA,SEAR,South-East Asia,YEAR,2019,,,,,,,DATASOURCE,DATASOURCE_SRHIBTHA20172019MICS,99.0,99,,,MICS 2019.,2024-08-06T16:05:08Z,2017-2019,2017-01-01,2019-12-31
3316668,SRHINSTITUTIONALBIRTH,COUNTRY,LVA,EUR,Europe,YEAR,2007,,,,,,,DATASOURCE,DATASOURCE_SRHIBLVA2007STAT,99.4,99.4,,,Health Statistics Department [Latvia]; 2011.,2024-08-06T16:05:08Z,2007,2007-01-01,2007-12-31
3329738,SRHINSTITUTIONALBIRTH,COUNTRY,SEN,AFR,Africa,YEAR,2005,,,,,,,DATASOURCE,DATASOURCE_SRHIBSEN20002005DHS,61.8,61.8,,,DHS 2005. ,2024-08-06T16:05:08Z,2000-2005,2000-01-01,2005-12-31
3347911,SRHINSTITUTIONALBIRTH,COUNTRY,SGP,WPR,Western Pacific,YEAR,2004,,,,,,,DATASOURCE,DATASOURCE_SRHIBSGP2004STAT,99.7,99.7,,,"Department of Statistics [Singapore]; 2010.
",2024-08-06T16:05:08Z,2004,2004-01-01,2004-12-31
3354821,SRHINSTITUTIONALBIRTH,COUNTRY,POL,EUR,Europe,YEAR,2008,,,,,,,DATASOURCE,DATASOURCE_SRHIBPOL2008STAT,99.4,99.4,,,"Central Statistical Office [Poland]; 2010.
",2024-08-06T16:05:08Z,2008,2008-01-01,2008-12-31
3357222,SRHINSTITUTIONALBIRTH,COUNTRY,MLT,EUR,Europe,YEAR,2014,,,,,,,DATASOURCE,DATASOURCE_SRHIBMLT2014GOV,99.9,99.9,,,Directorate for Health Information and Research (DHIR) [Malta]; 2015.,2024-08-06T16:05:08Z,2014,2014-01-01,2014-12-31
3361022,SRHINSTITUTIONALBIRTH,COUNTRY,GUY,AMR,Americas,YEAR,2015,,,,,,,DATASOURCE,DATASOURCE_SRHIBGUY2015WHO,90.0,90,,,WHO/PAHO; 2017.,2024-08-06T16:05:08Z,2015,2015-01-01,2015-12-31
3362549,SRHINSTITUTIONALBIRTH,COUNTRY,SRB,EUR,Europe,YEAR,2011,,,,,,,DATASOURCE,DATASOURCE_SRHIBSRB2011STAT,99.7,99.7,,,"Statistical Office of the Republic of Serbia; 2015.
",2024-08-06T16:05:08Z,2011,2011-01-01,2011-12-31
3387839,SRHINSTITUTIONALBIRTH,COUNTRY,BWA,AFR,Africa,YEAR,2019,,,,,,,DATASOURCE,DATASOURCE_SRHIBBWA2019GOV,99.8,99.8,,,Botswana Maternal Mortality Ratio 2019.,2024-08-06T16:05:08Z,2019,2019-01-01,2019-12-31
3394490,SRHINSTITUTIONALBIRTH,COUNTRY,SDN,EMR,Eastern Mediterranean,YEAR,2010,,,,,,,DATASOURCE,DATASOURCE_SRHIBSDN20082010STAT,20.5,20.5,,,"Federal Ministry of Health, Central Bureau of Statistics [Sudan]; 2012.
",2024-08-06T16:05:08Z,2008-2010,2008-01-01,2010-12-31
3395362,SRHINSTITUTIONALBIRTH,COUNTRY,PAK,EMR,Eastern Mediterranean,YEAR,2020,,,,,,,DATASOURCE,DATASOURCE_SRHIBPAK20192020GOV,70.0,70,,,"NIPS 2019-2020.
",2024-08-06T16:05:08Z,2019-2020,2019-01-01,2020-12-31
3399782,SRHINSTITUTIONALBIRTH,COUNTRY,ECU,AMR,Americas,YEAR,1993,,,,,,,DATASOURCE,DATASOURCE_SRHIBECU1993STAT,60.3,60.3,,,"Instituto Nacional de Estadística y Censos (INEC), Ecuador; 2019.",2024-08-06T16:05:08Z,1993,1993-01-01,1993-12-31
3419934,SRHINSTITUTIONALBIRTH,COUNTRY,MNG,WPR,Western Pacific,YEAR,2005,,,,,,,DATASOURCE,DATASOURCE_SRHIBMNG20032005MICS,98.6,98.6,,,"MICS 2005. 
",2024-08-06T16:05:08Z,2003-2005,2003-01-01,2005-12-31
3420909,SRHINSTITUTIONALBIRTH,COUNTRY,DOM,AMR,Americas,YEAR,1991,,,,,,,DATASOURCE,DATASOURCE_SRHIBDOM19861991DHS,92.0,92,,,"DHS 1991. 
",2024-08-06T16:05:08Z,1986-1991,1986-01-01,1991-12-31
3441226,SRHINSTITUTIONALBIRTH,COUNTRY,ETH,AFR,Africa,YEAR,2019,,,,,,,DATASOURCE,DATASOURCE_SRHIBETH20172019DHS,47.5,47.5,,,DHS 2019.,2024-08-06T16:05:08Z,2017-2019,2017-01-01,2019-12-31
3445817,SRHINSTITUTIONALBIRTH,COUNTRY,PAK,EMR,Eastern Mediterranean,YEAR,2020,,,,,,,DATASOURCE,DATASOURCE_SRHIBPAK20162020GOV,70.0,70,,,PSLM 2019-2020,2024-08-06T16:05:08Z,2016-2020,2016-01-01,2020-12-31
3446104,SRHINSTITUTIONALBIRTH,COUNTRY,PER,AMR,Americas,YEAR,1992,,,,,,,DATASOURCE,DATASOURCE_SRHIBPER19861992DHS,45.5,45.5,,,"DHS 1991-1992.
",2024-08-06T16:05:08Z,1986-1992,1986-01-01,1992-12-31
3451552,SRHINSTITUTIONALBIRTH,COUNTRY,ZAF,AFR,Africa,YEAR,2003,,,,,,,DATASOURCE,DATASOURCE_SRHIBZAF19982003DHS,88.7,88.7,,,"DHS 2003. 
",2024-08-06T16:05:08Z,1998-2003,1998-01-01,2003-12-31
3453724,SRHINSTITUTIONALBIRTH,COUNTRY,MOZ,AFR,Africa,YEAR,2006,,,,,,,DATASOURCE,DATASOURCE_SRHIBMOZ2006STAT,48.4,48.4,,,"National Statistics Institute [Mozambique]; 2009. 
",2024-08-06T16:05:08Z,2006,2006-01-01,2006-12-31
3454190,SRHINSTITUTIONALBIRTH,COUNTRY,AUT,EUR,Europe,YEAR,2017,,,,,,,DATASOURCE,DATASOURCE_SRHIBAUT2017STAT,98.4,98.4,,,Statistics Austria; 2018.,2024-08-06T16:05:08Z,2017,2017-01-01,2017-12-31
3458632,SRHINSTITUTIONALBIRTH,COUNTRY,AUS,WPR,Western Pacific,YEAR,2002,,,,,,,DATASOURCE,DATASOURCE_SRHIBAUS2002GOV,99.3,99.3,,,"Laws PJ, Sullivan EA. Australian Institute of Health and Welfare (AIHW). Australia’s mothers and babies 2002; 2004.
",2024-08-06T16:05:08Z,2002,2002-01-01,2002-12-31
3478163,SRHINSTITUTIONALBIRTH,COUNTRY,BLZ,AMR,Americas,YEAR,2020,,,,,,,DATASOURCE,DATASOURCE_SRHIBBLZ2020WHO,92.2,92.2,,,PLISA Health Information Platform; 2024.,2024-08-06T16:05:08Z,2020,2020-01-01,2020-12-31
3506437,SRHINSTITUTIONALBIRTH,COUNTRY,AUS,WPR,Western Pacific,YEAR,2005,,,,,,,DATASOURCE,DATASOURCE_SRHIBAUS2005GOV,99.4,99.4,,,"Laws PJ, Abeywardana S, Walker J, Sullivan EA. Australian Institute of Health and Welfare (AIHW); 2007.",2024-08-06T16:05:08Z,2005,2005-01-01,2005-12-31
3510646,SRHINSTITUTIONALBIRTH,COUNTRY,GIN,AFR,Africa,YEAR,2007,,,,,,,DATASOURCE,DATASOURCE_SRHIBGIN20022007STAT,39.4,39.4,,,"Ministère de l'Economie des Finances et du Plan, Direction Nationale de la Statistique [Guinée], Fonds des Nations Unies pour l’enfance (UNICEF), PAM; 2008.",2024-08-06T16:05:08Z,2002-2007,2002-01-01,2007-12-31
3517736,SRHINSTITUTIONALBIRTH,COUNTRY,VCT,AMR,Americas,YEAR,2015,,,,,,,DATASOURCE,DATASOURCE_SRHIBVCT2015DATA,98.7,98.7,,,PAHO Database; 2018. ,2024-08-06T16:05:08Z,2015,2015-01-01,2015-12-31
3518306,SRHINSTITUTIONALBIRTH,COUNTRY,ITA,EUR,Europe,YEAR,2021,,,,,,,DATASOURCE,DATASOURCE_SRHIBITA2021STAT,99.4,99.4,,,"Direzione Generale della Digitalizzazione, del Sistema Informativo Sanitario e della Statistica – Ufficio di Statistica [Italy]; 2022.",2024-08-06T16:05:08Z,2021,2021-01-01,2021-12-31
3525404,SRHINSTITUTIONALBIRTH,COUNTRY,TUN,EMR,Eastern Mediterranean,YEAR,2000,,,,,,,DATASOURCE,DATASOURCE_SRHIBTUN19992000STAT,89.9,89.9,,,"Ministry of Public Health [Tunisia], League of Arab States; 2002.
",2024-08-06T16:05:08Z,1999-2000,1999-01-01,2000-12-31
3556940,SRHINSTITUTIONALBIRTH,COUNTRY,DNK,EUR,Europe,YEAR,2016,,,,,,,DATASOURCE,DATASOURCE_SRHIBDNK2016DATA,94.4,94.4,,,"Sundhedsdatastyrelsen [Denmark]; 2017. 
",2024-08-06T16:05:08Z,2016,2016-01-01,2016-12-31
3558667,SRHINSTITUTIONALBIRTH,COUNTRY,SRB,EUR,Europe,YEAR,2013,,,,,,,DATASOURCE,DATASOURCE_SRHIBSRB2013STAT,99.8,99.8,,,"Statistical Office of the Republic of Serbia; 2015.
",2024-08-06T16:05:08Z,2013,2013-01-01,2013-12-31
3562960,SRHINSTITUTIONALBIRTH,COUNTRY,SAU,EMR,Eastern Mediterranean,YEAR,2023,,,,,,,DATASOURCE,DATASOURCE_SRHIBSAU2023GOV,99.9,99.9,,,Women Health and Reproductive Care Survey 2023. ,2024-08-06T16:05:08Z,2023,2023-01-01,2023-12-31
3576402,SRHINSTITUTIONALBIRTH,COUNTRY,HTI,AMR,Americas,YEAR,2020,,,,,,,DATASOURCE,DATASOURCE_SRHIBHTI2020WHO,67.2,67.2,,,PLISA Health Information Platform; 2024.,2024-08-06T16:05:08Z,2020,2020-01-01,2020-12-31
3582319,SRHINSTITUTIONALBIRTH,COUNTRY,MWI,AFR,Africa,YEAR,1992,,,,,,,DATASOURCE,DATASOURCE_SRHIBMWI19871992DHS,55.5,55.5,,,"DHS 1992. 
",2024-08-06T16:05:08Z,1987-1992,1987-01-01,1992-12-31
3583613,SRHINSTITUTIONALBIRTH,COUNTRY,FJI,WPR,Western Pacific,YEAR,1991,,,,,,,DATASOURCE,DATASOURCE_SRHIBFJI1991GOV,94.5,94.5,,,"Ministry of Health [Fiji]; 2007.
",2024-08-06T16:05:08Z,1991,1991-01-01,1991-12-31
3589541,SRHINSTITUTIONALBIRTH,COUNTRY,ECU,AMR,Americas,YEAR,2009,,,,,,,DATASOURCE,DATASOURCE_SRHIBECU2009STAT,85.2,85.2,,,"Instituto Nacional de Estadística y Censos (INEC), Ecuador; 2019.",2024-08-06T16:05:08Z,2009,2009-01-01,2009-12-31
3594863,SRHINSTITUTIONALBIRTH,COUNTRY,KEN,AFR,Africa,YEAR,2016,,,,,,,DATASOURCE,DATASOURCE_SRHIBKEN20152016GOV,67.2,67.2,,,KIHBS 2015-2016.,2024-08-06T16:05:08Z,2015-2016,2015-01-01,2016-12-31
3596757,SRHINSTITUTIONALBIRTH,COUNTRY,BRN,WPR,Western Pacific,YEAR,2010,,,,,,,DATASOURCE,DATASOURCE_SRHIBBRN2010GOV,99.8,99.8,,,"Ministry of Health [Brunei Darussalam]; 2014.
",2024-08-06T16:05:08Z,2010,2010-01-01,2010-12-31
3607444,SRHINSTITUTIONALBIRTH,COUNTRY,POL,EUR,Europe,YEAR,2014,,,,,,,DATASOURCE,DATASOURCE_SRHIBPOL2014STAT,99.8,99.8,,,"Central Statistical Office [Poland]; 2015.
",2024-08-06T16:05:08Z,2014,2014-01-01,2014-12-31
3609036,SRHINSTITUTIONALBIRTH,COUNTRY,CYP,EUR,Europe,YEAR,2012,,,,,,,DATASOURCE,DATASOURCE_SRHIBCYP2012GOV,98.7,98.7,,,"Republic of Cyprus; 2014.
",2024-08-06T16:05:08Z,2012,2012-01-01,2012-12-31
3614917,SRHINSTITUTIONALBIRTH,COUNTRY,YEM,EMR,Eastern Mediterranean,YEAR,2012,,,,,,,DATASOURCE,DATASOURCE_SRHIBYEM20072012UN,24.4,24.4,,,"Ministry of Planning and International Cooperation [Yemen], International Policy Centre for Inclusive Growth (IPC-IG) [Brazil], UNICEF, Interaction in Development; 2013.
",2024-08-06T16:05:08Z,2007-2012,2007-01-01,2012-12-31
3615746,SRHINSTITUTIONALBIRTH,COUNTRY,CAN,AMR,Americas,YEAR,2005,,,,,,,DATASOURCE,DATASOURCE_SRHIBCAN2005STAT,98.8,98.8,,,"Statistics Canada; 2013. 
",2024-08-06T16:05:08Z,2005,2005-01-01,2005-12-31
3616401,SRHINSTITUTIONALBIRTH,COUNTRY,BGD,SEAR,South-East Asia,YEAR,2013,,,,,,,DATASOURCE,DATASOURCE_SRHIBBGD20102013MICS,31.0,31,,,"MICS 2012-2013. 
",2024-08-06T16:05:08Z,2010-2013,2010-01-01,2013-12-31
3621272,SRHINSTITUTIONALBIRTH,COUNTRY,FJI,WPR,Western Pacific,YEAR,2013,,,,,,,DATASOURCE,DATASOURCE_SRHIBFJI20112013GOV,99.0,99,,,"Ministry of Health [Fiji]; Fiji National Immunisation Coverage Survey 2013; 2014.
",2024-08-06T16:05:08Z,2011-2013,2011-01-01,2013-12-31
3622687,SRHINSTITUTIONALBIRTH,COUNTRY,HTI,AMR,Americas,YEAR,2017,,,,,,,DATASOURCE,DATASOURCE_SRHIBHTI20112017DHS,39.4,39.4,,,DHS 2016-2017. ,2024-08-06T16:05:08Z,2011-2017,2011-01-01,2017-12-31
3635985,SRHINSTITUTIONALBIRTH,COUNTRY,BWA,AFR,Africa,YEAR,2011,,,,,,,DATASOURCE,DATASOURCE_SRHIBBWA2011STAT,99.8,99.8,,,"Statistics Botswana (CSO); 2016.
",2024-08-06T16:05:08Z,2011,2011-01-01,2011-12-31
3641321,SRHINSTITUTIONALBIRTH,COUNTRY,MDV,SEAR,South-East Asia,YEAR,2008,,,,,,,DATASOURCE,DATASOURCE_SRHIBMDV2008GOV,97.4,97.4,,,Ministry of Health and Family [Republic of Maldives]; 2012.,2024-08-06T16:05:08Z,2008,2008-01-01,2008-12-31
3660817,SRHINSTITUTIONALBIRTH,COUNTRY,TCD,AFR,Africa,YEAR,2004,,,,,,,DATASOURCE,DATASOURCE_SRHIBTCD19992004DHS,13.2,13.2,,,"DHS 2004.
",2024-08-06T16:05:08Z,1999-2004,1999-01-01,2004-12-31
3668150,SRHINSTITUTIONALBIRTH,COUNTRY,FIN,EUR,Europe,YEAR,2000,,,,,,,DATASOURCE,DATASOURCE_SRHIBFIN2000GOV,98.4,98.4,,,"National Research and Development Centre for Welfare and Health [Finland]; 2005.
",2024-08-06T16:05:08Z,2000,2000-01-01,2000-12-31
3685703,SRHINSTITUTIONALBIRTH,COUNTRY,DNK,EUR,Europe,YEAR,1999,,,,,,,DATASOURCE,DATASOURCE_SRHIBDNK1999GOV,98.7,98.7,,,"Sundhedsstyrelsen [Denmark]; 2003.
",2024-08-06T16:05:08Z,1999,1999-01-01,1999-12-31
3688443,SRHINSTITUTIONALBIRTH,COUNTRY,IDN,WPR,Western Pacific,YEAR,2003,,,,,,,DATASOURCE,DATASOURCE_SRHIBIDN19972003DHS,39.7,39.7,,,"DHS 2002-2003. 
",2024-08-06T16:05:08Z,1997-2003,1997-01-01,2003-12-31
3698521,SRHINSTITUTIONALBIRTH,COUNTRY,IND,SEAR,South-East Asia,YEAR,2021,,,,,,,DATASOURCE,DATASOURCE_SRHIBIND20172021DHS,88.6,88.6,,,DHS NFHS-4 2019-2021.,2024-08-06T16:05:08Z,2017-2021,2017-01-01,2021-12-31
3699377,SRHINSTITUTIONALBIRTH,COUNTRY,FSM,WPR,Western Pacific,YEAR,2000,,,,,,,DATASOURCE,DATASOURCE_SRHIBFSM2000GOV,84.8,84.8,,,"SBOC [Micronesia]; 2008.
",2024-08-06T16:05:08Z,2000,2000-01-01,2000-12-31
3726019,SRHINSTITUTIONALBIRTH,COUNTRY,NZL,WPR,Western Pacific,YEAR,2013,,,,,,,DATASOURCE,DATASOURCE_SRHIBNZL2013GOV,96.6,96.6,,,Ministry of Health [New Zealand]; 2015.,2024-08-06T16:05:08Z,2013,2013-01-01,2013-12-31
3752962,SRHINSTITUTIONALBIRTH,COUNTRY,MOZ,AFR,Africa,YEAR,2019,,,,,,,DATASOURCE,DATASOURCE_SRHIBMOZ2019STAT,84.8,84.8,,,Statistical Yearbook 2019. ,2024-08-06T16:05:08Z,2019,2019-01-01,2019-12-31
3753511,SRHINSTITUTIONALBIRTH,COUNTRY,COD,AFR,Africa,YEAR,2018,,,,,,,DATASOURCE,DATASOURCE_SRHIBCOD20152018MICS,81.5,81.5,,,MICS 2017-2018.,2024-08-06T16:05:08Z,2015-2018,2015-01-01,2018-12-31
3758520,SRHINSTITUTIONALBIRTH,COUNTRY,TZA,AFR,Africa,YEAR,1996,,,,,,,DATASOURCE,DATASOURCE_SRHIBTZA19911996DHS,46.5,46.5,,,"DHS 1996. 
",2024-08-06T16:05:08Z,1991-1996,1991-01-01,1996-12-31
3766072,SRHINSTITUTIONALBIRTH,COUNTRY,MWI,AFR,Africa,YEAR,2000,,,,,,,DATASOURCE,DATASOURCE_SRHIBMWI19952000DHS,55.4,55.4,,,"DHS 2000. 
",2024-08-06T16:05:08Z,1995-2000,1995-01-01,2000-12-31
3783780,SRHINSTITUTIONALBIRTH,COUNTRY,FRA,EUR,Europe,YEAR,2020,,,,,,,DATASOURCE,DATASOURCE_SRHIBFRA2020STAT,98.2,98.2,,,"Institut National de la Statistique et des Études Économiques (INSEE) [France]; 2020.
",2024-08-06T16:05:08Z,2020,2020-01-01,2020-12-31
3797574,SRHINSTITUTIONALBIRTH,COUNTRY,URY,AMR,Americas,YEAR,1999,,,,,,,DATASOURCE,DATASOURCE_SRHIBURY1999GOV,98.7,98.7,,,"Ministerio de Salud Publica [Uruguay]; 2015.
",2024-08-06T16:05:08Z,1999,1999-01-01,1999-12-31
3805013,SRHINSTITUTIONALBIRTH,COUNTRY,CAN,AMR,Americas,YEAR,1992,,,,,,,DATASOURCE,DATASOURCE_SRHIBCAN1992STAT,99.6,99.6,,,"Statistics Canada; 2013. 
",2024-08-06T16:05:08Z,1992,1992-01-01,1992-12-31
3824826,SRHINSTITUTIONALBIRTH,COUNTRY,GHA,AFR,Africa,YEAR,2014,,,,,,,DATASOURCE,DATASOURCE_SRHIBGHA20092014DHS,73.1,73.1,,,"DHS 2014. 
",2024-08-06T16:05:08Z,2009-2014,2009-01-01,2014-12-31
3831069,SRHINSTITUTIONALBIRTH,COUNTRY,MKD,EUR,Europe,YEAR,2005,,,,,,,DATASOURCE,DATASOURCE_SRHIBMKD2005STAT,99.1,99.1,,,"State Statistical Office [Macedonia]; 2010.
",2024-08-06T16:05:08Z,2005,2005-01-01,2005-12-31
3836644,SRHINSTITUTIONALBIRTH,COUNTRY,USA,AMR,Americas,YEAR,2002,,,,,,,DATASOURCE,DATASOURCE_SRHIBUSA2002STAT,99.1,99.1,,,"National Center for Health Statistics [USA]; 2003.
",2024-08-06T16:05:08Z,2002,2002-01-01,2002-12-31
3838235,SRHINSTITUTIONALBIRTH,COUNTRY,NRU,WPR,Western Pacific,YEAR,2007,,,,,,,DATASOURCE,DATASOURCE_SRHIBNRU20022007DHS,98.7,98.7,,,"DHS 2007. 
",2024-08-06T16:05:08Z,2002-2007,2002-01-01,2007-12-31
3849050,SRHINSTITUTIONALBIRTH,COUNTRY,ROU,EUR,Europe,YEAR,2011,,,,,,,DATASOURCE,DATASOURCE_SRHIBROU2011STAT,99.8,99.83313232,,,National Institute of Statistics [Romania]; 2023,2024-08-06T16:05:08Z,2011,2011-01-01,2011-12-31
3855877,SRHINSTITUTIONALBIRTH,COUNTRY,ISL,EUR,Europe,YEAR,1991,,,,,,,DATASOURCE,DATASOURCE_SRHIBISL1991GOV,99.9,99.9,,,"Directorate of Health [Iceland]; 2017.
",2024-08-06T16:05:08Z,1991,1991-01-01,1991-12-31
3856891,SRHINSTITUTIONALBIRTH,COUNTRY,ECU,AMR,Americas,YEAR,2010,,,,,,,DATASOURCE,DATASOURCE_SRHIBECU2010GOV,92.0,92,,,Secretaria Técnica del Observatorio [Ecuador]; 2010. ,2024-08-06T16:05:08Z,2010,2010-01-01,2010-12-31
3864251,SRHINSTITUTIONALBIRTH,COUNTRY,ETH,AFR,Africa,YEAR,1998,,,,,,,DATASOURCE,DATASOURCE_SRHIBETH19961998STAT,5.3,5.3,,,"Central Statistical Authority [Ethiopia]; 1999.
",2024-08-06T16:05:08Z,1996-1998,1996-01-01,1998-12-31
3868652,SRHINSTITUTIONALBIRTH,COUNTRY,ARG,AMR,Americas,YEAR,2006,,,,,,,DATASOURCE,DATASOURCE_SRHIBARG2006GOV,99.2,99.2,,,Ministerio de Salud [Argentina]; 2007.,2024-08-06T16:05:08Z,2006,2006-01-01,2006-12-31
3871117,SRHINSTITUTIONALBIRTH,COUNTRY,BFA,AFR,Africa,YEAR,2003,,,,,,,DATASOURCE,DATASOURCE_SRHIBBFA19982003STAT,43.0,43,,,Institut National de la Statistique et de la Démographie (INSD); 2003. ,2024-08-06T16:05:08Z,1998-2003,1998-01-01,2003-12-31
3889901,SRHINSTITUTIONALBIRTH,COUNTRY,IDN,WPR,Western Pacific,YEAR,2020,,,,,,,DATASOURCE,DATASOURCE_SRHIBIDN2020STAT,80.4,80.4,,,Badan Pusat Statistik (BPS) [Statistics Indonesia]; 2020.,2024-08-06T16:05:08Z,2020,2020-01-01,2020-12-31
3890412,SRHINSTITUTIONALBIRTH,COUNTRY,ARG,AMR,Americas,YEAR,2018,,,,,,,DATASOURCE,DATASOURCE_SRHIBARG2018GOV,99.1,99.1,,,Ministerio de Salud [Argentina]; 2019.,2024-08-06T16:05:08Z,2018,2018-01-01,2018-12-31
3915737,SRHINSTITUTIONALBIRTH,COUNTRY,IDN,WPR,Western Pacific,YEAR,2016,,,,,,,DATASOURCE,DATASOURCE_SRHIBIDN20142016STAT,79.7,79.7,,,Badan Pusat Statistik (BPS) [Statistics Indonesia]; 2016.,2024-08-06T16:05:08Z,2014-2016,2014-01-01,2016-12-31
3935601,SRHINSTITUTIONALBIRTH,COUNTRY,ECU,AMR,Americas,YEAR,1999,,,,,,,DATASOURCE,DATASOURCE_SRHIBECU19941999GOV,69.2,69.2,,,"Centro de Estudios de Población y Paternidad Responsable (CEPAR) [Ecuador], CDC. ENDEMAIN -99; 2001.",2024-08-06T16:05:08Z,1994-1999,1994-01-01,1999-12-31
3935710,SRHINSTITUTIONALBIRTH,COUNTRY,ISL,EUR,Europe,YEAR,2014,,,,,,,DATASOURCE,DATASOURCE_SRHIBISL2014GOV,97.8,97.8,,,"Directorate of Health [Iceland]; 2017.
",2024-08-06T16:05:08Z,2014,2014-01-01,2014-12-31
3942607,SRHINSTITUTIONALBIRTH,COUNTRY,BGR,EUR,Europe,YEAR,2012,,,,,,,DATASOURCE,DATASOURCE_SRHIBBGR2012GOV,91.8,91.8,,,"Ministry of Health. National Center of Public Health and Analyses, Bulgaria; 2015.
",2024-08-06T16:05:08Z,2012,2012-01-01,2012-12-31
3946699,SRHINSTITUTIONALBIRTH,COUNTRY,VCT,AMR,Americas,YEAR,2013,,,,,,,DATASOURCE,DATASOURCE_SRHIBVCT2013DATA,99.0,99,,,PAHO Database; 2018. ,2024-08-06T16:05:08Z,2013,2013-01-01,2013-12-31
3948871,SRHINSTITUTIONALBIRTH,COUNTRY,EST,EUR,Europe,YEAR,1999,,,,,,,DATASOURCE,DATASOURCE_SRHIBEST1999GOV,99.5,99.5,,,"National Institute for Health Development [Estonia]; 2017.
",2024-08-06T16:05:08Z,1999,1999-01-01,1999-12-31
3949279,SRHINSTITUTIONALBIRTH,COUNTRY,BRN,WPR,Western Pacific,YEAR,2014,,,,,,,DATASOURCE,DATASOURCE_SRHIBBRN2014GOV,99.9,99.9,,,"Ministry of Health [Brunei Darussalam]; 2014.
",2024-08-06T16:05:08Z,2014,2014-01-01,2014-12-31
3961404,SRHINSTITUTIONALBIRTH,COUNTRY,JPN,WPR,Western Pacific,YEAR,2020,,,,,,,DATASOURCE,DATASOURCE_SRHIBJPN2020STAT,99.9,99.9,,,"Trends in live births by place of delivery: Japan, each prefecture (special wards and specified cities) . 2021 Vital Statistics of Japan [website]. Tokyo: e-stat (Portal Site of Official Statistics of Japan), National Statistics Center [Japan]; 2021 (https://www.e-stat.go.jp/stat-search/files?page=1&layout=datalist&toukei=00450011&tstat=000001028897&cycle=7&year=20200&month=0&tclass1=000001053058&tclass2=000001053061&tclass3=000001053064&stat_infid=000032118535&result_back=1&tclass4val=0, accessed 30 November 2021).  ",2024-08-06T16:05:08Z,2020,2020-01-01,2020-12-31
3972033,SRHINSTITUTIONALBIRTH,COUNTRY,CYP,EUR,Europe,YEAR,2013,,,,,,,DATASOURCE,DATASOURCE_SRHIBCYP2013GOV,98.4,98.4,,,Republic of Cyprus; 2015.,2024-08-06T16:05:08Z,2013,2013-01-01,2013-12-31
3980503,SRHINSTITUTIONALBIRTH,COUNTRY,BRN,WPR,Western Pacific,YEAR,2008,,,,,,,DATASOURCE,DATASOURCE_SRHIBBRN2008GOV,99.7,99.7,,,"Ministry of Health [Brunei Darussalam]; 2014.
",2024-08-06T16:05:08Z,2008,2008-01-01,2008-12-31
3980865,SRHINSTITUTIONALBIRTH,COUNTRY,CYP,EUR,Europe,YEAR,1993,,,,,,,DATASOURCE,DATASOURCE_SRHIBCYP1993GOV,100.0,100,,,"Republic of Cyprus; 2011.
",2024-08-06T16:05:08Z,1993,1993-01-01,1993-12-31
4005665,SRHINSTITUTIONALBIRTH,COUNTRY,JPN,WPR,Western Pacific,YEAR,1990,,,,,,,DATASOURCE,DATASOURCE_SRHIBJPN1990GOV,99.9,99.9,,,"Ministry of Health, Labour and Welfare [Japan]; 2010.",2024-08-06T16:05:08Z,1990,1990-01-01,1990-12-31
4006705,SRHINSTITUTIONALBIRTH,COUNTRY,PLW,WPR,Western Pacific,YEAR,2021,,,,,,,DATASOURCE,DATASOURCE_SRHIBPLW2021GOV,100.0,100,,,Ministry of Finance [Palau]; 2022.,2024-08-06T16:05:08Z,2021,2021-01-01,2021-12-31
4030665,SRHINSTITUTIONALBIRTH,COUNTRY,AUT,EUR,Europe,YEAR,2003,,,,,,,DATASOURCE,DATASOURCE_SRHIBAUT2003STAT,98.4,98.4,,,"Statistik Austria; 2005.
",2024-08-06T16:05:08Z,2003,2003-01-01,2003-12-31
4030768,SRHINSTITUTIONALBIRTH,COUNTRY,SRB,EUR,Europe,YEAR,2018,,,,,,,DATASOURCE,DATASOURCE_SRHIBSRB2018STAT,99.8,99.8,,,Statistical Office of the Republic of Serbia; 2020.,2024-08-06T16:05:08Z,2018,2018-01-01,2018-12-31
4049368,SRHINSTITUTIONALBIRTH,COUNTRY,COM,AFR,Africa,YEAR,2022,,,,,,,DATASOURCE,DATASOURCE_SRHIBCOM20202022MICS,95.1,95.1,,,MICS 2022.,2024-08-06T16:05:08Z,2020-2022,2020-01-01,2022-12-31
4055650,SRHINSTITUTIONALBIRTH,COUNTRY,CHN,WPR,Western Pacific,YEAR,2017,,,,,,,DATASOURCE,DATASOURCE_SRHIBCHN2017STAT,99.9,99.9,,,"Health Statistical Yearbook 2017.
",2024-08-06T16:05:08Z,2017,2017-01-01,2017-12-31
4058525,SRHINSTITUTIONALBIRTH,COUNTRY,CYP,EUR,Europe,YEAR,1992,,,,,,,DATASOURCE,DATASOURCE_SRHIBCYP1992GOV,100.0,100,,,"Republic of Cyprus; 2011.
",2024-08-06T16:05:08Z,1992,1992-01-01,1992-12-31
4062108,SRHINSTITUTIONALBIRTH,COUNTRY,IND,SEAR,South-East Asia,YEAR,2014,,,,,,,DATASOURCE,DATASOURCE_SRHIBIND20102014UN,78.7,78.7,,,"Ministry of Women and Child Development [India], UNICEF; 2016.
",2024-08-06T16:05:08Z,2010-2014,2010-01-01,2014-12-31
4068913,SRHINSTITUTIONALBIRTH,COUNTRY,CHL,AMR,Americas,YEAR,2019,,,,,,,DATASOURCE,DATASOURCE_SRHIBCHL2019WHO,99.8,99.8,,,PLISA Health Information Platform; 2024.,2024-08-06T16:05:08Z,2019,2019-01-01,2019-12-31
4076773,SRHINSTITUTIONALBIRTH,COUNTRY,FJI,WPR,Western Pacific,YEAR,2001,,,,,,,DATASOURCE,DATASOURCE_SRHIBFJI2001GOV,98.4,98.4,,,"Ministry of Health [Fiji]; 2007.
",2024-08-06T16:05:08Z,2001,2001-01-01,2001-12-31
4078223,SRHINSTITUTIONALBIRTH,COUNTRY,USA,AMR,Americas,YEAR,2007,,,,,,,DATASOURCE,DATASOURCE_SRHIBUSA2007STAT,99.1,99.1,,,"National Center for Health Statistics [USA]. Births: Final Data for 2007; 2010.
",2024-08-06T16:05:08Z,2007,2007-01-01,2007-12-31
4090401,SRHINSTITUTIONALBIRTH,COUNTRY,BWA,AFR,Africa,YEAR,2009,,,,,,,DATASOURCE,DATASOURCE_SRHIBBWA2009STAT,99.5,99.5,,,"Statistics Botswana (CSO). Botswana Maternal Mortality Ratio (MMR) 2008 – 2012; 2014.
",2024-08-06T16:05:08Z,2009,2009-01-01,2009-12-31
4095822,SRHINSTITUTIONALBIRTH,COUNTRY,UKR,EUR,Europe,YEAR,1999,,,,,,,DATASOURCE,DATASOURCE_SRHIBUKR19941999RHS,99.1,99.1,,,"RHS 1999.
",2024-08-06T16:05:08Z,1994-1999,1994-01-01,1999-12-31
4097068,SRHINSTITUTIONALBIRTH,COUNTRY,IRL,EUR,Europe,YEAR,2002,,,,,,,DATASOURCE,DATASOURCE_SRHIBIRL2002STAT,99.5,99.5,,,The Economic and Social Research Institute (ESRI) [Ireland]. Report on Perinatal Statistics for 2002; 2005.  ,2024-08-06T16:05:08Z,2002,2002-01-01,2002-12-31
4122121,SRHINSTITUTIONALBIRTH,COUNTRY,NOR,EUR,Europe,YEAR,2006,,,,,,,DATASOURCE,DATASOURCE_SRHIBNOR2006GOV,99.2,99.2,,,"Folkehelseinstituttet [Norwegian Institute of Public Health (NIPH)]; 2007.
",2024-08-06T16:05:08Z,2006,2006-01-01,2006-12-31
4129671,SRHINSTITUTIONALBIRTH,COUNTRY,PRI,AMR,Americas,YEAR,2020,,,,,,,DATASOURCE,DATASOURCE_SRHIBPRI2020WHO,98.9,98.9,,,PLISA Health Information Platform; 2024.,2024-08-06T16:05:08Z,2020,2020-01-01,2020-12-31
4141206,SRHINSTITUTIONALBIRTH,COUNTRY,TGO,AFR,Africa,YEAR,2003,,,,,,,DATASOURCE,DATASOURCE_SRHIBTGO20002003GOV,60.6,60.6,,,"Ministère de la Santé [Togo], Université de Lomé; 2004. 
",2024-08-06T16:05:08Z,2000-2003,2000-01-01,2003-12-31
4141443,SRHINSTITUTIONALBIRTH,COUNTRY,BWA,AFR,Africa,YEAR,2013,,,,,,,DATASOURCE,DATASOURCE_SRHIBBWA2013STAT,99.9,99.9,,,"Statistics Botswana (CSO); 2016.
",2024-08-06T16:05:08Z,2013,2013-01-01,2013-12-31
4155921,SRHINSTITUTIONALBIRTH,COUNTRY,SRB,EUR,Europe,YEAR,2006,,,,,,,DATASOURCE,DATASOURCE_SRHIBSRB2006STAT,99.1,99.1,,,"Statistical Office of the Republic of Serbia; 2008.
",2024-08-06T16:05:08Z,2006,2006-01-01,2006-12-31
4167925,SRHINSTITUTIONALBIRTH,COUNTRY,MMR,SEAR,South-East Asia,YEAR,2016,,,,,,,DATASOURCE,DATASOURCE_SRHIBMMR20102016DHS,37.1,37.1,,,DHS 2015-2016. ,2024-08-06T16:05:08Z,2010-2016,2010-01-01,2016-12-31
4172922,SRHINSTITUTIONALBIRTH,COUNTRY,SVN,EUR,Europe,YEAR,2003,,,,,,,DATASOURCE,DATASOURCE_SRHIBSVN2003STAT,99.9,99.9,,,"Statistical Office of the Republic of Slovenia; 2006.
",2024-08-06T16:05:08Z,2003,2003-01-01,2003-12-31
4175617,SRHINSTITUTIONALBIRTH,COUNTRY,AUT,EUR,Europe,YEAR,2016,,,,,,,DATASOURCE,DATASOURCE_SRHIBAUT2016STAT,98.4,98.4,,,"Statistics Austria; 2017.
",2024-08-06T16:05:08Z,2016,2016-01-01,2016-12-31
4194418,SRHINSTITUTIONALBIRTH,COUNTRY,PAN,AMR,Americas,YEAR,2009,,,,,,,DATASOURCE,DATASOURCE_SRHIBPAN20042009GOV,88.3,88.3,,,"Instituto Conmemorativo Gorgas de Estudios de la Salud [Panama]; 2011.
",2024-08-06T16:05:08Z,2004-2009,2004-01-01,2009-12-31
4194448,SRHINSTITUTIONALBIRTH,COUNTRY,BFA,AFR,Africa,YEAR,1999,,,,,,,DATASOURCE,DATASOURCE_SRHIBBFA19931999DHS,32.1,32.1,,,"DHS 1998-99.
",2024-08-06T16:05:08Z,1993-1999,1993-01-01,1999-12-31
4208709,SRHINSTITUTIONALBIRTH,COUNTRY,KOR,WPR,Western Pacific,YEAR,2000,,,,,,,DATASOURCE,DATASOURCE_SRHIBKOR19992000GOV,99.9,99.9,,,"Lee S-I, Khang Y-H, Yun S, Joa M-W. BJOG; 2005.
",2024-08-06T16:05:08Z,1999-2000,1999-01-01,2000-12-31
4219519,SRHINSTITUTIONALBIRTH,COUNTRY,CHL,AMR,Americas,YEAR,2018,,,,,,,DATASOURCE,DATASOURCE_SRHIBCHL2018STAT,99.6,99.6,,,Instituto Nacional de Estadísticas: Cuadros Estadísticos  2018. ,2024-08-06T16:05:08Z,2018,2018-01-01,2018-12-31
4219570,SRHINSTITUTIONALBIRTH,COUNTRY,MDV,SEAR,South-East Asia,YEAR,2017,,,,,,,DATASOURCE,DATASOURCE_SRHIBMDV20112017DHS,94.5,94.5,,,DHS 2016-2017. ,2024-08-06T16:05:08Z,2011-2017,2011-01-01,2017-12-31
4220751,SRHINSTITUTIONALBIRTH,COUNTRY,MDV,SEAR,South-East Asia,YEAR,2005,,,,,,,DATASOURCE,DATASOURCE_SRHIBMDV2005GOV,93.2,93.2,,,Ministry of Health and Family [Republic of Maldives]; 2012.,2024-08-06T16:05:08Z,2005,2005-01-01,2005-12-31
4225075,SRHINSTITUTIONALBIRTH,COUNTRY,NZL,WPR,Western Pacific,YEAR,2009,,,,,,,DATASOURCE,DATASOURCE_SRHIBNZL2009GOV,96.7,96.7,,,Ministry of Health [New Zealand]; 2015.,2024-08-06T16:05:08Z,2009,2009-01-01,2009-12-31
4225503,SRHINSTITUTIONALBIRTH,COUNTRY,NZL,WPR,Western Pacific,YEAR,2010,,,,,,,DATASOURCE,DATASOURCE_SRHIBNZL2010GOV,96.7,96.7,,,Ministry of Health [New Zealand]; 2015.,2024-08-06T16:05:08Z,2010,2010-01-01,2010-12-31
4226807,SRHINSTITUTIONALBIRTH,COUNTRY,STP,AFR,Africa,YEAR,2001,,,,,,,DATASOURCE,DATASOURCE_SRHIBSTP2001UN,68.0,68,,,"République Démocratique de Sao Tomé et Principe, ONU/UN; 2004. 
",2024-08-06T16:05:08Z,2001,2001-01-01,2001-12-31
4233502,SRHINSTITUTIONALBIRTH,COUNTRY,CYP,EUR,Europe,YEAR,1997,,,,,,,DATASOURCE,DATASOURCE_SRHIBCYP1997GOV,100.0,100,,,"Republic of Cyprus; 2011.
",2024-08-06T16:05:08Z,1997,1997-01-01,1997-12-31
4238862,SRHINSTITUTIONALBIRTH,COUNTRY,POL,EUR,Europe,YEAR,1990,,,,,,,DATASOURCE,DATASOURCE_SRHIBPOL1990STAT,97.8,97.8,,,"Central Statistical Office [Poland]; 2010.
",2024-08-06T16:05:08Z,1990,1990-01-01,1990-12-31
4247686,SRHINSTITUTIONALBIRTH,COUNTRY,KHM,WPR,Western Pacific,YEAR,2005,,,,,,,DATASOURCE,DATASOURCE_SRHIBKHM20002005DHS,21.5,21.5,,,"DHS 2005. 
",2024-08-06T16:05:08Z,2000-2005,2000-01-01,2005-12-31
4272334,SRHINSTITUTIONALBIRTH,COUNTRY,LVA,EUR,Europe,YEAR,2022,,,,,,,DATASOURCE,DATASOURCE_SRHIBLVA2022STAT,98.1,98.1,,,Health Statistics Database. Latvia; 2023.,2024-08-06T16:05:08Z,2022,2022-01-01,2022-12-31
4272687,SRHINSTITUTIONALBIRTH,COUNTRY,IND,SEAR,South-East Asia,YEAR,2012,,,,,,,DATASOURCE,DATASOURCE_SRHIBIND2012GOV,73.1,73.1,,,"Ministry of Health and Family Welfare [India]; 2015. 
",2024-08-06T16:05:08Z,2012,2012-01-01,2012-12-31
4272756,SRHINSTITUTIONALBIRTH,COUNTRY,SWZ,AFR,Africa,YEAR,2014,,,,,,,DATASOURCE,DATASOURCE_SRHIBSWZ20122014MICS,87.7,87.7,,,"MICS 2014. 
",2024-08-06T16:05:08Z,2012-2014,2012-01-01,2014-12-31
4278698,SRHINSTITUTIONALBIRTH,COUNTRY,VNM,WPR,Western Pacific,YEAR,2006,,,,,,,DATASOURCE,DATASOURCE_SRHIBVNM20042006MICS,63.8,63.8,,,"MICS 2006. 
",2024-08-06T16:05:08Z,2004-2006,2004-01-01,2006-12-31
4283263,SRHINSTITUTIONALBIRTH,COUNTRY,TCD,AFR,Africa,YEAR,1997,,,,,,,DATASOURCE,DATASOURCE_SRHIBTCD19911997DHS,11.2,11.2,,,DHS 1996-1997.,2024-08-06T16:05:08Z,1991-1997,1991-01-01,1997-12-31
4286354,SRHINSTITUTIONALBIRTH,COUNTRY,GEO,EUR,Europe,YEAR,2001,,,,,,,DATASOURCE,DATASOURCE_SRHIBGEO2001GOV,97.4,97.4,,,"Ministry of Labour, Health and Social Affairs of Georgia; 2006.
",2024-08-06T16:05:08Z,2001,2001-01-01,2001-12-31
4290484,SRHINSTITUTIONALBIRTH,COUNTRY,DOM,AMR,Americas,YEAR,2013,,,,,,,DATASOURCE,DATASOURCE_SRHIBDOM20082013DHS,97.5,97.5,,,"DHS 2013. 
",2024-08-06T16:05:08Z,2008-2013,2008-01-01,2013-12-31
4292626,SRHINSTITUTIONALBIRTH,COUNTRY,AUT,EUR,Europe,YEAR,2002,,,,,,,DATASOURCE,DATASOURCE_SRHIBAUT2002STAT,98.4,98.4,,,"Statistik Austria; 2005.
",2024-08-06T16:05:08Z,2002,2002-01-01,2002-12-31
4302921,SRHINSTITUTIONALBIRTH,COUNTRY,MMR,SEAR,South-East Asia,YEAR,2007,,,,,,,DATASOURCE,DATASOURCE_SRHIBMMR20022007RHS,22.8,22.8,,,"RHS 2007. Ministry of Immigration and Population [Myanmar], UNFPA; 2009.
",2024-08-06T16:05:08Z,2002-2007,2002-01-01,2007-12-31
4303911,SRHINSTITUTIONALBIRTH,COUNTRY,IRL,EUR,Europe,YEAR,2004,,,,,,,DATASOURCE,DATASOURCE_SRHIBIRL2004GOV,99.7,99.7,,,"Health Policy and Information Division, the Economic and Social Research Institute (ESRI) [Ireland]; 2007.  ",2024-08-06T16:05:08Z,2004,2004-01-01,2004-12-31
4303920,SRHINSTITUTIONALBIRTH,COUNTRY,UGA,AFR,Africa,YEAR,2016,,,,,,,DATASOURCE,DATASOURCE_SRHIBUGA20112016DHS,73.4,73.4,,,DHS 2016. ,2024-08-06T16:05:08Z,2011-2016,2011-01-01,2016-12-31
4311321,SRHINSTITUTIONALBIRTH,COUNTRY,DNK,EUR,Europe,YEAR,2022,,,,,,,DATASOURCE,DATASOURCE_SRHIBDNK2022DATA,96.4,96.4,,,Sundhedsdatastyrelsen [Denmark]; 2023.,2024-08-06T16:05:08Z,2022,2022-01-01,2022-12-31
4317282,SRHINSTITUTIONALBIRTH,COUNTRY,PRY,AMR,Americas,YEAR,2009,,,,,,,DATASOURCE,DATASOURCE_SRHIBPRY2009STAT,93.8,93.8,,,"Dirección General de Estadística, Encuestas y Censos (DGEEC) [Paraguay]; 2012.
",2024-08-06T16:05:08Z,2009,2009-01-01,2009-12-31
4325194,SRHINSTITUTIONALBIRTH,COUNTRY,MKD,EUR,Europe,YEAR,1996,,,,,,,DATASOURCE,DATASOURCE_SRHIBMKD1996STAT,94.3,94.3,,,"State Statistical Office [Macedonia]; 2000.
",2024-08-06T16:05:08Z,1996,1996-01-01,1996-12-31
4342276,SRHINSTITUTIONALBIRTH,COUNTRY,SLE,AFR,Africa,YEAR,2017,,,,,,,DATASOURCE,DATASOURCE_SRHIBSLE20122017MICS,76.7,76.7,,,MICS 2017. ,2024-08-06T16:05:08Z,2012-2017,2012-01-01,2017-12-31
4342593,SRHINSTITUTIONALBIRTH,COUNTRY,MNG,WPR,Western Pacific,YEAR,2003,,,,,,,DATASOURCE,DATASOURCE_SRHIBMNG19982003RHS,97.3,97.3,,,"RHS 2003.
",2024-08-06T16:05:08Z,1998-2003,1998-01-01,2003-12-31
4368167,SRHINSTITUTIONALBIRTH,COUNTRY,PAK,EMR,Eastern Mediterranean,YEAR,2007,,,,,,,DATASOURCE,DATASOURCE_SRHIBPAK20012007DHS,34.3,34.3,,,"DHS 2006-07. 
",2024-08-06T16:05:08Z,2001-2007,2001-01-01,2007-12-31
4389904,SRHINSTITUTIONALBIRTH,COUNTRY,BIH,EUR,Europe,YEAR,1997,,,,,,,DATASOURCE,DATASOURCE_SRHIBBIH1997STAT,97.9,97.9,,,"Federal Office of Statistics [Bosnia and Herzegovina]; 2006.
",2024-08-06T16:05:08Z,1997,1997-01-01,1997-12-31
4394362,SRHINSTITUTIONALBIRTH,COUNTRY,USA,AMR,Americas,YEAR,2000,,,,,,,DATASOURCE,DATASOURCE_SRHIBUSA2000STAT,99.1,99.1,,,"National Center for Health Statistics [USA]. Births: Final Data for 2000; 2002.
",2024-08-06T16:05:08Z,2000,2000-01-01,2000-12-31
4394748,SRHINSTITUTIONALBIRTH,COUNTRY,GTM,AMR,Americas,YEAR,2008,,,,,,,DATASOURCE,DATASOURCE_SRHIBGTM20032008STAT,51.2,51.2,,,"Ministerio de Salud Pública y Asistencia Social (MSPAS) [Guatemala], Instituto Nacional de Estadística (INE) [Guatemala], CDC; 2010. ",2024-08-06T16:05:08Z,2003-2008,2003-01-01,2008-12-31
4401386,SRHINSTITUTIONALBIRTH,COUNTRY,FIN,EUR,Europe,YEAR,2004,,,,,,,DATASOURCE,DATASOURCE_SRHIBFIN2004GOV,99.8,99.8,,,"National Institute for Health and Welfare (THL) [Finland]; 2014.
",2024-08-06T16:05:08Z,2004,2004-01-01,2004-12-31
4407332,SRHINSTITUTIONALBIRTH,COUNTRY,AFG,EMR,Eastern Mediterranean,YEAR,2010,,,,,,,DATASOURCE,DATASOURCE_SRHIBAFG20052010WHO,32.4,32.4,,,"APHI/MoPH [Afghanistan], CSO [Afghanistan], ICF Macro, IIHMR [India], WHO/EMRO; 2011.",2024-08-06T16:05:08Z,2005-2010,2005-01-01,2010-12-31
4416465,SRHINSTITUTIONALBIRTH,COUNTRY,GNB,AFR,Africa,YEAR,2014,,,,,,,DATASOURCE,DATASOURCE_SRHIBGNB20122014MICS,44.0,44,,,"MICS 2014. 
",2024-08-06T16:05:08Z,2012-2014,2012-01-01,2014-12-31
4426474,SRHINSTITUTIONALBIRTH,COUNTRY,SEN,AFR,Africa,YEAR,2011,,,,,,,DATASOURCE,DATASOURCE_SRHIBSEN20052011DHS,72.8,72.8,,,"DHS 2010-11. 
",2024-08-06T16:05:08Z,2005-2011,2005-01-01,2011-12-31
4429554,SRHINSTITUTIONALBIRTH,COUNTRY,NIC,AMR,Americas,YEAR,2013,,,,,,,DATASOURCE,DATASOURCE_SRHIBNIC2013GOV,71.0,71,,,Government of Nicaragua; 2014. ,2024-08-06T16:05:08Z,2013,2013-01-01,2013-12-31
4429632,SRHINSTITUTIONALBIRTH,COUNTRY,NOR,EUR,Europe,YEAR,1998,,,,,,,DATASOURCE,DATASOURCE_SRHIBNOR1998GOV,99.1,99.1,,,"Folkehelseinstituttet [Norwegian Institute of Public Health (NIPH)]; 1999.
",2024-08-06T16:05:08Z,1998,1998-01-01,1998-12-31
4441150,SRHINSTITUTIONALBIRTH,COUNTRY,MLT,EUR,Europe,YEAR,2007,,,,,,,DATASOURCE,DATASOURCE_SRHIBMLT2007GOV,99.8,99.8,,,Department of Health Information and Research (DHIR) [Malta]; 2008.,2024-08-06T16:05:08Z,2007,2007-01-01,2007-12-31
4452069,SRHINSTITUTIONALBIRTH,COUNTRY,PER,AMR,Americas,YEAR,2000,,,,,,,DATASOURCE,DATASOURCE_SRHIBPER19952000DHS,57.9,57.9,,,"DHS 2000. 
",2024-08-06T16:05:08Z,1995-2000,1995-01-01,2000-12-31
4465996,SRHINSTITUTIONALBIRTH,COUNTRY,ROU,EUR,Europe,YEAR,2020,,,,,,,DATASOURCE,DATASOURCE_SRHIBROU2020STAT,99.9,99.9117987,,,National Institute of Statistics [Romania]; 2023,2024-08-06T16:05:08Z,2020,2020-01-01,2020-12-31
4478411,SRHINSTITUTIONALBIRTH,COUNTRY,SVN,EUR,Europe,YEAR,2009,,,,,,,DATASOURCE,DATASOURCE_SRHIBSVN2009STAT,99.9,99.9,,,"Statistical Office of the Republic of Slovenia; 2011.
",2024-08-06T16:05:08Z,2009,2009-01-01,2009-12-31
4478414,SRHINSTITUTIONALBIRTH,COUNTRY,JOR,EMR,Eastern Mediterranean,YEAR,2023,,,,,,,DATASOURCE,DATASOURCE_SRHIBJOR20212023FHS,99.6,99.6,,,PFHS 2023 (key indicators).,2024-08-06T16:05:08Z,2021-2023,2021-01-01,2023-12-31
4478427,SRHINSTITUTIONALBIRTH,COUNTRY,GHA,AFR,Africa,YEAR,1998,,,,,,,DATASOURCE,DATASOURCE_SRHIBGHA19931998DHS,43.4,43.4,,,"DHS 1998. 
",2024-08-06T16:05:08Z,1993-1998,1993-01-01,1998-12-31
4486719,SRHINSTITUTIONALBIRTH,COUNTRY,ISL,EUR,Europe,YEAR,2000,,,,,,,DATASOURCE,DATASOURCE_SRHIBISL2000GOV,99.3,99.3,,,"Directorate of Health [Iceland]; 2017.
",2024-08-06T16:05:08Z,2000,2000-01-01,2000-12-31
4497370,SRHINSTITUTIONALBIRTH,COUNTRY,CYP,EUR,Europe,YEAR,2006,,,,,,,DATASOURCE,DATASOURCE_SRHIBCYP2006GOV,98.5,98.5,,,"Republic of Cyprus; 2011.
",2024-08-06T16:05:08Z,2006,2006-01-01,2006-12-31
4499661,SRHINSTITUTIONALBIRTH,COUNTRY,CUB,AMR,Americas,YEAR,1994,,,,,,,DATASOURCE,DATASOURCE_SRHIBCUB1994GOV,99.8,99.8,,,Centro Nacional de Información de Ciencias Médicas-Infomed [Cuba]; 2012.,2024-08-06T16:05:08Z,1994,1994-01-01,1994-12-31
4512513,SRHINSTITUTIONALBIRTH,COUNTRY,NIC,AMR,Americas,YEAR,2012,,,,,,,DATASOURCE,DATASOURCE_SRHIBNIC2012GOV,75.0,75,,,Government of Nicaragua; 2014. ,2024-08-06T16:05:08Z,2012,2012-01-01,2012-12-31
4512827,SRHINSTITUTIONALBIRTH,COUNTRY,MLT,EUR,Europe,YEAR,2018,,,,,,,DATASOURCE,DATASOURCE_SRHIBMLT2018GOV,99.7,99.7,,,NOIS 2018. ,2024-08-06T16:05:08Z,2018,2018-01-01,2018-12-31
4513387,SRHINSTITUTIONALBIRTH,COUNTRY,SEN,AFR,Africa,YEAR,2015,,,,,,,DATASOURCE,DATASOURCE_SRHIBSEN20102015DHS,74.5,74.5,,,"DHS 2015 (DHS Continuous). 
",2024-08-06T16:05:08Z,2010-2015,2010-01-01,2015-12-31
4518050,SRHINSTITUTIONALBIRTH,COUNTRY,BIH,EUR,Europe,YEAR,2016,,,,,,,DATASOURCE,DATASOURCE_SRHIBBIH2016STAT,99.9,99.9,,,Institute for Statistics of Federation of Bosnia and Herzegovina; 2018.,2024-08-06T16:05:08Z,2016,2016-01-01,2016-12-31
4525549,SRHINSTITUTIONALBIRTH,COUNTRY,MWI,AFR,Africa,YEAR,2004,,,,,,,DATASOURCE,DATASOURCE_SRHIBMWI19992004DHS,57.2,57.2,,,"DHS 2004. 
",2024-08-06T16:05:08Z,1999-2004,1999-01-01,2004-12-31
4533125,SRHINSTITUTIONALBIRTH,COUNTRY,MRT,AFR,Africa,YEAR,2001,,,,,,,DATASOURCE,DATASOURCE_SRHIBMRT19952001DHS,48.5,48.5,,,"DHS 2000-01. 
",2024-08-06T16:05:08Z,1995-2001,1995-01-01,2001-12-31
4538820,SRHINSTITUTIONALBIRTH,COUNTRY,TLS,SEAR,South-East Asia,YEAR,2003,,,,,,,DATASOURCE,DATASOURCE_SRHIBTLS19982003DHS,9.8,9.8,,,"DHS 2003. 
",2024-08-06T16:05:08Z,1998-2003,1998-01-01,2003-12-31
4542963,SRHINSTITUTIONALBIRTH,COUNTRY,JPN,WPR,Western Pacific,YEAR,2012,,,,,,,DATASOURCE,DATASOURCE_SRHIBJPN2012STAT,99.8,99.8,,,"e-stat, National Statistics Center [Japan]; 2014.",2024-08-06T16:05:08Z,2012,2012-01-01,2012-12-31
4546317,SRHINSTITUTIONALBIRTH,COUNTRY,SGP,WPR,Western Pacific,YEAR,2017,,,,,,,DATASOURCE,DATASOURCE_SRHIBSGP2017STAT,99.6,99.6,,,Department of Statistics [Singapore]; 2018.,2024-08-06T16:05:08Z,2017,2017-01-01,2017-12-31
4556192,SRHINSTITUTIONALBIRTH,COUNTRY,URY,AMR,Americas,YEAR,2008,,,,,,,DATASOURCE,DATASOURCE_SRHIBURY2008GOV,99.4,99.4,,,"Ministerio de Salud Publica [Uruguay]; 2015.
",2024-08-06T16:05:08Z,2008,2008-01-01,2008-12-31
4571312,SRHINSTITUTIONALBIRTH,COUNTRY,KNA,AMR,Americas,YEAR,2022,,,,,,,DATASOURCE,DATASOURCE_SRHIBKNA2022WHO,100.0,100,,,"
PLISA Health Information Platform; 2024.",2024-08-06T16:05:08Z,2022,2022-01-01,2022-12-31
4583120,SRHINSTITUTIONALBIRTH,COUNTRY,ARG,AMR,Americas,YEAR,2007,,,,,,,DATASOURCE,DATASOURCE_SRHIBARG2007GOV,99.3,99.3,,,Ministerio de Salud [Argentina]; 2008.,2024-08-06T16:05:08Z,2007,2007-01-01,2007-12-31
4583495,SRHINSTITUTIONALBIRTH,COUNTRY,VEN,AMR,Americas,YEAR,2001,,,,,,,DATASOURCE,DATASOURCE_SRHIBVEN2001STAT,94.5,94.46116718,,,"Local de asistencia [website]. Venezuela: Instituto Nacional de Estadística, 2016 (accessed 14 October 2016, in Spanish). ",2024-08-06T16:05:08Z,2001,2001-01-01,2001-12-31
4608543,SRHINSTITUTIONALBIRTH,COUNTRY,ECU,AMR,Americas,YEAR,2013,,,,,,,DATASOURCE,DATASOURCE_SRHIBECU2013STAT,92.4,92.4,,,"Instituto Nacional de Estadística y Censos (INEC), Ecuador; 2019.",2024-08-06T16:05:08Z,2013,2013-01-01,2013-12-31
4611272,SRHINSTITUTIONALBIRTH,COUNTRY,CYP,EUR,Europe,YEAR,2003,,,,,,,DATASOURCE,DATASOURCE_SRHIBCYP2003GOV,83.0,83,,,"Republic of Cyprus; 2011.
",2024-08-06T16:05:08Z,2003,2003-01-01,2003-12-31
4621599,SRHINSTITUTIONALBIRTH,COUNTRY,IRL,EUR,Europe,YEAR,2011,,,,,,,DATASOURCE,DATASOURCE_SRHIBIRL2011STAT,99.8,99.8,,,"Health Research and Information Division, the Economic and Social Research Institute (ESRI) [Ireland]. Perinatal Statistics Report 2011;  2012.  ",2024-08-06T16:05:08Z,2011,2011-01-01,2011-12-31
4628998,SRHINSTITUTIONALBIRTH,COUNTRY,ERI,AFR,Africa,YEAR,1995,,,,,,,DATASOURCE,DATASOURCE_SRHIBERI19921995DHS,17.3,17.3,,,"DHS 1995. 
",2024-08-06T16:05:08Z,1992-1995,1992-01-01,1995-12-31
4629606,SRHINSTITUTIONALBIRTH,COUNTRY,SGP,WPR,Western Pacific,YEAR,2002,,,,,,,DATASOURCE,DATASOURCE_SRHIBSGP2002STAT,99.7,99.7,,,"Department of Statistics [Singapore]; 2007.
",2024-08-06T16:05:08Z,2002,2002-01-01,2002-12-31
4649456,SRHINSTITUTIONALBIRTH,COUNTRY,FRA,EUR,Europe,YEAR,2010,,,,,,,DATASOURCE,DATASOURCE_SRHIBFRA2010STAT,97.5,97.5,,,"Institut National de la Statistique et des Études Économiques (INSEE) [France]; 2011.
",2024-08-06T16:05:08Z,2010,2010-01-01,2010-12-31
4649463,SRHINSTITUTIONALBIRTH,COUNTRY,MOZ,AFR,Africa,YEAR,2018,,,,,,,DATASOURCE,DATASOURCE_SRHIBMOZ2018STAT,87.1,87.1,,,National Statistics Institute [Mozambique]; 2019. ,2024-08-06T16:05:08Z,2018,2018-01-01,2018-12-31
4653654,SRHINSTITUTIONALBIRTH,COUNTRY,EST,EUR,Europe,YEAR,1998,,,,,,,DATASOURCE,DATASOURCE_SRHIBEST1998GOV,99.5,99.5,,,"National Institute for Health Development [Estonia]; 2017.
",2024-08-06T16:05:08Z,1998,1998-01-01,1998-12-31
4655195,SRHINSTITUTIONALBIRTH,COUNTRY,BRN,WPR,Western Pacific,YEAR,2003,,,,,,,DATASOURCE,DATASOURCE_SRHIBBRN2003GOV,99.4,99.4,,,"Ministry of Health [Brunei Darussalam]; 2009.
",2024-08-06T16:05:08Z,2003,2003-01-01,2003-12-31
4660004,SRHINSTITUTIONALBIRTH,COUNTRY,CUB,AMR,Americas,YEAR,2022,,,,,,,DATASOURCE,DATASOURCE_SRHIBCUB2022WHO,99.8,99.8,,,PLISA Health Information Platform; 2024.,2024-08-06T16:05:08Z,2022,2022-01-01,2022-12-31
4661037,SRHINSTITUTIONALBIRTH,COUNTRY,USA,AMR,Americas,YEAR,1998,,,,,,,DATASOURCE,DATASOURCE_SRHIBUSA1998STAT,99.0,99,,,"National Center for Health Statistics [USA]; 2000.
",2024-08-06T16:05:08Z,1998,1998-01-01,1998-12-31
4661301,SRHINSTITUTIONALBIRTH,COUNTRY,PRY,AMR,Americas,YEAR,1996,,,,,,,DATASOURCE,DATASOURCE_SRHIBPRY19901996GOV,56.8,56.8,,,"ENDSR-95/96. Centro Paraguay de Estudios de Población (CEPEP), CDC, USAID; 1997.",2024-08-06T16:05:08Z,1990-1996,1990-01-01,1996-12-31
4662515,SRHINSTITUTIONALBIRTH,COUNTRY,MKD,EUR,Europe,YEAR,1999,,,,,,,DATASOURCE,DATASOURCE_SRHIBMKD1999STAT,94.0,94,,,"State Statistical Office [Macedonia]; 2005.
",2024-08-06T16:05:08Z,1999,1999-01-01,1999-12-31
4666788,SRHINSTITUTIONALBIRTH,COUNTRY,IND,SEAR,South-East Asia,YEAR,2016,,,,,,,DATASOURCE,DATASOURCE_SRHIBIND20102016DHS,78.9,78.9,,,DHS NFHS-4 2015-16. ,2024-08-06T16:05:08Z,2010-2016,2010-01-01,2016-12-31
4668836,SRHINSTITUTIONALBIRTH,COUNTRY,QAT,EMR,Eastern Mediterranean,YEAR,2019,,,,,,,DATASOURCE,DATASOURCE_SRHIBQAT2019STAT,99.9,99.9,,,Ministry of Development Planning and Statistics [Qatar]; 2021.,2024-08-06T16:05:08Z,2019,2019-01-01,2019-12-31
4673661,SRHINSTITUTIONALBIRTH,COUNTRY,PER,AMR,Americas,YEAR,2022,,,,,,,DATASOURCE,DATASOURCE_SRHIBPER2022GOV,93.3,93.3,,,ENDES 2022 main report.,2024-08-06T16:05:08Z,2022,2022-01-01,2022-12-31
4681187,SRHINSTITUTIONALBIRTH,COUNTRY,POL,EUR,Europe,YEAR,2020,,,,,,,DATASOURCE,DATASOURCE_SRHIBPOL2020GOV,99.6,99.6,,,Demographic Yearbook of Poland 2021. ,2024-08-06T16:05:08Z,2020,2020-01-01,2020-12-31
4693280,SRHINSTITUTIONALBIRTH,COUNTRY,CHL,AMR,Americas,YEAR,2006,,,,,,,DATASOURCE,DATASOURCE_SRHIBCHL2006STAT,97.7,97.7,,,"Instituto Nacional de Estadísticas [Chile]. Estadísticas Vitales 2006; 2009.
",2024-08-06T16:05:08Z,2006,2006-01-01,2006-12-31
4695235,SRHINSTITUTIONALBIRTH,COUNTRY,BLZ,AMR,Americas,YEAR,2007,,,,,,,DATASOURCE,DATASOURCE_SRHIBBLZ2007WHO,86.9,86.9,,,"Ministry of Health [Belize], WHO/PAHO; 2011.
",2024-08-06T16:05:08Z,2007,2007-01-01,2007-12-31
4701279,SRHINSTITUTIONALBIRTH,COUNTRY,NIC,AMR,Americas,YEAR,2007,,,,,,,DATASOURCE,DATASOURCE_SRHIBNIC2007STAT,75.8,75.8,,,"Oficina Nacional De Estadísticas, Ministerio de Salud [Nicaragua]; 2011. ",2024-08-06T16:05:08Z,2007,2007-01-01,2007-12-31
4707792,SRHINSTITUTIONALBIRTH,COUNTRY,MDV,SEAR,South-East Asia,YEAR,2010,,,,,,,DATASOURCE,DATASOURCE_SRHIBMDV2010GOV,98.8,98.8,,,Ministry of Health and Family [Republic of Maldives]; 2012.,2024-08-06T16:05:08Z,2010,2010-01-01,2010-12-31
4719273,SRHINSTITUTIONALBIRTH,COUNTRY,BLZ,AMR,Americas,YEAR,2003,,,,,,,DATASOURCE,DATASOURCE_SRHIBBLZ2003GOV,76.5,76.5,,,"Ministry of Health [Belize]; 2004.
",2024-08-06T16:05:08Z,2003,2003-01-01,2003-12-31
4720250,SRHINSTITUTIONALBIRTH,COUNTRY,MNE,EUR,Europe,YEAR,2006,,,,,,,DATASOURCE,DATASOURCE_SRHIBMNE20032006MICS,99.5,99.5,,,"MICS 2005. 
",2024-08-06T16:05:08Z,2003-2006,2003-01-01,2006-12-31
4731501,SRHINSTITUTIONALBIRTH,COUNTRY,SLB,WPR,Western Pacific,YEAR,2007,,,,,,,DATASOURCE,DATASOURCE_SRHIBSLB20012007DHS,84.5,84.5,,,"DHS 2006-2007.
",2024-08-06T16:05:08Z,2001-2007,2001-01-01,2007-12-31
4733187,SRHINSTITUTIONALBIRTH,COUNTRY,MOZ,AFR,Africa,YEAR,2005,,,,,,,DATASOURCE,DATASOURCE_SRHIBMOZ2005STAT,48.5,48.5,,,"National Statistics Institute [Mozambique]; 2009. 
",2024-08-06T16:05:08Z,2005,2005-01-01,2005-12-31
4734452,SRHINSTITUTIONALBIRTH,COUNTRY,DEU,EUR,Europe,YEAR,2000,,,,,,,DATASOURCE,DATASOURCE_SRHIBDEU2000GOV,98.6,98.6,,,"QUAG e.V. [Germany]. Qualitätsbericht 2012; 2014.  
",2024-08-06T16:05:08Z,2000,2000-01-01,2000-12-31
4747560,SRHINSTITUTIONALBIRTH,COUNTRY,CAN,AMR,Americas,YEAR,2018,,,,,,,DATASOURCE,DATASOURCE_SRHIBCAN2018STAT,98.0,98,,,Statistics Canada; 2019. ,2024-08-06T16:05:08Z,2018,2018-01-01,2018-12-31
4759664,SRHINSTITUTIONALBIRTH,COUNTRY,MEX,AMR,Americas,YEAR,2003,,,,,,,DATASOURCE,DATASOURCE_SRHIBMEX19982003GOV,88.5,88.5,,,"Secretaría de Salud [Mexico], Universidad Nacional Autónoma de México - Centro Regional de Investigaciones Multidisciplinarias; 2007.",2024-08-06T16:05:08Z,1998-2003,1998-01-01,2003-12-31
4764830,SRHINSTITUTIONALBIRTH,COUNTRY,NIC,AMR,Americas,YEAR,2008,,,,,,,DATASOURCE,DATASOURCE_SRHIBNIC2008STAT,77.6,77.6,,,"Oficina Nacional De Estadísticas, Ministerio de Salud [Nicaragua]; 2011. ",2024-08-06T16:05:08Z,2008,2008-01-01,2008-12-31
4764926,SRHINSTITUTIONALBIRTH,COUNTRY,IND,SEAR,South-East Asia,YEAR,2013,,,,,,,DATASOURCE,DATASOURCE_SRHIBIND2013GOV,74.4,74.4,,,"Ministry of Health and Family Welfare [India]; 2015. 
",2024-08-06T16:05:08Z,2013,2013-01-01,2013-12-31
4784683,SRHINSTITUTIONALBIRTH,COUNTRY,URY,AMR,Americas,YEAR,2013,,,,,,,DATASOURCE,DATASOURCE_SRHIBURY2013GOV,99.5,99.5,,,"Ministerio de Salud Publica [Uruguay]; 2015.
",2024-08-06T16:05:08Z,2013,2013-01-01,2013-12-31
4797953,SRHINSTITUTIONALBIRTH,COUNTRY,NIC,AMR,Americas,YEAR,2021,,,,,,,DATASOURCE,DATASOURCE_SRHIBNIC2021WHO,96.1,96.1,,,PLISA Health Information Platform; 2024.,2024-08-06T16:05:08Z,2021,2021-01-01,2021-12-31
4803028,SRHINSTITUTIONALBIRTH,COUNTRY,SVN,EUR,Europe,YEAR,2002,,,,,,,DATASOURCE,DATASOURCE_SRHIBSVN2002STAT,99.9,99.9,,,"Statistical Office of the Republic of Slovenia; 2006.
",2024-08-06T16:05:08Z,2002,2002-01-01,2002-12-31
4803766,SRHINSTITUTIONALBIRTH,COUNTRY,COL,AMR,Americas,YEAR,2015,,,,,,,DATASOURCE,DATASOURCE_SRHIBCOL20102015DHS,96.9,96.9,,,"DHS 2015. 
",2024-08-06T16:05:08Z,2010-2015,2010-01-01,2015-12-31
4804868,SRHINSTITUTIONALBIRTH,COUNTRY,AGO,AFR,Africa,YEAR,2016,,,,,,,DATASOURCE,DATASOURCE_SRHIBAGO20102016DHS,45.6,45.6,,,DHS 2015-2016. ,2024-08-06T16:05:08Z,2010-2016,2010-01-01,2016-12-31
4817282,SRHINSTITUTIONALBIRTH,COUNTRY,ISL,EUR,Europe,YEAR,1993,,,,,,,DATASOURCE,DATASOURCE_SRHIBISL1993GOV,99.8,99.8,,,"Directorate of Health [Iceland]; 2017.
",2024-08-06T16:05:08Z,1993,1993-01-01,1993-12-31
4823070,SRHINSTITUTIONALBIRTH,COUNTRY,SLV,AMR,Americas,YEAR,2016,,,,,,,DATASOURCE,DATASOURCE_SRHIBSLV2016WHO,99.0,99,,,"WHO/PAHO; 2017.
",2024-08-06T16:05:08Z,2016,2016-01-01,2016-12-31
4824092,SRHINSTITUTIONALBIRTH,COUNTRY,JPN,WPR,Western Pacific,YEAR,2018,,,,,,,DATASOURCE,DATASOURCE_SRHIBJPN2018STAT,99.9,99.9,,,"e-stat, National Statistics Center [Japan]; 2019.",2024-08-06T16:05:08Z,2018,2018-01-01,2018-12-31
4836879,SRHINSTITUTIONALBIRTH,COUNTRY,ITA,EUR,Europe,YEAR,2002,,,,,,,DATASOURCE,DATASOURCE_SRHIBITA2002STAT,99.6,99.6,,,Direzione Generale del Sistema Informativo – Ufficio di Statistica [Italy]; 2004.,2024-08-06T16:05:08Z,2002,2002-01-01,2002-12-31
4842995,SRHINSTITUTIONALBIRTH,COUNTRY,DEU,EUR,Europe,YEAR,1999,,,,,,,DATASOURCE,DATASOURCE_SRHIBDEU1999GOV,98.7,98.7,,,"QUAG e.V. [Germany]. Qualitätsbericht 2012; 2014.  
",2024-08-06T16:05:08Z,1999,1999-01-01,1999-12-31
4847620,SRHINSTITUTIONALBIRTH,COUNTRY,TUN,EMR,Eastern Mediterranean,YEAR,1995,,,,,,,DATASOURCE,DATASOURCE_SRHIBTUN19891995GOV,99.2,99.2,,,"Ministère de la Santé Publique [Ministry of Public Health, Tunisia]; 1996.
",2024-08-06T16:05:08Z,1989-1995,1989-01-01,1995-12-31
4873466,SRHINSTITUTIONALBIRTH,COUNTRY,LVA,EUR,Europe,YEAR,2012,,,,,,,DATASOURCE,DATASOURCE_SRHIBLVA2012GOV,98.6,98.6,,,The Centre for Disease Prevention and Control of Latvia; 2013.,2024-08-06T16:05:08Z,2012,2012-01-01,2012-12-31
4875972,SRHINSTITUTIONALBIRTH,COUNTRY,CHL,AMR,Americas,YEAR,2003,,,,,,,DATASOURCE,DATASOURCE_SRHIBCHL2003STAT,97.9,97.9,,,"Instituto Nacional de Estadísticas [Chile]; 2005.
",2024-08-06T16:05:08Z,2003,2003-01-01,2003-12-31
4881864,SRHINSTITUTIONALBIRTH,COUNTRY,USA,AMR,Americas,YEAR,1996,,,,,,,DATASOURCE,DATASOURCE_SRHIBUSA1996STAT,99.1,99.1,,,"Curtin SC, Park MM. National Center for Health Statistics; 1999.
",2024-08-06T16:05:08Z,1996,1996-01-01,1996-12-31
4886603,SRHINSTITUTIONALBIRTH,COUNTRY,DOM,AMR,Americas,YEAR,2015,,,,,,,DATASOURCE,DATASOURCE_SRHIBDOM2015STAT,99.6,99.6,,,"Oficina Nacional de Estadística (ONE) [Dominican Republic]. Estadísticas Vitales 2015; 2016.
",2024-08-06T16:05:08Z,2015,2015-01-01,2015-12-31
4899540,SRHINSTITUTIONALBIRTH,COUNTRY,JPN,WPR,Western Pacific,YEAR,2008,,,,,,,DATASOURCE,DATASOURCE_SRHIBJPN2008GOV,99.8,99.8,,,"Ministry of Health, Labour and Welfare [Japan]; 2010.",2024-08-06T16:05:08Z,2008,2008-01-01,2008-12-31
4906676,SRHINSTITUTIONALBIRTH,COUNTRY,IRL,EUR,Europe,YEAR,2019,,,,,,,DATASOURCE,DATASOURCE_SRHIBIRL2019GOV,99.7,99.7,,,"Healthcare Pricing Office (HPO), Health Service Executive (HSE) [Ireland]; 2022.",2024-08-06T16:05:08Z,2019,2019-01-01,2019-12-31
4913524,SRHINSTITUTIONALBIRTH,COUNTRY,ROU,EUR,Europe,YEAR,1999,,,,,,,DATASOURCE,DATASOURCE_SRHIBROU19941999RHS,98.0,98,,,"RHS 1999.
",2024-08-06T16:05:08Z,1994-1999,1994-01-01,1999-12-31
4919349,SRHINSTITUTIONALBIRTH,COUNTRY,TUV,WPR,Western Pacific,YEAR,2020,,,,,,,DATASOURCE,DATASOURCE_SRHIBTUV20172020MICS,98.5,98.5,,,MICS 2019-2020.,2024-08-06T16:05:08Z,2017-2020,2017-01-01,2020-12-31
4922210,SRHINSTITUTIONALBIRTH,COUNTRY,BLZ,AMR,Americas,YEAR,2010,,,,,,,DATASOURCE,DATASOURCE_SRHIBBLZ2010WHO,94.3,94.3,,,"Ministry of Health [Belize], WHO/PAHO; 2011.
",2024-08-06T16:05:08Z,2010,2010-01-01,2010-12-31
4938974,SRHINSTITUTIONALBIRTH,COUNTRY,TUR,EUR,Europe,YEAR,2003,,,,,,,DATASOURCE,DATASOURCE_SRHIBTUR19982003DHS,78.2,78.2,,,"DHS 2003. 
",2024-08-06T16:05:08Z,1998-2003,1998-01-01,2003-12-31
4940517,SRHINSTITUTIONALBIRTH,COUNTRY,ITA,EUR,Europe,YEAR,2004,,,,,,,DATASOURCE,DATASOURCE_SRHIBITA2004STAT,99.8,99.8,,,Direzione Generale del Sistema Informativo – Ufficio di Statistica [Italy]; 2007.,2024-08-06T16:05:08Z,2004,2004-01-01,2004-12-31
4946132,SRHINSTITUTIONALBIRTH,COUNTRY,LBN,EMR,Eastern Mediterranean,YEAR,2000,,,,,,,DATASOURCE,DATASOURCE_SRHIBLBN19992000UN,99.9,99.9,,,"Ministry of Public Health [Lebanon], UNICEF; 2001.",2024-08-06T16:05:08Z,1999-2000,1999-01-01,2000-12-31
4947309,SRHINSTITUTIONALBIRTH,COUNTRY,QAT,EMR,Eastern Mediterranean,YEAR,1997,,,,,,,DATASOURCE,DATASOURCE_SRHIBQAT1997GOV,99.9,99.9,,,"The Planning Council [Qatar]; 1998.
",2024-08-06T16:05:08Z,1997,1997-01-01,1997-12-31
4951716,SRHINSTITUTIONALBIRTH,COUNTRY,BIH,EUR,Europe,YEAR,2001,,,,,,,DATASOURCE,DATASOURCE_SRHIBBIH2001STAT,99.8,99.8,,,"Federal Office of Statistics [Bosnia and Herzegovina]; 2006.
",2024-08-06T16:05:08Z,2001,2001-01-01,2001-12-31
4959587,SRHINSTITUTIONALBIRTH,COUNTRY,SAU,EMR,Eastern Mediterranean,YEAR,1996,,,,,,,DATASOURCE,DATASOURCE_SRHIBSAU19931996FHS,91.0,91,,,"FHS 1996-1997.
",2024-08-06T16:05:08Z,1993-1996,1993-01-01,1996-12-31
4972237,SRHINSTITUTIONALBIRTH,COUNTRY,DNK,EUR,Europe,YEAR,2014,,,,,,,DATASOURCE,DATASOURCE_SRHIBDNK2014DATA,95.9,95.9,,,"Sundhedsdatastyrelsen [Denmark]; 2017. 
",2024-08-06T16:05:08Z,2014,2014-01-01,2014-12-31
5010275,SRHINSTITUTIONALBIRTH,COUNTRY,DNK,EUR,Europe,YEAR,1997,,,,,,,DATASOURCE,DATASOURCE_SRHIBDNK1997GOV,98.3,98.3,,,"Sundhedsstyrelsen [Denmark]; 2003.
",2024-08-06T16:05:08Z,1997,1997-01-01,1997-12-31
5018262,SRHINSTITUTIONALBIRTH,COUNTRY,DEU,EUR,Europe,YEAR,2010,,,,,,,DATASOURCE,DATASOURCE_SRHIBDEU2010STAT,98.4,98.4,,,DESTATIS [online database]; 2019. ,2024-08-06T16:05:08Z,2010,2010-01-01,2010-12-31
5019437,SRHINSTITUTIONALBIRTH,COUNTRY,NGA,AFR,Africa,YEAR,2021,,,,,,,DATASOURCE,DATASOURCE_SRHIBNGA20192021GOV,49.0,49,,,MIS 2021.,2024-08-06T16:05:08Z,2019-2021,2019-01-01,2021-12-31
5029577,SRHINSTITUTIONALBIRTH,COUNTRY,AFG,EMR,Eastern Mediterranean,YEAR,2015,,,,,,,DATASOURCE,DATASOURCE_SRHIBAFG20102015DHS,48.1,48.1,,,DHS 2015. ,2024-08-06T16:05:08Z,2010-2015,2010-01-01,2015-12-31
5032622,SRHINSTITUTIONALBIRTH,COUNTRY,AUT,EUR,Europe,YEAR,2020,,,,,,,DATASOURCE,DATASOURCE_SRHIBAUT2020STAT,98.1,98.1,,,Statistics Austria; 2021.,2024-08-06T16:05:08Z,2020,2020-01-01,2020-12-31
5043625,SRHINSTITUTIONALBIRTH,COUNTRY,PNG,WPR,Western Pacific,YEAR,2011,,,,,,,DATASOURCE,DATASOURCE_SRHIBPNG2011GOV,40.0,40,,,"Ministry of Health [Papua New Guinea]; 2016.
",2024-08-06T16:05:08Z,2011,2011-01-01,2011-12-31
5056180,SRHINSTITUTIONALBIRTH,COUNTRY,GUY,AMR,Americas,YEAR,2009,,,,,,,DATASOURCE,DATASOURCE_SRHIBGUY20052009DHS,89.0,89,,,"DHS 2009. 
",2024-08-06T16:05:08Z,2005-2009,2005-01-01,2009-12-31
5056784,SRHINSTITUTIONALBIRTH,COUNTRY,EST,EUR,Europe,YEAR,2007,,,,,,,DATASOURCE,DATASOURCE_SRHIBEST2007GOV,99.4,99.4,,,"National Institute for Health Development [Estonia]; 2013.
",2024-08-06T16:05:08Z,2007,2007-01-01,2007-12-31
5082971,SRHINSTITUTIONALBIRTH,COUNTRY,KWT,EMR,Eastern Mediterranean,YEAR,2007,,,,,,,DATASOURCE,DATASOURCE_SRHIBKWT2007STAT,98.7,98.7,,,Central Statistical Bureau (Office) [Kuwait]; 2008.,2024-08-06T16:05:08Z,2007,2007-01-01,2007-12-31
5083221,SRHINSTITUTIONALBIRTH,COUNTRY,USA,AMR,Americas,YEAR,1992,,,,,,,DATASOURCE,DATASOURCE_SRHIBUSA1992STAT,98.9,98.9,,,"Curtin SC, Park MM. National Center for Health Statistics; 1999.
",2024-08-06T16:05:08Z,1992,1992-01-01,1992-12-31
5089503,SRHINSTITUTIONALBIRTH,COUNTRY,BWA,AFR,Africa,YEAR,2018,,,,,,,DATASOURCE,DATASOURCE_SRHIBBWA2018GOV,99.8,99.8,,,Botswana Maternal Mortality Ratio (MMR) 2014-2018.,2024-08-06T16:05:08Z,2018,2018-01-01,2018-12-31
5089659,SRHINSTITUTIONALBIRTH,COUNTRY,ISL,EUR,Europe,YEAR,1996,,,,,,,DATASOURCE,DATASOURCE_SRHIBISL1996GOV,99.8,99.8,,,"Directorate of Health [Iceland]; 2017.
",2024-08-06T16:05:08Z,1996,1996-01-01,1996-12-31
5095586,SRHINSTITUTIONALBIRTH,COUNTRY,EST,EUR,Europe,YEAR,2009,,,,,,,DATASOURCE,DATASOURCE_SRHIBEST2009GOV,99.2,99.2,,,"National Institute for Health Development [Estonia]; 2013.
",2024-08-06T16:05:08Z,2009,2009-01-01,2009-12-31
5103300,SRHINSTITUTIONALBIRTH,COUNTRY,PAK,EMR,Eastern Mediterranean,YEAR,2014,,,,,,,DATASOURCE,DATASOURCE_SRHIBPAK20132014STAT,56.0,56,,,Pakistan Bureau of Statistics; 2015.,2024-08-06T16:05:08Z,2013-2014,2013-01-01,2014-12-31
5113927,SRHINSTITUTIONALBIRTH,COUNTRY,PER,AMR,Americas,YEAR,2020,,,,,,,DATASOURCE,DATASOURCE_SRHIBPER2020GOV,94.3,94.3,,,ENDES 2022 main report.,2024-08-06T16:05:08Z,2020,2020-01-01,2020-12-31
5114165,SRHINSTITUTIONALBIRTH,COUNTRY,KWT,EMR,Eastern Mediterranean,YEAR,2015,,,,,,,DATASOURCE,DATASOURCE_SRHIBKWT2015STAT,99.9,99.9,,,Central Statistical Bureau (Office) [Kuwait]; 2016.,2024-08-06T16:05:08Z,2015,2015-01-01,2015-12-31
5116721,SRHINSTITUTIONALBIRTH,COUNTRY,AUS,WPR,Western Pacific,YEAR,1995,,,,,,,DATASOURCE,DATASOURCE_SRHIBAUS1995GOV,99.3,99.3,,,"Day P, Lancaster P, Huang J. Australian Institute of Health and Welfare (AIHW). Australia's mothers and babies 1995; 1997.",2024-08-06T16:05:08Z,1995,1995-01-01,1995-12-31
5121140,SRHINSTITUTIONALBIRTH,COUNTRY,BEN,AFR,Africa,YEAR,1996,,,,,,,DATASOURCE,DATASOURCE_SRHIBBEN19931996DHS,63.9,63.9,,,DHS 1996. ,2024-08-06T16:05:08Z,1993-1996,1993-01-01,1996-12-31
5140203,SRHINSTITUTIONALBIRTH,COUNTRY,ECU,AMR,Americas,YEAR,2021,,,,,,,DATASOURCE,DATASOURCE_SRHIBECU2021STAT,96.3,96.3,,,"Instituto Nacional de Estadística y Censos (INEC), Ecuador; 2024.",2024-08-06T16:05:08Z,2021,2021-01-01,2021-12-31
5161684,SRHINSTITUTIONALBIRTH,COUNTRY,AUS,WPR,Western Pacific,YEAR,1998,,,,,,,DATASOURCE,DATASOURCE_SRHIBAUS1998GOV,99.3,99.3,,,"Nassar N, Sullivan EA, Lancaster P, Day P. Australian Institute of Health and Welfare (AIHW); 2000.",2024-08-06T16:05:08Z,1998,1998-01-01,1998-12-31
5166332,SRHINSTITUTIONALBIRTH,COUNTRY,MLI,AFR,Africa,YEAR,2015,,,,,,,DATASOURCE,DATASOURCE_SRHIBMLI20132015MICS,64.5,64.5,,,"MICS 2015. 
",2024-08-06T16:05:08Z,2013-2015,2013-01-01,2015-12-31
5167530,SRHINSTITUTIONALBIRTH,COUNTRY,IND,SEAR,South-East Asia,YEAR,2007,,,,,,,DATASOURCE,DATASOURCE_SRHIBIND2007GOV,38.6,38.6,,,"Ministry of Health and Family Welfare [India]; 2015. 
",2024-08-06T16:05:08Z,2007,2007-01-01,2007-12-31
5172914,SRHINSTITUTIONALBIRTH,COUNTRY,BLZ,AMR,Americas,YEAR,2004,,,,,,,DATASOURCE,DATASOURCE_SRHIBBLZ2004WHO,76.1,76.1,,,"Ministry of Health [Belize],WHO/PAHO; 2009.
",2024-08-06T16:05:08Z,2004,2004-01-01,2004-12-31
5174843,SRHINSTITUTIONALBIRTH,COUNTRY,SVN,EUR,Europe,YEAR,2000,,,,,,,DATASOURCE,DATASOURCE_SRHIBSVN2000STAT,99.9,99.9,,,"Statistical Office of the Republic of Slovenia; 2001.
",2024-08-06T16:05:08Z,2000,2000-01-01,2000-12-31
5181005,SRHINSTITUTIONALBIRTH,COUNTRY,RWA,AFR,Africa,YEAR,2005,,,,,,,DATASOURCE,DATASOURCE_SRHIBRWA20002005DHS,28.2,28.2,,,"DHS 2005. 
",2024-08-06T16:05:08Z,2000-2005,2000-01-01,2005-12-31
5186709,SRHINSTITUTIONALBIRTH,COUNTRY,MDG,AFR,Africa,YEAR,2013,,,,,,,DATASOURCE,DATASOURCE_SRHIBMDG20072013STAT,37.9,37.9,,,"l’Institut National de la Statistique [Madagascar], l’Office National de Nutrition (ONN), UNICEF, FNUAP/UNFPA, PNUD/UNDP; 2014.",2024-08-06T16:05:08Z,2007-2013,2007-01-01,2013-12-31
5188616,SRHINSTITUTIONALBIRTH,COUNTRY,ATG,AMR,Americas,YEAR,2021,,,,,,,DATASOURCE,DATASOURCE_SRHIBATG2021WHO,99.0,99,,,PLISA Health Information Platform; 2024.,2024-08-06T16:05:08Z,2021,2021-01-01,2021-12-31
5199774,SRHINSTITUTIONALBIRTH,COUNTRY,ALB,EUR,Europe,YEAR,2018,,,,,,,DATASOURCE,DATASOURCE_SRHIBALB20122018DHS,98.6,98.6,,,DHS 2017-2018. ,2024-08-06T16:05:08Z,2012-2018,2012-01-01,2018-12-31
5200525,SRHINSTITUTIONALBIRTH,COUNTRY,CPV,AFR,Africa,YEAR,2018,,,,,,,DATASOURCE,DATASOURCE_SRHIBCPV20132018GOV,97.0,97,,,"Inquérito Demográfico e de Saúde Reprodutiva, IDSR-III, Cabo Verde 2018.",2024-08-06T16:05:08Z,2013-2018,2013-01-01,2018-12-31
5225284,SRHINSTITUTIONALBIRTH,COUNTRY,DOM,AMR,Americas,YEAR,2020,,,,,,,DATASOURCE,DATASOURCE_SRHIBDOM2020WHO,99.9,99.9,,,PLISA Health Information Platform; 2024.,2024-08-06T16:05:08Z,2020,2020-01-01,2020-12-31
5226365,SRHINSTITUTIONALBIRTH,COUNTRY,KOR,WPR,Western Pacific,YEAR,2009,,,,,,,DATASOURCE,DATASOURCE_SRHIBKOR2009GOV,99.9,99.9,,,"Korea Institute for Health and Social Affairs; 2012. 
",2024-08-06T16:05:08Z,2009,2009-01-01,2009-12-31
5247198,SRHINSTITUTIONALBIRTH,COUNTRY,TTO,AMR,Americas,YEAR,2002,,,,,,,DATASOURCE,DATASOURCE_SRHIBTTO2002GOV,98.7,98.7,,,"Ministry of Health [Trinidad and Tobago]; 2005.
",2024-08-06T16:05:08Z,2002,2002-01-01,2002-12-31
5251310,SRHINSTITUTIONALBIRTH,COUNTRY,KWT,EMR,Eastern Mediterranean,YEAR,2008,,,,,,,DATASOURCE,DATASOURCE_SRHIBKWT2008STAT,98.7,98.7,,,Central Statistical Bureau (Office) [Kuwait]; 2009.,2024-08-06T16:05:08Z,2008,2008-01-01,2008-12-31
5253214,SRHINSTITUTIONALBIRTH,COUNTRY,TUR,EUR,Europe,YEAR,2022,,,,,,,DATASOURCE,DATASOURCE_SRHIBTUR2022STAT,97.3,97.3,,,Health Statistics Yearbook 2022.,2024-08-06T16:05:08Z,2022,2022-01-01,2022-12-31
5259542,SRHINSTITUTIONALBIRTH,COUNTRY,CHL,AMR,Americas,YEAR,2005,,,,,,,DATASOURCE,DATASOURCE_SRHIBCHL2005STAT,97.7,97.7,,,"Instituto Nacional de Estadísticas [Chile]; 2008.
",2024-08-06T16:05:08Z,2005,2005-01-01,2005-12-31
5264931,SRHINSTITUTIONALBIRTH,COUNTRY,HTI,AMR,Americas,YEAR,2000,,,,,,,DATASOURCE,DATASOURCE_SRHIBHTI19952000DHS,23.2,23.2,,,"DHS 2000. 
",2024-08-06T16:05:08Z,1995-2000,1995-01-01,2000-12-31
5277436,SRHINSTITUTIONALBIRTH,COUNTRY,CHL,AMR,Americas,YEAR,2013,,,,,,,DATASOURCE,DATASOURCE_SRHIBCHL2013STAT,99.8,99.8,,,"Instituto Nacional de Estadísticas [Chile]; 2015.
",2024-08-06T16:05:08Z,2013,2013-01-01,2013-12-31
5289784,SRHINSTITUTIONALBIRTH,COUNTRY,TUR,EUR,Europe,YEAR,1993,,,,,,,DATASOURCE,DATASOURCE_SRHIBTUR19881993DHS,59.6,59.6,,,"DHS 1993.
",2024-08-06T16:05:08Z,1988-1993,1988-01-01,1993-12-31
5292407,SRHINSTITUTIONALBIRTH,COUNTRY,AUT,EUR,Europe,YEAR,2018,,,,,,,DATASOURCE,DATASOURCE_SRHIBAUT2018STAT,98.4,98.4,,,Statistics Austria; 2019.,2024-08-06T16:05:08Z,2018,2018-01-01,2018-12-31
5297644,SRHINSTITUTIONALBIRTH,COUNTRY,BRA,AMR,Americas,YEAR,2010,,,,,,,DATASOURCE,DATASOURCE_SRHIBBRA2010DATA,98.9,98.9,,,"DATASUS, MS/SVS/DASIS [Brazil]. Período: 2010; 2012.
",2024-08-06T16:05:08Z,2010,2010-01-01,2010-12-31
5303875,SRHINSTITUTIONALBIRTH,COUNTRY,ROU,EUR,Europe,YEAR,2002,,,,,,,DATASOURCE,DATASOURCE_SRHIBROU2002STAT,99.9,99.87552477,,,National Institute of Statistics [Romania]; 2023,2024-08-06T16:05:08Z,2002,2002-01-01,2002-12-31
5304677,SRHINSTITUTIONALBIRTH,COUNTRY,CAN,AMR,Americas,YEAR,1993,,,,,,,DATASOURCE,DATASOURCE_SRHIBCAN1993STAT,99.4,99.4,,,"Statistics Canada; 2013. 
",2024-08-06T16:05:08Z,1993,1993-01-01,1993-12-31
5304797,SRHINSTITUTIONALBIRTH,COUNTRY,MOZ,AFR,Africa,YEAR,2023,,,,,,,DATASOURCE,DATASOURCE_SRHIBMOZ20202023DHS,64.6,64.6,,,DHS 2022-2023.,2024-08-06T16:05:08Z,2020-2023,2020-01-01,2023-12-31
5315552,SRHINSTITUTIONALBIRTH,COUNTRY,NOR,EUR,Europe,YEAR,1995,,,,,,,DATASOURCE,DATASOURCE_SRHIBNOR1995GOV,99.2,99.2,,,Folkehelseinstituttet [Norwegian Institute of Public Health (NIPH)]; 1996.,2024-08-06T16:05:08Z,1995,1995-01-01,1995-12-31
5316636,SRHINSTITUTIONALBIRTH,COUNTRY,ZWE,AFR,Africa,YEAR,2011,,,,,,,DATASOURCE,DATASOURCE_SRHIBZWE20052011DHS,65.1,65.1,,,"DHS 2010-11. 
",2024-08-06T16:05:08Z,2005-2011,2005-01-01,2011-12-31
5317965,SRHINSTITUTIONALBIRTH,COUNTRY,WSM,WPR,Western Pacific,YEAR,2014,,,,,,,DATASOURCE,DATASOURCE_SRHIBWSM20092014DHS,81.9,81.9,,,"DHS 2014. 
",2024-08-06T16:05:08Z,2009-2014,2009-01-01,2014-12-31
5336515,SRHINSTITUTIONALBIRTH,COUNTRY,SGP,WPR,Western Pacific,YEAR,2016,,,,,,,DATASOURCE,DATASOURCE_SRHIBSGP2016STAT,99.6,99.6,,,"Department of Statistics [Singapore]; 2017.
",2024-08-06T16:05:08Z,2016,2016-01-01,2016-12-31
5342117,SRHINSTITUTIONALBIRTH,COUNTRY,GEO,EUR,Europe,YEAR,2012,,,,,,,DATASOURCE,DATASOURCE_SRHIBGEO2012GOV,99.7,99.7,,,"Ministry of Labour, Health and Social Affairs of Georgia; 2015.
",2024-08-06T16:05:08Z,2012,2012-01-01,2012-12-31
5381931,SRHINSTITUTIONALBIRTH,COUNTRY,CZE,EUR,Europe,YEAR,2007,,,,,,,DATASOURCE,DATASOURCE_SRHIBCZE2007STAT,99.7,99.7,,,"Ústav zdravotnických informací a statistiky ČR [Czech Republic]; 2008.
",2024-08-06T16:05:08Z,2007,2007-01-01,2007-12-31
5402859,SRHINSTITUTIONALBIRTH,COUNTRY,BGR,EUR,Europe,YEAR,2017,,,,,,,DATASOURCE,DATASOURCE_SRHIBBGR2017STAT,92.2,92.2,,,Annual Bulgaria Public Health Statistics 2019.,2024-08-06T16:05:08Z,2017,2017-01-01,2017-12-31
5403081,SRHINSTITUTIONALBIRTH,COUNTRY,CAN,AMR,Americas,YEAR,2004,,,,,,,DATASOURCE,DATASOURCE_SRHIBCAN2004STAT,99.0,99,,,"Statistics Canada; 2013. 
",2024-08-06T16:05:08Z,2004,2004-01-01,2004-12-31
5409391,SRHINSTITUTIONALBIRTH,COUNTRY,ROU,EUR,Europe,YEAR,2004,,,,,,,DATASOURCE,DATASOURCE_SRHIBROU19992004RHS,99.1,99.1,,,"RHS 2004. 
",2024-08-06T16:05:08Z,1999-2004,1999-01-01,2004-12-31
5415357,SRHINSTITUTIONALBIRTH,COUNTRY,NIC,AMR,Americas,YEAR,2005,,,,,,,DATASOURCE,DATASOURCE_SRHIBNIC2005STAT,58.2,58.2,,,"Oficina Nacional De Estadísticas, Ministerio de Salud [Nicaragua]; 2011. ",2024-08-06T16:05:08Z,2005,2005-01-01,2005-12-31
5416213,SRHINSTITUTIONALBIRTH,COUNTRY,NZL,WPR,Western Pacific,YEAR,2000,,,,,,,DATASOURCE,DATASOURCE_SRHIBNZL2000GOV,97.3,97.3,,,Ministry of Health [New Zealand]; 2003.,2024-08-06T16:05:08Z,2000,2000-01-01,2000-12-31
5419378,SRHINSTITUTIONALBIRTH,COUNTRY,BRN,WPR,Western Pacific,YEAR,1997,,,,,,,DATASOURCE,DATASOURCE_SRHIBBRN1997GOV,99.0,99,,,"Ministry of Health [Brunei Darussalam]; 2009.
",2024-08-06T16:05:08Z,1997,1997-01-01,1997-12-31
5428196,SRHINSTITUTIONALBIRTH,COUNTRY,GHA,AFR,Africa,YEAR,2017,,,,,,,DATASOURCE,DATASOURCE_SRHIBGHA20122017DHS,78.7,78.7,,,DHS 2017: Maternal Health Survey 2017. ,2024-08-06T16:05:08Z,2012-2017,2012-01-01,2017-12-31
5432552,SRHINSTITUTIONALBIRTH,COUNTRY,DEU,EUR,Europe,YEAR,2017,,,,,,,DATASOURCE,DATASOURCE_SRHIBDEU2017STAT,98.8,98.8,,,DESTATIS [online database]; 2019. ,2024-08-06T16:05:08Z,2017,2017-01-01,2017-12-31
5433881,SRHINSTITUTIONALBIRTH,COUNTRY,COL,AMR,Americas,YEAR,1995,,,,,,,DATASOURCE,DATASOURCE_SRHIBCOL19901995DHS,76.8,76.8,,,"DHS 1995. 
",2024-08-06T16:05:08Z,1990-1995,1990-01-01,1995-12-31
5455094,SRHINSTITUTIONALBIRTH,COUNTRY,ARG,AMR,Americas,YEAR,2013,,,,,,,DATASOURCE,DATASOURCE_SRHIBARG2013GOV,99.6,99.6,,,Ministerio de Salud [Argentina]; 2014.,2024-08-06T16:05:08Z,2013,2013-01-01,2013-12-31
5473902,SRHINSTITUTIONALBIRTH,COUNTRY,DEU,EUR,Europe,YEAR,2012,,,,,,,DATASOURCE,DATASOURCE_SRHIBDEU2012STAT,98.5,98.5,,,DESTATIS [online database]; 2019. ,2024-08-06T16:05:08Z,2012,2012-01-01,2012-12-31
5474473,SRHINSTITUTIONALBIRTH,COUNTRY,HND,AMR,Americas,YEAR,1992,,,,,,,DATASOURCE,DATASOURCE_SRHIBHND19871992GOV,45.4,45.4,,,"Ministerio de Salud Pública [Honduras], USAID; 1993.
",2024-08-06T16:05:08Z,1987-1992,1987-01-01,1992-12-31
5478435,SRHINSTITUTIONALBIRTH,COUNTRY,QAT,EMR,Eastern Mediterranean,YEAR,2005,,,,,,,DATASOURCE,DATASOURCE_SRHIBQAT2005GOV,100.0,100,,,"The Planning Council [Qatar]; 2006.
",2024-08-06T16:05:08Z,2005,2005-01-01,2005-12-31
5480085,SRHINSTITUTIONALBIRTH,COUNTRY,MLI,AFR,Africa,YEAR,2001,,,,,,,DATASOURCE,DATASOURCE_SRHIBMLI19962001DHS,37.8,37.8,,,"DHS 2001. 
",2024-08-06T16:05:08Z,1996-2001,1996-01-01,2001-12-31
5481162,SRHINSTITUTIONALBIRTH,COUNTRY,USA,AMR,Americas,YEAR,1993,,,,,,,DATASOURCE,DATASOURCE_SRHIBUSA1993STAT,99.0,99,,,"Curtin SC, Park MM. National Center for Health Statistics; 1999.
",2024-08-06T16:05:08Z,1993,1993-01-01,1993-12-31
5497393,SRHINSTITUTIONALBIRTH,COUNTRY,IND,SEAR,South-East Asia,YEAR,2011,,,,,,,DATASOURCE,DATASOURCE_SRHIBIND2011GOV,66.6,66.6,,,"Ministry of Health and Family Welfare [India]; 2015. 
",2024-08-06T16:05:08Z,2011,2011-01-01,2011-12-31
5497506,SRHINSTITUTIONALBIRTH,COUNTRY,PRY,AMR,Americas,YEAR,2016,,,,,,,DATASOURCE,DATASOURCE_SRHIBPRY20142016MICS,93.2,93.2,,,MICS 2016.,2024-08-06T16:05:08Z,2014-2016,2014-01-01,2016-12-31
5512659,SRHINSTITUTIONALBIRTH,COUNTRY,BWA,AFR,Africa,YEAR,2017,,,,,,,DATASOURCE,DATASOURCE_SRHIBBWA2017STAT,99.8,99.8,,,Statistics Botswana (CSO); 2019.,2024-08-06T16:05:08Z,2017,2017-01-01,2017-12-31
5523748,SRHINSTITUTIONALBIRTH,COUNTRY,BDI,AFR,Africa,YEAR,2017,,,,,,,DATASOURCE,DATASOURCE_SRHIBBDI20112017DHS,83.9,83.9,,,"DHS 2016-2017.
",2024-08-06T16:05:08Z,2011-2017,2011-01-01,2017-12-31
5524944,SRHINSTITUTIONALBIRTH,COUNTRY,LSO,AFR,Africa,YEAR,2014,,,,,,,DATASOURCE,DATASOURCE_SRHIBLSO20092014DHS,76.5,76.5,,,DHS 2014. ,2024-08-06T16:05:08Z,2009-2014,2009-01-01,2014-12-31
5529802,SRHINSTITUTIONALBIRTH,COUNTRY,EGY,EMR,Eastern Mediterranean,YEAR,1992,,,,,,,DATASOURCE,DATASOURCE_SRHIBEGY19871992DHS,27.1,27.1,,,"DHS 1992. 
",2024-08-06T16:05:08Z,1987-1992,1987-01-01,1992-12-31
5531836,SRHINSTITUTIONALBIRTH,COUNTRY,VUT,WPR,Western Pacific,YEAR,2013,,,,,,,DATASOURCE,DATASOURCE_SRHIBVUT20082013STAT,88.5,88.5,,,"Vanuatu Ministry of Health, Vanuatu National Statistics Office, SPC; 2014.
",2024-08-06T16:05:08Z,2008-2013,2008-01-01,2013-12-31
5532335,SRHINSTITUTIONALBIRTH,COUNTRY,PLW,WPR,Western Pacific,YEAR,2010,,,,,,,DATASOURCE,DATASOURCE_SRHIBPLW2010GOV,100.0,100,,,"Ministry of Finance [Palau]; 2016.
",2024-08-06T16:05:08Z,2010,2010-01-01,2010-12-31
5532910,SRHINSTITUTIONALBIRTH,COUNTRY,CUB,AMR,Americas,YEAR,2017,,,,,,,DATASOURCE,DATASOURCE_SRHIBCUB2017GOV,99.9,99.9,,,Ministerio de Salud Pública [Cuba]; 2018.,2024-08-06T16:05:08Z,2017,2017-01-01,2017-12-31
5552117,SRHINSTITUTIONALBIRTH,COUNTRY,PRY,AMR,Americas,YEAR,2003,,,,,,,DATASOURCE,DATASOURCE_SRHIBPRY2003STAT,86.3,86.3,,,"Dirección General de Estadística, Encuestas y Censos (DGEEC) [Paraguay]; 2005.
",2024-08-06T16:05:08Z,2003,2003-01-01,2003-12-31
5556881,SRHINSTITUTIONALBIRTH,COUNTRY,EGY,EMR,Eastern Mediterranean,YEAR,2005,,,,,,,DATASOURCE,DATASOURCE_SRHIBEGY20002005DHS,64.6,64.6,,,DHS 2005.,2024-08-06T16:05:08Z,2000-2005,2000-01-01,2005-12-31
5556973,SRHINSTITUTIONALBIRTH,COUNTRY,AUT,EUR,Europe,YEAR,2011,,,,,,,DATASOURCE,DATASOURCE_SRHIBAUT2011STAT,98.6,98.6,,,"Statistik Austria; 2013.
",2024-08-06T16:05:08Z,2011,2011-01-01,2011-12-31
5557138,SRHINSTITUTIONALBIRTH,COUNTRY,DEU,EUR,Europe,YEAR,2021,,,,,,,DATASOURCE,DATASOURCE_SRHIBDEU2021STAT,96.3,96.3,,,DESTATIS [online database]; 2023.,2024-08-06T16:05:08Z,2021,2021-01-01,2021-12-31
5578248,SRHINSTITUTIONALBIRTH,COUNTRY,PAN,AMR,Americas,YEAR,2012,,,,,,,DATASOURCE,DATASOURCE_SRHIBPAN2012STAT,93.9,93.9,,,"Instituto Nacional de Estadística y Censo (INEC) [Panama]. Estadísticas Vitales 2012; 2014.
",2024-08-06T16:05:08Z,2012,2012-01-01,2012-12-31
5588101,SRHINSTITUTIONALBIRTH,COUNTRY,ZMB,AFR,Africa,YEAR,1992,,,,,,,DATASOURCE,DATASOURCE_SRHIBZMB19871992DHS,50.6,50.6,,,"DHS 1992. 
",2024-08-06T16:05:08Z,1987-1992,1987-01-01,1992-12-31
5588866,SRHINSTITUTIONALBIRTH,COUNTRY,CUB,AMR,Americas,YEAR,1992,,,,,,,DATASOURCE,DATASOURCE_SRHIBCUB1992GOV,99.8,99.8,,,Centro Nacional de Información de Ciencias Médicas-Infomed [Cuba]; 2012.,2024-08-06T16:05:08Z,1992,1992-01-01,1992-12-31
5601472,SRHINSTITUTIONALBIRTH,COUNTRY,WSM,WPR,Western Pacific,YEAR,2009,,,,,,,DATASOURCE,DATASOURCE_SRHIBWSM20042009DHS,80.5,80.5,,,"DHS 2009. 
",2024-08-06T16:05:08Z,2004-2009,2004-01-01,2009-12-31
5641425,SRHINSTITUTIONALBIRTH,COUNTRY,UGA,AFR,Africa,YEAR,2006,,,,,,,DATASOURCE,DATASOURCE_SRHIBUGA20012006DHS,41.1,41.1,,,"DHS 2006. 
",2024-08-06T16:05:08Z,2001-2006,2001-01-01,2006-12-31
5648213,SRHINSTITUTIONALBIRTH,COUNTRY,AGO,AFR,Africa,YEAR,1996,,,,,,,DATASOURCE,DATASOURCE_SRHIBAGO19951996MICS,15.7,15.7,,,MICS 1996. ,2024-08-06T16:05:08Z,1995-1996,1995-01-01,1996-12-31
5672777,SRHINSTITUTIONALBIRTH,COUNTRY,NZL,WPR,Western Pacific,YEAR,2014,,,,,,,DATASOURCE,DATASOURCE_SRHIBNZL2014GOV,96.6,96.6,,,Ministry of Health [New Zealand]; 2015.,2024-08-06T16:05:08Z,2014,2014-01-01,2014-12-31
5679470,SRHINSTITUTIONALBIRTH,COUNTRY,HTI,AMR,Americas,YEAR,2019,,,,,,,DATASOURCE,DATASOURCE_SRHIBHTI2019WHO,67.8,67.8,,,PLISA Health Information Platform; 2024.,2024-08-06T16:05:08Z,2019,2019-01-01,2019-12-31
5686796,SRHINSTITUTIONALBIRTH,COUNTRY,BIH,EUR,Europe,YEAR,2011,,,,,,,DATASOURCE,DATASOURCE_SRHIBBIH2011STAT,99.9,99.9,,,Institute for Statistics of Federation of Bosnia and Herzegovina; 2015.,2024-08-06T16:05:08Z,2011,2011-01-01,2011-12-31
5686867,SRHINSTITUTIONALBIRTH,COUNTRY,MKD,EUR,Europe,YEAR,2006,,,,,,,DATASOURCE,DATASOURCE_SRHIBMKD2006STAT,99.2,99.2,,,"State Statistical Office [Macedonia]; 2010.
",2024-08-06T16:05:08Z,2006,2006-01-01,2006-12-31
5700060,SRHINSTITUTIONALBIRTH,COUNTRY,SYR,EMR,Eastern Mediterranean,YEAR,2001,,,,,,,DATASOURCE,DATASOURCE_SRHIBSYR19962001FHS,54.6,54.6,,,"FHS 2001. 
",2024-08-06T16:05:08Z,1996-2001,1996-01-01,2001-12-31
5717996,SRHINSTITUTIONALBIRTH,COUNTRY,USA,AMR,Americas,YEAR,2019,,,,,,,DATASOURCE,DATASOURCE_SRHIBUSA2019STAT,99.0,99,,,National Center for Health Statistics [USA]. Final Data for 2019; 2021.,2024-08-06T16:05:08Z,2019,2019-01-01,2019-12-31
5727471,SRHINSTITUTIONALBIRTH,COUNTRY,DEU,EUR,Europe,YEAR,2008,,,,,,,DATASOURCE,DATASOURCE_SRHIBDEU2008GOV,98.5,98.5,,,"QUAG e.V. [Germany]. Qualitätsbericht 2012; 2014.  
",2024-08-06T16:05:08Z,2008,2008-01-01,2008-12-31
5731392,SRHINSTITUTIONALBIRTH,COUNTRY,ECU,AMR,Americas,YEAR,2005,,,,,,,DATASOURCE,DATASOURCE_SRHIBECU2005STAT,78.0,78,,,"Instituto Nacional de Estadística y Censos (INEC), Ecuador; 2019.",2024-08-06T16:05:08Z,2005,2005-01-01,2005-12-31
5732375,SRHINSTITUTIONALBIRTH,COUNTRY,BLZ,AMR,Americas,YEAR,2019,,,,,,,DATASOURCE,DATASOURCE_SRHIBBLZ2019WHO,93.9,93.9,,,PLISA Health Information Platform; 2024.,2024-08-06T16:05:08Z,2019,2019-01-01,2019-12-31
5738271,SRHINSTITUTIONALBIRTH,COUNTRY,AUS,WPR,Western Pacific,YEAR,2012,,,,,,,DATASOURCE,DATASOURCE_SRHIBAUS2012GOV,99.2,99.2,,,"Hilder L, Zhichao Z, Parker M, Jahan S, Chambers GM. Australian Institute of Health and Welfare (AIHW); 2014. 
",2024-08-06T16:05:08Z,2012,2012-01-01,2012-12-31
5752761,SRHINSTITUTIONALBIRTH,COUNTRY,TGO,AFR,Africa,YEAR,2006,,,,,,,DATASOURCE,DATASOURCE_SRHIBTGO20042006MICS,62.9,62.9,,,"MICS 2006. 
",2024-08-06T16:05:08Z,2004-2006,2004-01-01,2006-12-31
5763558,SRHINSTITUTIONALBIRTH,COUNTRY,DNK,EUR,Europe,YEAR,2007,,,,,,,DATASOURCE,DATASOURCE_SRHIBDNK2007GOV,97.8,97.8,,,"Sundhedsstyrelsen [Denmark]; 2008.
",2024-08-06T16:05:08Z,2007,2007-01-01,2007-12-31
5765435,SRHINSTITUTIONALBIRTH,COUNTRY,PER,AMR,Americas,YEAR,2014,,,,,,,DATASOURCE,DATASOURCE_SRHIBPER20092014DHS,89.2,89.2,,,"DHS 2014 (Continuous).
",2024-08-06T16:05:08Z,2009-2014,2009-01-01,2014-12-31
5766102,SRHINSTITUTIONALBIRTH,COUNTRY,BRB,AMR,Americas,YEAR,2022,,,,,,,DATASOURCE,DATASOURCE_SRHIBBRB2022WHO,98.2,98.2,,,PLISA Health Information Platform; 2024.,2024-08-06T16:05:08Z,2022,2022-01-01,2022-12-31
5797589,SRHINSTITUTIONALBIRTH,COUNTRY,NZL,WPR,Western Pacific,YEAR,2015,,,,,,,DATASOURCE,DATASOURCE_SRHIBNZL2015GOV,96.3,96.3,,,"Ministry of Health [New Zealand]; 2017.
",2024-08-06T16:05:08Z,2015,2015-01-01,2015-12-31
5803112,SRHINSTITUTIONALBIRTH,COUNTRY,BEN,AFR,Africa,YEAR,2018,,,,,,,DATASOURCE,DATASOURCE_SRHIBBEN20122018DHS,83.9,83.9,,,DHS 2017-2018. ,2024-08-06T16:05:08Z,2012-2018,2012-01-01,2018-12-31
5803296,SRHINSTITUTIONALBIRTH,COUNTRY,VNM,WPR,Western Pacific,YEAR,2021,,,,,,,DATASOURCE,DATASOURCE_SRHIBVNM20182021MICS,96.3,96.3,,,MICS 2020-2021.,2024-08-06T16:05:08Z,2018-2021,2018-01-01,2021-12-31
5811854,SRHINSTITUTIONALBIRTH,COUNTRY,SGP,WPR,Western Pacific,YEAR,1996,,,,,,,DATASOURCE,DATASOURCE_SRHIBSGP1996STAT,99.7,99.7,,,"Department of Statistics [Singapore]; 2007.
",2024-08-06T16:05:08Z,1996,1996-01-01,1996-12-31
5816097,SRHINSTITUTIONALBIRTH,COUNTRY,SLV,AMR,Americas,YEAR,1993,,,,,,,DATASOURCE,DATASOURCE_SRHIBSLV19881993GOV,51.0,51,,,ADS [El Salvador]. FESAL -93; 1994.,2024-08-06T16:05:08Z,1988-1993,1988-01-01,1993-12-31
5823352,SRHINSTITUTIONALBIRTH,COUNTRY,SVN,EUR,Europe,YEAR,2005,,,,,,,DATASOURCE,DATASOURCE_SRHIBSVN2005STAT,99.9,99.9,,,"Statistical Office of the Republic of Slovenia; 2006.
",2024-08-06T16:05:08Z,2005,2005-01-01,2005-12-31
5825445,SRHINSTITUTIONALBIRTH,COUNTRY,SGP,WPR,Western Pacific,YEAR,2006,,,,,,,DATASOURCE,DATASOURCE_SRHIBSGP2006STAT,99.7,99.7,,,"Department of Statistics [Singapore]; 2010.
",2024-08-06T16:05:08Z,2006,2006-01-01,2006-12-31
5842113,SRHINSTITUTIONALBIRTH,COUNTRY,FIN,EUR,Europe,YEAR,2006,,,,,,,DATASOURCE,DATASOURCE_SRHIBFIN2006GOV,99.8,99.8,,,"National Institute for Health and Welfare (THL) [Finland]; 2014.
",2024-08-06T16:05:08Z,2006,2006-01-01,2006-12-31
5842979,SRHINSTITUTIONALBIRTH,COUNTRY,GTM,AMR,Americas,YEAR,2021,,,,,,,DATASOURCE,DATASOURCE_SRHIBGTM2021WHO,71.0,71,,,PLISA Health Information Platform; 2024.,2024-08-06T16:05:08Z,2021,2021-01-01,2021-12-31
5844326,SRHINSTITUTIONALBIRTH,COUNTRY,VEN,AMR,Americas,YEAR,2003,,,,,,,DATASOURCE,DATASOURCE_SRHIBVEN2003STAT,94.5,94.5323552,,,"Local de asistencia [website]. Venezuela: Instituto Nacional de Estadística, 2016 (accessed 14 October 2016, in Spanish). ",2024-08-06T16:05:08Z,2003,2003-01-01,2003-12-31
5863290,SRHINSTITUTIONALBIRTH,COUNTRY,PER,AMR,Americas,YEAR,2000,,,,,,,DATASOURCE,DATASOURCE_SRHIBPER2000STAT,43.1,43.1,,,"Oficina General de Estadística e Informática MINSA [Perú]; 2011.
",2024-08-06T16:05:08Z,2000,2000-01-01,2000-12-31
5863986,SRHINSTITUTIONALBIRTH,COUNTRY,COD,AFR,Africa,YEAR,2007,,,,,,,DATASOURCE,DATASOURCE_SRHIBCOD20022007DHS,70.1,70.1,,,DHS 2007.,2024-08-06T16:05:08Z,2002-2007,2002-01-01,2007-12-31
5869539,SRHINSTITUTIONALBIRTH,COUNTRY,JPN,WPR,Western Pacific,YEAR,2005,,,,,,,DATASOURCE,DATASOURCE_SRHIBJPN2005GOV,99.8,99.8,,,"Ministry of Health, Labour and Welfare [Japan]; 2010.",2024-08-06T16:05:08Z,2005,2005-01-01,2005-12-31
5874229,SRHINSTITUTIONALBIRTH,COUNTRY,ECU,AMR,Americas,YEAR,2000,,,,,,,DATASOURCE,DATASOURCE_SRHIBECU2000STAT,69.8,69.8,,,"Instituto Nacional de Estadística y Censos (INEC), Ecuador; 2019.",2024-08-06T16:05:08Z,2000,2000-01-01,2000-12-31
5907853,SRHINSTITUTIONALBIRTH,COUNTRY,KEN,AFR,Africa,YEAR,2022,,,,,,,DATASOURCE,DATASOURCE_SRHIBKEN20202022DHS,88.1,88.1,,,DHS 2022.,2024-08-06T16:05:08Z,2020-2022,2020-01-01,2022-12-31
5921004,SRHINSTITUTIONALBIRTH,COUNTRY,CAN,AMR,Americas,YEAR,2006,,,,,,,DATASOURCE,DATASOURCE_SRHIBCAN2006STAT,98.8,98.8,,,"Statistics Canada; 2013. 
",2024-08-06T16:05:08Z,2006,2006-01-01,2006-12-31
5926501,SRHINSTITUTIONALBIRTH,COUNTRY,MKD,EUR,Europe,YEAR,1994,,,,,,,DATASOURCE,DATASOURCE_SRHIBMKD1994STAT,91.3,91.3,,,"State Statistical Office [Macedonia]; 2000.
",2024-08-06T16:05:08Z,1994,1994-01-01,1994-12-31
5929255,SRHINSTITUTIONALBIRTH,COUNTRY,CUB,AMR,Americas,YEAR,1991,,,,,,,DATASOURCE,DATASOURCE_SRHIBCUB1991GOV,99.8,99.8,,,Centro Nacional de Información de Ciencias Médicas-Infomed [Cuba]; 2012.,2024-08-06T16:05:08Z,1991,1991-01-01,1991-12-31
5933016,SRHINSTITUTIONALBIRTH,COUNTRY,DEU,EUR,Europe,YEAR,2009,,,,,,,DATASOURCE,DATASOURCE_SRHIBDEU2009GOV,98.3,98.3,,,"QUAG e.V. [Germany]. Qualitätsbericht 2012; 2014.  
",2024-08-06T16:05:08Z,2009,2009-01-01,2009-12-31
5933143,SRHINSTITUTIONALBIRTH,COUNTRY,LVA,EUR,Europe,YEAR,2015,,,,,,,DATASOURCE,DATASOURCE_SRHIBLVA2015GOV,99.9,99.9,,,The Centre for Disease Prevention and Control of Latvia; 2016.,2024-08-06T16:05:08Z,2015,2015-01-01,2015-12-31
5942058,SRHINSTITUTIONALBIRTH,COUNTRY,SYC,AFR,Africa,YEAR,2022,,,,,,,DATASOURCE,DATASOURCE_SRHIBSYC2022STAT,99.3,99.3,,,Annual Vital Statistics Report 2023.,2024-08-06T16:05:08Z,2022,2022-01-01,2022-12-31
5947245,SRHINSTITUTIONALBIRTH,COUNTRY,BRA,AMR,Americas,YEAR,2003,,,,,,,DATASOURCE,DATASOURCE_SRHIBBRA2003DATA,98.4,98.4,,,"DATASUS, MS/SVS/DASIS [Brazil]. Período: 2003; 2011.
",2024-08-06T16:05:08Z,2003,2003-01-01,2003-12-31
5947623,SRHINSTITUTIONALBIRTH,COUNTRY,GEO,EUR,Europe,YEAR,2010,,,,,,,DATASOURCE,DATASOURCE_SRHIBGEO20052010RHS,98.3,98.3,,,RHS 2010.,2024-08-06T16:05:08Z,2005-2010,2005-01-01,2010-12-31
5959107,SRHINSTITUTIONALBIRTH,COUNTRY,YEM,EMR,Eastern Mediterranean,YEAR,2013,,,,,,,DATASOURCE,DATASOURCE_SRHIBYEM20082013DHS,29.8,29.8,,,"DHS 2013. 
",2024-08-06T16:05:08Z,2008-2013,2008-01-01,2013-12-31
5959859,SRHINSTITUTIONALBIRTH,COUNTRY,CHN,WPR,Western Pacific,YEAR,2013,,,,,,,DATASOURCE,DATASOURCE_SRHIBCHN2013GOV,99.5,99.5,,,"National Health and Family Planning Commission of China (NHFPC); 2016. 
",2024-08-06T16:05:08Z,2013,2013-01-01,2013-12-31
5965166,SRHINSTITUTIONALBIRTH,COUNTRY,LBY,EMR,Eastern Mediterranean,YEAR,2007,,,,,,,DATASOURCE,DATASOURCE_SRHIBLBY2007FHS,98.3,98.3,,,"FHS 2007. Preliminary Report. 
",2024-08-06T16:05:08Z,2007,2007-01-01,2007-12-31
5978159,SRHINSTITUTIONALBIRTH,COUNTRY,IND,SEAR,South-East Asia,YEAR,1999,,,,,,,DATASOURCE,DATASOURCE_SRHIBIND19951999GOV,34.0,34,,,"International Institute for Population Sciences (IIPS) [India]; 2000.
",2024-08-06T16:05:08Z,1995-1999,1995-01-01,1999-12-31
6006677,SRHINSTITUTIONALBIRTH,COUNTRY,URY,AMR,Americas,YEAR,2001,,,,,,,DATASOURCE,DATASOURCE_SRHIBURY2001GOV,99.5,99.5,,,"Ministerio de Salud Publica [Uruguay]; 2015.
",2024-08-06T16:05:08Z,2001,2001-01-01,2001-12-31
6010783,SRHINSTITUTIONALBIRTH,COUNTRY,CHL,AMR,Americas,YEAR,2020,,,,,,,DATASOURCE,DATASOURCE_SRHIBCHL2020WHO,99.7,99.7,,,PLISA Health Information Platform; 2024.,2024-08-06T16:05:08Z,2020,2020-01-01,2020-12-31
6011239,SRHINSTITUTIONALBIRTH,COUNTRY,GEO,EUR,Europe,YEAR,2000,,,,,,,DATASOURCE,DATASOURCE_SRHIBGEO19932000RHS,92.2,92.2,,,"RHS 1999.
",2024-08-06T16:05:08Z,1993-2000,1993-01-01,2000-12-31
6017385,SRHINSTITUTIONALBIRTH,COUNTRY,ECU,AMR,Americas,YEAR,1998,,,,,,,DATASOURCE,DATASOURCE_SRHIBECU1998STAT,67.5,67.5,,,"Instituto Nacional de Estadística y Censos (INEC), Ecuador; 2019.",2024-08-06T16:05:08Z,1998,1998-01-01,1998-12-31
6059568,SRHINSTITUTIONALBIRTH,COUNTRY,AUS,WPR,Western Pacific,YEAR,2020,,,,,,,DATASOURCE,DATASOURCE_SRHIBAUS2020GOV,96.0,96,,,Australian Institute of Health and Welfare (AIHW); 2021.,2024-08-06T16:05:08Z,2020,2020-01-01,2020-12-31
6077668,SRHINSTITUTIONALBIRTH,COUNTRY,ARG,AMR,Americas,YEAR,2003,,,,,,,DATASOURCE,DATASOURCE_SRHIBARG2003GOV,98.7,98.7,,,Ministerio de Salud [Argentina]; 2004.,2024-08-06T16:05:08Z,2003,2003-01-01,2003-12-31
6078551,SRHINSTITUTIONALBIRTH,COUNTRY,ROU,EUR,Europe,YEAR,2000,,,,,,,DATASOURCE,DATASOURCE_SRHIBROU2000STAT,99.5,99.51976332,,,National Institute of Statistics [Romania]; 2023,2024-08-06T16:05:08Z,2000,2000-01-01,2000-12-31
6082516,SRHINSTITUTIONALBIRTH,COUNTRY,CZE,EUR,Europe,YEAR,2012,,,,,,,DATASOURCE,DATASOURCE_SRHIBCZE2012STAT,99.9,99.9,,,"Ústav zdravotnických informací a statistiky ČR [Czech Republic]; 2013.
",2024-08-06T16:05:08Z,2012,2012-01-01,2012-12-31
6095359,SRHINSTITUTIONALBIRTH,COUNTRY,NOR,EUR,Europe,YEAR,2004,,,,,,,DATASOURCE,DATASOURCE_SRHIBNOR2004GOV,99.1,99.1,,,"Folkehelseinstituttet [Norwegian Institute of Public Health (NIPH)]; 2005.
",2024-08-06T16:05:08Z,2004,2004-01-01,2004-12-31
6096838,SRHINSTITUTIONALBIRTH,COUNTRY,ARG,AMR,Americas,YEAR,2004,,,,,,,DATASOURCE,DATASOURCE_SRHIBARG2004GOV,99.0,99,,,Ministerio de Salud [Argentina]; 2005.,2024-08-06T16:05:08Z,2004,2004-01-01,2004-12-31
6102902,SRHINSTITUTIONALBIRTH,COUNTRY,EGY,EMR,Eastern Mediterranean,YEAR,2008,,,,,,,DATASOURCE,DATASOURCE_SRHIBEGY20032008DHS,71.7,71.7,,,DHS 2008. ,2024-08-06T16:05:08Z,2003-2008,2003-01-01,2008-12-31
6104803,SRHINSTITUTIONALBIRTH,COUNTRY,QAT,EMR,Eastern Mediterranean,YEAR,2007,,,,,,,DATASOURCE,DATASOURCE_SRHIBQAT2007STAT,99.9,99.9,,,"Statistics Authority [Qatar]; 2008.
",2024-08-06T16:05:08Z,2007,2007-01-01,2007-12-31
6115429,SRHINSTITUTIONALBIRTH,COUNTRY,DOM,AMR,Americas,YEAR,2018,,,,,,,DATASOURCE,DATASOURCE_SRHIBDOM2018WHO,99.9,99.9,,,WHO/PAHO; 2019. ,2024-08-06T16:05:08Z,2018,2018-01-01,2018-12-31
6123149,SRHINSTITUTIONALBIRTH,COUNTRY,FIN,EUR,Europe,YEAR,2009,,,,,,,DATASOURCE,DATASOURCE_SRHIBFIN2009GOV,99.8,99.8,,,"National Institute for Health and Welfare (THL) [Finland]; 2014.
",2024-08-06T16:05:08Z,2009,2009-01-01,2009-12-31
6134238,SRHINSTITUTIONALBIRTH,COUNTRY,AUS,WPR,Western Pacific,YEAR,2000,,,,,,,DATASOURCE,DATASOURCE_SRHIBAUS2000GOV,99.3,99.3,,,Australian Institute of Health and Welfare (AIHW); 2003.,2024-08-06T16:05:08Z,2000,2000-01-01,2000-12-31
6161436,SRHINSTITUTIONALBIRTH,COUNTRY,DOM,AMR,Americas,YEAR,2007,,,,,,,DATASOURCE,DATASOURCE_SRHIBDOM20022007DHS,97.5,97.5,,,"DHS 2007. 
",2024-08-06T16:05:08Z,2002-2007,2002-01-01,2007-12-31
6169920,SRHINSTITUTIONALBIRTH,COUNTRY,KWT,EMR,Eastern Mediterranean,YEAR,2019,,,,,,,DATASOURCE,DATASOURCE_SRHIBKWT2019STAT,99.9,99.9,,,Central Statistical Bureau (Office) [Kuwait]; 2019.,2024-08-06T16:05:08Z,2019,2019-01-01,2019-12-31
6181836,SRHINSTITUTIONALBIRTH,COUNTRY,SGP,WPR,Western Pacific,YEAR,1998,,,,,,,DATASOURCE,DATASOURCE_SRHIBSGP1998STAT,99.7,99.7,,,"Department of Statistics [Singapore]; 2009.
",2024-08-06T16:05:08Z,1998,1998-01-01,1998-12-31
6186787,SRHINSTITUTIONALBIRTH,COUNTRY,POL,EUR,Europe,YEAR,2000,,,,,,,DATASOURCE,DATASOURCE_SRHIBPOL2000STAT,99.4,99.4,,,"Central Statistical Office [Poland]; 2010.
",2024-08-06T16:05:08Z,2000,2000-01-01,2000-12-31
6189264,SRHINSTITUTIONALBIRTH,COUNTRY,NAM,AFR,Africa,YEAR,2000,,,,,,,DATASOURCE,DATASOURCE_SRHIBNAM19852000DHS,74.7,74.7,,,"DHS 2000. 
",2024-08-06T16:05:08Z,1985-2000,1985-01-01,2000-12-31
6194249,SRHINSTITUTIONALBIRTH,COUNTRY,PLW,WPR,Western Pacific,YEAR,2011,,,,,,,DATASOURCE,DATASOURCE_SRHIBPLW2011GOV,100.0,100,,,"Ministry of Finance [Palau]; 2016.
",2024-08-06T16:05:08Z,2011,2011-01-01,2011-12-31
6206409,SRHINSTITUTIONALBIRTH,COUNTRY,ISL,EUR,Europe,YEAR,2008,,,,,,,DATASOURCE,DATASOURCE_SRHIBISL2008GOV,98.7,98.7,,,"Directorate of Health [Iceland]; 2017.
",2024-08-06T16:05:08Z,2008,2008-01-01,2008-12-31
6206468,SRHINSTITUTIONALBIRTH,COUNTRY,IRL,EUR,Europe,YEAR,2008,,,,,,,DATASOURCE,DATASOURCE_SRHIBIRL2008GOV,99.8,99.8,,,"Health Research and Information Division, the Economic and Social Research Institute (ESRI) [Ireland]; 2010.  ",2024-08-06T16:05:08Z,2008,2008-01-01,2008-12-31
6212292,SRHINSTITUTIONALBIRTH,COUNTRY,MLT,EUR,Europe,YEAR,2005,,,,,,,DATASOURCE,DATASOURCE_SRHIBMLT2005GOV,99.7,99.7,,,Department of Health Information (DHI) [Malta]; 2006.,2024-08-06T16:05:08Z,2005,2005-01-01,2005-12-31
6213408,SRHINSTITUTIONALBIRTH,COUNTRY,QAT,EMR,Eastern Mediterranean,YEAR,2000,,,,,,,DATASOURCE,DATASOURCE_SRHIBQAT2000GOV,99.9,99.9,,,"The Planning Council [Qatar]; 2001.
",2024-08-06T16:05:08Z,2000,2000-01-01,2000-12-31
6214007,SRHINSTITUTIONALBIRTH,COUNTRY,MLI,AFR,Africa,YEAR,2006,,,,,,,DATASOURCE,DATASOURCE_SRHIBMLI20012006DHS,45.1,45.1,,,"DHS 2006. 
",2024-08-06T16:05:08Z,2001-2006,2001-01-01,2006-12-31
6225248,SRHINSTITUTIONALBIRTH,COUNTRY,STP,AFR,Africa,YEAR,2006,,,,,,,DATASOURCE,DATASOURCE_SRHIBSTP20042006MICS,78.0,78,,,"MICS 2006. 
",2024-08-06T16:05:08Z,2004-2006,2004-01-01,2006-12-31
6228008,SRHINSTITUTIONALBIRTH,COUNTRY,NOR,EUR,Europe,YEAR,2013,,,,,,,DATASOURCE,DATASOURCE_SRHIBNOR2013GOV,99.1,99.1,,,Folkehelseinstituttet [Norwegian Institute of Public Health (NIPH)]; 2014.,2024-08-06T16:05:08Z,2013,2013-01-01,2013-12-31
6234776,SRHINSTITUTIONALBIRTH,COUNTRY,DOM,AMR,Americas,YEAR,2019,,,,,,,DATASOURCE,DATASOURCE_SRHIBDOM20172019MICS,97.7,97.7,,,MICS 2019.,2024-08-06T16:05:08Z,2017-2019,2017-01-01,2019-12-31
6265440,SRHINSTITUTIONALBIRTH,COUNTRY,NZL,WPR,Western Pacific,YEAR,2011,,,,,,,DATASOURCE,DATASOURCE_SRHIBNZL2011GOV,96.7,96.7,,,Ministry of Health [New Zealand]; 2015.,2024-08-06T16:05:08Z,2011,2011-01-01,2011-12-31
6273525,SRHINSTITUTIONALBIRTH,COUNTRY,BGD,SEAR,South-East Asia,YEAR,2013,,,,,,,DATASOURCE,DATASOURCE_SRHIBBGD20102013GOV,32.8,32.8,,,"National Institute of Population Research and Training (NIPORT); 2014.
",2024-08-06T16:05:08Z,2010-2013,2010-01-01,2013-12-31
6277486,SRHINSTITUTIONALBIRTH,COUNTRY,UZB,EUR,Europe,YEAR,2011,,,,,,,DATASOURCE,DATASOURCE_SRHIBUZB2011UN,99.3,99.3,,,UNICEF CRING: Uzbekistan; 2011. ,2024-08-06T16:05:08Z,2011,2011-01-01,2011-12-31
6278543,SRHINSTITUTIONALBIRTH,COUNTRY,UZB,EUR,Europe,YEAR,2006,,,,,,,DATASOURCE,DATASOURCE_SRHIBUZB20042006MICS,97.3,97.3,,,"MICS 2006. 
",2024-08-06T16:05:08Z,2004-2006,2004-01-01,2006-12-31
6304669,SRHINSTITUTIONALBIRTH,COUNTRY,MKD,EUR,Europe,YEAR,2002,,,,,,,DATASOURCE,DATASOURCE_SRHIBMKD2002STAT,97.3,97.3,,,"State Statistical Office [Macedonia]; 2005.
",2024-08-06T16:05:08Z,2002,2002-01-01,2002-12-31
6304818,SRHINSTITUTIONALBIRTH,COUNTRY,SLV,AMR,Americas,YEAR,2015,,,,,,,DATASOURCE,DATASOURCE_SRHIBSLV2015WHO,91.1,91.1,,,WHO/PAHO; 2016.,2024-08-06T16:05:08Z,2015,2015-01-01,2015-12-31
6312742,SRHINSTITUTIONALBIRTH,COUNTRY,CYP,EUR,Europe,YEAR,2002,,,,,,,DATASOURCE,DATASOURCE_SRHIBCYP2002GOV,87.4,87.4,,,"Republic of Cyprus; 2011.
",2024-08-06T16:05:08Z,2002,2002-01-01,2002-12-31
6331705,SRHINSTITUTIONALBIRTH,COUNTRY,NIC,AMR,Americas,YEAR,2019,,,,,,,DATASOURCE,DATASOURCE_SRHIBNIC2019WHO,94.4,94.4,,,PLISA Health Information Platform; 2024.,2024-08-06T16:05:08Z,2019,2019-01-01,2019-12-31
6344388,SRHINSTITUTIONALBIRTH,COUNTRY,URY,AMR,Americas,YEAR,2017,,,,,,,DATASOURCE,DATASOURCE_SRHIBURY2017WHO,99.7,99.7,,,WHO/PAHO; 2018.,2024-08-06T16:05:08Z,2017,2017-01-01,2017-12-31
6355901,SRHINSTITUTIONALBIRTH,COUNTRY,BRN,WPR,Western Pacific,YEAR,2015,,,,,,,DATASOURCE,DATASOURCE_SRHIBBRN2015GOV,100.0,100,,,"Ministry of Health [Brunei Darussalam]; 2017.
",2024-08-06T16:05:08Z,2015,2015-01-01,2015-12-31
6381610,SRHINSTITUTIONALBIRTH,COUNTRY,BLZ,AMR,Americas,YEAR,2000,,,,,,,DATASOURCE,DATASOURCE_SRHIBBLZ2000GOV,76.8,76.8,,,"Ministry of Health [Belize]; 2004.
",2024-08-06T16:05:08Z,2000,2000-01-01,2000-12-31
6388678,SRHINSTITUTIONALBIRTH,COUNTRY,LCA,AMR,Americas,YEAR,2020,,,,,,,DATASOURCE,DATASOURCE_SRHIBLCA2020WHO,99.0,99,,,"
PLISA Health Information Platform; 2024.",2024-08-06T16:05:08Z,2020,2020-01-01,2020-12-31
6394123,SRHINSTITUTIONALBIRTH,COUNTRY,FIN,EUR,Europe,YEAR,2007,,,,,,,DATASOURCE,DATASOURCE_SRHIBFIN2007GOV,99.8,99.8,,,"National Institute for Health and Welfare (THL) [Finland]; 2014.
",2024-08-06T16:05:08Z,2007,2007-01-01,2007-12-31
6403078,SRHINSTITUTIONALBIRTH,COUNTRY,GEO,EUR,Europe,YEAR,2005,,,,,,,DATASOURCE,DATASOURCE_SRHIBGEO20002005RHS,92.4,92.4,,,"RHS 2005.
",2024-08-06T16:05:08Z,2000-2005,2000-01-01,2005-12-31
6408388,SRHINSTITUTIONALBIRTH,COUNTRY,BIH,EUR,Europe,YEAR,2003,,,,,,,DATASOURCE,DATASOURCE_SRHIBBIH2003STAT,99.9,99.9,,,"Federal Office of Statistics [Bosnia and Herzegovina]; 2006.
",2024-08-06T16:05:08Z,2003,2003-01-01,2003-12-31
6408410,SRHINSTITUTIONALBIRTH,COUNTRY,MOZ,AFR,Africa,YEAR,2016,,,,,,,DATASOURCE,DATASOURCE_SRHIBMOZ2016STAT,76.6,76.6,,,National Statistics Institute [Mozambique]; 2017. ,2024-08-06T16:05:08Z,2016,2016-01-01,2016-12-31
6408955,SRHINSTITUTIONALBIRTH,COUNTRY,POL,EUR,Europe,YEAR,2019,,,,,,,DATASOURCE,DATASOURCE_SRHIBPOL2019GOV,99.8,99.8,,,Demographic Yearbook of Poland 2020. ,2024-08-06T16:05:08Z,2019,2019-01-01,2019-12-31
6426910,SRHINSTITUTIONALBIRTH,COUNTRY,CUB,AMR,Americas,YEAR,2011,,,,,,,DATASOURCE,DATASOURCE_SRHIBCUB2011GOV,99.9,99.9,,,"Ministerio de Salud Pública [Cuba]; 2016.
",2024-08-06T16:05:08Z,2011,2011-01-01,2011-12-31
6433643,SRHINSTITUTIONALBIRTH,COUNTRY,MDG,AFR,Africa,YEAR,1997,,,,,,,DATASOURCE,DATASOURCE_SRHIBMDG19941997DHS,34.2,34.2,,,DHS 1997. ,2024-08-06T16:05:08Z,1994-1997,1994-01-01,1997-12-31
6447567,SRHINSTITUTIONALBIRTH,COUNTRY,EST,EUR,Europe,YEAR,1993,,,,,,,DATASOURCE,DATASOURCE_SRHIBEST1993GOV,99.1,99.1,,,"National Institute for Health Development [Estonia]; 2017.
",2024-08-06T16:05:08Z,1993,1993-01-01,1993-12-31
6452961,SRHINSTITUTIONALBIRTH,COUNTRY,CHN,WPR,Western Pacific,YEAR,1999,,,,,,,DATASOURCE,DATASOURCE_SRHIBCHN1999GOV,70.0,70,,,"National Health and Family Planning Commission of China (NHFPC); 2016. 
",2024-08-06T16:05:08Z,1999,1999-01-01,1999-12-31
6458627,SRHINSTITUTIONALBIRTH,COUNTRY,MKD,EUR,Europe,YEAR,2019,,,,,,,DATASOURCE,DATASOURCE_SRHIBMKD20162019MICS,99.1,99.1,,,MICS 2018-2019.,2024-08-06T16:05:08Z,2016-2019,2016-01-01,2019-12-31
6479836,SRHINSTITUTIONALBIRTH,COUNTRY,CIV,AFR,Africa,YEAR,1999,,,,,,,DATASOURCE,DATASOURCE_SRHIBCIV19931999DHS,47.1,47.1,,,DHS 1998-1999. ,2024-08-06T16:05:08Z,1993-1999,1993-01-01,1999-12-31
6499748,SRHINSTITUTIONALBIRTH,COUNTRY,BGD,SEAR,South-East Asia,YEAR,2022,,,,,,,DATASOURCE,DATASOURCE_SRHIBBGD20202022DHS,64.8,64.8,,,DHS 2022 (Key Indicator Report).,2024-08-06T16:05:08Z,2020-2022,2020-01-01,2022-12-31
6512222,SRHINSTITUTIONALBIRTH,COUNTRY,MLT,EUR,Europe,YEAR,2008,,,,,,,DATASOURCE,DATASOURCE_SRHIBMLT2008GOV,99.9,99.9,,,Department of Health Information and Research (DHIR) [Malta]; 2009.,2024-08-06T16:05:08Z,2008,2008-01-01,2008-12-31
6518717,SRHINSTITUTIONALBIRTH,COUNTRY,FJI,WPR,Western Pacific,YEAR,2003,,,,,,,DATASOURCE,DATASOURCE_SRHIBFJI2003GOV,96.7,96.7,,,"Ministry of Health [Fiji]; 2007.
",2024-08-06T16:05:08Z,2003,2003-01-01,2003-12-31
6524236,SRHINSTITUTIONALBIRTH,COUNTRY,FIN,EUR,Europe,YEAR,1993,,,,,,,DATASOURCE,DATASOURCE_SRHIBFIN1993GOV,98.6,98.6,,,"National Research and Development Centre for Welfare and Health [Finland]; 2003.
",2024-08-06T16:05:08Z,1993,1993-01-01,1993-12-31
6526451,SRHINSTITUTIONALBIRTH,COUNTRY,BOL,AMR,Americas,YEAR,2018,,,,,,,DATASOURCE,DATASOURCE_SRHIBBOL2018WHO,71.5,71.5,,,WHO/PAHO; 2019. ,2024-08-06T16:05:08Z,2018,2018-01-01,2018-12-31
6531086,SRHINSTITUTIONALBIRTH,COUNTRY,ITA,EUR,Europe,YEAR,2011,,,,,,,DATASOURCE,DATASOURCE_SRHIBITA2011STAT,99.9,99.9,,,"Direzione Generale della Digitalizzazione, del Sistema Informativo Sanitario e della Statistica – Ufficio di Statistica [Italy]; 2015.",2024-08-06T16:05:08Z,2011,2011-01-01,2011-12-31
6531227,SRHINSTITUTIONALBIRTH,COUNTRY,LVA,EUR,Europe,YEAR,2009,,,,,,,DATASOURCE,DATASOURCE_SRHIBLVA2009GOV,98.9,98.9,,,The Centre of Health Economics [Latvia]; 2010.,2024-08-06T16:05:08Z,2009,2009-01-01,2009-12-31
6533006,SRHINSTITUTIONALBIRTH,COUNTRY,NZL,WPR,Western Pacific,YEAR,2002,,,,,,,DATASOURCE,DATASOURCE_SRHIBNZL2002GOV,99.2,99.2,,,Ministry of Health [New Zealand]; 2004.,2024-08-06T16:05:08Z,2002,2002-01-01,2002-12-31
6537448,SRHINSTITUTIONALBIRTH,COUNTRY,IDN,WPR,Western Pacific,YEAR,1991,,,,,,,DATASOURCE,DATASOURCE_SRHIBIDN19861991DHS,20.9,20.9,,,"DHS 1991. 
",2024-08-06T16:05:08Z,1986-1991,1986-01-01,1991-12-31
6562601,SRHINSTITUTIONALBIRTH,COUNTRY,POL,EUR,Europe,YEAR,2011,,,,,,,DATASOURCE,DATASOURCE_SRHIBPOL2011STAT,99.8,99.8,,,"Central Statistical Office [Poland]; 2012.
",2024-08-06T16:05:08Z,2011,2011-01-01,2011-12-31
6577032,SRHINSTITUTIONALBIRTH,COUNTRY,USA,AMR,Americas,YEAR,2003,,,,,,,DATASOURCE,DATASOURCE_SRHIBUSA2003STAT,99.1,99.1,,,"National Center for Health Statistics [USA]; 2005.
",2024-08-06T16:05:08Z,2003,2003-01-01,2003-12-31
6583412,SRHINSTITUTIONALBIRTH,COUNTRY,GNB,AFR,Africa,YEAR,2006,,,,,,,DATASOURCE,DATASOURCE_SRHIBGNB20042006MICS,35.9,35.9,,,"MICS 2006. 
",2024-08-06T16:05:08Z,2004-2006,2004-01-01,2006-12-31
6584483,SRHINSTITUTIONALBIRTH,COUNTRY,EST,EUR,Europe,YEAR,2013,,,,,,,DATASOURCE,DATASOURCE_SRHIBEST2013GOV,99.4,99.4,,,"National Institute for Health Development [Estonia]; 2015.
",2024-08-06T16:05:08Z,2013,2013-01-01,2013-12-31
6589389,SRHINSTITUTIONALBIRTH,COUNTRY,CHN,WPR,Western Pacific,YEAR,2007,,,,,,,DATASOURCE,DATASOURCE_SRHIBCHN2007GOV,91.7,91.7,,,"National Health and Family Planning Commission of China (NHFPC); 2016. 
",2024-08-06T16:05:08Z,2007,2007-01-01,2007-12-31
6591472,SRHINSTITUTIONALBIRTH,COUNTRY,UZB,EUR,Europe,YEAR,2012,,,,,,,DATASOURCE,DATASOURCE_SRHIBUZB2012UN,99.3,99.3,,,UNICEF CRING: Uzbekistan; 2012. ,2024-08-06T16:05:08Z,2012,2012-01-01,2012-12-31
6591518,SRHINSTITUTIONALBIRTH,COUNTRY,ISL,EUR,Europe,YEAR,1999,,,,,,,DATASOURCE,DATASOURCE_SRHIBISL1999GOV,99.6,99.6,,,"Directorate of Health [Iceland]; 2017.
",2024-08-06T16:05:08Z,1999,1999-01-01,1999-12-31
6595895,SRHINSTITUTIONALBIRTH,COUNTRY,MOZ,AFR,Africa,YEAR,2008,,,,,,,DATASOURCE,DATASOURCE_SRHIBMOZ2008STAT,55.0,55,,,"National Statistics Institute [Mozambique]; 2009. 
",2024-08-06T16:05:08Z,2008,2008-01-01,2008-12-31
6602438,SRHINSTITUTIONALBIRTH,COUNTRY,GAB,AFR,Africa,YEAR,2021,,,,,,,DATASOURCE,DATASOURCE_SRHIBGAB20142021DHS,95.1,95.1,,,DHS 2019-2021.,2024-08-06T16:05:08Z,2014-2021,2014-01-01,2021-12-31
6603635,SRHINSTITUTIONALBIRTH,COUNTRY,ALB,EUR,Europe,YEAR,2002,,,,,,,DATASOURCE,DATASOURCE_SRHIBALB19972002RHS,94.0,94,,,RHS 2002.,2024-08-06T16:05:08Z,1997-2002,1997-01-01,2002-12-31
6640579,SRHINSTITUTIONALBIRTH,COUNTRY,USA,AMR,Americas,YEAR,1991,,,,,,,DATASOURCE,DATASOURCE_SRHIBUSA1991STAT,98.9,98.9,,,"Curtin SC, Park MM. National Center for Health Statistics; 1999.
",2024-08-06T16:05:08Z,1991,1991-01-01,1991-12-31
6643270,SRHINSTITUTIONALBIRTH,COUNTRY,AFG,EMR,Eastern Mediterranean,YEAR,2014,,,,,,,DATASOURCE,DATASOURCE_SRHIBAFG20082014STAT,42.8,42.8,,,Central Statistics Organization (CSO) [Afghanistan]; 2016.,2024-08-06T16:05:08Z,2008-2014,2008-01-01,2014-12-31
6647137,SRHINSTITUTIONALBIRTH,COUNTRY,TTO,AMR,Americas,YEAR,1998,,,,,,,DATASOURCE,DATASOURCE_SRHIBTTO1998GOV,98.2,98.2,,,"Ministry of Health [Trinidad and Tobago]; 1999.
",2024-08-06T16:05:08Z,1998,1998-01-01,1998-12-31
6649332,SRHINSTITUTIONALBIRTH,COUNTRY,BEN,AFR,Africa,YEAR,2022,,,,,,,DATASOURCE,DATASOURCE_SRHIBBEN20202022MICS,90.6,90.6,,,MICS 2021-2022.,2024-08-06T16:05:08Z,2020-2022,2020-01-01,2022-12-31
6654020,SRHINSTITUTIONALBIRTH,COUNTRY,BHR,EMR,Eastern Mediterranean,YEAR,2002,,,,,,,DATASOURCE,DATASOURCE_SRHIBBHR2002GOV,97.6,97.6,,,"Ministry of Health [Bahrain]; 2003.
",2024-08-06T16:05:08Z,2002,2002-01-01,2002-12-31
6660710,SRHINSTITUTIONALBIRTH,COUNTRY,BIH,EUR,Europe,YEAR,2004,,,,,,,DATASOURCE,DATASOURCE_SRHIBBIH2004STAT,99.9,99.9,,,"Federal Office of Statistics [Bosnia and Herzegovina]; 2006.
",2024-08-06T16:05:08Z,2004,2004-01-01,2004-12-31
6667869,SRHINSTITUTIONALBIRTH,COUNTRY,EST,EUR,Europe,YEAR,2003,,,,,,,DATASOURCE,DATASOURCE_SRHIBEST2003GOV,99.4,99.4,,,"National Institute for Health Development [Estonia]; 2017.
",2024-08-06T16:05:08Z,2003,2003-01-01,2003-12-31
6680180,SRHINSTITUTIONALBIRTH,COUNTRY,JOR,EMR,Eastern Mediterranean,YEAR,2007,,,,,,,DATASOURCE,DATASOURCE_SRHIBJOR20022007DHS,98.7,98.7,,,DHS 2007. ,2024-08-06T16:05:08Z,2002-2007,2002-01-01,2007-12-31
6693328,SRHINSTITUTIONALBIRTH,COUNTRY,DMA,AMR,Americas,YEAR,2016,,,,,,,DATASOURCE,DATASOURCE_SRHIBDMA2016WHO,96.0,96,,,"WHO/PAHO; 2017.
",2024-08-06T16:05:08Z,2016,2016-01-01,2016-12-31
6701381,SRHINSTITUTIONALBIRTH,COUNTRY,BOL,AMR,Americas,YEAR,2020,,,,,,,DATASOURCE,DATASOURCE_SRHIBBOL2020WHO,92.3,92.3,,,PLISA Health Information Platform; 2024.,2024-08-06T16:05:08Z,2020,2020-01-01,2020-12-31
6705539,SRHINSTITUTIONALBIRTH,COUNTRY,YEM,EMR,Eastern Mediterranean,YEAR,2003,,,,,,,DATASOURCE,DATASOURCE_SRHIBYEM19982003STAT,19.6,19.6,,,"FHS. Ministry of Health and Population [Yemen], Central Statistical Organization [Yemen], League of Arab States; 2004.
",2024-08-06T16:05:08Z,1998-2003,1998-01-01,2003-12-31
6708412,SRHINSTITUTIONALBIRTH,COUNTRY,MLI,AFR,Africa,YEAR,1996,,,,,,,DATASOURCE,DATASOURCE_SRHIBMLI19921996DHS,30.4,30.4,,,"DHS 1995-1996. 
",2024-08-06T16:05:08Z,1992-1996,1992-01-01,1996-12-31
6721457,SRHINSTITUTIONALBIRTH,COUNTRY,PRY,AMR,Americas,YEAR,2017,,,,,,,DATASOURCE,DATASOURCE_SRHIBPRY2017STAT,97.3,97.3,,,"Dirección General de Estadística, Encuestas y Censos (DGEEC) [Paraguay]; 2018.",2024-08-06T16:05:08Z,2017,2017-01-01,2017-12-31
6733334,SRHINSTITUTIONALBIRTH,COUNTRY,BTN,SEAR,South-East Asia,YEAR,2012,,,,,,,DATASOURCE,DATASOURCE_SRHIBBTN20112012STAT,76.8,76.8,,,"Asian Development Bank, National Statistics Bureau of Bhutan; 2013.
",2024-08-06T16:05:08Z,2011-2012,2011-01-01,2012-12-31
6744584,SRHINSTITUTIONALBIRTH,COUNTRY,BHS,AMR,Americas,YEAR,2021,,,,,,,DATASOURCE,DATASOURCE_SRHIBBHS2021WHO,99.0,99,,,PLISA Health Information Platform; 2024.,2024-08-06T16:05:08Z,2021,2021-01-01,2021-12-31
6747669,SRHINSTITUTIONALBIRTH,COUNTRY,ZMB,AFR,Africa,YEAR,2014,,,,,,,DATASOURCE,DATASOURCE_SRHIBZMB20082014DHS,67.4,67.4,,,"DHS 2013-14. 
",2024-08-06T16:05:08Z,2008-2014,2008-01-01,2014-12-31
6754170,SRHINSTITUTIONALBIRTH,COUNTRY,ROU,EUR,Europe,YEAR,2019,,,,,,,DATASOURCE,DATASOURCE_SRHIBROU2019STAT,99.9,99.8940371,,,National Institute of Statistics [Romania]; 2023,2024-08-06T16:05:08Z,2019,2019-01-01,2019-12-31
6758768,SRHINSTITUTIONALBIRTH,COUNTRY,IRL,EUR,Europe,YEAR,2010,,,,,,,DATASOURCE,DATASOURCE_SRHIBIRL2010STAT,99.8,99.8,,,"Health Research and Information Division, the Economic and Social Research Institute (ESRI) [Ireland]. Perinatal Statistics Report 2010; 2012.  ",2024-08-06T16:05:08Z,2010,2010-01-01,2010-12-31
6765236,SRHINSTITUTIONALBIRTH,COUNTRY,NIC,AMR,Americas,YEAR,1993,,,,,,,DATASOURCE,DATASOURCE_SRHIBNIC19871993GOV,59.2,59.2,,,"PROFAMILIA, CDC, USAID; 1993.",2024-08-06T16:05:08Z,1987-1993,1987-01-01,1993-12-31
6770406,SRHINSTITUTIONALBIRTH,COUNTRY,MKD,EUR,Europe,YEAR,2003,,,,,,,DATASOURCE,DATASOURCE_SRHIBMKD2003STAT,98.7,98.7,,,"State Statistical Office [Macedonia]; 2005.
",2024-08-06T16:05:08Z,2003,2003-01-01,2003-12-31
6778363,SRHINSTITUTIONALBIRTH,COUNTRY,FJI,WPR,Western Pacific,YEAR,2021,,,,,,,DATASOURCE,DATASOURCE_SRHIBFJI20192021MICS,99.7,99.7,,,MICS 2021.,2024-08-06T16:05:08Z,2019-2021,2019-01-01,2021-12-31
6786110,SRHINSTITUTIONALBIRTH,COUNTRY,KWT,EMR,Eastern Mediterranean,YEAR,2009,,,,,,,DATASOURCE,DATASOURCE_SRHIBKWT2009STAT,98.7,98.7,,,Central Statistical Bureau (Office) [Kuwait]; 2010.,2024-08-06T16:05:08Z,2009,2009-01-01,2009-12-31
6790514,SRHINSTITUTIONALBIRTH,COUNTRY,PAK,EMR,Eastern Mediterranean,YEAR,2009,,,,,,,DATASOURCE,DATASOURCE_SRHIBPAK20082009STAT,35.0,35,,,"Federal Bureau of Statistics [Pakistan]; 2010.
",2024-08-06T16:05:08Z,2008-2009,2008-01-01,2009-12-31
6798882,SRHINSTITUTIONALBIRTH,COUNTRY,EGY,EMR,Eastern Mediterranean,YEAR,2021,,,,,,,DATASOURCE,DATASOURCE_SRHIBEGY20162021FHS,94.7,94.7,,,EFHS 2021.,2024-08-06T16:05:08Z,2016-2021,2016-01-01,2021-12-31
6805457,SRHINSTITUTIONALBIRTH,COUNTRY,AUS,WPR,Western Pacific,YEAR,2018,,,,,,,DATASOURCE,DATASOURCE_SRHIBAUS2018GOV,98.7,98.7,,,"Australian Institute of Health and Welfare (AIHW); 2020.
",2024-08-06T16:05:08Z,2018,2018-01-01,2018-12-31
6809995,SRHINSTITUTIONALBIRTH,COUNTRY,CIV,AFR,Africa,YEAR,2006,,,,,,,DATASOURCE,DATASOURCE_SRHIBCIV20042006MICS,53.8,53.8,,,"MICS 2006. 
",2024-08-06T16:05:08Z,2004-2006,2004-01-01,2006-12-31
6822984,SRHINSTITUTIONALBIRTH,COUNTRY,NOR,EUR,Europe,YEAR,2017,,,,,,,DATASOURCE,DATASOURCE_SRHIBNOR2017GOV,99.2,99.2,,,Folkehelseinstituttet [Norwegian Institute of Public Health (NIPH)]; 2018.,2024-08-06T16:05:08Z,2017,2017-01-01,2017-12-31
6844694,SRHINSTITUTIONALBIRTH,COUNTRY,PRY,AMR,Americas,YEAR,2005,,,,,,,DATASOURCE,DATASOURCE_SRHIBPRY2005STAT,87.5,87.5,,,"Dirección General de Estadística, Encuestas y Censos (DGEEC) [Paraguay]; 2007.
",2024-08-06T16:05:08Z,2005,2005-01-01,2005-12-31
6845096,SRHINSTITUTIONALBIRTH,COUNTRY,JAM,AMR,Americas,YEAR,2005,,,,,,,DATASOURCE,DATASOURCE_SRHIBJAM20032005MICS,94.4,94.4,,,"MICS 2005. 
",2024-08-06T16:05:08Z,2003-2005,2003-01-01,2005-12-31
6868652,SRHINSTITUTIONALBIRTH,COUNTRY,BRA,AMR,Americas,YEAR,2007,,,,,,,DATASOURCE,DATASOURCE_SRHIBBRA2007DATA,98.6,98.6,,,"DATASUS, MS/SVS/DASIS [Brazil]. Período: 2007; 2011.
",2024-08-06T16:05:08Z,2007,2007-01-01,2007-12-31
6870106,SRHINSTITUTIONALBIRTH,COUNTRY,COD,AFR,Africa,YEAR,2014,,,,,,,DATASOURCE,DATASOURCE_SRHIBCOD20082014DHS,79.9,79.9,,,"DHS 2013-2014.
",2024-08-06T16:05:08Z,2008-2014,2008-01-01,2014-12-31
6876314,SRHINSTITUTIONALBIRTH,COUNTRY,KGZ,EUR,Europe,YEAR,2018,,,,,,,DATASOURCE,DATASOURCE_SRHIBKGZ20162018MICS,99.6,99.6,,,MICS 2018. ,2024-08-06T16:05:08Z,2016-2018,2016-01-01,2018-12-31
6890078,SRHINSTITUTIONALBIRTH,COUNTRY,URY,AMR,Americas,YEAR,2003,,,,,,,DATASOURCE,DATASOURCE_SRHIBURY2003GOV,99.3,99.3,,,"Ministerio de Salud Publica [Uruguay]; 2015.
",2024-08-06T16:05:08Z,2003,2003-01-01,2003-12-31
6902136,SRHINSTITUTIONALBIRTH,COUNTRY,TUR,EUR,Europe,YEAR,2013,,,,,,,DATASOURCE,DATASOURCE_SRHIBTUR20082013DHS,97.2,97.2,,,"DHS 2013. 
",2024-08-06T16:05:08Z,2008-2013,2008-01-01,2013-12-31
6921472,SRHINSTITUTIONALBIRTH,COUNTRY,LVA,EUR,Europe,YEAR,2016,,,,,,,DATASOURCE,DATASOURCE_SRHIBLVA2016GOV,99.9,99.9,,,The Centre for Disease Prevention and Control of Latvia; 2017.,2024-08-06T16:05:08Z,2016,2016-01-01,2016-12-31
6946508,SRHINSTITUTIONALBIRTH,COUNTRY,MKD,EUR,Europe,YEAR,1995,,,,,,,DATASOURCE,DATASOURCE_SRHIBMKD1995STAT,92.5,92.5,,,"State Statistical Office [Macedonia]; 2000.
",2024-08-06T16:05:08Z,1995,1995-01-01,1995-12-31
6947255,SRHINSTITUTIONALBIRTH,COUNTRY,FJI,WPR,Western Pacific,YEAR,2004,,,,,,,DATASOURCE,DATASOURCE_SRHIBFJI2004GOV,97.0,97,,,"Ministry of Health [Fiji]; 2007.
",2024-08-06T16:05:08Z,2004,2004-01-01,2004-12-31
6953571,SRHINSTITUTIONALBIRTH,COUNTRY,AUT,EUR,Europe,YEAR,2022,,,,,,,DATASOURCE,DATASOURCE_SRHIBAUT2022STAT,98.1,98.1,,,Statistics Austria; 2023.,2024-08-06T16:05:08Z,2022,2022-01-01,2022-12-31
6953612,SRHINSTITUTIONALBIRTH,COUNTRY,NOR,EUR,Europe,YEAR,2005,,,,,,,DATASOURCE,DATASOURCE_SRHIBNOR2005GOV,99.2,99.2,,,"Folkehelseinstituttet [Norwegian Institute of Public Health (NIPH)]; 2006.
",2024-08-06T16:05:08Z,2005,2005-01-01,2005-12-31
6959487,SRHINSTITUTIONALBIRTH,COUNTRY,ECU,AMR,Americas,YEAR,2004,,,,,,,DATASOURCE,DATASOURCE_SRHIBECU19992004GOV,74.1,74.1,,,"CEPAR, Centro de Estudios de Población y Desarrollo Social, CDC. ENDEMAIN 2004; 2005.
",2024-08-06T16:05:08Z,1999-2004,1999-01-01,2004-12-31
6979439,SRHINSTITUTIONALBIRTH,COUNTRY,BLZ,AMR,Americas,YEAR,1991,,,,,,,DATASOURCE,DATASOURCE_SRHIBBLZ19861991FHS,76.0,76,,,FHS 1991.,2024-08-06T16:05:08Z,1986-1991,1986-01-01,1991-12-31
6981278,SRHINSTITUTIONALBIRTH,COUNTRY,TTO,AMR,Americas,YEAR,2016,,,,,,,DATASOURCE,DATASOURCE_SRHIBTTO2016WHO,100.0,100,,,"WHO/PAHO; 2017.
",2024-08-06T16:05:08Z,2016,2016-01-01,2016-12-31
6985423,SRHINSTITUTIONALBIRTH,COUNTRY,ISL,EUR,Europe,YEAR,2017,,,,,,,DATASOURCE,DATASOURCE_SRHIBISL2017GOV,98.0,98,,,"Directorate of Health [Iceland]; 2019.
",2024-08-06T16:05:08Z,2017,2017-01-01,2017-12-31
6992792,SRHINSTITUTIONALBIRTH,COUNTRY,LVA,EUR,Europe,YEAR,2018,,,,,,,DATASOURCE,DATASOURCE_SRHIBLVA2018GOV,98.5,98.5,,,The Centre for Disease Prevention and Control of Latvia; 2019.,2024-08-06T16:05:08Z,2018,2018-01-01,2018-12-31
7000965,SRHINSTITUTIONALBIRTH,COUNTRY,EST,EUR,Europe,YEAR,1996,,,,,,,DATASOURCE,DATASOURCE_SRHIBEST1996GOV,99.4,99.4,,,"National Institute for Health Development [Estonia]; 2017.
",2024-08-06T16:05:08Z,1996,1996-01-01,1996-12-31
7001123,SRHINSTITUTIONALBIRTH,COUNTRY,NER,AFR,Africa,YEAR,2021,,,,,,,DATASOURCE,DATASOURCE_SRHIBNER20162021GOV,44.6,44.6,,,ENAFEME 2021.,2024-08-06T16:05:08Z,2016-2021,2016-01-01,2021-12-31
7001413,SRHINSTITUTIONALBIRTH,COUNTRY,FJI,WPR,Western Pacific,YEAR,2002,,,,,,,DATASOURCE,DATASOURCE_SRHIBFJI2002GOV,96.9,96.9,,,"Ministry of Health [Fiji]; 2007.
",2024-08-06T16:05:08Z,2002,2002-01-01,2002-12-31
7018298,SRHINSTITUTIONALBIRTH,COUNTRY,ITA,EUR,Europe,YEAR,2019,,,,,,,DATASOURCE,DATASOURCE_SRHIBITA2019GOV,99.8,99.8,,,Certificato di assistenza al parto (CeDAP). Analisi dell’evento nascita - Anno 2019. ,2024-08-06T16:05:08Z,2019,2019-01-01,2019-12-31
7021077,SRHINSTITUTIONALBIRTH,COUNTRY,PLW,WPR,Western Pacific,YEAR,1998,,,,,,,DATASOURCE,DATASOURCE_SRHIBPLW1998GOV,100.0,100,,,"Ministry of Finance [Palau]; 2004.
",2024-08-06T16:05:08Z,1998,1998-01-01,1998-12-31
7031167,SRHINSTITUTIONALBIRTH,COUNTRY,KNA,AMR,Americas,YEAR,2015,,,,,,,DATASOURCE,DATASOURCE_SRHIBKNA2015WHO,100.0,100,,,WHO/PAHO; 2016.,2024-08-06T16:05:08Z,2015,2015-01-01,2015-12-31
7038686,SRHINSTITUTIONALBIRTH,COUNTRY,ATG,AMR,Americas,YEAR,2017,,,,,,,DATASOURCE,DATASOURCE_SRHIBATG2017WHO,100.0,100,,,WHO/PAHO; 2018.,2024-08-06T16:05:08Z,2017,2017-01-01,2017-12-31
7050580,SRHINSTITUTIONALBIRTH,COUNTRY,ISL,EUR,Europe,YEAR,2006,,,,,,,DATASOURCE,DATASOURCE_SRHIBISL2006GOV,98.9,98.9,,,"Directorate of Health [Iceland]; 2017.
",2024-08-06T16:05:08Z,2006,2006-01-01,2006-12-31
7084539,SRHINSTITUTIONALBIRTH,COUNTRY,BRA,AMR,Americas,YEAR,2021,,,,,,,DATASOURCE,DATASOURCE_SRHIBBRA2021WHO,98.9,98.9,,,PLISA Health Information Platform; 2024.,2024-08-06T16:05:08Z,2021,2021-01-01,2021-12-31
7091343,SRHINSTITUTIONALBIRTH,COUNTRY,IRQ,EMR,Eastern Mediterranean,YEAR,2011,,,,,,,DATASOURCE,DATASOURCE_SRHIBIRQ20092011MICS,76.6,76.6,,,MICS 2011. ,2024-08-06T16:05:08Z,2009-2011,2009-01-01,2011-12-31
7092678,SRHINSTITUTIONALBIRTH,COUNTRY,CHL,AMR,Americas,YEAR,2007,,,,,,,DATASOURCE,DATASOURCE_SRHIBCHL2007STAT,97.5,97.5,,,Instituto Nacional de Estadísticas [Chile]. Estadísticas Vitales 2007; 2009.,2024-08-06T16:05:08Z,2007,2007-01-01,2007-12-31
7096506,SRHINSTITUTIONALBIRTH,COUNTRY,ITA,EUR,Europe,YEAR,2009,,,,,,,DATASOURCE,DATASOURCE_SRHIBITA2009STAT,99.8,99.8,,,Direzione Generale del Sistema Informativo – Ufficio di Statistica [Italy]; 2012.,2024-08-06T16:05:08Z,2009,2009-01-01,2009-12-31
7098674,SRHINSTITUTIONALBIRTH,COUNTRY,AUT,EUR,Europe,YEAR,1996,,,,,,,DATASOURCE,DATASOURCE_SRHIBAUT1996STAT,98.2,98.2,,,"Statistik Austria; 2005.
",2024-08-06T16:05:08Z,1996,1996-01-01,1996-12-31
7104103,SRHINSTITUTIONALBIRTH,COUNTRY,SRB,EUR,Europe,YEAR,2010,,,,,,,DATASOURCE,DATASOURCE_SRHIBSRB2010STAT,99.5,99.5,,,"Statistical Office of the Republic of Serbia; 2011.
",2024-08-06T16:05:08Z,2010,2010-01-01,2010-12-31
7105819,SRHINSTITUTIONALBIRTH,COUNTRY,NZL,WPR,Western Pacific,YEAR,2004,,,,,,,DATASOURCE,DATASOURCE_SRHIBNZL2004GOV,94.0,94,,,Ministry of Health [New Zealand]; 2007.,2024-08-06T16:05:08Z,2004,2004-01-01,2004-12-31
7111128,SRHINSTITUTIONALBIRTH,COUNTRY,PAK,EMR,Eastern Mediterranean,YEAR,2003,,,,,,,DATASOURCE,DATASOURCE_SRHIBPAK2003GOV,28.4,28.4,,,"National Institute of Population Studies [Pakistan]; 2004.
",2024-08-06T16:05:08Z,2003,2003-01-01,2003-12-31
7122976,SRHINSTITUTIONALBIRTH,COUNTRY,HTI,AMR,Americas,YEAR,2012,,,,,,,DATASOURCE,DATASOURCE_SRHIBHTI20072012DHS,35.9,35.9,,,"DHS 2012.
",2024-08-06T16:05:08Z,2007-2012,2007-01-01,2012-12-31
7125214,SRHINSTITUTIONALBIRTH,COUNTRY,PER,AMR,Americas,YEAR,2019,,,,,,,DATASOURCE,DATASOURCE_SRHIBPER20142019GOV,92.4,92.4,,,ENDES 2019.,2024-08-06T16:05:08Z,2014-2019,2014-01-01,2019-12-31
7136313,SRHINSTITUTIONALBIRTH,COUNTRY,BIH,EUR,Europe,YEAR,2006,,,,,,,DATASOURCE,DATASOURCE_SRHIBBIH2006STAT,99.9,99.9,,,Federal Office of Statistics [Bosnia and Herzegovina]; 2011.,2024-08-06T16:05:08Z,2006,2006-01-01,2006-12-31
7151090,SRHINSTITUTIONALBIRTH,COUNTRY,BHR,EMR,Eastern Mediterranean,YEAR,2018,,,,,,,DATASOURCE,DATASOURCE_SRHIBBHR2018GOV,99.6,99.6,,,Ministry of Health [Bahrain]; 2018.,2024-08-06T16:05:08Z,2018,2018-01-01,2018-12-31
7161775,SRHINSTITUTIONALBIRTH,COUNTRY,CHN,WPR,Western Pacific,YEAR,2015,,,,,,,DATASOURCE,DATASOURCE_SRHIBCHN2015GOV,99.7,99.7,,,"National Health and Family Planning Commission of China (NHFPC); 2016. 
",2024-08-06T16:05:08Z,2015,2015-01-01,2015-12-31
7183682,SRHINSTITUTIONALBIRTH,COUNTRY,MNG,WPR,Western Pacific,YEAR,2018,,,,,,,DATASOURCE,DATASOURCE_SRHIBMNG20162018MICS,98.4,98.4,,,MICS 2018. ,2024-08-06T16:05:08Z,2016-2018,2016-01-01,2018-12-31
7209545,SRHINSTITUTIONALBIRTH,COUNTRY,DNK,EUR,Europe,YEAR,2005,,,,,,,DATASOURCE,DATASOURCE_SRHIBDNK2005GOV,98.8,98.8,,,"Sundhedsstyrelsen [Denmark]; 2007.
",2024-08-06T16:05:08Z,2005,2005-01-01,2005-12-31
7213088,SRHINSTITUTIONALBIRTH,COUNTRY,BRA,AMR,Americas,YEAR,2004,,,,,,,DATASOURCE,DATASOURCE_SRHIBBRA2004DATA,98.6,98.6,,,"DATASUS, MS/SVS/DASIS [Brazil]. Período: 2004; 2011.
",2024-08-06T16:05:08Z,2004,2004-01-01,2004-12-31
7215550,SRHINSTITUTIONALBIRTH,COUNTRY,ARG,AMR,Americas,YEAR,2009,,,,,,,DATASOURCE,DATASOURCE_SRHIBARG2009GOV,99.4,99.4,,,Ministerio de Salud [Argentina]; 2010.,2024-08-06T16:05:08Z,2009,2009-01-01,2009-12-31
7219800,SRHINSTITUTIONALBIRTH,COUNTRY,SGP,WPR,Western Pacific,YEAR,2011,,,,,,,DATASOURCE,DATASOURCE_SRHIBSGP2011STAT,99.7,99.7,,,"Department of Statistics [Singapore]; 2012.
",2024-08-06T16:05:08Z,2011,2011-01-01,2011-12-31
7228308,SRHINSTITUTIONALBIRTH,COUNTRY,MMR,SEAR,South-East Asia,YEAR,2010,,,,,,,DATASOURCE,DATASOURCE_SRHIBMMR20072010MICS,36.2,36.2,,,"MICS 2009-2010. 
",2024-08-06T16:05:08Z,2007-2010,2007-01-01,2010-12-31
7239391,SRHINSTITUTIONALBIRTH,COUNTRY,ISL,EUR,Europe,YEAR,2001,,,,,,,DATASOURCE,DATASOURCE_SRHIBISL2001GOV,99.5,99.5,,,"Directorate of Health [Iceland]; 2017.
",2024-08-06T16:05:08Z,2001,2001-01-01,2001-12-31
7241382,SRHINSTITUTIONALBIRTH,COUNTRY,NIC,AMR,Americas,YEAR,2020,,,,,,,DATASOURCE,DATASOURCE_SRHIBNIC2020WHO,97.5,97.5,,,PLISA Health Information Platform; 2024.,2024-08-06T16:05:08Z,2020,2020-01-01,2020-12-31
7253157,SRHINSTITUTIONALBIRTH,COUNTRY,SVN,EUR,Europe,YEAR,2010,,,,,,,DATASOURCE,DATASOURCE_SRHIBSVN2010STAT,99.9,99.9,,,"Statistical Office of the Republic of Slovenia; 2011.
",2024-08-06T16:05:08Z,2010,2010-01-01,2010-12-31
7254837,SRHINSTITUTIONALBIRTH,COUNTRY,HND,AMR,Americas,YEAR,2001,,,,,,,DATASOURCE,DATASOURCE_SRHIBHND19962001GOV,55.2,55.2,,,"Secretaría de Salud de Honduras (SS), la Asociación Hondureña de Planificación de Familia (ASHONPLAFA), USAID; 2002.",2024-08-06T16:05:08Z,1996-2001,1996-01-01,2001-12-31
7258605,SRHINSTITUTIONALBIRTH,COUNTRY,KWT,EMR,Eastern Mediterranean,YEAR,2012,,,,,,,DATASOURCE,DATASOURCE_SRHIBKWT2012STAT,98.8,98.8,,,Central Statistical Bureau (Office) [Kuwait]; 2013.,2024-08-06T16:05:08Z,2012,2012-01-01,2012-12-31
7272107,SRHINSTITUTIONALBIRTH,COUNTRY,FSM,WPR,Western Pacific,YEAR,1999,,,,,,,DATASOURCE,DATASOURCE_SRHIBFSM1999GOV,87.8,87.8,,,"SBOC [Micronesia]; 2008.
",2024-08-06T16:05:08Z,1999,1999-01-01,1999-12-31
7274637,SRHINSTITUTIONALBIRTH,COUNTRY,MDV,SEAR,South-East Asia,YEAR,2009,,,,,,,DATASOURCE,DATASOURCE_SRHIBMDV2009GOV,98.3,98.3,,,Ministry of Health and Family [Republic of Maldives]; 2012.,2024-08-06T16:05:08Z,2009,2009-01-01,2009-12-31
7279727,SRHINSTITUTIONALBIRTH,COUNTRY,PRT,EUR,Europe,YEAR,2014,,,,,,,DATASOURCE,DATASOURCE_SRHIBPRT2014STAT,98.9,98.9,,,"Instituto Nacional de Estadística (INE) [Portugal]; 2015.
",2024-08-06T16:05:08Z,2014,2014-01-01,2014-12-31
7307202,SRHINSTITUTIONALBIRTH,COUNTRY,KEN,AFR,Africa,YEAR,2009,,,,,,,DATASOURCE,DATASOURCE_SRHIBKEN20032009DHS,42.6,42.6,,,DHS 2008-09. ,2024-08-06T16:05:08Z,2003-2009,2003-01-01,2009-12-31
7311929,SRHINSTITUTIONALBIRTH,COUNTRY,SLV,AMR,Americas,YEAR,2008,,,,,,,DATASOURCE,DATASOURCE_SRHIBSLV20032008GOV,84.6,84.6,,,"ADS [El Salvador]. FESAL 2008; 2009.
",2024-08-06T16:05:08Z,2003-2008,2003-01-01,2008-12-31
7313193,SRHINSTITUTIONALBIRTH,COUNTRY,CUB,AMR,Americas,YEAR,2000,,,,,,,DATASOURCE,DATASOURCE_SRHIBCUB2000GOV,99.9,99.9,,,"Ministerio de Salud Pública [Cuba]; 2016.
",2024-08-06T16:05:08Z,2000,2000-01-01,2000-12-31
7319684,SRHINSTITUTIONALBIRTH,COUNTRY,CMR,AFR,Africa,YEAR,2004,,,,,,,DATASOURCE,DATASOURCE_SRHIBCMR19992004DHS,59.0,59,,,"DHS 2004. 
",2024-08-06T16:05:08Z,1999-2004,1999-01-01,2004-12-31
7319948,SRHINSTITUTIONALBIRTH,COUNTRY,NOR,EUR,Europe,YEAR,2001,,,,,,,DATASOURCE,DATASOURCE_SRHIBNOR2001GOV,99.1,99.1,,,"Folkehelseinstituttet [Norwegian Institute of Public Health (NIPH)]; 2002.
",2024-08-06T16:05:08Z,2001,2001-01-01,2001-12-31
7337704,SRHINSTITUTIONALBIRTH,COUNTRY,PAK,EMR,Eastern Mediterranean,YEAR,2019,,,,,,,DATASOURCE,DATASOURCE_SRHIBPAK20152019STAT,69.0,69,,,Pakistan Bureau of Statistics; 2019,2024-08-06T16:05:08Z,2015-2019,2015-01-01,2019-12-31
7342930,SRHINSTITUTIONALBIRTH,COUNTRY,ROU,EUR,Europe,YEAR,2003,,,,,,,DATASOURCE,DATASOURCE_SRHIBROU2003STAT,99.9,99.92140969,,,National Institute of Statistics [Romania]; 2023,2024-08-06T16:05:08Z,2003,2003-01-01,2003-12-31
7344364,SRHINSTITUTIONALBIRTH,COUNTRY,HND,AMR,Americas,YEAR,2011,,,,,,,DATASOURCE,DATASOURCE_SRHIBHND20062011DHS,82.7,82.7,,,DHS 2011-2012.,2024-08-06T16:05:08Z,2006-2011,2006-01-01,2011-12-31
7351029,SRHINSTITUTIONALBIRTH,COUNTRY,ECU,AMR,Americas,YEAR,2001,,,,,,,DATASOURCE,DATASOURCE_SRHIBECU2001STAT,70.3,70.3,,,"Instituto Nacional de Estadística y Censos (INEC), Ecuador; 2019.",2024-08-06T16:05:08Z,2001,2001-01-01,2001-12-31
7356864,SRHINSTITUTIONALBIRTH,COUNTRY,BRA,AMR,Americas,YEAR,2009,,,,,,,DATASOURCE,DATASOURCE_SRHIBBRA2009DATA,98.9,98.9,,,"DATASUS, MS/SVS/DASIS [Brazil]. Período: 2009; 2011.
",2024-08-06T16:05:08Z,2009,2009-01-01,2009-12-31
7364852,SRHINSTITUTIONALBIRTH,COUNTRY,IRQ,EMR,Eastern Mediterranean,YEAR,2007,,,,,,,DATASOURCE,DATASOURCE_SRHIBIRQ20012007FHS,65.1,65.1,,,"IFHS 2006/7.
",2024-08-06T16:05:08Z,2001-2007,2001-01-01,2007-12-31
7369171,SRHINSTITUTIONALBIRTH,COUNTRY,NOR,EUR,Europe,YEAR,1994,,,,,,,DATASOURCE,DATASOURCE_SRHIBNOR1994GOV,99.3,99.3,,,"Folkehelseinstituttet [Norwegian Institute of Public Health (NIPH)]; 1995.
",2024-08-06T16:05:08Z,1994,1994-01-01,1994-12-31
7369937,SRHINSTITUTIONALBIRTH,COUNTRY,BRA,AMR,Americas,YEAR,1997,,,,,,,DATASOURCE,DATASOURCE_SRHIBBRA1997DATA,98.6,98.6,,,"DATASUS, MS/SVS/DASIS [Brazil]. Período: 1997; 2011.
",2024-08-06T16:05:08Z,1997,1997-01-01,1997-12-31
7370326,SRHINSTITUTIONALBIRTH,COUNTRY,JAM,AMR,Americas,YEAR,2011,,,,,,,DATASOURCE,DATASOURCE_SRHIBJAM20092011MICS,98.6,98.6,,,"MICS 2011. 
",2024-08-06T16:05:08Z,2009-2011,2009-01-01,2011-12-31
7371443,SRHINSTITUTIONALBIRTH,COUNTRY,UZB,EUR,Europe,YEAR,2010,,,,,,,DATASOURCE,DATASOURCE_SRHIBUZB2010UN,99.2,99.2,,,UNICEF CRING: Uzbekistan; 2010. ,2024-08-06T16:05:08Z,2010,2010-01-01,2010-12-31
7382806,SRHINSTITUTIONALBIRTH,COUNTRY,ISL,EUR,Europe,YEAR,2020,,,,,,,DATASOURCE,DATASOURCE_SRHIBISL2020GOV,97.1,97.1,,,Icelandic Medical Birth Registry 2021.,2024-08-06T16:05:08Z,2020,2020-01-01,2020-12-31
7384424,SRHINSTITUTIONALBIRTH,COUNTRY,ITA,EUR,Europe,YEAR,2016,,,,,,,DATASOURCE,DATASOURCE_SRHIBITA2016STAT,99.9,99.9,,,"Direzione Generale della Digitalizzazione, del Sistema Informativo Sanitario e della Statistica – Ufficio di Statistica [Italy]; 2019.",2024-08-06T16:05:08Z,2016,2016-01-01,2016-12-31
7401745,SRHINSTITUTIONALBIRTH,COUNTRY,KWT,EMR,Eastern Mediterranean,YEAR,2021,,,,,,,DATASOURCE,DATASOURCE_SRHIBKWT2021STAT,99.9,99.9,,,Central Statistical Bureau (Office) [Kuwait]: 2023.,2024-08-06T16:05:08Z,2021,2021-01-01,2021-12-31
7415445,SRHINSTITUTIONALBIRTH,COUNTRY,BOL,AMR,Americas,YEAR,2022,,,,,,,DATASOURCE,DATASOURCE_SRHIBBOL2022WHO,93.1,93.1,,,PLISA Health Information Platform; 2024.,2024-08-06T16:05:08Z,2022,2022-01-01,2022-12-31
7423111,SRHINSTITUTIONALBIRTH,COUNTRY,MOZ,AFR,Africa,YEAR,2008,,,,,,,DATASOURCE,DATASOURCE_SRHIBMOZ20062008MICS,55.3,55.3,,,"MICS 2008. 
",2024-08-06T16:05:08Z,2006-2008,2006-01-01,2008-12-31
7423468,SRHINSTITUTIONALBIRTH,COUNTRY,PAN,AMR,Americas,YEAR,2009,,,,,,,DATASOURCE,DATASOURCE_SRHIBPAN2009STAT,91.9,91.9,,,"Instituto Nacional de Estadística y Censo (INEC) [Panama]; 2011.
",2024-08-06T16:05:08Z,2009,2009-01-01,2009-12-31
7429060,SRHINSTITUTIONALBIRTH,COUNTRY,IRL,EUR,Europe,YEAR,2013,,,,,,,DATASOURCE,DATASOURCE_SRHIBIRL2013GOV,99.8,99.8,,,"Healthcare Pricing Office (HPO), Health Service Executive (HSE) [Ireland]; 2014.  ",2024-08-06T16:05:08Z,2013,2013-01-01,2013-12-31
7429095,SRHINSTITUTIONALBIRTH,COUNTRY,ITA,EUR,Europe,YEAR,2013,,,,,,,DATASOURCE,DATASOURCE_SRHIBITA2013STAT,99.9,99.9,,,"Direzione Generale della Digitalizzazione, del Sistema Informativo Sanitario e della Statistica – Ufficio di Statistica [Italy]; 2015.",2024-08-06T16:05:08Z,2013,2013-01-01,2013-12-31
7468163,SRHINSTITUTIONALBIRTH,COUNTRY,IDN,WPR,Western Pacific,YEAR,2019,,,,,,,DATASOURCE,DATASOURCE_SRHIBIDN2019STAT,85.9,85.9,,,Badan Pusat Statistik (BPS) [Statistics Indonesia]; 2019.,2024-08-06T16:05:08Z,2019,2019-01-01,2019-12-31
7468669,SRHINSTITUTIONALBIRTH,COUNTRY,ISL,EUR,Europe,YEAR,2002,,,,,,,DATASOURCE,DATASOURCE_SRHIBISL2002GOV,99.4,99.4,,,"Directorate of Health [Iceland]; 2017.
",2024-08-06T16:05:08Z,2002,2002-01-01,2002-12-31
7487077,SRHINSTITUTIONALBIRTH,COUNTRY,SSD,AFR,Africa,YEAR,2010,,,,,,,DATASOURCE,DATASOURCE_SRHIBSSD20082010STAT,11.5,11.5,,,"National Bureau of Statistics, Ministry of Health; 2012.
",2024-08-06T16:05:08Z,2008-2010,2008-01-01,2010-12-31
7493138,SRHINSTITUTIONALBIRTH,COUNTRY,SEN,AFR,Africa,YEAR,1999,,,,,,,DATASOURCE,DATASOURCE_SRHIBSEN19941999DHS,48.6,48.6,,,DHS 1999. ,2024-08-06T16:05:08Z,1994-1999,1994-01-01,1999-12-31
7493484,SRHINSTITUTIONALBIRTH,COUNTRY,STP,AFR,Africa,YEAR,2009,,,,,,,DATASOURCE,DATASOURCE_SRHIBSTP20032009DHS,78.8,78.8,,,"DHS 2008-2009. 
",2024-08-06T16:05:08Z,2003-2009,2003-01-01,2009-12-31
7494882,SRHINSTITUTIONALBIRTH,COUNTRY,CAN,AMR,Americas,YEAR,1999,,,,,,,DATASOURCE,DATASOURCE_SRHIBCAN1999STAT,99.2,99.2,,,"Statistics Canada; 2013. 
",2024-08-06T16:05:08Z,1999,1999-01-01,1999-12-31
7495044,SRHINSTITUTIONALBIRTH,COUNTRY,IDN,WPR,Western Pacific,YEAR,1994,,,,,,,DATASOURCE,DATASOURCE_SRHIBIDN19891994DHS,17.6,17.6,,,"DHS 1994. 
",2024-08-06T16:05:08Z,1989-1994,1989-01-01,1994-12-31
7501348,SRHINSTITUTIONALBIRTH,COUNTRY,BRB,AMR,Americas,YEAR,2021,,,,,,,DATASOURCE,DATASOURCE_SRHIBBRB2021WHO,99.3,99.3,,,PLISA Health Information Platform; 2024.,2024-08-06T16:05:08Z,2021,2021-01-01,2021-12-31
7514483,SRHINSTITUTIONALBIRTH,COUNTRY,BIH,EUR,Europe,YEAR,2015,,,,,,,DATASOURCE,DATASOURCE_SRHIBBIH2015STAT,99.9,99.9,,,"Institute for Statistics of Federation of Bosnia and Herzegovina; 2016.
",2024-08-06T16:05:08Z,2015,2015-01-01,2015-12-31
7515078,SRHINSTITUTIONALBIRTH,COUNTRY,BWA,AFR,Africa,YEAR,2007,,,,,,,DATASOURCE,DATASOURCE_SRHIBBWA20052007FHS,93.8,93.8,,,"BFHS IV 2007. 
",2024-08-06T16:05:08Z,2005-2007,2005-01-01,2007-12-31
7520358,SRHINSTITUTIONALBIRTH,COUNTRY,ROU,EUR,Europe,YEAR,2010,,,,,,,DATASOURCE,DATASOURCE_SRHIBROU2010STAT,99.8,99.83370077,,,National Institute of Statistics [Romania]; 2023,2024-08-06T16:05:08Z,2010,2010-01-01,2010-12-31
7551549,SRHINSTITUTIONALBIRTH,COUNTRY,SVN,EUR,Europe,YEAR,2006,,,,,,,DATASOURCE,DATASOURCE_SRHIBSVN2006STAT,99.9,99.9,,,"Statistical Office of the Republic of Slovenia; 2011.
",2024-08-06T16:05:08Z,2006,2006-01-01,2006-12-31
7565351,SRHINSTITUTIONALBIRTH,COUNTRY,AFG,EMR,Eastern Mediterranean,YEAR,2017,,,,,,,DATASOURCE,DATASOURCE_SRHIBAFG20112017STAT,50.5,50.5,,,Central Statistics Organization (CSO) [Afghanistan]; 2018.,2024-08-06T16:05:08Z,2011-2017,2011-01-01,2017-12-31
7566177,SRHINSTITUTIONALBIRTH,COUNTRY,URY,AMR,Americas,YEAR,2004,,,,,,,DATASOURCE,DATASOURCE_SRHIBURY2004GOV,99.2,99.2,,,"Ministerio de Salud Publica [Uruguay]; 2015.
",2024-08-06T16:05:08Z,2004,2004-01-01,2004-12-31
7583695,SRHINSTITUTIONALBIRTH,COUNTRY,VEN,AMR,Americas,YEAR,2010,,,,,,,DATASOURCE,DATASOURCE_SRHIBVEN2010STAT,95.9,95.86912294,,,"Local de asistencia [website]. Venezuela: Instituto Nacional de Estadística, 2016 (accessed 14 October 2016, in Spanish). ",2024-08-06T16:05:08Z,2010,2010-01-01,2010-12-31
7591155,SRHINSTITUTIONALBIRTH,COUNTRY,BLZ,AMR,Americas,YEAR,2021,,,,,,,DATASOURCE,DATASOURCE_SRHIBBLZ2021WHO,92.4,92.4,,,PLISA Health Information Platform; 2024.,2024-08-06T16:05:08Z,2021,2021-01-01,2021-12-31
7599290,SRHINSTITUTIONALBIRTH,COUNTRY,PLW,WPR,Western Pacific,YEAR,2016,,,,,,,DATASOURCE,DATASOURCE_SRHIBPLW2016GOV,100.0,100,,,"Ministry of Finance [Palau]; 2017.
",2024-08-06T16:05:08Z,2016,2016-01-01,2016-12-31
7604394,SRHINSTITUTIONALBIRTH,COUNTRY,PAK,EMR,Eastern Mediterranean,YEAR,2011,,,,,,,DATASOURCE,DATASOURCE_SRHIBPAK20102011STAT,35.0,35,,,"Federal Bureau of Statistics [Pakistan]; 2011.
",2024-08-06T16:05:08Z,2010-2011,2010-01-01,2011-12-31
7605147,SRHINSTITUTIONALBIRTH,COUNTRY,LCA,AMR,Americas,YEAR,2012,,,,,,,DATASOURCE,DATASOURCE_SRHIBLCA20102012MICS,100.0,100,,,"MICS 2012. 
",2024-08-06T16:05:08Z,2010-2012,2010-01-01,2012-12-31
7619028,SRHINSTITUTIONALBIRTH,COUNTRY,PER,AMR,Americas,YEAR,1996,,,,,,,DATASOURCE,DATASOURCE_SRHIBPER19911996DHS,49.6,49.6,,,"DHS 1996. 
",2024-08-06T16:05:08Z,1991-1996,1991-01-01,1996-12-31
7632021,SRHINSTITUTIONALBIRTH,COUNTRY,IRN,EMR,Eastern Mediterranean,YEAR,2010,,,,,,,DATASOURCE,DATASOURCE_SRHIBIRN20082010DATA,95.3,95.3,,,"UNICEF Data; 2018.
",2024-08-06T16:05:08Z,2008-2010,2008-01-01,2010-12-31
7656187,SRHINSTITUTIONALBIRTH,COUNTRY,CHN,WPR,Western Pacific,YEAR,1991,,,,,,,DATASOURCE,DATASOURCE_SRHIBCHN1991GOV,50.6,50.6,,,"National Health and Family Planning Commission of China (NHFPC); 2016. 
",2024-08-06T16:05:08Z,1991,1991-01-01,1991-12-31
7668003,SRHINSTITUTIONALBIRTH,COUNTRY,ECU,AMR,Americas,YEAR,2019,,,,,,,DATASOURCE,DATASOURCE_SRHIBECU2019STAT,97.0,97,,,"Instituto Nacional de Estadística y Censos (INEC), Ecuador; 2020.",2024-08-06T16:05:08Z,2019,2019-01-01,2019-12-31
7669488,SRHINSTITUTIONALBIRTH,COUNTRY,FRA,EUR,Europe,YEAR,2012,,,,,,,DATASOURCE,DATASOURCE_SRHIBFRA2012STAT,97.1,97.1,,,"Institut National de la Statistique et des Études Économiques (INSEE) [France]; 2013.
",2024-08-06T16:05:08Z,2012,2012-01-01,2012-12-31
7689167,SRHINSTITUTIONALBIRTH,COUNTRY,ROU,EUR,Europe,YEAR,2017,,,,,,,DATASOURCE,DATASOURCE_SRHIBROU2017STAT,99.8,99.81976199,,,National Institute of Statistics [Romania]; 2023,2024-08-06T16:05:08Z,2017,2017-01-01,2017-12-31
7700374,SRHINSTITUTIONALBIRTH,COUNTRY,NZL,WPR,Western Pacific,YEAR,2018,,,,,,,DATASOURCE,DATASOURCE_SRHIBNZL2018GOV,96.4,96.4,,,Report on Maternity web tool. Ministry of Health [New Zealand]; 2020. ,2024-08-06T16:05:08Z,2018,2018-01-01,2018-12-31
7701016,SRHINSTITUTIONALBIRTH,COUNTRY,JPN,WPR,Western Pacific,YEAR,2003,,,,,,,DATASOURCE,DATASOURCE_SRHIBJPN2003GOV,99.8,99.8,,,"Ministry of Health, Labour and Welfare [Japan]; 2010.",2024-08-06T16:05:08Z,2003,2003-01-01,2003-12-31
7702554,SRHINSTITUTIONALBIRTH,COUNTRY,BRN,WPR,Western Pacific,YEAR,2009,,,,,,,DATASOURCE,DATASOURCE_SRHIBBRN2009GOV,99.8,99.8,,,"Ministry of Health [Brunei Darussalam]; 2014.
",2024-08-06T16:05:08Z,2009,2009-01-01,2009-12-31
7708453,SRHINSTITUTIONALBIRTH,COUNTRY,BRA,AMR,Americas,YEAR,2017,,,,,,,DATASOURCE,DATASOURCE_SRHIBBRA2017DATA,99.1,99.1,,,"DATASUS, MS/SVS/DASIS [Brazil]. Período: 2017; 2019.",2024-08-06T16:05:08Z,2017,2017-01-01,2017-12-31
7708586,SRHINSTITUTIONALBIRTH,COUNTRY,ITA,EUR,Europe,YEAR,2020,,,,,,,DATASOURCE,DATASOURCE_SRHIBITA2020STAT,99.8,99.8,,,"Direzione Generale della Digitalizzazione, del Sistema Informativo Sanitario e della Statistica – Ufficio di Statistica [Italy]; 2021.
",2024-08-06T16:05:08Z,2020,2020-01-01,2020-12-31
7708830,SRHINSTITUTIONALBIRTH,COUNTRY,DOM,AMR,Americas,YEAR,2002,,,,,,,DATASOURCE,DATASOURCE_SRHIBDOM19972002DHS,97.9,97.9,,,"DHS 2002. 
",2024-08-06T16:05:08Z,1997-2002,1997-01-01,2002-12-31
7713255,SRHINSTITUTIONALBIRTH,COUNTRY,BWA,AFR,Africa,YEAR,2021,,,,,,,DATASOURCE,DATASOURCE_SRHIBBWA2021GOV,99.8,99.8,,,Botswana Maternal Mortality Ratio 2023.,2024-08-06T16:05:08Z,2021,2021-01-01,2021-12-31
7714189,SRHINSTITUTIONALBIRTH,COUNTRY,URY,AMR,Americas,YEAR,2011,,,,,,,DATASOURCE,DATASOURCE_SRHIBURY2011GOV,99.4,99.4,,,"Ministerio de Salud Publica [Uruguay]; 2015.
",2024-08-06T16:05:08Z,2011,2011-01-01,2011-12-31
7714321,SRHINSTITUTIONALBIRTH,COUNTRY,PLW,WPR,Western Pacific,YEAR,1999,,,,,,,DATASOURCE,DATASOURCE_SRHIBPLW1999GOV,100.0,100,,,"Ministry of Finance [Palau]; 2004.
",2024-08-06T16:05:08Z,1999,1999-01-01,1999-12-31
7719311,SRHINSTITUTIONALBIRTH,COUNTRY,THA,SEAR,South-East Asia,YEAR,2022,,,,,,,DATASOURCE,DATASOURCE_SRHIBTHA20202022MICS,99.5,99.5,,,MICS 2022.,2024-08-06T16:05:08Z,2020-2022,2020-01-01,2022-12-31
7733343,SRHINSTITUTIONALBIRTH,COUNTRY,KAZ,EUR,Europe,YEAR,2011,,,,,,,DATASOURCE,DATASOURCE_SRHIBKAZ20082011MICS,99.6,99.6,,,MICS 2010-2011. ,2024-08-06T16:05:08Z,2008-2011,2008-01-01,2011-12-31
7733808,SRHINSTITUTIONALBIRTH,COUNTRY,FJI,WPR,Western Pacific,YEAR,1998,,,,,,,DATASOURCE,DATASOURCE_SRHIBFJI1998GOV,96.7,96.7,,,"Ministry of Health [Fiji]; 2007.
",2024-08-06T16:05:08Z,1998,1998-01-01,1998-12-31
7765541,SRHINSTITUTIONALBIRTH,COUNTRY,PAN,AMR,Americas,YEAR,2004,,,,,,,DATASOURCE,DATASOURCE_SRHIBPAN2004STAT,91.1,91.1,,,"Instituto Nacional de Estadística y Censo (INEC) [Panama]; 2005.
",2024-08-06T16:05:08Z,2004,2004-01-01,2004-12-31
7779773,SRHINSTITUTIONALBIRTH,COUNTRY,TTO,AMR,Americas,YEAR,2004,,,,,,,DATASOURCE,DATASOURCE_SRHIBTTO2004GOV,99.0,99,,,"Ministry of Health [Trinidad and Tobago]; 2005.
",2024-08-06T16:05:08Z,2004,2004-01-01,2004-12-31
7792416,SRHINSTITUTIONALBIRTH,COUNTRY,CHL,AMR,Americas,YEAR,1999,,,,,,,DATASOURCE,DATASOURCE_SRHIBCHL1999STAT,99.4,99.4,,,Instituto Nacional de Estadísticas [Chile]; 2001.,2024-08-06T16:05:08Z,1999,1999-01-01,1999-12-31
7792543,SRHINSTITUTIONALBIRTH,COUNTRY,PRY,AMR,Americas,YEAR,2020,,,,,,,DATASOURCE,DATASOURCE_SRHIBPRY2020STAT,98.0,98,,,INE/DGREC. Registros administrativos de estadísticas vitales 2020.,2024-08-06T16:05:08Z,2020,2020-01-01,2020-12-31
7799391,SRHINSTITUTIONALBIRTH,COUNTRY,FIN,EUR,Europe,YEAR,2015,,,,,,,DATASOURCE,DATASOURCE_SRHIBFIN2015GOV,99.9,99.9,,,National Institute for Health and Welfare (THL) [Finland]; 2016.,2024-08-06T16:05:08Z,2015,2015-01-01,2015-12-31
7800433,SRHINSTITUTIONALBIRTH,COUNTRY,AUT,EUR,Europe,YEAR,2019,,,,,,,DATASOURCE,DATASOURCE_SRHIBAUT2019STAT,98.4,98.4,,,Statistics Austria; 2020.,2024-08-06T16:05:08Z,2019,2019-01-01,2019-12-31
7805771,SRHINSTITUTIONALBIRTH,COUNTRY,ROU,EUR,Europe,YEAR,1994,,,,,,,DATASOURCE,DATASOURCE_SRHIBROU1994STAT,99.8,99.82134882,,,National Institute of Statistics [Romania]; 2023,2024-08-06T16:05:08Z,1994,1994-01-01,1994-12-31
7811260,SRHINSTITUTIONALBIRTH,COUNTRY,PRT,EUR,Europe,YEAR,2017,,,,,,,DATASOURCE,DATASOURCE_SRHIBPRT2017STAT,98.8,98.8,,,Instituto Nacional de Estadística (INE) [Portugal]; 2018.,2024-08-06T16:05:08Z,2017,2017-01-01,2017-12-31
7817137,SRHINSTITUTIONALBIRTH,COUNTRY,MOZ,AFR,Africa,YEAR,2007,,,,,,,DATASOURCE,DATASOURCE_SRHIBMOZ2007STAT,51.6,51.6,,,"National Statistics Institute [Mozambique]; 2009. 
",2024-08-06T16:05:08Z,2007,2007-01-01,2007-12-31
7819251,SRHINSTITUTIONALBIRTH,COUNTRY,CYP,EUR,Europe,YEAR,2004,,,,,,,DATASOURCE,DATASOURCE_SRHIBCYP2004GOV,95.7,95.7,,,"Republic of Cyprus; 2011.
",2024-08-06T16:05:08Z,2004,2004-01-01,2004-12-31
7844273,SRHINSTITUTIONALBIRTH,COUNTRY,IRL,EUR,Europe,YEAR,2015,,,,,,,DATASOURCE,DATASOURCE_SRHIBIRL2015GOV,99.7,99.7,,,"Healthcare Pricing Office (HPO), Health Service Executive (HSE) [Ireland]; 2017.  ",2024-08-06T16:05:08Z,2015,2015-01-01,2015-12-31
7852070,SRHINSTITUTIONALBIRTH,COUNTRY,FJI,WPR,Western Pacific,YEAR,1995,,,,,,,DATASOURCE,DATASOURCE_SRHIBFJI1995GOV,96.2,96.2,,,"Ministry of Health [Fiji]; 2007.
",2024-08-06T16:05:08Z,1995,1995-01-01,1995-12-31
7862502,SRHINSTITUTIONALBIRTH,COUNTRY,CPV,AFR,Africa,YEAR,1998,,,,,,,DATASOURCE,DATASOURCE_SRHIBCPV19931998STAT,54.7,54.7,,,"Instituto Nacional de Estatística (INE), Cabo Verde, CDC; 2000.",2024-08-06T16:05:08Z,1993-1998,1993-01-01,1998-12-31
7868894,SRHINSTITUTIONALBIRTH,COUNTRY,ECU,AMR,Americas,YEAR,2020,,,,,,,DATASOURCE,DATASOURCE_SRHIBECU2020STAT,95.8,95.8,,,"Instituto Nacional de Estadística y Censos (INEC), Ecuador; 2024.",2024-08-06T16:05:08Z,2020,2020-01-01,2020-12-31
7876796,SRHINSTITUTIONALBIRTH,COUNTRY,STP,AFR,Africa,YEAR,2014,,,,,,,DATASOURCE,DATASOURCE_SRHIBSTP20122014MICS,91.0,91,,,"MICS 2014. 
",2024-08-06T16:05:08Z,2012-2014,2012-01-01,2014-12-31
7881909,SRHINSTITUTIONALBIRTH,COUNTRY,NGA,AFR,Africa,YEAR,2017,,,,,,,DATASOURCE,DATASOURCE_SRHIBNGA20132017MICS,37.5,37.5,,,MICS 2016-2017.,2024-08-06T16:05:08Z,2013-2017,2013-01-01,2017-12-31
7895682,SRHINSTITUTIONALBIRTH,COUNTRY,KWT,EMR,Eastern Mediterranean,YEAR,2005,,,,,,,DATASOURCE,DATASOURCE_SRHIBKWT2005STAT,98.6,98.6,,,Central Statistical Bureau (Office) [Kuwait]; 2006.,2024-08-06T16:05:08Z,2005,2005-01-01,2005-12-31
7914812,SRHINSTITUTIONALBIRTH,COUNTRY,KOR,WPR,Western Pacific,YEAR,2015,,,,,,,DATASOURCE,DATASOURCE_SRHIBKOR20132015GOV,100.0,100,,,"Korea Institute for Health and Social Affairs; 2015. 
",2024-08-06T16:05:08Z,2013-2015,2013-01-01,2015-12-31
7915202,SRHINSTITUTIONALBIRTH,COUNTRY,CZE,EUR,Europe,YEAR,2003,,,,,,,DATASOURCE,DATASOURCE_SRHIBCZE20022003STAT,99.8,99.8,,,Ústav zdravotnických informací a statistiky ČR [Czech Republic]. Mother and Newborn 2003; 2004.,2024-08-06T16:05:08Z,2002-2003,2002-01-01,2003-12-31
7928536,SRHINSTITUTIONALBIRTH,COUNTRY,GHA,AFR,Africa,YEAR,2008,,,,,,,DATASOURCE,DATASOURCE_SRHIBGHA20032008DHS,57.1,57.1,,,"DHS 2008. 
",2024-08-06T16:05:08Z,2003-2008,2003-01-01,2008-12-31
7935075,SRHINSTITUTIONALBIRTH,COUNTRY,ECU,AMR,Americas,YEAR,2012,,,,,,,DATASOURCE,DATASOURCE_SRHIBECU2012STAT,90.5,90.5,,,"Instituto Nacional de Estadística y Censos (INEC), Ecuador; 2019.",2024-08-06T16:05:08Z,2012,2012-01-01,2012-12-31
7946806,SRHINSTITUTIONALBIRTH,COUNTRY,PRY,AMR,Americas,YEAR,2018,,,,,,,DATASOURCE,DATASOURCE_SRHIBPRY2018STAT,97.7,97.7,,,"Dirección General de Estadística, Encuestas y Censos (DGEEC) [Paraguay]; 2019.",2024-08-06T16:05:08Z,2018,2018-01-01,2018-12-31
7946999,SRHINSTITUTIONALBIRTH,COUNTRY,MEX,AMR,Americas,YEAR,2016,,,,,,,DATASOURCE,DATASOURCE_SRHIBMEX2016WHO,93.0,93,,,WHO/PAHO; 2019. ,2024-08-06T16:05:08Z,2016,2016-01-01,2016-12-31
7948760,SRHINSTITUTIONALBIRTH,COUNTRY,SEN,AFR,Africa,YEAR,1993,,,,,,,DATASOURCE,DATASOURCE_SRHIBSEN19871993DHS,46.9,46.9,,,DHS 1992-93.,2024-08-06T16:05:08Z,1987-1993,1987-01-01,1993-12-31
7948778,SRHINSTITUTIONALBIRTH,COUNTRY,BIH,EUR,Europe,YEAR,2012,,,,,,,DATASOURCE,DATASOURCE_SRHIBBIH20092012MICS,99.7,99.7,,,MICS 2011-2012. ,2024-08-06T16:05:08Z,2009-2012,2009-01-01,2012-12-31
7948838,SRHINSTITUTIONALBIRTH,COUNTRY,TZA,AFR,Africa,YEAR,2005,,,,,,,DATASOURCE,DATASOURCE_SRHIBTZA19992005DHS,47.1,47.1,,,"DHS 2004-05. 
",2024-08-06T16:05:08Z,1999-2005,1999-01-01,2005-12-31
7968807,SRHINSTITUTIONALBIRTH,COUNTRY,PNG,WPR,Western Pacific,YEAR,2014,,,,,,,DATASOURCE,DATASOURCE_SRHIBPNG2014GOV,44.0,44,,,"Ministry of Health [Papua New Guinea]; 2016.
",2024-08-06T16:05:08Z,2014,2014-01-01,2014-12-31
7985327,SRHINSTITUTIONALBIRTH,COUNTRY,PAK,EMR,Eastern Mediterranean,YEAR,2013,,,,,,,DATASOURCE,DATASOURCE_SRHIBPAK20072013DHS,48.2,48.2,,,"DHS 2012-13. 
",2024-08-06T16:05:08Z,2007-2013,2007-01-01,2013-12-31
7986117,SRHINSTITUTIONALBIRTH,COUNTRY,TGO,AFR,Africa,YEAR,1998,,,,,,,DATASOURCE,DATASOURCE_SRHIBTGO19951998DHS,49.1,49.1,,,"DHS 1998. 
",2024-08-06T16:05:08Z,1995-1998,1995-01-01,1998-12-31
7988158,SRHINSTITUTIONALBIRTH,COUNTRY,FSM,WPR,Western Pacific,YEAR,2001,,,,,,,DATASOURCE,DATASOURCE_SRHIBFSM2001GOV,88.0,88,,,"SBOC [Micronesia]; 2008.
",2024-08-06T16:05:08Z,2001,2001-01-01,2001-12-31
8005370,SRHINSTITUTIONALBIRTH,COUNTRY,PRY,AMR,Americas,YEAR,2021,,,,,,,DATASOURCE,DATASOURCE_SRHIBPRY2021STAT,97.6,97.6,,,INE/DGREC. Registros administrativos de estadísticas vitales 2021.,2024-08-06T16:05:08Z,2021,2021-01-01,2021-12-31
8037911,SRHINSTITUTIONALBIRTH,COUNTRY,ZAF,AFR,Africa,YEAR,2008,,,,,,,DATASOURCE,DATASOURCE_SRHIBZAF20062008GOV,94.9,94.9,,,"Shisana O, Simbayi LC, Rehle T, Zungu NP, Zuma K, Ngogo N et al., SABSSM III Implementation Team; 2010.
",2024-08-06T16:05:08Z,2006-2008,2006-01-01,2008-12-31
8038881,SRHINSTITUTIONALBIRTH,COUNTRY,AUS,WPR,Western Pacific,YEAR,2017,,,,,,,DATASOURCE,DATASOURCE_SRHIBAUS2017GOV,99.4,99.4,,,"Australian Institute of Health and Welfare (AIHW); 2019.
",2024-08-06T16:05:08Z,2017,2017-01-01,2017-12-31
8045431,SRHINSTITUTIONALBIRTH,COUNTRY,PAN,AMR,Americas,YEAR,2007,,,,,,,DATASOURCE,DATASOURCE_SRHIBPAN2007STAT,91.2,91.2,,,"Instituto Nacional de Estadística y Censo (INEC) [Panama]; 2009.
",2024-08-06T16:05:08Z,2007,2007-01-01,2007-12-31
8050506,SRHINSTITUTIONALBIRTH,COUNTRY,AFG,EMR,Eastern Mediterranean,YEAR,2003,,,,,,,DATASOURCE,DATASOURCE_SRHIBAFG20012003MICS,12.9,12.9,,,MICS 2003. ,2024-08-06T16:05:08Z,2001-2003,2001-01-01,2003-12-31
8051412,SRHINSTITUTIONALBIRTH,COUNTRY,KGZ,EUR,Europe,YEAR,1997,,,,,,,DATASOURCE,DATASOURCE_SRHIBKGZ19941997DHS,95.8,95.8,,,DHS 1997. ,2024-08-06T16:05:08Z,1994-1997,1994-01-01,1997-12-31
8052836,SRHINSTITUTIONALBIRTH,COUNTRY,EST,EUR,Europe,YEAR,2012,,,,,,,DATASOURCE,DATASOURCE_SRHIBEST2012GOV,99.3,99.3,,,"National Institute for Health Development [Estonia]; 2013.
",2024-08-06T16:05:08Z,2012,2012-01-01,2012-12-31
8053305,SRHINSTITUTIONALBIRTH,COUNTRY,BHR,EMR,Eastern Mediterranean,YEAR,2010,,,,,,,DATASOURCE,DATASOURCE_SRHIBBHR2010GOV,99.4,99.4,,,"Ministry of Health [Bahrain]; 2013.
",2024-08-06T16:05:08Z,2010,2010-01-01,2010-12-31
8058806,SRHINSTITUTIONALBIRTH,COUNTRY,GHA,AFR,Africa,YEAR,2007,,,,,,,DATASOURCE,DATASOURCE_SRHIBGHA20022007STAT,54.3,54.3,,,"Ghana Statistical Service (GSS), Ghana Health Service (GHS), Macro International. MHS 2007; 2009.
",2024-08-06T16:05:08Z,2002-2007,2002-01-01,2007-12-31
8059285,SRHINSTITUTIONALBIRTH,COUNTRY,SLE,AFR,Africa,YEAR,2010,,,,,,,DATASOURCE,DATASOURCE_SRHIBSLE20082010MICS,50.1,50.1,,,"MICS 2010. 
",2024-08-06T16:05:08Z,2008-2010,2008-01-01,2010-12-31
8065051,SRHINSTITUTIONALBIRTH,COUNTRY,LUX,EUR,Europe,YEAR,2009,,,,,,,DATASOURCE,DATASOURCE_SRHIBLUX2009GOV,99.9,99.9,,,Ministère de la Santé – Centre de Recherche Public de la Santé [Luxembourg]; 2013.,2024-08-06T16:05:08Z,2009,2009-01-01,2009-12-31
8077860,SRHINSTITUTIONALBIRTH,COUNTRY,ZWE,AFR,Africa,YEAR,2006,,,,,,,DATASOURCE,DATASOURCE_SRHIBZWE20002006DHS,67.9,67.9,,,"DHS 2005-06. 
",2024-08-06T16:05:08Z,2000-2006,2000-01-01,2006-12-31
8079021,SRHINSTITUTIONALBIRTH,COUNTRY,ISL,EUR,Europe,YEAR,2015,,,,,,,DATASOURCE,DATASOURCE_SRHIBISL2015GOV,98.2,98.2,,,"Directorate of Health [Iceland]; 2017.
",2024-08-06T16:05:08Z,2015,2015-01-01,2015-12-31
8091848,SRHINSTITUTIONALBIRTH,COUNTRY,NOR,EUR,Europe,YEAR,2014,,,,,,,DATASOURCE,DATASOURCE_SRHIBNOR2014GOV,99.1,99.1,,,Folkehelseinstituttet [Norwegian Institute of Public Health (NIPH)]; 2015.,2024-08-06T16:05:08Z,2014,2014-01-01,2014-12-31
8099115,SRHINSTITUTIONALBIRTH,COUNTRY,ECU,AMR,Americas,YEAR,1997,,,,,,,DATASOURCE,DATASOURCE_SRHIBECU1997STAT,66.3,66.3,,,"Instituto Nacional de Estadística y Censos (INEC), Ecuador; 2019.",2024-08-06T16:05:08Z,1997,1997-01-01,1997-12-31
8102940,SRHINSTITUTIONALBIRTH,COUNTRY,MWI,AFR,Africa,YEAR,2020,,,,,,,DATASOURCE,DATASOURCE_SRHIBMWI20172020MICS,96.7,96.7,,,MICS 2019-2020.,2024-08-06T16:05:08Z,2017-2020,2017-01-01,2020-12-31
8105212,SRHINSTITUTIONALBIRTH,COUNTRY,EST,EUR,Europe,YEAR,2006,,,,,,,DATASOURCE,DATASOURCE_SRHIBEST2006GOV,99.5,99.5,,,"National Institute for Health Development [Estonia]; 2013.
",2024-08-06T16:05:08Z,2006,2006-01-01,2006-12-31
8110862,SRHINSTITUTIONALBIRTH,COUNTRY,BTN,SEAR,South-East Asia,YEAR,2017,,,,,,,DATASOURCE,DATASOURCE_SRHIBBTN20162017GOV,93.4,93.4,,,Population and Housing Census 2017. ,2024-08-06T16:05:08Z,2016-2017,2016-01-01,2017-12-31
8111193,SRHINSTITUTIONALBIRTH,COUNTRY,HTI,AMR,Americas,YEAR,2006,,,,,,,DATASOURCE,DATASOURCE_SRHIBHTI20002006DHS,24.7,24.7,,,"DHS 2005-2006. 
",2024-08-06T16:05:08Z,2000-2006,2000-01-01,2006-12-31
8111202,SRHINSTITUTIONALBIRTH,COUNTRY,AUS,WPR,Western Pacific,YEAR,2013,,,,,,,DATASOURCE,DATASOURCE_SRHIBAUS2013GOV,99.0,99,,,"Australian Institute of Health and Welfare (AIHW); 2015.
",2024-08-06T16:05:08Z,2013,2013-01-01,2013-12-31
8111952,SRHINSTITUTIONALBIRTH,COUNTRY,DEU,EUR,Europe,YEAR,2005,,,,,,,DATASOURCE,DATASOURCE_SRHIBDEU2005GOV,98.2,98.2,,,"QUAG e.V. [Germany]. Qualitätsbericht 2012; 2014.  
",2024-08-06T16:05:08Z,2005,2005-01-01,2005-12-31
8116909,SRHINSTITUTIONALBIRTH,COUNTRY,MNE,EUR,Europe,YEAR,2005,,,,,,,DATASOURCE,DATASOURCE_SRHIBMNE2005STAT,99.0,99,,,"Statistical Office [Montenegro]; 2009.
",2024-08-06T16:05:08Z,2005,2005-01-01,2005-12-31
8135980,SRHINSTITUTIONALBIRTH,COUNTRY,BWA,AFR,Africa,YEAR,2016,,,,,,,DATASOURCE,DATASOURCE_SRHIBBWA2016STAT,99.7,99.7,,,Statistics Botswana (CSO); 2018.,2024-08-06T16:05:08Z,2016,2016-01-01,2016-12-31
8137504,SRHINSTITUTIONALBIRTH,COUNTRY,ETH,AFR,Africa,YEAR,2004,,,,,,,DATASOURCE,DATASOURCE_SRHIBETH19992004STAT,6.4,6.4,,,"Central Statistical Authority [Ethiopia]; 2004.
",2024-08-06T16:05:08Z,1999-2004,1999-01-01,2004-12-31
8137978,SRHINSTITUTIONALBIRTH,COUNTRY,SUR,AMR,Americas,YEAR,2010,,,,,,,DATASOURCE,DATASOURCE_SRHIBSUR20082010MICS,92.3,92.3,,,"MICS 2010. 
",2024-08-06T16:05:08Z,2008-2010,2008-01-01,2010-12-31
8141755,SRHINSTITUTIONALBIRTH,COUNTRY,LCA,AMR,Americas,YEAR,2022,,,,,,,DATASOURCE,DATASOURCE_SRHIBLCA2022WHO,99.0,99,,,"
PLISA Health Information Platform; 2024.",2024-08-06T16:05:08Z,2022,2022-01-01,2022-12-31
8142583,SRHINSTITUTIONALBIRTH,COUNTRY,QAT,EMR,Eastern Mediterranean,YEAR,2008,,,,,,,DATASOURCE,DATASOURCE_SRHIBQAT2008STAT,99.9,99.9,,,"Statistics Authority [Qatar]; 2009.
",2024-08-06T16:05:08Z,2008,2008-01-01,2008-12-31
8143108,SRHINSTITUTIONALBIRTH,COUNTRY,CHL,AMR,Americas,YEAR,2010,,,,,,,DATASOURCE,DATASOURCE_SRHIBCHL2010STAT,99.7,99.7,,,Instituto Nacional de Estadísticas [Chile]; 2012.,2024-08-06T16:05:08Z,2010,2010-01-01,2010-12-31
8156317,SRHINSTITUTIONALBIRTH,COUNTRY,GTM,AMR,Americas,YEAR,2016,,,,,,,DATASOURCE,DATASOURCE_SRHIBGTM2016WHO,69.2,69.2,,,WHO/PAHO; 2018.,2024-08-06T16:05:08Z,2016,2016-01-01,2016-12-31
8163022,SRHINSTITUTIONALBIRTH,COUNTRY,ISL,EUR,Europe,YEAR,2018,,,,,,,DATASOURCE,DATASOURCE_SRHIBISL2018GOV,98.2,98.2,,,Directorate of Health [Iceland]; 2019.,2024-08-06T16:05:08Z,2018,2018-01-01,2018-12-31
8209062,SRHINSTITUTIONALBIRTH,COUNTRY,FSM,WPR,Western Pacific,YEAR,2005,,,,,,,DATASOURCE,DATASOURCE_SRHIBFSM2005GOV,83.3,83.3,,,"SBOC [Micronesia]; 2008.
",2024-08-06T16:05:08Z,2005,2005-01-01,2005-12-31
8222185,SRHINSTITUTIONALBIRTH,COUNTRY,TON,WPR,Western Pacific,YEAR,2012,,,,,,,DATASOURCE,DATASOURCE_SRHIBTON20072012DHS,98.0,98,,,"DHS 2012. 
",2024-08-06T16:05:08Z,2007-2012,2007-01-01,2012-12-31
8225973,SRHINSTITUTIONALBIRTH,COUNTRY,BLZ,AMR,Americas,YEAR,2002,,,,,,,DATASOURCE,DATASOURCE_SRHIBBLZ2002GOV,76.9,76.9,,,"Ministry of Health [Belize]; 2004.
",2024-08-06T16:05:08Z,2002,2002-01-01,2002-12-31
8241364,SRHINSTITUTIONALBIRTH,COUNTRY,BHR,EMR,Eastern Mediterranean,YEAR,2014,,,,,,,DATASOURCE,DATASOURCE_SRHIBBHR2014GOV,99.8,99.8,,,"Ministry of Health [Bahrain]; 2016.
",2024-08-06T16:05:08Z,2014,2014-01-01,2014-12-31
8252498,SRHINSTITUTIONALBIRTH,COUNTRY,GEO,EUR,Europe,YEAR,2011,,,,,,,DATASOURCE,DATASOURCE_SRHIBGEO2011GOV,99.7,99.7,,,"Ministry of Labour, Health and Social Affairs of Georgia; 2015.
",2024-08-06T16:05:08Z,2011,2011-01-01,2011-12-31
8253919,SRHINSTITUTIONALBIRTH,COUNTRY,FIN,EUR,Europe,YEAR,1997,,,,,,,DATASOURCE,DATASOURCE_SRHIBFIN1997GOV,98.4,98.4,,,"National Institute for Health and Welfare (THL) [Finland]; 2010.
",2024-08-06T16:05:08Z,1997,1997-01-01,1997-12-31
8254338,SRHINSTITUTIONALBIRTH,COUNTRY,URY,AMR,Americas,YEAR,2022,,,,,,,DATASOURCE,DATASOURCE_SRHIBURY2022STAT,99.0,99,,,Estadísticas Vitales 1996-2022.,2024-08-06T16:05:08Z,2022,2022-01-01,2022-12-31
8266715,SRHINSTITUTIONALBIRTH,COUNTRY,BLZ,AMR,Americas,YEAR,2022,,,,,,,DATASOURCE,DATASOURCE_SRHIBBLZ2022WHO,92.1,92.1,,,PLISA Health Information Platform; 2024.,2024-08-06T16:05:08Z,2022,2022-01-01,2022-12-31
8286314,SRHINSTITUTIONALBIRTH,COUNTRY,MKD,EUR,Europe,YEAR,2004,,,,,,,DATASOURCE,DATASOURCE_SRHIBMKD2004STAT,99.0,99,,,"State Statistical Office [Macedonia]; 2005.
",2024-08-06T16:05:08Z,2004,2004-01-01,2004-12-31
8298918,SRHINSTITUTIONALBIRTH,COUNTRY,SGP,WPR,Western Pacific,YEAR,2012,,,,,,,DATASOURCE,DATASOURCE_SRHIBSGP2012STAT,99.7,99.7,,,"Department of Statistics [Singapore]; 2013.
",2024-08-06T16:05:08Z,2012,2012-01-01,2012-12-31
8307137,SRHINSTITUTIONALBIRTH,COUNTRY,CRI,AMR,Americas,YEAR,2010,,,,,,,DATASOURCE,DATASOURCE_SRHIBCRI20052010RHS,99.8,99.8,,,"RHS 2010. Ministerio de Salud [Ministry of Health, Costa Rica]; 2011.
",2024-08-06T16:05:08Z,2005-2010,2005-01-01,2010-12-31
8318607,SRHINSTITUTIONALBIRTH,COUNTRY,CUB,AMR,Americas,YEAR,2002,,,,,,,DATASOURCE,DATASOURCE_SRHIBCUB2002GOV,99.9,99.9,,,"Ministerio de Salud Pública [Cuba]; 2012.
",2024-08-06T16:05:08Z,2002,2002-01-01,2002-12-31
8326086,SRHINSTITUTIONALBIRTH,COUNTRY,BOL,AMR,Americas,YEAR,1998,,,,,,,DATASOURCE,DATASOURCE_SRHIBBOL19931998DHS,55.9,55.9,,,DHS 1998. ,2024-08-06T16:05:08Z,1993-1998,1993-01-01,1998-12-31
8326308,SRHINSTITUTIONALBIRTH,COUNTRY,KHM,WPR,Western Pacific,YEAR,1998,,,,,,,DATASOURCE,DATASOURCE_SRHIBKHM19931998GOV,9.7,9.7,,,Ministry of Health [Cambodia]; 1999.,2024-08-06T16:05:08Z,1993-1998,1993-01-01,1998-12-31
8330893,SRHINSTITUTIONALBIRTH,COUNTRY,PRY,AMR,Americas,YEAR,2016,,,,,,,DATASOURCE,DATASOURCE_SRHIBPRY2016STAT,96.6,96.6,,,"Dirección General de Estadística, Encuestas y Censos (DGEEC) [Paraguay]; 2017.",2024-08-06T16:05:08Z,2016,2016-01-01,2016-12-31
8331709,SRHINSTITUTIONALBIRTH,COUNTRY,MKD,EUR,Europe,YEAR,2000,,,,,,,DATASOURCE,DATASOURCE_SRHIBMKD2000STAT,96.3,96.3,,,"State Statistical Office [Macedonia]; 2005.
",2024-08-06T16:05:08Z,2000,2000-01-01,2000-12-31
8343798,SRHINSTITUTIONALBIRTH,COUNTRY,DNK,EUR,Europe,YEAR,2011,,,,,,,DATASOURCE,DATASOURCE_SRHIBDNK2011GOV,98.5,98.5,,,Sundhedsstyrelsen [Denmark]; 2012. ,2024-08-06T16:05:08Z,2011,2011-01-01,2011-12-31
8371791,SRHINSTITUTIONALBIRTH,COUNTRY,BRB,AMR,Americas,YEAR,2020,,,,,,,DATASOURCE,DATASOURCE_SRHIBBRB2020WHO,98.5,98.5,,,PLISA Health Information Platform; 2024.,2024-08-06T16:05:08Z,2020,2020-01-01,2020-12-31
8383362,SRHINSTITUTIONALBIRTH,COUNTRY,IND,SEAR,South-East Asia,YEAR,2009,,,,,,,DATASOURCE,DATASOURCE_SRHIBIND2009GOV,57.7,57.7,,,"Ministry of Health and Family Welfare [India]; 2015. 
",2024-08-06T16:05:08Z,2009,2009-01-01,2009-12-31
8391184,SRHINSTITUTIONALBIRTH,COUNTRY,CAN,AMR,Americas,YEAR,2008,,,,,,,DATASOURCE,DATASOURCE_SRHIBCAN2008STAT,98.7,98.7,,,"Statistics Canada; 2013. 
",2024-08-06T16:05:08Z,2008,2008-01-01,2008-12-31
8410625,SRHINSTITUTIONALBIRTH,COUNTRY,CUB,AMR,Americas,YEAR,2004,,,,,,,DATASOURCE,DATASOURCE_SRHIBCUB2004GOV,99.9,99.9,,,"Ministerio de Salud Pública [Cuba]; 2012.
",2024-08-06T16:05:08Z,2004,2004-01-01,2004-12-31
8415970,SRHINSTITUTIONALBIRTH,COUNTRY,USA,AMR,Americas,YEAR,1997,,,,,,,DATASOURCE,DATASOURCE_SRHIBUSA1997STAT,99.0,99,,,"National Center for Health Statistics [USA]; 1999.
",2024-08-06T16:05:08Z,1997,1997-01-01,1997-12-31
8416664,SRHINSTITUTIONALBIRTH,COUNTRY,CMR,AFR,Africa,YEAR,2014,,,,,,,DATASOURCE,DATASOURCE_SRHIBCMR20122014MICS,61.3,61.3,,,"MICS 2014. 
",2024-08-06T16:05:08Z,2012-2014,2012-01-01,2014-12-31
8442128,SRHINSTITUTIONALBIRTH,COUNTRY,MMR,SEAR,South-East Asia,YEAR,2001,,,,,,,DATASOURCE,DATASOURCE_SRHIBMMR19962001RHS,16.1,16.1,,,"RHS 2001. Ministry of Immigration and Population [Myanmar], UNFPA; 2004.
",2024-08-06T16:05:08Z,1996-2001,1996-01-01,2001-12-31
8456744,SRHINSTITUTIONALBIRTH,COUNTRY,CMR,AFR,Africa,YEAR,1998,,,,,,,DATASOURCE,DATASOURCE_SRHIBCMR19951998DHS,54.3,54.3,,,"DHS 1998. 
",2024-08-06T16:05:08Z,1995-1998,1995-01-01,1998-12-31
8461247,SRHINSTITUTIONALBIRTH,COUNTRY,USA,AMR,Americas,YEAR,2015,,,,,,,DATASOURCE,DATASOURCE_SRHIBUSA2015STAT,98.9,98.9,,,"National Center for Health Statistics [USA]; 2017.
",2024-08-06T16:05:08Z,2015,2015-01-01,2015-12-31
8468212,SRHINSTITUTIONALBIRTH,COUNTRY,FIN,EUR,Europe,YEAR,2002,,,,,,,DATASOURCE,DATASOURCE_SRHIBFIN2002GOV,99.8,99.8,,,"National Institute for Health and Welfare (THL) [Finland]; 2014.
",2024-08-06T16:05:08Z,2002,2002-01-01,2002-12-31
8487717,SRHINSTITUTIONALBIRTH,COUNTRY,BRN,WPR,Western Pacific,YEAR,2004,,,,,,,DATASOURCE,DATASOURCE_SRHIBBRN2004GOV,99.4,99.4,,,"Ministry of Health [Brunei Darussalam]; 2014.
",2024-08-06T16:05:08Z,2004,2004-01-01,2004-12-31
8494448,SRHINSTITUTIONALBIRTH,COUNTRY,AZE,EUR,Europe,YEAR,2001,,,,,,,DATASOURCE,DATASOURCE_SRHIBAZE19962001RHS,73.1,73.1,,,RHS 2001.,2024-08-06T16:05:08Z,1996-2001,1996-01-01,2001-12-31
8499098,SRHINSTITUTIONALBIRTH,COUNTRY,BTN,SEAR,South-East Asia,YEAR,2003,,,,,,,DATASOURCE,DATASOURCE_SRHIBBTN20022003STAT,56.1,56.1,,,National Statistics Bureau [Bhutan]; 2004. ,2024-08-06T16:05:08Z,2002-2003,2002-01-01,2003-12-31
8499970,SRHINSTITUTIONALBIRTH,COUNTRY,SRB,EUR,Europe,YEAR,2002,,,,,,,DATASOURCE,DATASOURCE_SRHIBSRB2002STAT,98.1,98.1,,,"Statistical Office of the Republic of Serbia; 2010.
",2024-08-06T16:05:08Z,2002,2002-01-01,2002-12-31
8518786,SRHINSTITUTIONALBIRTH,COUNTRY,GHA,AFR,Africa,YEAR,2003,,,,,,,DATASOURCE,DATASOURCE_SRHIBGHA19982003DHS,45.7,45.7,,,"DHS 2003. 
",2024-08-06T16:05:08Z,1998-2003,1998-01-01,2003-12-31
8519638,SRHINSTITUTIONALBIRTH,COUNTRY,DEU,EUR,Europe,YEAR,2001,,,,,,,DATASOURCE,DATASOURCE_SRHIBDEU2001GOV,98.6,98.6,,,"QUAG e.V. [Germany]. Qualitätsbericht 2012; 2014.  
",2024-08-06T16:05:08Z,2001,2001-01-01,2001-12-31
8519689,SRHINSTITUTIONALBIRTH,COUNTRY,MKD,EUR,Europe,YEAR,2017,,,,,,,DATASOURCE,DATASOURCE_SRHIBMKD2017STAT,100.0,100,,,State Statistical Office [Macedonia]; 2018.,2024-08-06T16:05:08Z,2017,2017-01-01,2017-12-31
8521725,SRHINSTITUTIONALBIRTH,COUNTRY,DOM,AMR,Americas,YEAR,2011,,,,,,,DATASOURCE,DATASOURCE_SRHIBDOM2011STAT,98.7,98.7,,,Oficina Nacional de Estadística (ONE) [Dominican Republic]. Estadísticas Vitales 2010-2014; 2016.,2024-08-06T16:05:08Z,2011,2011-01-01,2011-12-31
8528183,SRHINSTITUTIONALBIRTH,COUNTRY,UZB,EUR,Europe,YEAR,1996,,,,,,,DATASOURCE,DATASOURCE_SRHIBUZB19931996DHS,94.1,94.1,,,"DHS 1996. 
",2024-08-06T16:05:08Z,1993-1996,1993-01-01,1996-12-31
8545925,SRHINSTITUTIONALBIRTH,COUNTRY,MEX,AMR,Americas,YEAR,1997,,,,,,,DATASOURCE,DATASOURCE_SRHIBMEX1997STAT,76.6,76.6,,,"Instituto Nacional de Estadística, Geografía e Informática (INEGI) [Mexico]; 2001.",2024-08-06T16:05:08Z,1997,1997-01-01,1997-12-31
8546652,SRHINSTITUTIONALBIRTH,COUNTRY,BRA,AMR,Americas,YEAR,2015,,,,,,,DATASOURCE,DATASOURCE_SRHIBBRA2015DATA,99.1,99.1,,,"DATASUS, MS/SVS/DASIS [Brazil]. Período: 2015; 2017.
",2024-08-06T16:05:08Z,2015,2015-01-01,2015-12-31
8564156,SRHINSTITUTIONALBIRTH,COUNTRY,CHN,WPR,Western Pacific,YEAR,1995,,,,,,,DATASOURCE,DATASOURCE_SRHIBCHN1995GOV,58.0,58,,,"National Health and Family Planning Commission of China (NHFPC); 2016. 
",2024-08-06T16:05:08Z,1995,1995-01-01,1995-12-31
8565940,SRHINSTITUTIONALBIRTH,COUNTRY,GRD,AMR,Americas,YEAR,2018,,,,,,,DATASOURCE,DATASOURCE_SRHIBGRD2018WHO,99.8,99.8,,,WHO/PAHO; 2019. ,2024-08-06T16:05:08Z,2018,2018-01-01,2018-12-31
8566826,SRHINSTITUTIONALBIRTH,COUNTRY,BLZ,AMR,Americas,YEAR,2006,,,,,,,DATASOURCE,DATASOURCE_SRHIBBLZ20042006MICS,88.2,88.2,,,"MICS 2006. 
",2024-08-06T16:05:08Z,2004-2006,2004-01-01,2006-12-31
8590290,SRHINSTITUTIONALBIRTH,COUNTRY,TUN,EMR,Eastern Mediterranean,YEAR,2023,,,,,,,DATASOURCE,DATASOURCE_SRHIBTUN20212023MICS,98.0,98,,,MICS 2023 (snaphots),2024-08-06T16:05:08Z,2021-2023,2021-01-01,2023-12-31
8590447,SRHINSTITUTIONALBIRTH,COUNTRY,BLR,EUR,Europe,YEAR,2019,,,,,,,DATASOURCE,DATASOURCE_SRHIBBLR20172019MICS,99.6,99.6,,,MICS 2019.,2024-08-06T16:05:08Z,2017-2019,2017-01-01,2019-12-31
8616828,SRHINSTITUTIONALBIRTH,COUNTRY,BEN,AFR,Africa,YEAR,2006,,,,,,,DATASOURCE,DATASOURCE_SRHIBBEN20012006DHS,78.1,78.1,,,DHS 2006. ,2024-08-06T16:05:08Z,2001-2006,2001-01-01,2006-12-31
8616927,SRHINSTITUTIONALBIRTH,COUNTRY,SGP,WPR,Western Pacific,YEAR,2007,,,,,,,DATASOURCE,DATASOURCE_SRHIBSGP2007STAT,99.7,99.7,,,"Department of Statistics [Singapore]; 2010.
",2024-08-06T16:05:08Z,2007,2007-01-01,2007-12-31
8617717,SRHINSTITUTIONALBIRTH,COUNTRY,JAM,AMR,Americas,YEAR,2008,,,,,,,DATASOURCE,DATASOURCE_SRHIBJAM20032008RHS,97.0,97,,,RHS 2008. ,2024-08-06T16:05:08Z,2003-2008,2003-01-01,2008-12-31
8629130,SRHINSTITUTIONALBIRTH,COUNTRY,NIC,AMR,Americas,YEAR,2001,,,,,,,DATASOURCE,DATASOURCE_SRHIBNIC19962001DHS,66.3,66.3,,,"DHS 2001. 
",2024-08-06T16:05:08Z,1996-2001,1996-01-01,2001-12-31
8629152,SRHINSTITUTIONALBIRTH,COUNTRY,COG,AFR,Africa,YEAR,2015,,,,,,,DATASOURCE,DATASOURCE_SRHIBCOG20122015MICS,91.5,91.5,,,"MICS 2014-2015.
",2024-08-06T16:05:08Z,2012-2015,2012-01-01,2015-12-31
8631176,SRHINSTITUTIONALBIRTH,COUNTRY,TZA,AFR,Africa,YEAR,2016,,,,,,,DATASOURCE,DATASOURCE_SRHIBTZA20102016DHS,62.6,62.6,,,"DHS 2015-16. 
",2024-08-06T16:05:08Z,2010-2016,2010-01-01,2016-12-31
8642117,SRHINSTITUTIONALBIRTH,COUNTRY,BHR,EMR,Eastern Mediterranean,YEAR,2005,,,,,,,DATASOURCE,DATASOURCE_SRHIBBHR2005GOV,97.5,97.5,,,"Ministry of Health [Bahrain]; 2006.  
",2024-08-06T16:05:08Z,2005,2005-01-01,2005-12-31
8648297,SRHINSTITUTIONALBIRTH,COUNTRY,PNG,WPR,Western Pacific,YEAR,2007,,,,,,,DATASOURCE,DATASOURCE_SRHIBPNG2007GOV,41.0,41,,,"Ministry of Health [Papua New Guinea]; 2012.
",2024-08-06T16:05:08Z,2007,2007-01-01,2007-12-31
8664056,SRHINSTITUTIONALBIRTH,COUNTRY,TUV,WPR,Western Pacific,YEAR,2007,,,,,,,DATASOURCE,DATASOURCE_SRHIBTUV20022007DHS,93.0,93,,,"DHS 2007. 
",2024-08-06T16:05:08Z,2002-2007,2002-01-01,2007-12-31
8682858,SRHINSTITUTIONALBIRTH,COUNTRY,PRY,AMR,Americas,YEAR,1998,,,,,,,DATASOURCE,DATASOURCE_SRHIBPRY19951998GOV,56.3,56.3,,,"ENSMI-98. Centro Paraguay de Estudios de Poblacíon (CEPEP), CDC, USAID; 1999.
",2024-08-06T16:05:08Z,1995-1998,1995-01-01,1998-12-31
8716859,SRHINSTITUTIONALBIRTH,COUNTRY,NOR,EUR,Europe,YEAR,2015,,,,,,,DATASOURCE,DATASOURCE_SRHIBNOR2015GOV,99.1,99.1,,,"Folkehelseinstituttet [Norwegian Institute of Public Health (NIPH)]; 2016.
",2024-08-06T16:05:08Z,2015,2015-01-01,2015-12-31
8720505,SRHINSTITUTIONALBIRTH,COUNTRY,ITA,EUR,Europe,YEAR,2014,,,,,,,DATASOURCE,DATASOURCE_SRHIBITA2014STAT,99.9,99.9,,,"Direzione Generale della Digitalizzazione, del Sistema Informativo Sanitario e della Statistica – Ufficio di Statistica [Italy]; 2017.",2024-08-06T16:05:08Z,2014,2014-01-01,2014-12-31
8723238,SRHINSTITUTIONALBIRTH,COUNTRY,SLV,AMR,Americas,YEAR,2017,,,,,,,DATASOURCE,DATASOURCE_SRHIBSLV2017WHO,99.0,99,,,WHO/PAHO; 2018.,2024-08-06T16:05:08Z,2017,2017-01-01,2017-12-31
8728698,SRHINSTITUTIONALBIRTH,COUNTRY,KAZ,EUR,Europe,YEAR,1995,,,,,,,DATASOURCE,DATASOURCE_SRHIBKAZ19921995DHS,98.4,98.4,,,DHS 1995. ,2024-08-06T16:05:08Z,1992-1995,1992-01-01,1995-12-31
8735538,SRHINSTITUTIONALBIRTH,COUNTRY,ISL,EUR,Europe,YEAR,1997,,,,,,,DATASOURCE,DATASOURCE_SRHIBISL1997GOV,99.8,99.8,,,"Directorate of Health [Iceland]; 2017.
",2024-08-06T16:05:08Z,1997,1997-01-01,1997-12-31
8740792,SRHINSTITUTIONALBIRTH,COUNTRY,SLV,AMR,Americas,YEAR,2014,,,,,,,DATASOURCE,DATASOURCE_SRHIBSLV20122014MICS,97.5,97.5,,,"MICS 2014. 
",2024-08-06T16:05:08Z,2012-2014,2012-01-01,2014-12-31
8772428,SRHINSTITUTIONALBIRTH,COUNTRY,MLT,EUR,Europe,YEAR,2003,,,,,,,DATASOURCE,DATASOURCE_SRHIBMLT2003GOV,99.5,99.5,,,Department of Health Information (DHI) [Malta]; 2004.,2024-08-06T16:05:08Z,2003,2003-01-01,2003-12-31
8774402,SRHINSTITUTIONALBIRTH,COUNTRY,CHN,WPR,Western Pacific,YEAR,1996,,,,,,,DATASOURCE,DATASOURCE_SRHIBCHN1996GOV,60.7,60.7,,,"National Health and Family Planning Commission of China (NHFPC); 2016. 
",2024-08-06T16:05:08Z,1996,1996-01-01,1996-12-31
8774516,SRHINSTITUTIONALBIRTH,COUNTRY,DNK,EUR,Europe,YEAR,1998,,,,,,,DATASOURCE,DATASOURCE_SRHIBDNK1998GOV,98.8,98.8,,,"Sundhedsstyrelsen [Denmark]; 2003.
",2024-08-06T16:05:08Z,1998,1998-01-01,1998-12-31
8785495,SRHINSTITUTIONALBIRTH,COUNTRY,TTO,AMR,Americas,YEAR,2011,,,,,,,DATASOURCE,DATASOURCE_SRHIBTTO20092011MICS,97.9,97.9,,,MICS 2011.,2024-08-06T16:05:08Z,2009-2011,2009-01-01,2011-12-31
8786295,SRHINSTITUTIONALBIRTH,COUNTRY,MEX,AMR,Americas,YEAR,1992,,,,,,,DATASOURCE,DATASOURCE_SRHIBMEX1992STAT,71.9,71.9,,,"Instituto Nacional de Estadística, Geografía e Informática (INEGI) [Mexico]; 2001.",2024-08-06T16:05:08Z,1992,1992-01-01,1992-12-31
8800477,SRHINSTITUTIONALBIRTH,COUNTRY,DNK,EUR,Europe,YEAR,2009,,,,,,,DATASOURCE,DATASOURCE_SRHIBDNK2009GOV,98.7,98.7,,,Sundhedsstyrelsen [Denmark]; 2012. ,2024-08-06T16:05:08Z,2009,2009-01-01,2009-12-31
8819943,SRHINSTITUTIONALBIRTH,COUNTRY,CZE,EUR,Europe,YEAR,2001,,,,,,,DATASOURCE,DATASOURCE_SRHIBCZE2001STAT,99.8,99.8,,,Ústav zdravotnických informací a statistiky ČR [Czech Republic]; 2002.,2024-08-06T16:05:08Z,2001,2001-01-01,2001-12-31
8839961,SRHINSTITUTIONALBIRTH,COUNTRY,MOZ,AFR,Africa,YEAR,2015,,,,,,,DATASOURCE,DATASOURCE_SRHIBMOZ2015STAT,75.4,75.4,,,National Statistics Institute [Mozambique]; 2017. ,2024-08-06T16:05:08Z,2015,2015-01-01,2015-12-31
8859609,SRHINSTITUTIONALBIRTH,COUNTRY,ROU,EUR,Europe,YEAR,2006,,,,,,,DATASOURCE,DATASOURCE_SRHIBROU2006STAT,99.9,99.86570779,,,National Institute of Statistics [Romania]; 2023,2024-08-06T16:05:08Z,2006,2006-01-01,2006-12-31
8864680,SRHINSTITUTIONALBIRTH,COUNTRY,BGD,SEAR,South-East Asia,YEAR,2016,,,,,,,DATASOURCE,DATASOURCE_SRHIBBGD20132016GOV,47.1,47.1,,,Maternal Mortality and Health Care Survey 2016. ,2024-08-06T16:05:08Z,2013-2016,2013-01-01,2016-12-31
8877431,SRHINSTITUTIONALBIRTH,COUNTRY,PSE,EMR,Eastern Mediterranean,YEAR,2019,,,,,,,DATASOURCE,DATASOURCE_SRHIBPSE20172019MICS,99.4,99.4,,,MICS 2019-2020.,2024-08-06T16:05:08Z,2017-2019,2017-01-01,2019-12-31
8877951,SRHINSTITUTIONALBIRTH,COUNTRY,SVN,EUR,Europe,YEAR,1994,,,,,,,DATASOURCE,DATASOURCE_SRHIBSVN1994STAT,99.8,99.8,,,"Statistical Office of the Republic of Slovenia; 1995.
",2024-08-06T16:05:08Z,1994,1994-01-01,1994-12-31
8878110,SRHINSTITUTIONALBIRTH,COUNTRY,MKD,EUR,Europe,YEAR,2005,,,,,,,DATASOURCE,DATASOURCE_SRHIBMKD20032005MICS,98.2,98.2,,,"MICS 2005-2006. 
",2024-08-06T16:05:08Z,2003-2005,2003-01-01,2005-12-31
8878603,SRHINSTITUTIONALBIRTH,COUNTRY,TUN,EMR,Eastern Mediterranean,YEAR,2012,,,,,,,DATASOURCE,DATASOURCE_SRHIBTUN20092012MICS,98.5,98.5,,,"MICS 2011-2012. 
",2024-08-06T16:05:08Z,2009-2012,2009-01-01,2012-12-31
8885451,SRHINSTITUTIONALBIRTH,COUNTRY,UZB,EUR,Europe,YEAR,2013,,,,,,,DATASOURCE,DATASOURCE_SRHIBUZB2013UN,99.3,99.3,,,UNICEF CRING: Uzbekistan; 2013. ,2024-08-06T16:05:08Z,2013,2013-01-01,2013-12-31
8892017,SRHINSTITUTIONALBIRTH,COUNTRY,SRB,EUR,Europe,YEAR,2015,,,,,,,DATASOURCE,DATASOURCE_SRHIBSRB2015STAT,99.7,99.7,,,Statistical Office of the Republic of Serbia; 2018.,2024-08-06T16:05:08Z,2015,2015-01-01,2015-12-31
8921897,SRHINSTITUTIONALBIRTH,COUNTRY,MWI,AFR,Africa,YEAR,2016,,,,,,,DATASOURCE,DATASOURCE_SRHIBMWI20102016DHS,91.4,91.4,,,DHS 2015-16. ,2024-08-06T16:05:08Z,2010-2016,2010-01-01,2016-12-31
8928379,SRHINSTITUTIONALBIRTH,COUNTRY,GMB,AFR,Africa,YEAR,2020,,,,,,,DATASOURCE,DATASOURCE_SRHIBGMB20142020DHS,83.7,83.7,,,DHS 2019-2020. ,2024-08-06T16:05:08Z,2014-2020,2014-01-01,2020-12-31
8969372,SRHINSTITUTIONALBIRTH,COUNTRY,PAN,AMR,Americas,YEAR,2020,,,,,,,DATASOURCE,DATASOURCE_SRHIBPAN2020WHO,92.4,92.4,,,PLISA Health Information Platform; 2024.,2024-08-06T16:05:08Z,2020,2020-01-01,2020-12-31
8969662,SRHINSTITUTIONALBIRTH,COUNTRY,KAZ,EUR,Europe,YEAR,1999,,,,,,,DATASOURCE,DATASOURCE_SRHIBKAZ19941999DHS,97.6,97.6,,,DHS 1999. ,2024-08-06T16:05:08Z,1994-1999,1994-01-01,1999-12-31
8973235,SRHINSTITUTIONALBIRTH,COUNTRY,LBN,EMR,Eastern Mediterranean,YEAR,2004,,,,,,,DATASOURCE,DATASOURCE_SRHIBLBN19992004FHS,96.7,96.7,,,FHS 2004.,2024-08-06T16:05:08Z,1999-2004,1999-01-01,2004-12-31
8973308,SRHINSTITUTIONALBIRTH,COUNTRY,COL,AMR,Americas,YEAR,2021,,,,,,,DATASOURCE,DATASOURCE_SRHIBCOL2021WHO,97.3,97.26,,,PLISA Health Information Platform; 2024.,2024-08-06T16:05:08Z,2021,2021-01-01,2021-12-31
8987799,SRHINSTITUTIONALBIRTH,COUNTRY,URY,AMR,Americas,YEAR,2007,,,,,,,DATASOURCE,DATASOURCE_SRHIBURY2007GOV,99.5,99.5,,,"Ministerio de Salud Publica [Uruguay]; 2015.
",2024-08-06T16:05:08Z,2007,2007-01-01,2007-12-31
8993250,SRHINSTITUTIONALBIRTH,COUNTRY,BWA,AFR,Africa,YEAR,2010,,,,,,,DATASOURCE,DATASOURCE_SRHIBBWA2010STAT,99.1,99.1,,,"Statistics Botswana (CSO); 2016.
",2024-08-06T16:05:08Z,2010,2010-01-01,2010-12-31
8999823,SRHINSTITUTIONALBIRTH,COUNTRY,BRA,AMR,Americas,YEAR,1996,,,,,,,DATASOURCE,DATASOURCE_SRHIBBRA19911996DHS,91.5,91.5,,,"DHS 1996.
",2024-08-06T16:05:08Z,1991-1996,1991-01-01,1996-12-31
9002106,SRHINSTITUTIONALBIRTH,COUNTRY,KWT,EMR,Eastern Mediterranean,YEAR,2014,,,,,,,DATASOURCE,DATASOURCE_SRHIBKWT2014STAT,98.7,98.7,,,Central Statistical Bureau (Office) [Kuwait]; 2015.,2024-08-06T16:05:08Z,2014,2014-01-01,2014-12-31
9021471,SRHINSTITUTIONALBIRTH,COUNTRY,SRB,EUR,Europe,YEAR,2014,,,,,,,DATASOURCE,DATASOURCE_SRHIBSRB2014STAT,99.8,99.8,,,"Statistical Office of the Republic of Serbia; 2015.
",2024-08-06T16:05:08Z,2014,2014-01-01,2014-12-31
9025761,SRHINSTITUTIONALBIRTH,COUNTRY,CRI,AMR,Americas,YEAR,2022,,,,,,,DATASOURCE,DATASOURCE_SRHIBCRI2022WHO,98.9,98.89,,,PLISA Health Information Platform; 2024.,2024-08-06T16:05:08Z,2022,2022-01-01,2022-12-31
9027301,SRHINSTITUTIONALBIRTH,COUNTRY,TTO,AMR,Americas,YEAR,1996,,,,,,,DATASOURCE,DATASOURCE_SRHIBTTO1996GOV,98.0,98,,,"Ministry of Health [Trinidad and Tobago]; 1999.
",2024-08-06T16:05:08Z,1996,1996-01-01,1996-12-31
9040208,SRHINSTITUTIONALBIRTH,COUNTRY,GIN,AFR,Africa,YEAR,2018,,,,,,,DATASOURCE,DATASOURCE_SRHIBGIN20132018DHS,52.6,52.6,,,DHS 2018.,2024-08-06T16:05:08Z,2013-2018,2013-01-01,2018-12-31
9044550,SRHINSTITUTIONALBIRTH,COUNTRY,ECU,AMR,Americas,YEAR,2008,,,,,,,DATASOURCE,DATASOURCE_SRHIBECU2008STAT,83.4,83.4,,,"Instituto Nacional de Estadística y Censos (INEC), Ecuador; 2019.",2024-08-06T16:05:08Z,2008,2008-01-01,2008-12-31
9046778,SRHINSTITUTIONALBIRTH,COUNTRY,LUX,EUR,Europe,YEAR,2014,,,,,,,DATASOURCE,DATASOURCE_SRHIBLUX2014GOV,99.8,99.8,,,Surveillance de la Santé Périnatale au Luxembourg. Rapport sur les naissances 2014-2015-2016.,2024-08-06T16:05:08Z,2014,2014-01-01,2014-12-31
9051021,SRHINSTITUTIONALBIRTH,COUNTRY,TTO,AMR,Americas,YEAR,1999,,,,,,,DATASOURCE,DATASOURCE_SRHIBTTO1999GOV,98.4,98.4,,,"Ministry of Health [Trinidad and Tobago]; 2002.
",2024-08-06T16:05:08Z,1999,1999-01-01,1999-12-31
9065507,SRHINSTITUTIONALBIRTH,COUNTRY,SRB,EUR,Europe,YEAR,2008,,,,,,,DATASOURCE,DATASOURCE_SRHIBSRB2008STAT,99.1,99.1,,,"Statistical Office of the Republic of Serbia; 2010.
",2024-08-06T16:05:08Z,2008,2008-01-01,2008-12-31
9078083,SRHINSTITUTIONALBIRTH,COUNTRY,IRQ,EMR,Eastern Mediterranean,YEAR,2018,,,,,,,DATASOURCE,DATASOURCE_SRHIBIRQ20162018MICS,86.6,86.6,,,MICS 2018. ,2024-08-06T16:05:08Z,2016-2018,2016-01-01,2018-12-31
9079263,SRHINSTITUTIONALBIRTH,COUNTRY,NIC,AMR,Americas,YEAR,2010,,,,,,,DATASOURCE,DATASOURCE_SRHIBNIC2010GOV,71.0,71,,,Government of Nicaragua; 2014. ,2024-08-06T16:05:08Z,2010,2010-01-01,2010-12-31
9084696,SRHINSTITUTIONALBIRTH,COUNTRY,PAK,EMR,Eastern Mediterranean,YEAR,2018,,,,,,,DATASOURCE,DATASOURCE_SRHIBPAK20132018DHS,66.2,66.2,,,DHS 2017-2018. ,2024-08-06T16:05:08Z,2013-2018,2013-01-01,2018-12-31
9085905,SRHINSTITUTIONALBIRTH,COUNTRY,CUB,AMR,Americas,YEAR,1993,,,,,,,DATASOURCE,DATASOURCE_SRHIBCUB1993GOV,99.8,99.8,,,Centro Nacional de Información de Ciencias Médicas-Infomed [Cuba]; 2012.,2024-08-06T16:05:08Z,1993,1993-01-01,1993-12-31
9099786,SRHINSTITUTIONALBIRTH,COUNTRY,ROU,EUR,Europe,YEAR,2007,,,,,,,DATASOURCE,DATASOURCE_SRHIBROU2007STAT,99.9,99.86249518,,,National Institute of Statistics [Romania]; 2023,2024-08-06T16:05:08Z,2007,2007-01-01,2007-12-31
9116607,SRHINSTITUTIONALBIRTH,COUNTRY,MKD,EUR,Europe,YEAR,2012,,,,,,,DATASOURCE,DATASOURCE_SRHIBMKD2012STAT,99.7,99.7,,,"State Statistical Office [Macedonia]; 2015.
",2024-08-06T16:05:08Z,2012,2012-01-01,2012-12-31
9135706,SRHINSTITUTIONALBIRTH,COUNTRY,RUS,EUR,Europe,YEAR,2011,,,,,,,DATASOURCE,DATASOURCE_SRHIBRUS20062011RHS,98.7,98.7,,,"RHS 2011.
",2024-08-06T16:05:08Z,2006-2011,2006-01-01,2011-12-31
9144621,SRHINSTITUTIONALBIRTH,COUNTRY,IND,SEAR,South-East Asia,YEAR,2005,,,,,,,DATASOURCE,DATASOURCE_SRHIBIND2005STAT,34.5,34.5,,,"Ministry of Health and Family Welfare, Statistics Division [India]; 2011. 
",2024-08-06T16:05:08Z,2005,2005-01-01,2005-12-31
9145466,SRHINSTITUTIONALBIRTH,COUNTRY,AUT,EUR,Europe,YEAR,1999,,,,,,,DATASOURCE,DATASOURCE_SRHIBAUT1999STAT,98.3,98.3,,,"Statistik Austria; 2005.
",2024-08-06T16:05:08Z,1999,1999-01-01,1999-12-31
9168654,SRHINSTITUTIONALBIRTH,COUNTRY,PER,AMR,Americas,YEAR,2006,,,,,,,DATASOURCE,DATASOURCE_SRHIBPER19992006DHS,71.7,71.7,,,"DHS 2004-2006 (Continuous).
",2024-08-06T16:05:08Z,1999-2006,1999-01-01,2006-12-31
9169170,SRHINSTITUTIONALBIRTH,COUNTRY,PLW,WPR,Western Pacific,YEAR,2014,,,,,,,DATASOURCE,DATASOURCE_SRHIBPLW2014GOV,100.0,100,,,"Ministry of Finance [Palau]; 2016.
",2024-08-06T16:05:08Z,2014,2014-01-01,2014-12-31
9169339,SRHINSTITUTIONALBIRTH,COUNTRY,AUS,WPR,Western Pacific,YEAR,2008,,,,,,,DATASOURCE,DATASOURCE_SRHIBAUS2008GOV,99.1,99.1,,,"Laws PJ, Li Z, Sullivan EA. Australian Institute of Health and Welfare (AIHW); 2010. ",2024-08-06T16:05:08Z,2008,2008-01-01,2008-12-31
9177231,SRHINSTITUTIONALBIRTH,COUNTRY,ROU,EUR,Europe,YEAR,2001,,,,,,,DATASOURCE,DATASOURCE_SRHIBROU2001STAT,99.9,99.88164171,,,National Institute of Statistics [Romania]; 2023,2024-08-06T16:05:08Z,2001,2001-01-01,2001-12-31
9189265,SRHINSTITUTIONALBIRTH,COUNTRY,MNE,EUR,Europe,YEAR,2008,,,,,,,DATASOURCE,DATASOURCE_SRHIBMNE2008STAT,99.9,99.9,,,"Statistical Office [Montenegro]; 2009.
",2024-08-06T16:05:08Z,2008,2008-01-01,2008-12-31
9189854,SRHINSTITUTIONALBIRTH,COUNTRY,ETH,AFR,Africa,YEAR,2016,,,,,,,DATASOURCE,DATASOURCE_SRHIBETH20112016DHS,26.2,26.2,,,"DHS 2016. 
",2024-08-06T16:05:08Z,2011-2016,2011-01-01,2016-12-31
9208114,SRHINSTITUTIONALBIRTH,COUNTRY,PRY,AMR,Americas,YEAR,2004,,,,,,,DATASOURCE,DATASOURCE_SRHIBPRY2004STAT,87.3,87.3,,,"Dirección General de Estadística, Encuestas y Censos (DGEEC) [Paraguay]; 2006.
",2024-08-06T16:05:08Z,2004,2004-01-01,2004-12-31
9247829,SRHINSTITUTIONALBIRTH,COUNTRY,BOL,AMR,Americas,YEAR,2017,,,,,,,DATASOURCE,DATASOURCE_SRHIBBOL2017WHO,71.3,71.3,,,WHO/PAHO; 2018.,2024-08-06T16:05:08Z,2017,2017-01-01,2017-12-31
9248905,SRHINSTITUTIONALBIRTH,COUNTRY,SLE,AFR,Africa,YEAR,2013,,,,,,,DATASOURCE,DATASOURCE_SRHIBSLE20082013DHS,54.4,54.4,,,"DHS 2013. 
",2024-08-06T16:05:08Z,2008-2013,2008-01-01,2013-12-31
9274498,SRHINSTITUTIONALBIRTH,COUNTRY,AFG,EMR,Eastern Mediterranean,YEAR,2018,,,,,,,DATASOURCE,DATASOURCE_SRHIBAFG20162018GOV,56.3,56.3,,,Afghanistan Health Survey 2018.,2024-08-06T16:05:08Z,2016-2018,2016-01-01,2018-12-31
9279142,SRHINSTITUTIONALBIRTH,COUNTRY,ARM,EUR,Europe,YEAR,2005,,,,,,,DATASOURCE,DATASOURCE_SRHIBARM20002005DHS,96.5,96.5,,,DHS 2005. ,2024-08-06T16:05:08Z,2000-2005,2000-01-01,2005-12-31
9280229,SRHINSTITUTIONALBIRTH,COUNTRY,MEX,AMR,Americas,YEAR,1999,,,,,,,DATASOURCE,DATASOURCE_SRHIBMEX1999STAT,78.6,78.6,,,"Instituto Nacional de Estadística, Geografía e Informática (INEGI) [Mexico]; 2001.",2024-08-06T16:05:08Z,1999,1999-01-01,1999-12-31
9299678,SRHINSTITUTIONALBIRTH,COUNTRY,CAN,AMR,Americas,YEAR,2017,,,,,,,DATASOURCE,DATASOURCE_SRHIBCAN2017STAT,97.9,97.9,,,Statistics Canada; 2019. ,2024-08-06T16:05:08Z,2017,2017-01-01,2017-12-31
9300191,SRHINSTITUTIONALBIRTH,COUNTRY,CAF,AFR,Africa,YEAR,2010,,,,,,,DATASOURCE,DATASOURCE_SRHIBCAF20082010MICS,52.5,52.5,,,MICS 2010.,2024-08-06T16:05:08Z,2008-2010,2008-01-01,2010-12-31
9305597,SRHINSTITUTIONALBIRTH,COUNTRY,IRL,EUR,Europe,YEAR,2020,,,,,,,DATASOURCE,DATASOURCE_SRHIBIRL2020GOV,99.6,99.6,,,"Healthcare Pricing Office (HPO), Health Service Executive (HSE) [Ireland]; 2022.",2024-08-06T16:05:08Z,2020,2020-01-01,2020-12-31
9312803,SRHINSTITUTIONALBIRTH,COUNTRY,PAK,EMR,Eastern Mediterranean,YEAR,2008,,,,,,,DATASOURCE,DATASOURCE_SRHIBPAK20072008STAT,36.0,36,,,Federal Bureau of Statistics [Pakistan]; 2009.,2024-08-06T16:05:08Z,2007-2008,2007-01-01,2008-12-31
9326483,SRHINSTITUTIONALBIRTH,COUNTRY,EST,EUR,Europe,YEAR,2022,,,,,,,DATASOURCE,DATASOURCE_SRHIBEST2022GOV,99.1,99.1,,,National Institute for Health Development [Estonia]; 2023.,2024-08-06T16:05:08Z,2022,2022-01-01,2022-12-31
9340026,SRHINSTITUTIONALBIRTH,COUNTRY,SLV,AMR,Americas,YEAR,2018,,,,,,,DATASOURCE,DATASOURCE_SRHIBSLV2018WHO,98.9,98.9,,,WHO/PAHO; 2019. ,2024-08-06T16:05:08Z,2018,2018-01-01,2018-12-31
9345392,SRHINSTITUTIONALBIRTH,COUNTRY,DOM,AMR,Americas,YEAR,1996,,,,,,,DATASOURCE,DATASOURCE_SRHIBDOM19911996DHS,95.3,95.3,,,"DHS 1996. 
",2024-08-06T16:05:08Z,1991-1996,1991-01-01,1996-12-31
9351811,SRHINSTITUTIONALBIRTH,COUNTRY,STP,AFR,Africa,YEAR,2019,,,,,,,DATASOURCE,DATASOURCE_SRHIBSTP20172019MICS,95.4,95.4,,,MICS 2019.,2024-08-06T16:05:08Z,2017-2019,2017-01-01,2019-12-31
9352682,SRHINSTITUTIONALBIRTH,COUNTRY,ATG,AMR,Americas,YEAR,2022,,,,,,,DATASOURCE,DATASOURCE_SRHIBATG2022WHO,99.0,99,,,PLISA Health Information Platform; 2024.,2024-08-06T16:05:08Z,2022,2022-01-01,2022-12-31
9359020,SRHINSTITUTIONALBIRTH,COUNTRY,KEN,AFR,Africa,YEAR,1993,,,,,,,DATASOURCE,DATASOURCE_SRHIBKEN19881993DHS,44.1,44.1,,,DHS 1993. ,2024-08-06T16:05:08Z,1988-1993,1988-01-01,1993-12-31
9371021,SRHINSTITUTIONALBIRTH,COUNTRY,BGD,SEAR,South-East Asia,YEAR,2018,,,,,,,DATASOURCE,DATASOURCE_SRHIBBGD20142018DHS,49.6,49.6,,,DHS 2017-18 - Key Indicators. ,2024-08-06T16:05:08Z,2014-2018,2014-01-01,2018-12-31
9372414,SRHINSTITUTIONALBIRTH,COUNTRY,BHR,EMR,Eastern Mediterranean,YEAR,1995,,,,,,,DATASOURCE,DATASOURCE_SRHIBBHR19931995FHS,98.2,98.2,,,"FHS 1995.
",2024-08-06T16:05:08Z,1993-1995,1993-01-01,1995-12-31
9376857,SRHINSTITUTIONALBIRTH,COUNTRY,TJK,EUR,Europe,YEAR,2012,,,,,,,DATASOURCE,DATASOURCE_SRHIBTJK20072012DHS,76.5,76.5,,,"DHS 2012. 
",2024-08-06T16:05:08Z,2007-2012,2007-01-01,2012-12-31
9377771,SRHINSTITUTIONALBIRTH,COUNTRY,YEM,EMR,Eastern Mediterranean,YEAR,2023,,,,,,,DATASOURCE,DATASOURCE_SRHIBYEM20202023MICS,46.9,46.9,,,MICS 2022-2023.,2024-08-06T16:05:08Z,2020-2023,2020-01-01,2023-12-31
9379322,SRHINSTITUTIONALBIRTH,COUNTRY,BGD,SEAR,South-East Asia,YEAR,2000,,,,,,,DATASOURCE,DATASOURCE_SRHIBBGD19942000DHS,7.9,7.9,,,"DHS 1999-2000. 
",2024-08-06T16:05:08Z,1994-2000,1994-01-01,2000-12-31
9383766,SRHINSTITUTIONALBIRTH,COUNTRY,TUR,EUR,Europe,YEAR,2021,,,,,,,DATASOURCE,DATASOURCE_SRHIBTUR2021STAT,97.5,97.5,,,Health Statistics Yearbook 2022.,2024-08-06T16:05:08Z,2021,2021-01-01,2021-12-31
9384777,SRHINSTITUTIONALBIRTH,COUNTRY,ECU,AMR,Americas,YEAR,2003,,,,,,,DATASOURCE,DATASOURCE_SRHIBECU2003STAT,74.6,74.6,,,"Instituto Nacional de Estadística y Censos (INEC), Ecuador; 2019.",2024-08-06T16:05:08Z,2003,2003-01-01,2003-12-31
9389483,SRHINSTITUTIONALBIRTH,COUNTRY,SEN,AFR,Africa,YEAR,2016,,,,,,,DATASOURCE,DATASOURCE_SRHIBSEN20112016DHS,75.9,75.9,,,"DHS 2016 (DHS Continuous). 
",2024-08-06T16:05:08Z,2011-2016,2011-01-01,2016-12-31
9401980,SRHINSTITUTIONALBIRTH,COUNTRY,SWZ,AFR,Africa,YEAR,2007,,,,,,,DATASOURCE,DATASOURCE_SRHIBSWZ20012007DHS,74.1,74.1,,,"DHS 2006-07. 
",2024-08-06T16:05:08Z,2001-2007,2001-01-01,2007-12-31
9402273,SRHINSTITUTIONALBIRTH,COUNTRY,FIN,EUR,Europe,YEAR,2001,,,,,,,DATASOURCE,DATASOURCE_SRHIBFIN2001GOV,98.5,98.5,,,"National Institute for Health and Welfare (THL) [Finland]; 2010.
",2024-08-06T16:05:08Z,2001,2001-01-01,2001-12-31
9416726,SRHINSTITUTIONALBIRTH,COUNTRY,MEX,AMR,Americas,YEAR,2014,,,,,,,DATASOURCE,DATASOURCE_SRHIBMEX20092014STAT,95.6,95.6,,,"Instituto Nacional de Estadística y Geografía (INEGI), Consejo Nacional de Población (CONAPO) [Mexico]; 2015. ",2024-08-06T16:05:08Z,2009-2014,2009-01-01,2014-12-31
9424102,SRHINSTITUTIONALBIRTH,COUNTRY,FRA,EUR,Europe,YEAR,2013,,,,,,,DATASOURCE,DATASOURCE_SRHIBFRA2013STAT,98.3,98.3,,,"Institut National de la Statistique et des Études Économiques (INSEE) [France]; 2014.
",2024-08-06T16:05:08Z,2013,2013-01-01,2013-12-31
9424323,SRHINSTITUTIONALBIRTH,COUNTRY,PAK,EMR,Eastern Mediterranean,YEAR,2015,,,,,,,DATASOURCE,DATASOURCE_SRHIBPAK20142015STAT,55.0,55,,,Pakistan Bureau of Statistics; 2016.,2024-08-06T16:05:08Z,2014-2015,2014-01-01,2015-12-31
9428141,SRHINSTITUTIONALBIRTH,COUNTRY,NZL,WPR,Western Pacific,YEAR,2008,,,,,,,DATASOURCE,DATASOURCE_SRHIBNZL2008GOV,96.7,96.7,,,Ministry of Health [New Zealand]; 2015.,2024-08-06T16:05:08Z,2008,2008-01-01,2008-12-31
9442911,SRHINSTITUTIONALBIRTH,COUNTRY,PRT,EUR,Europe,YEAR,2021,,,,,,,DATASOURCE,DATASOURCE_SRHIBPRT2021STAT,97.6,97.6,,,Instituto Nacional de Estadística (INE) [Portugal]; 2023.,2024-08-06T16:05:08Z,2021,2021-01-01,2021-12-31
9450355,SRHINSTITUTIONALBIRTH,COUNTRY,BGD,SEAR,South-East Asia,YEAR,2011,,,,,,,DATASOURCE,DATASOURCE_SRHIBBGD20052011DHS,28.8,28.8,,,"DHS 2011. 
",2024-08-06T16:05:08Z,2005-2011,2005-01-01,2011-12-31
9454451,SRHINSTITUTIONALBIRTH,COUNTRY,NIC,AMR,Americas,YEAR,2015,,,,,,,DATASOURCE,DATASOURCE_SRHIBNIC2015WHO,88.0,88,,,WHO/PAHO; 2016.,2024-08-06T16:05:08Z,2015,2015-01-01,2015-12-31
9457117,SRHINSTITUTIONALBIRTH,COUNTRY,PER,AMR,Americas,YEAR,2012,,,,,,,DATASOURCE,DATASOURCE_SRHIBPER20072012DHS,86.8,86.8,,,"DHS 2012 (Continuous).
",2024-08-06T16:05:08Z,2007-2012,2007-01-01,2012-12-31
9462769,SRHINSTITUTIONALBIRTH,COUNTRY,AUT,EUR,Europe,YEAR,2006,,,,,,,DATASOURCE,DATASOURCE_SRHIBAUT2006STAT,98.6,98.6,,,"Statistik Austria; 2013.
",2024-08-06T16:05:08Z,2006,2006-01-01,2006-12-31
9469877,SRHINSTITUTIONALBIRTH,COUNTRY,USA,AMR,Americas,YEAR,2001,,,,,,,DATASOURCE,DATASOURCE_SRHIBUSA2001STAT,99.1,99.1,,,"National Center for Health Statistics [USA]. Births: Final Data for 2001; 2002.
",2024-08-06T16:05:08Z,2001,2001-01-01,2001-12-31
9470202,SRHINSTITUTIONALBIRTH,COUNTRY,KAZ,EUR,Europe,YEAR,2018,,,,,,,DATASOURCE,DATASOURCE_SRHIBKAZ2018GOV,99.9,99.9,,,Ministry of Healthcare of the Republic of Kazakhstan. Country consultation Dec 2019; 2019. ,2024-08-06T16:05:08Z,2018,2018-01-01,2018-12-31
9481998,SRHINSTITUTIONALBIRTH,COUNTRY,NER,AFR,Africa,YEAR,1992,,,,,,,DATASOURCE,DATASOURCE_SRHIBNER19871992DHS,15.5,15.5,,,"DHS 1992. 
",2024-08-06T16:05:08Z,1987-1992,1987-01-01,1992-12-31
9489781,SRHINSTITUTIONALBIRTH,COUNTRY,PAK,EMR,Eastern Mediterranean,YEAR,1997,,,,,,,DATASOURCE,DATASOURCE_SRHIBPAK19931997STAT,18.0,18,,,"Pakistan Bureau of Statistics; 1997.
",2024-08-06T16:05:08Z,1993-1997,1993-01-01,1997-12-31
9502146,SRHINSTITUTIONALBIRTH,COUNTRY,BIH,EUR,Europe,YEAR,2008,,,,,,,DATASOURCE,DATASOURCE_SRHIBBIH2008STAT,99.9,99.9,,,Federal Office of Statistics [Bosnia and Herzegovina]; 2011.,2024-08-06T16:05:08Z,2008,2008-01-01,2008-12-31
9505965,SRHINSTITUTIONALBIRTH,COUNTRY,BHS,AMR,Americas,YEAR,2020,,,,,,,DATASOURCE,DATASOURCE_SRHIBBHS2020WHO,99.0,99,,,PLISA Health Information Platform; 2024.,2024-08-06T16:05:08Z,2020,2020-01-01,2020-12-31
9506600,SRHINSTITUTIONALBIRTH,COUNTRY,BLZ,AMR,Americas,YEAR,2009,,,,,,,DATASOURCE,DATASOURCE_SRHIBBLZ2009WHO,90.6,90.6,,,"Ministry of Health [Belize], WHO/PAHO; 2011.
",2024-08-06T16:05:08Z,2009,2009-01-01,2009-12-31
9508559,SRHINSTITUTIONALBIRTH,COUNTRY,BFA,AFR,Africa,YEAR,2015,,,,,,,DATASOURCE,DATASOURCE_SRHIBBFA20102015STAT,82.2,82.2,,,"Institut National de la Statistique et de la Démographie (INSD) [Burkina Faso]; 2015.
",2024-08-06T16:05:08Z,2010-2015,2010-01-01,2015-12-31
9531403,SRHINSTITUTIONALBIRTH,COUNTRY,BRN,WPR,Western Pacific,YEAR,2007,,,,,,,DATASOURCE,DATASOURCE_SRHIBBRN2007GOV,99.9,99.9,,,"Ministry of Health [Brunei Darussalam]; 2014.
",2024-08-06T16:05:08Z,2007,2007-01-01,2007-12-31
9534230,SRHINSTITUTIONALBIRTH,COUNTRY,KEN,AFR,Africa,YEAR,2003,,,,,,,DATASOURCE,DATASOURCE_SRHIBKEN19982003DHS,40.1,40.1,,,DHS 2003. ,2024-08-06T16:05:08Z,1998-2003,1998-01-01,2003-12-31
9534304,SRHINSTITUTIONALBIRTH,COUNTRY,LBR,AFR,Africa,YEAR,2007,,,,,,,DATASOURCE,DATASOURCE_SRHIBLBR20022007DHS,36.9,36.9,,,DHS 2007. ,2024-08-06T16:05:08Z,2002-2007,2002-01-01,2007-12-31
9545359,SRHINSTITUTIONALBIRTH,COUNTRY,NOR,EUR,Europe,YEAR,1990,,,,,,,DATASOURCE,DATASOURCE_SRHIBNOR1990GOV,99.4,99.4,,,"Folkehelseinstituttet [Norwegian Institute of Public Health (NIPH)]; 1991.
",2024-08-06T16:05:08Z,1990,1990-01-01,1990-12-31
9565777,SRHINSTITUTIONALBIRTH,COUNTRY,GTM,AMR,Americas,YEAR,2013,,,,,,,DATASOURCE,DATASOURCE_SRHIBGTM2013STAT,63.1,63.1,,,"Gobierno de Guatemala, Instituto Nacional de Estadística Guatemala; 2014. 
",2024-08-06T16:05:08Z,2013,2013-01-01,2013-12-31
9596228,SRHINSTITUTIONALBIRTH,COUNTRY,GNQ,AFR,Africa,YEAR,2011,,,,,,,DATASOURCE,DATASOURCE_SRHIBGNQ20062011DHS,67.3,67.3,,,"DHS 2011. 
",2024-08-06T16:05:08Z,2006-2011,2006-01-01,2011-12-31
9604857,SRHINSTITUTIONALBIRTH,COUNTRY,IDN,WPR,Western Pacific,YEAR,2018,,,,,,,DATASOURCE,DATASOURCE_SRHIBIDN2018STAT,82.7,82.7,,,Badan Pusat Statistik (BPS) [Statistics Indonesia]; 2018.,2024-08-06T16:05:08Z,2018,2018-01-01,2018-12-31
9604890,SRHINSTITUTIONALBIRTH,COUNTRY,QAT,EMR,Eastern Mediterranean,YEAR,2021,,,,,,,DATASOURCE,DATASOURCE_SRHIBQAT2021STAT,99.9,99.9,,,Ministry of Development Planning and Statistics [Qatar]; 2023.,2024-08-06T16:05:08Z,2021,2021-01-01,2021-12-31
9611379,SRHINSTITUTIONALBIRTH,COUNTRY,FJI,WPR,Western Pacific,YEAR,1996,,,,,,,DATASOURCE,DATASOURCE_SRHIBFJI1996GOV,96.3,96.3,,,"Ministry of Health [Fiji]; 2007.
",2024-08-06T16:05:08Z,1996,1996-01-01,1996-12-31
9611946,SRHINSTITUTIONALBIRTH,COUNTRY,NOR,EUR,Europe,YEAR,2010,,,,,,,DATASOURCE,DATASOURCE_SRHIBNOR2010GOV,99.1,99.1,,,"Folkehelseinstituttet [Norwegian Institute of Public Health (NIPH)]; 2011.
",2024-08-06T16:05:08Z,2010,2010-01-01,2010-12-31
9615991,SRHINSTITUTIONALBIRTH,COUNTRY,NIC,AMR,Americas,YEAR,2009,,,,,,,DATASOURCE,DATASOURCE_SRHIBNIC2009GOV,68.0,68,,,Government of Nicaragua; 2014. ,2024-08-06T16:05:08Z,2009,2009-01-01,2009-12-31
9618319,SRHINSTITUTIONALBIRTH,COUNTRY,ARG,AMR,Americas,YEAR,2021,,,,,,,DATASOURCE,DATASOURCE_SRHIBARG2021WHO,97.8,97.8,,,PLISA Health Information Platform; 2024.,2024-08-06T16:05:08Z,2021,2021-01-01,2021-12-31
9630633,SRHINSTITUTIONALBIRTH,COUNTRY,VEN,AMR,Americas,YEAR,2016,,,,,,,DATASOURCE,DATASOURCE_SRHIBVEN2016WHO,96.2,96.2,,,"WHO/PAHO; 2017.
",2024-08-06T16:05:08Z,2016,2016-01-01,2016-12-31
9637918,SRHINSTITUTIONALBIRTH,COUNTRY,PLW,WPR,Western Pacific,YEAR,2006,,,,,,,DATASOURCE,DATASOURCE_SRHIBPLW2006GOV,100.0,100,,,"Ministry of Finance [Palau]; 2007.
",2024-08-06T16:05:08Z,2006,2006-01-01,2006-12-31
9661436,SRHINSTITUTIONALBIRTH,COUNTRY,ARM,EUR,Europe,YEAR,2010,,,,,,,DATASOURCE,DATASOURCE_SRHIBARM20052010DHS,99.4,99.4,,,DHS 2010. ,2024-08-06T16:05:08Z,2005-2010,2005-01-01,2010-12-31
9661443,SRHINSTITUTIONALBIRTH,COUNTRY,AUS,WPR,Western Pacific,YEAR,2004,,,,,,,DATASOURCE,DATASOURCE_SRHIBAUS2004GOV,99.3,99.3,,,"Laws PJ, Grayson N, Sullivan EA. Australian Institute of Health and Welfare (AIHW); 2006.",2024-08-06T16:05:08Z,2004,2004-01-01,2004-12-31
9662490,SRHINSTITUTIONALBIRTH,COUNTRY,BRN,WPR,Western Pacific,YEAR,1998,,,,,,,DATASOURCE,DATASOURCE_SRHIBBRN1998GOV,98.7,98.7,,,"Ministry of Health [Brunei Darussalam]; 2009.
",2024-08-06T16:05:08Z,1998,1998-01-01,1998-12-31
9662518,SRHINSTITUTIONALBIRTH,COUNTRY,TKM,EUR,Europe,YEAR,2016,,,,,,,DATASOURCE,DATASOURCE_SRHIBTKM20132016MICS,99.5,99.5,,,"MICS 2015-16.
",2024-08-06T16:05:08Z,2013-2016,2013-01-01,2016-12-31
9668682,SRHINSTITUTIONALBIRTH,COUNTRY,DEU,EUR,Europe,YEAR,2019,,,,,,,DATASOURCE,DATASOURCE_SRHIBDEU2019STAT,96.2,96.2,,,DESTATIS [online database]; 2021. ,2024-08-06T16:05:08Z,2019,2019-01-01,2019-12-31
9675476,SRHINSTITUTIONALBIRTH,COUNTRY,DMA,AMR,Americas,YEAR,2022,,,,,,,DATASOURCE,DATASOURCE_SRHIBDMA2022WHO,99.0,99,,,PLISA Health Information Platform; 2024.,2024-08-06T16:05:08Z,2022,2022-01-01,2022-12-31
9675979,SRHINSTITUTIONALBIRTH,COUNTRY,BRA,AMR,Americas,YEAR,2006,,,,,,,DATASOURCE,DATASOURCE_SRHIBBRA2006DATA,98.6,98.6,,,"DATASUS, MS/SVS/DASIS [Brazil]. Período: 2006; 2011.
",2024-08-06T16:05:08Z,2006,2006-01-01,2006-12-31
9682896,SRHINSTITUTIONALBIRTH,COUNTRY,MEX,AMR,Americas,YEAR,1993,,,,,,,DATASOURCE,DATASOURCE_SRHIBMEX1993STAT,71.7,71.7,,,"Instituto Nacional de Estadística, Geografía e Informática (INEGI) [Mexico]; 2001.",2024-08-06T16:05:08Z,1993,1993-01-01,1993-12-31
9694423,SRHINSTITUTIONALBIRTH,COUNTRY,PLW,WPR,Western Pacific,YEAR,2005,,,,,,,DATASOURCE,DATASOURCE_SRHIBPLW2005GOV,100.0,100,,,"Ministry of Finance [Palau]; 2007.
",2024-08-06T16:05:08Z,2005,2005-01-01,2005-12-31
9707301,SRHINSTITUTIONALBIRTH,COUNTRY,USA,AMR,Americas,YEAR,2017,,,,,,,DATASOURCE,DATASOURCE_SRHIBUSA2017STAT,98.9,98.9,,,National Center for Health Statistics [USA]. Final Data for 2017; 2018.,2024-08-06T16:05:08Z,2017,2017-01-01,2017-12-31
9708560,SRHINSTITUTIONALBIRTH,COUNTRY,SGP,WPR,Western Pacific,YEAR,2009,,,,,,,DATASOURCE,DATASOURCE_SRHIBSGP2009STAT,99.7,99.7,,,"Department of Statistics [Singapore]; 2010.
",2024-08-06T16:05:08Z,2009,2009-01-01,2009-12-31
9713111,SRHINSTITUTIONALBIRTH,COUNTRY,CHN,WPR,Western Pacific,YEAR,1997,,,,,,,DATASOURCE,DATASOURCE_SRHIBCHN1997GOV,61.7,61.7,,,"National Health and Family Planning Commission of China (NHFPC); 2016. 
",2024-08-06T16:05:08Z,1997,1997-01-01,1997-12-31
9732253,SRHINSTITUTIONALBIRTH,COUNTRY,BHS,AMR,Americas,YEAR,2022,,,,,,,DATASOURCE,DATASOURCE_SRHIBBHS2022WHO,99.2,99.2,,,PLISA Health Information Platform; 2024.,2024-08-06T16:05:08Z,2022,2022-01-01,2022-12-31
9734044,SRHINSTITUTIONALBIRTH,COUNTRY,IDN,WPR,Western Pacific,YEAR,2017,,,,,,,DATASOURCE,DATASOURCE_SRHIBIDN20152017STAT,81.3,81.3,,,Badan Pusat Statistik (BPS) [Statistics Indonesia]; 2017.,2024-08-06T16:05:08Z,2015-2017,2015-01-01,2017-12-31
9734807,SRHINSTITUTIONALBIRTH,COUNTRY,PRY,AMR,Americas,YEAR,2022,,,,,,,DATASOURCE,DATASOURCE_SRHIBPRY2022STAT,97.6,97.6,,,INE/DGREC. Registros administrativos de estadísticas vitales 2022.,2024-08-06T16:05:08Z,2022,2022-01-01,2022-12-31
9739204,SRHINSTITUTIONALBIRTH,COUNTRY,TTO,AMR,Americas,YEAR,2008,,,,,,,DATASOURCE,DATASOURCE_SRHIBTTO2008STAT,99.9,99.9,,,"Central Statistical Office (CSO) [Trinidad & Tobago]; 2012.
",2024-08-06T16:05:08Z,2008,2008-01-01,2008-12-31
9739601,SRHINSTITUTIONALBIRTH,COUNTRY,LVA,EUR,Europe,YEAR,2011,,,,,,,DATASOURCE,DATASOURCE_SRHIBLVA2011GOV,98.6,98.6,,,The Centre for Disease Prevention and Control of Latvia; 2012.,2024-08-06T16:05:08Z,2011,2011-01-01,2011-12-31
9740038,SRHINSTITUTIONALBIRTH,COUNTRY,PAK,EMR,Eastern Mediterranean,YEAR,2007,,,,,,,DATASOURCE,DATASOURCE_SRHIBPAK20062007STAT,32.0,32,,,Federal Bureau of Statistics [Pakistan]. PSLM 2006-07; 2007.,2024-08-06T16:05:08Z,2006-2007,2006-01-01,2007-12-31
9741443,SRHINSTITUTIONALBIRTH,COUNTRY,ALB,EUR,Europe,YEAR,2005,,,,,,,DATASOURCE,DATASOURCE_SRHIBALB20032005MICS,98.0,98,,,MICS 2005. ,2024-08-06T16:05:08Z,2003-2005,2003-01-01,2005-12-31
9754815,SRHINSTITUTIONALBIRTH,COUNTRY,IRL,EUR,Europe,YEAR,2001,,,,,,,DATASOURCE,DATASOURCE_SRHIBIRL2001STAT,99.6,99.6,,,The Economic and Social Research Institute (ESRI) [Ireland]. Report on Perinatal Statistics for 2001; 2005.  ,2024-08-06T16:05:08Z,2001,2001-01-01,2001-12-31
9758348,SRHINSTITUTIONALBIRTH,COUNTRY,SYC,AFR,Africa,YEAR,2023,,,,,,,DATASOURCE,DATASOURCE_SRHIBSYC2023STAT,99.3,99.3,,,Annual Vital Statistics Report 2023.,2024-08-06T16:05:08Z,2023,2023-01-01,2023-12-31
9772235,SRHINSTITUTIONALBIRTH,COUNTRY,IRL,EUR,Europe,YEAR,2014,,,,,,,DATASOURCE,DATASOURCE_SRHIBIRL2014GOV,99.7,99.7,,,"Healthcare Pricing Office (HPO), Health Service Executive (HSE) [Ireland]; 2016.  ",2024-08-06T16:05:08Z,2014,2014-01-01,2014-12-31
9772597,SRHINSTITUTIONALBIRTH,COUNTRY,DOM,AMR,Americas,YEAR,2010,,,,,,,DATASOURCE,DATASOURCE_SRHIBDOM2010STAT,97.8,97.8,,,Oficina Nacional de Estadística (ONE) [Dominican Republic]. Estadísticas Vitales 2010-2014; 2016.,2024-08-06T16:05:08Z,2010,2010-01-01,2010-12-31
