Id,IndicatorCode,SpatialDimension,SpatialDimensionValueCode,ParentLocationCode,ParentLocation,TimeDimension,TimeDim,DisaggregatingDimension1,DisaggregatingDimension1ValueCode,DisaggregatingDimension2,DisaggregatingDimension2ValueCode,DisaggregatingDimension3,DisaggregatingDimension3ValueCode,DataSourceDimension,DataSourceDimensionValueCode,Value,NumericValue,Low,High,Comments,Date,TimeDimensionValue,TimeDimensionBegin,TimeDimensionEnd
1494691,WHS4_154,COUNTRY,NPL,SEAR,South-East Asia,YEAR,2011,,,,,,,,,50.1,50.1,,,DHS 2011.,2025-09-26T14:12:09Z,2006-2011,2006-01-01,2011-12-31
1501873,WHS4_154,COUNTRY,ZWE,AFR,Africa,YEAR,2006,,,,,,,,,71.1,71.1,,,DHS 2005-2006.,2025-09-26T14:12:09Z,2000-2006,2000-01-01,2006-12-31
1505080,WHS4_154,COUNTRY,THA,SEAR,South-East Asia,YEAR,2009,,,,,,,,,79.6,79.6,,,RHS 2009 (Key Findings).,2025-09-26T14:12:09Z,2008-2009,2008-01-01,2009-12-31
1512355,WHS4_154,COUNTRY,BRA,AMR,Americas,YEAR,2023,,,,,,,,,93.76962535,93.76962535,,,"Data updated as MOH shared slightly different values during UHC CC 2025. Previously: 93.7 DATASUS, MS/SVS/DASIS [Brazil]. Período: 2023.",2025-09-26T14:12:09Z,2023,2023-01-01,2023-12-31
1522580,WHS4_154,COUNTRY,BRB,AMR,Americas,YEAR,2020,,,,,,,,,90,90,,,WHO/PAHO; 2022.,2025-09-26T14:12:09Z,2020,2020-01-01,2020-12-31
1528736,WHS4_154,COUNTRY,SYC,AFR,Africa,YEAR,2017,,,,,,,,,99.2,99.2,,,It covers all women in the country as the information is gathered from all the birthing centres across the country. There is no private birthing centres in Seychelles. It was label as Maternity Ward Data as the person collating the data is the Head of the Maternity Ward in the country. Annual Health Sector Performance Report 2017.,2025-09-26T14:12:09Z,2017,2017-01-01,2017-12-31
1530140,WHS4_154,COUNTRY,ECU,AMR,Americas,YEAR,2013,,,,,,,,,79.5,79.5,,,WHO/PAHO; 2018.,2025-09-26T14:12:09Z,2013,2013-01-01,2013-12-31
1536082,WHS4_154,COUNTRY,SEN,AFR,Africa,YEAR,2005,,,,,,,,,39.8,39.8,,,DHS 2005.,2025-09-26T14:12:09Z,2000-2005,2000-01-01,2005-12-31
1549737,WHS4_154,COUNTRY,BHS,AMR,Americas,YEAR,2007,,,,,,,,,98,98,,,WHO/PAHO 2022.,2025-09-26T14:12:09Z,2007,2007-01-01,2007-12-31
1568043,WHS4_154,COUNTRY,MLI,AFR,Africa,YEAR,2021,,,,,,,,,44.7,44.7,,,MIS 2021.,2025-09-26T14:12:09Z,2019-2021,2019-01-01,2021-12-31
1583795,WHS4_154,COUNTRY,TUR,EUR,Europe,YEAR,2019,,,,,,,,,89.7,89.7,,,DHS 2018.,2025-09-26T14:12:09Z,2013-2019,2013-01-01,2019-12-31
1591108,WHS4_154,COUNTRY,COD,AFR,Africa,YEAR,2020,,,,,,,,,56,56,,,Rapport annuel 2020 du secteur de la sante.,2025-09-26T14:12:09Z,2020,2020-01-01,2020-12-31
1595106,WHS4_154,COUNTRY,WSM,WPR,Western Pacific,YEAR,2020,,,,,,,,,69.8,69.8,,,MICS 2019-2020.,2025-09-26T14:12:09Z,2017-2020,2017-01-01,2020-12-31
1605845,WHS4_154,COUNTRY,URY,AMR,Americas,YEAR,2023,,,,,,,,,97.6,97.6,,,PLISA Health Information Platform; 2025.,2025-09-26T14:12:09Z,2023,2023-01-01,2023-12-31
1622985,WHS4_154,COUNTRY,SEN,AFR,Africa,YEAR,2011,,,,,,,,,50,50,,,DHS 2010-2011.,2025-09-26T14:12:09Z,2005-2011,2005-01-01,2011-12-31
1634960,WHS4_154,COUNTRY,BRA,AMR,Americas,YEAR,2013,,,,,,,,,88.99868726,88.99868726,,,"Data updated as MOH shared slightly different values during UHC CC 2025. Previously: 88.9 DATASUS, MS/SVS/DASIS [Brazil]. Período: 2013; 2016.",2025-09-26T14:12:09Z,2013,2013-01-01,2013-12-31
1657377,WHS4_154,COUNTRY,MNG,WPR,Western Pacific,YEAR,2013,,,,,,,,,89.6,89.6,,,MICS 2013,2025-09-26T14:12:09Z,2011-2013,2011-01-01,2013-12-31
1666576,WHS4_154,COUNTRY,BEN,AFR,Africa,YEAR,1996,,,,,,,,,53.7,53.7,,,DHS 1996.,2025-09-26T14:12:09Z,1993-1996,1993-01-01,1996-12-31
1668459,WHS4_154,COUNTRY,SLV,AMR,Americas,YEAR,2014,,,,,,,,,90,90,,,MICS 2014.,2025-09-26T14:12:09Z,2012-2014,2012-01-01,2014-12-31
1670574,WHS4_154,COUNTRY,DOM,AMR,Americas,YEAR,2002,,,,,,,,,93.5,93.5,,,DHS 2002.,2025-09-26T14:12:09Z,1997-2002,1997-01-01,2002-12-31
1680861,WHS4_154,COUNTRY,SGP,WPR,Western Pacific,YEAR,2018,,,,,,,,,97.1,97.1,,,Government administrative databases for outpatient and birth records - Singapore; 2023.,2025-09-26T14:12:09Z,2018,2018-01-01,2018-12-31
1682673,WHS4_154,COUNTRY,TTO,AMR,Americas,YEAR,2016,,,,,,,,,100,100,,,WHO/PAHO; 2017.,2025-09-26T14:12:09Z,2016,2016-01-01,2016-12-31
1684348,WHS4_154,COUNTRY,PRI,AMR,Americas,YEAR,1995,,,,,,,,,93.5,93.5,,,PLISA Health Information Platform; 2024.,2025-09-26T14:12:09Z,1995,1995-01-01,1995-12-31
1688164,WHS4_154,COUNTRY,TTO,AMR,Americas,YEAR,2017,,,,,,,,,100,100,,,WHO/PAHO; 2018.,2025-09-26T14:12:09Z,2017,2017-01-01,2017-12-31
1694006,WHS4_154,COUNTRY,GEO,EUR,Europe,YEAR,2003,,,,,,,,,60.6,60.6,,,"Ministry of Labour, Health and Social Affairs of Georgia; 2012.",2025-09-26T14:12:09Z,2003,2003-01-01,2003-12-31
1704747,WHS4_154,COUNTRY,ARG,AMR,Americas,YEAR,2012,,,,,,,,,89.8,89.8,,,MICS 2011-2012.,2025-09-26T14:12:09Z,2009-2012,2009-01-01,2012-12-31
1705295,WHS4_154,COUNTRY,NGA,AFR,Africa,YEAR,2018,,,,,,,,,56.8,56.8,,,DHS 2018.,2025-09-26T14:12:09Z,2013-2018,2013-01-01,2018-12-31
1710584,WHS4_154,COUNTRY,BHR,EMR,Eastern Mediterranean,YEAR,2005,,,,,,,,,100,100,,,"Central Informatics Organisation [Bahrain], UN Country Team [Bahrain]; 2010.",2025-09-26T14:12:09Z,2005,2005-01-01,2005-12-31
1719145,WHS4_154,COUNTRY,NIC,AMR,Americas,YEAR,2014,,,,,,,,,71,71,,,PAHO Database; 2018.,2025-09-26T14:12:09Z,2014,2014-01-01,2014-12-31
1723397,WHS4_154,COUNTRY,PER,AMR,Americas,YEAR,2018,,,,,,,,,96.6,96.6,,,ENDES 2018. INEI 2019.,2025-09-26T14:12:09Z,2013-2018,2013-01-01,2018-12-31
1723666,WHS4_154,COUNTRY,FIN,EUR,Europe,YEAR,2005,,,,,,,,,99.2,99.2,,,National Institute for Health and Welfare (THL) [Finland]; 2017.,2025-09-26T14:12:09Z,2005,2005-01-01,2005-12-31
1729580,WHS4_154,COUNTRY,PRI,AMR,Americas,YEAR,2009,,,,,,,,,97.6,97.6,,,PLISA Health Information Platform; 2024.,2025-09-26T14:12:09Z,2009,2009-01-01,2009-12-31
1732680,WHS4_154,COUNTRY,BRA,AMR,Americas,YEAR,2003,,,,,,,,,84.82767755,84.82767755,,,"Data updated as MOH shared slightly different values during UHC CC 2025. Previously: 84.7 DATASUS, MS/SVS/DASIS [Brazil]. Período: 2003; 2014.",2025-09-26T14:12:09Z,2003,2003-01-01,2003-12-31
1736494,WHS4_154,COUNTRY,PLW,WPR,Western Pacific,YEAR,2010,,,,,,,,,81,81,,,CHIPS 2011. WHO/WPRO; 2011.,2025-09-26T14:12:09Z,2010,2010-01-01,2010-12-31
1736781,WHS4_154,COUNTRY,BGD,SEAR,South-East Asia,YEAR,2022,,,,,,,,,40.5,40.5,,,DHS 2022.,2025-09-26T14:12:09Z,2020-2022,2020-01-01,2022-12-31
1737702,WHS4_154,COUNTRY,AFG,EMR,Eastern Mediterranean,YEAR,2023,,,,,,,,,33.4,33.4,,,MICS 2022-2023.,2025-09-26T14:12:09Z,2020-2023,2020-01-01,2023-12-31
1753758,WHS4_154,COUNTRY,GTM,AMR,Americas,YEAR,1999,,,,,,,,,71,71,,,Data from DHS STATcompiler November 2020. DHS 1998-1999.,2025-09-26T14:12:09Z,1994-1999,1994-01-01,1999-12-31
1754260,WHS4_154,COUNTRY,RWA,AFR,Africa,YEAR,2020,,,,,,,,,47.2,47.2,,,DHS 2019-2020.,2025-09-26T14:12:09Z,2014-2020,2014-01-01,2020-12-31
1775837,WHS4_154,COUNTRY,CPV,AFR,Africa,YEAR,2005,,,,,,,,,72.3,72.3,,,DHS 2005.,2025-09-26T14:12:09Z,2000-2005,2000-01-01,2005-12-31
1779688,WHS4_154,COUNTRY,CUB,AMR,Americas,YEAR,2019,,,,,,,,,79.3,79.3,,,MICS 2019.,2025-09-26T14:12:09Z,2017-2019,2017-01-01,2019-12-31
1780556,WHS4_154,COUNTRY,ZWE,AFR,Africa,YEAR,2019,,,,,,,,,71.5,71.5,,,MICS 2019.,2025-09-26T14:12:09Z,2017-2019,2017-01-01,2019-12-31
1805612,WHS4_154,COUNTRY,GMB,AFR,Africa,YEAR,2020,,,,,,,,,78.5,78.5,,,DHS 2019-2020.,2025-09-26T14:12:09Z,2014-2020,2014-01-01,2020-12-31
1806061,WHS4_154,COUNTRY,UKR,EUR,Europe,YEAR,1999,,,,,,,,,91,91,,,5 or more visits. RHS 1999.,2025-09-26T14:12:09Z,1994-1999,1994-01-01,1999-12-31
1819583,WHS4_154,COUNTRY,JAM,AMR,Americas,YEAR,1993,,,,,,,,,80.9,80.9,,,5 or more visits. National Family Planning Board [Jamaica]; 1994.,2025-09-26T14:12:09Z,1988-1993,1988-01-01,1993-12-31
1822841,WHS4_154,COUNTRY,COD,AFR,Africa,YEAR,2007,,,,,,,,,46.7,46.7,,,DHS 2007.,2025-09-26T14:12:09Z,2002-2007,2002-01-01,2007-12-31
1835162,WHS4_154,COUNTRY,NGA,AFR,Africa,YEAR,2024,,,,,,,,,52.4,52.4,,,DHS 2023-2024 (Key indicators).,2025-09-26T14:12:09Z,2021-2024,2021-01-01,2024-12-31
1849980,WHS4_154,COUNTRY,ZMB,AFR,Africa,YEAR,2014,,,,,,,,,55.5,55.5,,,DHS 2013-2014.,2025-09-26T14:12:09Z,2008-2014,2008-01-01,2014-12-31
1853400,WHS4_154,COUNTRY,EGY,EMR,Eastern Mediterranean,YEAR,2005,,,,,,,,,58.5,58.5,,,DHS 2005.,2025-09-26T14:12:09Z,2000-2005,2000-01-01,2005-12-31
1854918,WHS4_154,COUNTRY,AGO,AFR,Africa,YEAR,2016,,,,,,,,,61.4,61.4,,,DHS 2015-2016.,2025-09-26T14:12:09Z,2010-2016,2010-01-01,2016-12-31
1869213,WHS4_154,COUNTRY,CRI,AMR,Americas,YEAR,2011,,,,,,,,,90.2,90.2,,,3 or more visits. MICS 2011.,2025-09-26T14:12:09Z,2009-2011,2009-01-01,2011-12-31
1873862,WHS4_154,COUNTRY,AUS,WPR,Western Pacific,YEAR,2019,,,,,,,,,94.7,94.7,,,5 or more visits. Australian Institute of Health and Welfare (AIHW); 2020.,2025-09-26T14:12:09Z,2019,2019-01-01,2019-12-31
1874944,WHS4_154,COUNTRY,NIC,AMR,Americas,YEAR,2021,,,,,,,,,94,94,,,Public sector only. WHO/PAHO; 2022.,2025-09-26T14:12:09Z,2021,2021-01-01,2021-12-31
1880231,WHS4_154,COUNTRY,GEO,EUR,Europe,YEAR,2008,,,,,,,,,71.8,71.8,,,"Ministry of Labour, Health and Social Affairs of Georgia; 2012.",2025-09-26T14:12:09Z,2008,2008-01-01,2008-12-31
1893073,WHS4_154,COUNTRY,PER,AMR,Americas,YEAR,2023,,,,,,,,,95.3,95.3,,,ENDES 2023.,2025-09-26T14:12:09Z,2018-2023,2018-01-01,2023-12-31
1894982,WHS4_154,COUNTRY,LAO,WPR,Western Pacific,YEAR,2022,,,,,,,,,71,71,,,NHRS 2023.,2025-09-26T14:12:09Z,2022,2022-01-01,2022-12-31
1899202,WHS4_154,COUNTRY,TJK,EUR,Europe,YEAR,2012,,,,,,,,,52.5,52.5,,,DHS 2012.,2025-09-26T14:12:09Z,2007-2012,2007-01-01,2012-12-31
1902430,WHS4_154,COUNTRY,MNG,WPR,Western Pacific,YEAR,2023,,,,,,,,,93.6,93.6,,,SiSS - Key Indicators Report 2023.,2025-09-26T14:12:09Z,2021-2023,2021-01-01,2023-12-31
1909483,WHS4_154,COUNTRY,RWA,AFR,Africa,YEAR,2008,,,,,,,,,23.9,23.9,,,DHS 2007-2008 (Interim DHS).,2025-09-26T14:12:09Z,2002-2008,2002-01-01,2008-12-31
1912900,WHS4_154,COUNTRY,BOL,AMR,Americas,YEAR,2011,,,,,,,,,58.5,58.5,,,WHO/PAHO; 2012.,2025-09-26T14:12:09Z,2011,2011-01-01,2011-12-31
1931685,WHS4_154,COUNTRY,NER,AFR,Africa,YEAR,2006,,,,,,,,,14.9,14.9,,,DHS 2006.,2025-09-26T14:12:09Z,2001-2006,2001-01-01,2006-12-31
1952119,WHS4_154,COUNTRY,SYC,AFR,Africa,YEAR,2022,,,,,,,,,100,100,,,"Annual Health-sector Performance Report, 2022",2025-09-26T14:12:09Z,2022,2022-01-01,2022-12-31
1969099,WHS4_154,COUNTRY,CAF,AFR,Africa,YEAR,2019,,,,,,,,,41.4,41.4,,,MICS 2018-2019.,2025-09-26T14:12:09Z,2016-2019,2016-01-01,2019-12-31
1969559,WHS4_154,COUNTRY,LUX,EUR,Europe,YEAR,2017,,,,,,,,,98.6,98.6,,,"calculated by LUX for 2023 UHC Country consultation for 4+ visits. Ministère de la Santé [Luxembourg], Luxembourg Institute of Health; 2023.",2025-09-26T14:12:09Z,2017,2017-01-01,2017-12-31
1974518,WHS4_154,COUNTRY,IDN,WPR,Western Pacific,YEAR,1994,,,,,,,,,61.2,61.2,,,DHS 1994.,2025-09-26T14:12:09Z,1989-1994,1989-01-01,1994-12-31
1982122,WHS4_154,COUNTRY,DMA,AMR,Americas,YEAR,2023,,,,,,,,,85,85,,,"Publice Sector only. 
PLISA Health Information Platform; 2025.",2025-09-26T14:12:09Z,2023,2023-01-01,2023-12-31
1985509,WHS4_154,COUNTRY,MYS,WPR,Western Pacific,YEAR,2022,,,,,,,,,98.1,98.1,,,The National Health and Morbidity Survey 2022.,2025-09-26T14:12:09Z,2022,2022-01-01,2022-12-31
1985800,WHS4_154,COUNTRY,GUY,AMR,Americas,YEAR,2018,,,,,,,,,96,96,,,WHO/PAHO; 2022.,2025-09-26T14:12:09Z,2018,2018-01-01,2018-12-31
1991421,WHS4_154,COUNTRY,IDN,WPR,Western Pacific,YEAR,1991,,,,,,,,,55.4,55.4,,,DHS 1991.,2025-09-26T14:12:09Z,1986-1991,1986-01-01,1991-12-31
1993495,WHS4_154,COUNTRY,SVK,EUR,Europe,YEAR,2023,,,,,,,,,96.4,96.4,,,Parent Report and Newborn Report 2025.,2025-09-26T14:12:09Z,2023,2023-01-01,2023-12-31
2018550,WHS4_154,COUNTRY,CMR,AFR,Africa,YEAR,2022,,,,,,,,,64.6,64.6,,,MIS 2022.,2025-09-26T14:12:09Z,2020-2022,2020-01-01,2022-12-31
2021889,WHS4_154,COUNTRY,LAO,WPR,Western Pacific,YEAR,2020,,,,,,,,,72,72,,,NHRS 2023.,2025-09-26T14:12:09Z,2020,2020-01-01,2020-12-31
2027013,WHS4_154,COUNTRY,KEN,AFR,Africa,YEAR,2015,,,,,,,,,62.5,62.5,,,Data from DHS STATcompiler November 2020. MIS 2015.,2025-09-26T14:12:09Z,2010-2015,2010-01-01,2015-12-31
2033481,WHS4_154,COUNTRY,OMN,EMR,Eastern Mediterranean,YEAR,2011,,,,,,,,,83.2,83.2,,,Ministry of Health [Oman]; 2012.,2025-09-26T14:12:09Z,2011,2011-01-01,2011-12-31
2035204,WHS4_154,COUNTRY,AFG,EMR,Eastern Mediterranean,YEAR,2014,,,,,,,,,22.7,22.7,,,Central Statistics Organization (CSO) [Afghanistan]; 2016.,2025-09-26T14:12:09Z,2009-2014,2009-01-01,2014-12-31
2041604,WHS4_154,COUNTRY,TUR,EUR,Europe,YEAR,2023,,,,,,,,,95.9,95.9,,,Health Statistics Yearbook 2023,2025-09-26T14:12:09Z,2023,2023-01-01,2023-12-31
2043458,WHS4_154,COUNTRY,SGP,WPR,Western Pacific,YEAR,2017,,,,,,,,,96.8,96.8,,,Government administrative databases for outpatient and birth records - Singapore; 2023.,2025-09-26T14:12:09Z,2017,2017-01-01,2017-12-31
2050859,WHS4_154,COUNTRY,VEN,AMR,Americas,YEAR,2011,,,,,,,,,47,47,,,WHO/PAHO; 2012.,2025-09-26T14:12:09Z,2011,2011-01-01,2011-12-31
2051398,WHS4_154,COUNTRY,MLI,AFR,Africa,YEAR,2024,,,,,,,,,51.3,51.3,,,DHS 2023-2024 (Key indicators).,2025-09-26T14:12:09Z,2021-2024,2021-01-01,2024-12-31
2052297,WHS4_154,COUNTRY,SLE,AFR,Africa,YEAR,2013,,,,,,,,,76,76,,,DHS 2013.,2025-09-26T14:12:09Z,2008-2013,2008-01-01,2013-12-31
2067905,WHS4_154,COUNTRY,EST,EUR,Europe,YEAR,2015,,,,,,,,,94.4,94.4,,,5+ visits  National Institute for Health Development [Estonia]; 2017.,2025-09-26T14:12:09Z,2015,2015-01-01,2015-12-31
2068587,WHS4_154,COUNTRY,BTN,SEAR,South-East Asia,YEAR,2012,,,,,,,,,81.5,81.5,,,NHS 2012.,2025-09-26T14:12:09Z,2010-2012,2010-01-01,2012-12-31
2068679,WHS4_154,COUNTRY,YEM,EMR,Eastern Mediterranean,YEAR,2013,,,,,,,,,25.1,25.1,,,DHS 2013.,2025-09-26T14:12:09Z,2008-2013,2008-01-01,2013-12-31
2068928,WHS4_154,COUNTRY,KHM,WPR,Western Pacific,YEAR,2014,,,,,,,,,75.6,75.6,,,DHS 2014.,2025-09-26T14:12:09Z,2009-2014,2009-01-01,2014-12-31
2072607,WHS4_154,COUNTRY,USA,AMR,Americas,YEAR,2017,,,,,,,,,96,96,,,WHO/PAHO; 2022.,2025-09-26T14:12:09Z,2017,2017-01-01,2017-12-31
2072666,WHS4_154,COUNTRY,ZMB,AFR,Africa,YEAR,2019,,,,,,,,,63.5,63.5,,,DHS 2018.,2025-09-26T14:12:09Z,2014-2019,2014-01-01,2019-12-31
2093397,WHS4_154,COUNTRY,IDN,WPR,Western Pacific,YEAR,1997,,,,,,,,,69.1,69.1,,,DHS 1997.,2025-09-26T14:12:09Z,1992-1997,1992-01-01,1997-12-31
2098347,WHS4_154,COUNTRY,KOR,WPR,Western Pacific,YEAR,2006,,,,,,,,,98.6,98.6,,,6 or more visits. Mean number of visits: 13.2 Korea Institute for Health and Social Affairs; 2012.,2025-09-26T14:12:09Z,2006,2006-01-01,2006-12-31
2103139,WHS4_154,COUNTRY,MOZ,AFR,Africa,YEAR,2019,,,,,,,,,51,51,,,Data from DHS STATcompiler November 2020. MIS 2019,2025-09-26T14:12:09Z,2014-2019,2014-01-01,2019-12-31
2105196,WHS4_154,COUNTRY,CZE,EUR,Europe,YEAR,2005,,,,,,,,,96.6,96.6,,,3 or more visits. Ústav zdravotnických informací a statistiky ČR [Czech Republic]; 2006.,2025-09-26T14:12:09Z,2005,2005-01-01,2005-12-31
2111138,WHS4_154,COUNTRY,SEN,AFR,Africa,YEAR,1999,,,,,,,,,63.7,63.7,,,3 or more visits. DHS 1999.,2025-09-26T14:12:09Z,1994-1999,1994-01-01,1999-12-31
2111789,WHS4_154,COUNTRY,BOL,AMR,Americas,YEAR,2016,,,,,,,,,89.9,89.9,,,WHO/PAHO; 2017.,2025-09-26T14:12:09Z,2016,2016-01-01,2016-12-31
2116891,WHS4_154,COUNTRY,CZE,EUR,Europe,YEAR,2003,,,,,,,,,97.7,97.7,,,3 or more visits. Ústav zdravotnických informací a statistiky ČR [Czech Republic]. Mother and Newborn 2003; 2004.,2025-09-26T14:12:09Z,2003,2003-01-01,2003-12-31
2132764,WHS4_154,COUNTRY,PER,AMR,Americas,YEAR,2009,,,,,,,,,92.5,92.5,,,DHS 2009 (Continuous),2025-09-26T14:12:09Z,2004-2009,2004-01-01,2009-12-31
2134492,WHS4_154,COUNTRY,EST,EUR,Europe,YEAR,2003,,,,,,,,,95.5,95.5,,,National Institute for Health Development [Estonia]; 2012.,2025-09-26T14:12:09Z,2003,2003-01-01,2003-12-31
2137057,WHS4_154,COUNTRY,USA,AMR,Americas,YEAR,2010,,,,,,,,,96.6,96.6,,,WHO/PAHO; 2022.,2025-09-26T14:12:09Z,2010,2010-01-01,2010-12-31
2145952,WHS4_154,COUNTRY,SVK,EUR,Europe,YEAR,2013,,,,,,,,,96,96,,,"National Health Information Center, Slovak Republic, 2023",2025-09-26T14:12:09Z,2013,2013-01-01,2013-12-31
2148995,WHS4_154,COUNTRY,NIC,AMR,Americas,YEAR,2017,,,,,,,,,63,63,,,PAHO Database; 2018.,2025-09-26T14:12:09Z,2017,2017-01-01,2017-12-31
2151050,WHS4_154,COUNTRY,COG,AFR,Africa,YEAR,2015,,,,,,,,,79,79,,,MICS 2014-2015.,2025-09-26T14:12:09Z,2012-2015,2012-01-01,2015-12-31
2155046,WHS4_154,COUNTRY,PRY,AMR,Americas,YEAR,2017,,,,,,,,,75.2,75.2,,,WHO/PAHO; 2019.,2025-09-26T14:12:09Z,2017,2017-01-01,2017-12-31
2158445,WHS4_154,COUNTRY,NRU,WPR,Western Pacific,YEAR,2020,,,,,,,,,51.9,51.9,,,"Nauru Ministry of Health and Medical Services, 2023.",2025-09-26T14:12:09Z,2020,2020-01-01,2020-12-31
2167669,WHS4_154,COUNTRY,ECU,AMR,Americas,YEAR,1999,,,,,,,,,65.5,65.5,,,"5 or more visits. Centro de Estudios de Población y Paternidad Responsable (CEPAR) [Ecuador], CDC. ENDEMAIN -99; 2001.",2025-09-26T14:12:09Z,1994-1999,1994-01-01,1999-12-31
2173267,WHS4_154,COUNTRY,TUN,EMR,Eastern Mediterranean,YEAR,2023,,,,,,,,,78.6,78.6,,,MICS 2023.,2025-09-26T14:12:09Z,2021-2023,2021-01-01,2023-12-31
2180666,WHS4_154,COUNTRY,TON,WPR,Western Pacific,YEAR,2012,,,,,,,,,70.4,70.4,,,DHS 2012.,2025-09-26T14:12:09Z,2007-2012,2007-01-01,2012-12-31
2186360,WHS4_154,COUNTRY,LKA,SEAR,South-East Asia,YEAR,2007,,,,,,,,,92.5,92.5,,,DHS 2006-2007.,2025-09-26T14:12:09Z,2001-2007,2001-01-01,2007-12-31
2207200,WHS4_154,COUNTRY,RWA,AFR,Africa,YEAR,2005,,,,,,,,,13.3,13.3,,,DHS 2005.,2025-09-26T14:12:09Z,2000-2005,2000-01-01,2005-12-31
2208275,WHS4_154,COUNTRY,GAB,AFR,Africa,YEAR,2021,,,,,,,,,77.8,77.8,,,DHS 2019-2021.,2025-09-26T14:12:09Z,2014-2021,2014-01-01,2021-12-31
2224688,WHS4_154,COUNTRY,ETH,AFR,Africa,YEAR,2016,,,,,,,,,31.8,31.8,,,DHS 2016.,2025-09-26T14:12:09Z,2011-2016,2011-01-01,2016-12-31
2236753,WHS4_154,COUNTRY,AUS,WPR,Western Pacific,YEAR,2020,,,,,,,,,94.2,94.2,,,5 or more visits. Australian Institute of Health and Welfare (AIHW); 2022.,2025-09-26T14:12:09Z,2020,2020-01-01,2020-12-31
2241525,WHS4_154,COUNTRY,HRV,EUR,Europe,YEAR,2018,,,,,,,,,97.83,97.83,,,Recalculation UHC CC Croatian Institute of Public Health; 2019.,2025-09-26T14:12:09Z,2018,2018-01-01,2018-12-31
2242325,WHS4_154,COUNTRY,PRI,AMR,Americas,YEAR,2010,,,,,,,,,97.8,97.8,,,PLISA Health Information Platform; 2024.,2025-09-26T14:12:09Z,2010,2010-01-01,2010-12-31
2248695,WHS4_154,COUNTRY,NGA,AFR,Africa,YEAR,2017,,,,,,,,,49.1,49.1,,,MICS 2016-2017.,2025-09-26T14:12:09Z,2013-2017,2013-01-01,2017-12-31
2250594,WHS4_154,COUNTRY,NAM,AFR,Africa,YEAR,2000,,,,,,,,,69.1,69.1,,,DHS 2000.,2025-09-26T14:12:09Z,1995-2000,1995-01-01,2000-12-31
2264390,WHS4_154,COUNTRY,BOL,AMR,Americas,YEAR,2003,,,,,,,,,57.9,57.9,,,DHS 2003.,2025-09-26T14:12:09Z,1998-2003,1998-01-01,2003-12-31
2270105,WHS4_154,COUNTRY,MEX,AMR,Americas,YEAR,2021,,,,,,,,,88.5,88.5,,,WHO/PAHO; 2022.,2025-09-26T14:12:09Z,2021,2021-01-01,2021-12-31
2272695,WHS4_154,COUNTRY,MLI,AFR,Africa,YEAR,1996,,,,,,,,,25.8,25.8,,,DHS 1995-1996.,2025-09-26T14:12:09Z,1990-1996,1990-01-01,1996-12-31
2275562,WHS4_154,COUNTRY,GEO,EUR,Europe,YEAR,2014,,,,,,,,,86.9,86.9,,,"Ministry of Labour, Health and Social Affairs of Georgia; 2015.",2025-09-26T14:12:09Z,2014,2014-01-01,2014-12-31
2276760,WHS4_154,COUNTRY,OMN,EMR,Eastern Mediterranean,YEAR,2009,,,,,,,,,85,85,,,Ministry of Health [Oman]; 2012.,2025-09-26T14:12:09Z,2009,2009-01-01,2009-12-31
2287878,WHS4_154,COUNTRY,MDG,AFR,Africa,YEAR,2013,,,,,,,,,51.1,51.1,,,"l’Institut National de la Statistique [Madagascar], l’Office National de Nutrition (ONN), UNICEF, FNUAP/UNFPA, PNUD/UNDP; 2014.",2025-09-26T14:12:09Z,2007-2013,2007-01-01,2013-12-31
2310199,WHS4_154,COUNTRY,MRT,AFR,Africa,YEAR,1991,,,,,,,,,7.8,7.8,,,"3 or more visits. National Statistical Office [Mauritania], League of Arab States; 1992.",2025-09-26T14:12:09Z,1985-1991,1985-01-01,1991-12-31
2328089,WHS4_154,COUNTRY,BHS,AMR,Americas,YEAR,2014,,,,,,,,,83.1,83.1,,,WHO/PAHO 2022.,2025-09-26T14:12:09Z,2014,2014-01-01,2014-12-31
2337704,WHS4_154,COUNTRY,SRB,EUR,Europe,YEAR,2014,,,,,,,,,93.9,93.9,,,MICS 2014.,2025-09-26T14:12:09Z,2012-2014,2012-01-01,2014-12-31
2342069,WHS4_154,COUNTRY,PHL,WPR,Western Pacific,YEAR,2013,,,,,,,,,84.3,84.3,,,DHS 2013.,2025-09-26T14:12:09Z,2008-2013,2008-01-01,2013-12-31
2359642,WHS4_154,COUNTRY,AUS,WPR,Western Pacific,YEAR,2021,,,,,,,,,94.3,94.3,,,5 or more visits. Australian Institute of Health and Welfare (AIHW); 2023.,2025-09-26T14:12:09Z,2021,2021-01-01,2021-12-31
2363548,WHS4_154,COUNTRY,ZWE,AFR,Africa,YEAR,2014,,,,,,,,,70.1,70.1,,,MICS 2014.,2025-09-26T14:12:09Z,2012-2014,2012-01-01,2014-12-31
2376778,WHS4_154,COUNTRY,EST,EUR,Europe,YEAR,1995,,,,,,,,,93.3,93.3,,,National Institute for Health Development [Estonia]; 2012.,2025-09-26T14:12:09Z,1995,1995-01-01,1995-12-31
2380414,WHS4_154,COUNTRY,BEN,AFR,Africa,YEAR,2014,,,,,,,,,58.7,58.7,,,MICS 2014.,2025-09-26T14:12:09Z,2012-2014,2012-01-01,2014-12-31
2386085,WHS4_154,COUNTRY,COL,AMR,Americas,YEAR,2012,,,,,,,,,84.8,84.8,,,PAHO Database; 2018.,2025-09-26T14:12:09Z,2012,2012-01-01,2012-12-31
2390874,WHS4_154,COUNTRY,JOR,EMR,Eastern Mediterranean,YEAR,2012,,,,,,,,,94.5,94.5,,,DHS 2012.,2025-09-26T14:12:09Z,2007-2012,2007-01-01,2012-12-31
2391349,WHS4_154,COUNTRY,DJI,EMR,Eastern Mediterranean,YEAR,2012,,,,,,,,,25.7,25.7,,,"Ministère de la Santé Djibouti, Direction de la Statistique et des Etudes Démographiques Djibouti, Ligue des États Arabes; 2012.",2025-09-26T14:12:09Z,2007-2012,2007-01-01,2012-12-31
2391692,WHS4_154,COUNTRY,MLT,EUR,Europe,YEAR,2021,,,,,,,,,93.8,93.8,,,"National Hospitals Information System of the Directorate for Health Information & Research, Malta, 2023.",2025-09-26T14:12:09Z,2021,2021-01-01,2021-12-31
2398715,WHS4_154,COUNTRY,CAN,AMR,Americas,YEAR,2007,,,,,,,,,98.9,98.9,,,5 or more visits. Public Health Agency of Canada; 2009.,2025-09-26T14:12:09Z,2006-2007,2006-01-01,2007-12-31
2419996,WHS4_154,COUNTRY,TZA,AFR,Africa,YEAR,2004,,,,,,,,,61.5,61.5,,,DHS 2004-2005.,2025-09-26T14:12:09Z,1999-2004,1999-01-01,2004-12-31
2424003,WHS4_154,COUNTRY,USA,AMR,Americas,YEAR,1999,,,,,,,,,92,92,,,WHO/PAHO; 2022.,2025-09-26T14:12:09Z,1999,1999-01-01,1999-12-31
2429204,WHS4_154,COUNTRY,DZA,AFR,Africa,YEAR,1992,,,,,,,,,12.4,12.4,,,"Ministère de la Santé et de la Population, Office National des Statistique [Algeria], Ligue des Etats Arabes; 1993.",2025-09-26T14:12:09Z,1987-1992,1987-01-01,1992-12-31
2434179,WHS4_154,COUNTRY,BFA,AFR,Africa,YEAR,2010,,,,,,,,,33.7,33.7,,,DHS 2010.,2025-09-26T14:12:09Z,2005-2010,2005-01-01,2010-12-31
2447491,WHS4_154,COUNTRY,ETH,AFR,Africa,YEAR,2019,,,,,,,,,43,43,,,DHS 2019.,2025-09-26T14:12:09Z,2014-2019,2014-01-01,2019-12-31
2464958,WHS4_154,COUNTRY,LCA,AMR,Americas,YEAR,2020,,,,,,,,,93,93,,,Public sector only. WHO/PAHO; 2022.,2025-09-26T14:12:09Z,2020,2020-01-01,2020-12-31
2465808,WHS4_154,COUNTRY,CIV,AFR,Africa,YEAR,2005,,,,,,,,,45.3,45.3,,,AIS 2005.,2025-09-26T14:12:09Z,2000-2005,2000-01-01,2005-12-31
2471751,WHS4_154,COUNTRY,MEX,AMR,Americas,YEAR,2017,,,,,,,,,90,90,,,WHO/PAHO; 2019.,2025-09-26T14:12:09Z,2017,2017-01-01,2017-12-31
2475821,WHS4_154,COUNTRY,FRA,EUR,Europe,YEAR,2003,,,,,,,,,98.8,98.8,,,"Blondel B, Kermarrec M (Institut National de la santé et de la recherche médicale/INSERM [France]); 2011.",2025-09-26T14:12:09Z,2003,2003-01-01,2003-12-31
2484029,WHS4_154,COUNTRY,BGD,SEAR,South-East Asia,YEAR,2013,,,,,,,DATASOURCE,DATASOURCE_ANC4BGD2013MICS,24.7,24.7,,,MICS 2012-2013.,2025-09-26T14:12:09Z,2010-2013,2010-01-01,2013-12-31
2499859,WHS4_154,COUNTRY,EGY,EMR,Eastern Mediterranean,YEAR,2014,,,,,,,,,82.8,82.8,,,DHS 2014.,2025-09-26T14:12:09Z,2009-2014,2009-01-01,2014-12-31
2501098,WHS4_154,COUNTRY,EST,EUR,Europe,YEAR,2000,,,,,,,,,94,94,,,National Institute for Health Development [Estonia]; 2012.,2025-09-26T14:12:09Z,2000,2000-01-01,2000-12-31
2502702,WHS4_154,COUNTRY,BRB,AMR,Americas,YEAR,2018,,,,,,,,,90,90,,,WHO/PAHO; 2022.,2025-09-26T14:12:09Z,2018,2018-01-01,2018-12-31
2515339,WHS4_154,COUNTRY,GAB,AFR,Africa,YEAR,2000,,,,,,,,,63.3,63.3,,,DHS 2000.,2025-09-26T14:12:09Z,1995-2000,1995-01-01,2000-12-31
2517657,WHS4_154,COUNTRY,BRA,AMR,Americas,YEAR,2010,,,,,,,,,90.24653737,90.24653737,,,"No change from UHC CC 2025 data. DATASUS, MS/SVS/DASIS [Brazil]. Período: 2010; 2012.",2025-09-26T14:12:09Z,2010,2010-01-01,2010-12-31
2526262,WHS4_154,COUNTRY,ISL,EUR,Europe,YEAR,2005,,,,,,,,,98.4,98.4,,,5 or more visits. Directorate of Health [Iceland]. Antenatal care and age of mothers 2005; 2012.,2025-09-26T14:12:09Z,2005,2005-01-01,2005-12-31
2530923,WHS4_154,COUNTRY,ITA,EUR,Europe,YEAR,2003,,,,,,,,,68.1,68.1,,,Direzione Generale del Sistema Informativo – Ufficio di Statistica [Italy]; 2005.,2025-09-26T14:12:09Z,2003,2003-01-01,2003-12-31
2539348,WHS4_154,COUNTRY,CZE,EUR,Europe,YEAR,2020,,,,,,,,,90.5,90.5,,,"3 or more visits. Ústav zdravotnických informací a statistiky ČR, [Czech Republic]; 2023.",2025-09-26T14:12:09Z,2020,2020-01-01,2020-12-31
2540835,WHS4_154,COUNTRY,BHR,EMR,Eastern Mediterranean,YEAR,2012,,,,,,,,,100,100,,,Ministry of Health [Bahrain]; 2014.,2025-09-26T14:12:09Z,2012,2012-01-01,2012-12-31
2544480,WHS4_154,COUNTRY,IDN,WPR,Western Pacific,YEAR,2003,,,,,,,,,81,81,,,DHS 2002-2003.,2025-09-26T14:12:09Z,1997-2003,1997-01-01,2003-12-31
2545502,WHS4_154,COUNTRY,OMN,EMR,Eastern Mediterranean,YEAR,2017,,,,,,,,,77.1,77.1,,,Ministry of Health [Oman]; 2018.,2025-09-26T14:12:09Z,2017,2017-01-01,2017-12-31
2566909,WHS4_154,COUNTRY,HND,AMR,Americas,YEAR,1992,,,,,,,,,85,85,,,"3 or more visits. Ministerio de Salud Pública [Honduras], USAID; 1993.",2025-09-26T14:12:09Z,1987-1992,1987-01-01,1992-12-31
2568679,WHS4_154,COUNTRY,TGO,AFR,Africa,YEAR,1998,,,,,,,,,46.3,46.3,,,DHS 1998.,2025-09-26T14:12:09Z,1995-1998,1995-01-01,1998-12-31
2573901,WHS4_154,COUNTRY,BRB,AMR,Americas,YEAR,2013,,,,,,,,,98,98,,,WHO/PAHO; 2015.,2025-09-26T14:12:09Z,2013,2013-01-01,2013-12-31
2607706,WHS4_154,COUNTRY,FRA,EUR,Europe,YEAR,1995,,,,,,,,,90.5,90.5,,,"7 or more visits. Etudes et Résultats. Direction de la recherche, des études, de l’évaluation et des statistiques (DREES) [France]; 2000.",2025-09-26T14:12:09Z,1995,1995-01-01,1995-12-31
2610595,WHS4_154,COUNTRY,BTN,SEAR,South-East Asia,YEAR,2023,,,,,,,,,87.2,87.2,,,NHS 2023.,2025-09-26T14:12:09Z,2021-2023,2021-01-01,2023-12-31
2621888,WHS4_154,COUNTRY,BOL,AMR,Americas,YEAR,2019,,,,,,,,,81.9,81.9,,,WHO/PAHO; 2022.,2025-09-26T14:12:09Z,2019,2019-01-01,2019-12-31
2628641,WHS4_154,COUNTRY,PHL,WPR,Western Pacific,YEAR,2017,,,,,,,,,86.5,86.5,,,DHS 2017.,2025-09-26T14:12:09Z,2012-2017,2012-01-01,2017-12-31
2630857,WHS4_154,COUNTRY,SDN,EMR,Eastern Mediterranean,YEAR,2014,,,,,,,,,50.7,50.7,,,MICS 2014.,2025-09-26T14:12:09Z,2012-2014,2012-01-01,2014-12-31
2659522,WHS4_154,COUNTRY,MWI,AFR,Africa,YEAR,1992,,,,,,,,,62.8,62.8,,,DHS 1992.,2025-09-26T14:12:09Z,1987-1992,1987-01-01,1992-12-31
2668484,WHS4_154,COUNTRY,ARG,AMR,Americas,YEAR,2021,,,,,,,,,72.8,72.8,,,PLISA Health Information Platform; 2025.,2025-09-26T14:12:09Z,2021,2021-01-01,2021-12-31
2671742,WHS4_154,COUNTRY,MOZ,AFR,Africa,YEAR,2015,,,,,,,,,51.7,51.7,,,Data from DHS STATcompiler November 2020. AIS 2015,2025-09-26T14:12:09Z,2010-2015,2010-01-01,2015-12-31
2697244,WHS4_154,COUNTRY,MRT,AFR,Africa,YEAR,2021,,,,,,,,,38.5,38.5,,,DHS 2019-21,2025-09-26T14:12:09Z,2014-2021,2014-01-01,2021-12-31
2697365,WHS4_154,COUNTRY,EST,EUR,Europe,YEAR,1997,,,,,,,,,93.7,93.7,,,National Institute for Health Development [Estonia]; 2012.,2025-09-26T14:12:09Z,1997,1997-01-01,1997-12-31
2697951,WHS4_154,COUNTRY,PNG,WPR,Western Pacific,YEAR,2006,,,,,,,,,54.9,54.9,,,DHS 2006.,2025-09-26T14:12:09Z,2003-2006,2003-01-01,2006-12-31
2698507,WHS4_154,COUNTRY,CIV,AFR,Africa,YEAR,2016,,,,,,,,,51.3,51.3,,,MICS 2016.,2025-09-26T14:12:09Z,2014-2016,2014-01-01,2016-12-31
2699039,WHS4_154,COUNTRY,QAT,EMR,Eastern Mediterranean,YEAR,2023,,,,,,,,,98,98,,,MICS 2023 (snaphots).,2025-09-26T14:12:09Z,2021-2023,2021-01-01,2023-12-31
2700277,WHS4_154,COUNTRY,UGA,AFR,Africa,YEAR,2022,,,,,,,,,67.8,67.8,,,DHS 2022.,2025-09-26T14:12:09Z,2020-2022,2020-01-01,2022-12-31
2701385,WHS4_154,COUNTRY,FIN,EUR,Europe,YEAR,2010,,,,,,,,,99.1,99.1,,,National Institute for Health and Welfare (THL) [Finland]; 2017.,2025-09-26T14:12:09Z,2010,2010-01-01,2010-12-31
2701426,WHS4_154,COUNTRY,URY,AMR,Americas,YEAR,2011,,,,,,,,,90.9,90.9,,,"Ministerio de Salud Pública [Ministry of Public Health, Uruguay]; 2016.",2025-09-26T14:12:09Z,2011,2011-01-01,2011-12-31
2708602,WHS4_154,COUNTRY,ISL,EUR,Europe,YEAR,2010,,,,,,,,,98.1,98.1,,,5 or more visits. Directorate of Health [Iceland]. Antenatal care and age of mothers 2010; 2012.,2025-09-26T14:12:09Z,2010,2010-01-01,2010-12-31
2708876,WHS4_154,COUNTRY,HRV,EUR,Europe,YEAR,2019,,,,,,,,,97.96,97.96,,,Recalculation UHC CC Croatian Institute of Public Health; 2019.,2025-09-26T14:12:09Z,2019,2019-01-01,2019-12-31
4402,WHS4_154,COUNTRY,IND,SEAR,South-East Asia,YEAR,2008,,,,,,,,,49.7,49.7,,,3 or more visits.  DLHS 2007-08. International Institute for Population Sciences (IIPS) [India]; 2010.,2025-09-26T14:12:09Z,2004-2008,2004-01-01,2008-12-31
4459,WHS4_154,COUNTRY,YEM,EMR,Eastern Mediterranean,YEAR,2003,,,,,,,,,13.9,13.9,,,"FHS. Ministry of Health and Population [Yemen], Central Statistical Organization [Yemen], League of Arab States; 2004.",2025-09-26T14:12:09Z,1998-2003,1998-01-01,2003-12-31
10073,WHS4_154,COUNTRY,MDG,AFR,Africa,YEAR,2008,,,,,,,,,49.3,49.3,,,DHS 2008-2009.,2025-09-26T14:12:09Z,2003-2008,2003-01-01,2008-12-31
10683,WHS4_154,COUNTRY,KAZ,EUR,Europe,YEAR,1995,,,,,,,,,81.9,81.9,,,DHS 1995.,2025-09-26T14:12:09Z,1992-1995,1992-01-01,1995-12-31
11580,WHS4_154,COUNTRY,NZL,WPR,Western Pacific,YEAR,2020,,,,,,,,,81.1,81.1,,,National Maternity Collection 2022.,2025-09-26T14:12:09Z,2020,2020-01-01,2020-12-31
27599,WHS4_154,COUNTRY,URY,AMR,Americas,YEAR,2008,,,,,,,,,89.5,89.5,,,"Ministerio de Salud Pública [Ministry of Public Health, Uruguay]; 2016.",2025-09-26T14:12:09Z,2008,2008-01-01,2008-12-31
30392,WHS4_154,COUNTRY,FIN,EUR,Europe,YEAR,2000,,,,,,,,,99.3,99.3,,,National Institute for Health and Welfare (THL) [Finland]; 2017.,2025-09-26T14:12:09Z,2000,2000-01-01,2000-12-31
37277,WHS4_154,COUNTRY,SEN,AFR,Africa,YEAR,2014,,,,,,,,,48.1,48.1,,,DHS 2014 (Continuous).,2025-09-26T14:12:09Z,2007-2014,2007-01-01,2014-12-31
39366,WHS4_154,COUNTRY,POL,EUR,Europe,YEAR,2016,,,,,,,,,88.5,88.498764642,,,MoH 2021,2025-09-26T14:12:09Z,2016,2016-01-01,2016-12-31
46177,WHS4_154,COUNTRY,UGA,AFR,Africa,YEAR,2016,,,,,,,,,59.9,59.9,,,DHS 2016.,2025-09-26T14:12:09Z,2011-2016,2011-01-01,2016-12-31
49263,WHS4_154,COUNTRY,RWA,AFR,Africa,YEAR,2000,,,,,,,,,10.4,10.4,,,DHS 2000.,2025-09-26T14:12:09Z,1999-2000,1999-01-01,2000-12-31
49481,WHS4_154,COUNTRY,TGO,AFR,Africa,YEAR,2017,,,,,,,,,54.8,54.8,,,MICS 2017.,2025-09-26T14:12:09Z,2015-2017,2015-01-01,2017-12-31
1057600,WHS4_154,COUNTRY,ISL,EUR,Europe,YEAR,2008,,,,,,,,,98.3,98.3,,,5 or more visits. Directorate of Health [Iceland]. Antenatal care and age of mothers 2008; 2012.,2025-09-26T14:12:09Z,2008,2008-01-01,2008-12-31
1062026,WHS4_154,COUNTRY,SEN,AFR,Africa,YEAR,1993,,,,,,,,,13.3,13.3,,,DHS 1992-1993.,2025-09-26T14:12:09Z,1987-1993,1987-01-01,1993-12-31
1069994,WHS4_154,COUNTRY,HRV,EUR,Europe,YEAR,2021,,,,,,,,,96.6,96.6,,,Croatian Institute of Public Health; 2021.,2025-09-26T14:12:09Z,2021,2021-01-01,2021-12-31
1073608,WHS4_154,COUNTRY,PER,AMR,Americas,YEAR,2019,,,,,,,,,96.3,96.3,,,ENDES 2019. INEI 2020.,2025-09-26T14:12:09Z,2014-2019,2014-01-01,2019-12-31
1084372,WHS4_154,COUNTRY,LBR,AFR,Africa,YEAR,2013,,,,,,,,,78.1,78.1,,,DHS 2013.,2025-09-26T14:12:09Z,2008-2013,2008-01-01,2013-12-31
1088017,WHS4_154,COUNTRY,BHR,EMR,Eastern Mediterranean,YEAR,2000,,,,,,,,,100,100,,,"Central Informatics Organisation [Bahrain], UN Country Team [Bahrain]; 2010.",2025-09-26T14:12:09Z,2000,2000-01-01,2000-12-31
1090139,WHS4_154,COUNTRY,EST,EUR,Europe,YEAR,2014,,,,,,,,,96.8,96.8,,,5+ visits  National Institute for Health Development [Estonia]; 2015.,2025-09-26T14:12:09Z,2014,2014-01-01,2014-12-31
1096678,WHS4_154,COUNTRY,MEX,AMR,Americas,YEAR,2018,,,,,,,,,89.8,89.8,,,WHO/PAHO; 2022.,2025-09-26T14:12:09Z,2018,2018-01-01,2018-12-31
1101863,WHS4_154,COUNTRY,LBR,AFR,Africa,YEAR,2000,,,,,,,,,73.3,73.3,,,"Ministry of Planning and Economic Affairs [Liberia], University of Liberia, UNFPA; 2000.",2025-09-26T14:12:09Z,1996-2000,1996-01-01,2000-12-31
1112689,WHS4_154,COUNTRY,OMN,EMR,Eastern Mediterranean,YEAR,2016,,,,,,,,,74.5,74.5,,,Ministry of Health [Oman]; 2017.,2025-09-26T14:12:09Z,2016,2016-01-01,2016-12-31
1122894,WHS4_154,COUNTRY,KGZ,EUR,Europe,YEAR,2014,,,,,,,,,94.6,94.6,,,MICS 2014.,2025-09-26T14:12:09Z,2014,2014-01-01,2014-12-31
1140151,WHS4_154,COUNTRY,GUY,AMR,Americas,YEAR,2009,,,,,,,,,95.7,95.7,,,WHO/PAHO; 2022.,2025-09-26T14:12:09Z,2009,2009-01-01,2009-12-31
1143457,WHS4_154,COUNTRY,ATG,AMR,Americas,YEAR,2011,,,,,,,,,100,100,,,WHO/PAHO; 2012.,2025-09-26T14:12:09Z,2011,2011-01-01,2011-12-31
1144599,WHS4_154,COUNTRY,YEM,EMR,Eastern Mediterranean,YEAR,2012,,,,,,,,,28.2,28.2,,,"Ministry of Planning and International Cooperation [Yemen], International Policy Centre for Inclusive Growth (IPC-IG) [Brazil], UNICEF, Interaction in Development; 2013.",2025-09-26T14:12:09Z,2007-2012,2007-01-01,2012-12-31
1147656,WHS4_154,COUNTRY,IDN,WPR,Western Pacific,YEAR,2013,,,,,,,,,83.5,83.5,,,"National Institute of Health Research and Development, Ministry of Health, Government of Indonesia; 2013.",2025-09-26T14:12:09Z,2010-2013,2010-01-01,2013-12-31
1161712,WHS4_154,COUNTRY,MKD,EUR,Europe,YEAR,2019,,,,,,,,,95.7,95.7,,,MICS 2018-2019.,2025-09-26T14:12:09Z,2016-2019,2016-01-01,2019-12-31
1166383,WHS4_154,COUNTRY,MRT,AFR,Africa,YEAR,2001,,,,,,,,,16.4,16.4,,,DHS 2000-2001.,2025-09-26T14:12:09Z,1995-2001,1995-01-01,2001-12-31
1169014,WHS4_154,COUNTRY,EGY,EMR,Eastern Mediterranean,YEAR,2003,,,,,,,,,55.6,55.6,,,DHS 2003 (Interim DHS).,2025-09-26T14:12:09Z,1998-2003,1998-01-01,2003-12-31
1174059,WHS4_154,COUNTRY,KEN,AFR,Africa,YEAR,2003,,,,,,,,,52.3,52.3,,,DHS 2003.,2025-09-26T14:12:09Z,1998-2003,1998-01-01,2003-12-31
1179435,WHS4_154,COUNTRY,GRD,AMR,Americas,YEAR,2016,,,,,,,,,59.8,59.8,,,Public faclilities only. WHO/PAHO; 2017.,2025-09-26T14:12:09Z,2016,2016-01-01,2016-12-31
1193417,WHS4_154,COUNTRY,CMR,AFR,Africa,YEAR,1991,,,,,,,,,49,49,,,DHS 1991.,2025-09-26T14:12:09Z,1986-1991,1986-01-01,1991-12-31
1211529,WHS4_154,COUNTRY,LAO,WPR,Western Pacific,YEAR,2018,,,,,,,,,68,68,,,NHRS 2023.,2025-09-26T14:12:09Z,2018,2018-01-01,2018-12-31
1220332,WHS4_154,COUNTRY,COL,AMR,Americas,YEAR,2021,,,,,,,,,81.6,81.6,,,PLISA Health Information Platform; 2024.,2025-09-26T14:12:09Z,2021,2021-01-01,2021-12-31
1222589,WHS4_154,COUNTRY,BRA,AMR,Americas,YEAR,2015,,,,,,,,,90.96573386,90.96573386,,,"Data updated as MOH shared slightly different values during UHC CC 2025. Previously: 90.9 DATASUS, MS/SVS/DASIS [Brazil]. Período: 2015; 2017.",2025-09-26T14:12:09Z,2015,2015-01-01,2015-12-31
1228984,WHS4_154,COUNTRY,URY,AMR,Americas,YEAR,2014,,,,,,,,,95.9,95.9,,,"Ministerio de Salud Pública [Ministry of Public Health, Uruguay]; 2016.",2025-09-26T14:12:09Z,2014,2014-01-01,2014-12-31
1230183,WHS4_154,COUNTRY,KHM,WPR,Western Pacific,YEAR,2005,,,,,,,,,27,27,,,DHS 2005.,2025-09-26T14:12:09Z,2000-2005,2000-01-01,2005-12-31
1237730,WHS4_154,COUNTRY,NER,AFR,Africa,YEAR,1998,,,,,,,,,11.4,11.4,,,DHS 1998.,2025-09-26T14:12:09Z,1995-1998,1995-01-01,1998-12-31
1245659,WHS4_154,COUNTRY,FIN,EUR,Europe,YEAR,2013,,,,,,,,,98.6,98.6,,,National Institute for Health and Welfare (THL) [Finland]; 2017.,2025-09-26T14:12:09Z,2013,2013-01-01,2013-12-31
1246283,WHS4_154,COUNTRY,EST,EUR,Europe,YEAR,2010,,,,,,,,,97.1,97.1,,,National Institute for Health Development [Estonia]; 2012.,2025-09-26T14:12:09Z,2010,2010-01-01,2010-12-31
1250073,WHS4_154,COUNTRY,USA,AMR,Americas,YEAR,2021,,,,,,,,,95.4,95.4,,,PLISA Health Information Platform; 2024.,2025-09-26T14:12:09Z,2021,2021-01-01,2021-12-31
1269710,WHS4_154,COUNTRY,BLZ,AMR,Americas,YEAR,1991,,,,,,,,,76.4,76.4,,,5 or more visits. FHS 1991.,2025-09-26T14:12:09Z,1986-1991,1986-01-01,1991-12-31
1290483,WHS4_154,COUNTRY,PRY,AMR,Americas,YEAR,2011,,,,,,,,,72.5,72.5,,,PLISA Health Information Platform; 2025.,2025-09-26T14:12:09Z,2011,2011-01-01,2011-12-31
1291716,WHS4_154,COUNTRY,CZE,EUR,Europe,YEAR,2019,,,,,,,,,89.1,89.1,,,"3 or more visits. Ústav zdravotnických informací a statistiky ČR, [Czech Republic]; 2023.",2025-09-26T14:12:09Z,2019,2019-01-01,2019-12-31
1295789,WHS4_154,COUNTRY,NGA,AFR,Africa,YEAR,2021,,,,,,,DATASOURCE,DATASOURCE_ANC4NGA2021MICS,60.4,60.4,,,MICS 2021.,2025-09-26T14:12:09Z,2019-2021,2019-01-01,2021-12-31
1305990,WHS4_154,COUNTRY,USA,AMR,Americas,YEAR,1996,,,,,,,,,92.2,92.2,,,WHO/PAHO; 2022.,2025-09-26T14:12:09Z,1996,1996-01-01,1996-12-31
1324580,WHS4_154,COUNTRY,PRI,AMR,Americas,YEAR,2015,,,,,,,,,99.5,99.5,,,PLISA Health Information Platform; 2024.,2025-09-26T14:12:09Z,2015,2015-01-01,2015-12-31
1326513,WHS4_154,COUNTRY,PAN,AMR,Americas,YEAR,2020,,,,,,,,,88.2,88.2,,,Public sector only. WHO/PAHO; 2022.,2025-09-26T14:12:09Z,2020,2020-01-01,2020-12-31
1330414,WHS4_154,COUNTRY,PRI,AMR,Americas,YEAR,2005,,,,,,,,,97.1,97.1,,,PLISA Health Information Platform; 2024.,2025-09-26T14:12:09Z,2005,2005-01-01,2005-12-31
1334186,WHS4_154,COUNTRY,URY,AMR,Americas,YEAR,2013,,,,,,,,,95.4,95.4,,,"Ministerio de Salud Pública [Ministry of Public Health, Uruguay]; 2016.",2025-09-26T14:12:09Z,2013,2013-01-01,2013-12-31
1361121,WHS4_154,COUNTRY,ZMB,AFR,Africa,YEAR,2024,,,,,,,,,82.1,82.1,,,DHS 2024 (Key indicators).,2025-09-26T14:12:09Z,2022-2024,2022-01-01,2024-12-31
1362609,WHS4_154,COUNTRY,COL,AMR,Americas,YEAR,1990,,,,,,,,,66.5,66.5,,,DHS 1990.,2025-09-26T14:12:09Z,1985-1990,1985-01-01,1990-12-31
1369177,WHS4_154,COUNTRY,GUY,AMR,Americas,YEAR,2021,,,,,,,,,96,96,,,PLISA Health Information Platform; 2024.,2025-09-26T14:12:09Z,2021,2021-01-01,2021-12-31
1370226,WHS4_154,COUNTRY,PER,AMR,Americas,YEAR,2008,,,,,,,,,91.6,91.6,,,DHS 2007-2008 (Continuous).,2025-09-26T14:12:09Z,2002-2008,2002-01-01,2008-12-31
1376276,WHS4_154,COUNTRY,USA,AMR,Americas,YEAR,2008,,,,,,,,,96.3,96.3,,,WHO/PAHO; 2022.,2025-09-26T14:12:09Z,2008,2008-01-01,2008-12-31
1379442,WHS4_154,COUNTRY,COL,AMR,Americas,YEAR,2014,,,,,,,,,87.9,87.9,,,PAHO Database; 2018.,2025-09-26T14:12:09Z,2014,2014-01-01,2014-12-31
1382373,WHS4_154,COUNTRY,RWA,AFR,Africa,YEAR,2010,,,,,,,,,35.4,35.4,,,DHS 2010.,2025-09-26T14:12:09Z,2005-2010,2005-01-01,2010-12-31
1386009,WHS4_154,COUNTRY,CMR,AFR,Africa,YEAR,2011,,,,,,,,,62.2,62.2,,,DHS 2011.,2025-09-26T14:12:09Z,2006-2011,2006-01-01,2011-12-31
1387459,WHS4_154,COUNTRY,AZE,EUR,Europe,YEAR,2013,,,,,,,,,75.6,75.6,,,AzNS 2013,2025-09-26T14:12:09Z,2011-2013,2011-01-01,2013-12-31
1401620,WHS4_154,COUNTRY,THA,SEAR,South-East Asia,YEAR,2019,,,,,,,,,90,90,,,MICS 2019.,2025-09-26T14:12:09Z,2017-2019,2017-01-01,2019-12-31
1406293,WHS4_154,COUNTRY,ITA,EUR,Europe,YEAR,2012,,,,,,,,,86.8,86.8,,,"Sent during UHC CC 2023 but the link to the report was for 2021 Direzione Generale della Digitalizzazione, del Sistema Informativo Sanitario e della Statistica – Ufficio di Statistica [Italy]; 2015.",2025-09-26T14:12:09Z,2012,2012-01-01,2012-12-31
1409647,WHS4_154,COUNTRY,BRA,AMR,Americas,YEAR,2020,,,,,,,,,91.78002386,91.78002386,,,"Data updated as MOH shared slightly different values during UHC CC 2025. Previously: 91.7 DATASUS, MS/SVS/DASIS [Brazil]. Período: 2020.",2025-09-26T14:12:09Z,2020,2020-01-01,2020-12-31
1415734,WHS4_154,COUNTRY,ITA,EUR,Europe,YEAR,2007,,,,,,,,,84.4,84.4,,,Direzione Generale del Sistema Informativo – Ufficio di Statistica [Italy]; 2010.,2025-09-26T14:12:09Z,2007,2007-01-01,2007-12-31
1431633,WHS4_154,COUNTRY,BOL,AMR,Americas,YEAR,2016,,,,,,,,,85.6,85.6,,,"EDSA 2016. Ministerio de Salud, Instituto Nacional de Estadística (INE) [Bolivia]; 2017.",2025-09-26T14:12:09Z,2011-2016,2011-01-01,2016-12-31
1436338,WHS4_154,COUNTRY,KOR,WPR,Western Pacific,YEAR,2015,,,,,,,,,98.1,98.1,,,6 or more visits. Mean number of visits: 13.3 Korea Institute for Health and Social Affairs; 2015.,2025-09-26T14:12:09Z,2015,2015-01-01,2015-12-31
1437367,WHS4_154,COUNTRY,PRI,AMR,Americas,YEAR,2013,,,,,,,,,99.6,99.6,,,PLISA Health Information Platform; 2024.,2025-09-26T14:12:09Z,2013,2013-01-01,2013-12-31
1441325,WHS4_154,COUNTRY,KAZ,EUR,Europe,YEAR,1999,,,,,,,,,70,70,,,DHS 1999.,2025-09-26T14:12:09Z,1994-1999,1994-01-01,1999-12-31
1444515,WHS4_154,COUNTRY,OMN,EMR,Eastern Mediterranean,YEAR,2019,,,,,,,,,73.9,73.9,,,Ministry of Health [Oman]; 2020.,2025-09-26T14:12:09Z,2019,2019-01-01,2019-12-31
1463802,WHS4_154,COUNTRY,FIN,EUR,Europe,YEAR,2007,,,,,,,,,99.3,99.3,,,National Institute for Health and Welfare (THL) [Finland]; 2017.,2025-09-26T14:12:09Z,2007,2007-01-01,2007-12-31
1469769,WHS4_154,COUNTRY,NRU,WPR,Western Pacific,YEAR,2016,,,,,,,,,54.8,54.8,,,"Nauru Ministry of Health and Medical Services, 2023.",2025-09-26T14:12:09Z,2016,2016-01-01,2016-12-31
1470686,WHS4_154,COUNTRY,PRI,AMR,Americas,YEAR,2002,,,,,,,,,96.6,96.6,,,PLISA Health Information Platform; 2024.,2025-09-26T14:12:09Z,2002,2002-01-01,2002-12-31
1479493,WHS4_154,COUNTRY,BDI,AFR,Africa,YEAR,2021,,,,,,,,,35.9,35.9,,,Annuaire des Statistisques Sanitaires 2022.,2025-09-26T14:12:09Z,2021,2021-01-01,2021-12-31
2724680,WHS4_154,COUNTRY,OMN,EMR,Eastern Mediterranean,YEAR,2018,,,,,,,,,76.3,76.3,,,Ministry of Health [Oman]; 2019.,2025-09-26T14:12:09Z,2018,2018-01-01,2018-12-31
2731134,WHS4_154,COUNTRY,PER,AMR,Americas,YEAR,2015,,,,,,,,,95.6,95.6,,,DHS 2015.,2025-09-26T14:12:09Z,2010-2015,2010-01-01,2015-12-31
2731971,WHS4_154,COUNTRY,EST,EUR,Europe,YEAR,2006,,,,,,,,,96.8,96.8,,,National Institute for Health Development [Estonia]; 2012.,2025-09-26T14:12:09Z,2006,2006-01-01,2006-12-31
2751484,WHS4_154,COUNTRY,FIN,EUR,Europe,YEAR,2017,,,,,,,,,97.7,97.7,,,National Institute for Health and Welfare (THL) [Finland]; 2023.,2025-09-26T14:12:09Z,2017,2017-01-01,2017-12-31
2757279,WHS4_154,COUNTRY,LBN,EMR,Eastern Mediterranean,YEAR,2017,,,,,,,,,84,84,,,KAP Survey 2017.,2025-09-26T14:12:09Z,2017,2017-01-01,2017-12-31
2796951,WHS4_154,COUNTRY,COM,AFR,Africa,YEAR,1996,,,,,,,,,52,52,,,DHS 1996.,2025-09-26T14:12:09Z,1993-1996,1993-01-01,1996-12-31
2806882,WHS4_154,COUNTRY,EGY,EMR,Eastern Mediterranean,YEAR,1997,,,,,,,,,31.8,31.8,,,DHS 1997 (Interim DHS).,2025-09-26T14:12:09Z,1992-1997,1992-01-01,1997-12-31
2809457,WHS4_154,COUNTRY,TUN,EMR,Eastern Mediterranean,YEAR,2012,,,,,,,,,85.1,85.1,,,MICS 2011-2012.,2025-09-26T14:12:09Z,2009-2012,2009-01-01,2012-12-31
2813886,WHS4_154,COUNTRY,CUB,AMR,Americas,YEAR,2011,,,,,,,,,100,100,,,WHO/PAHO; 2012.,2025-09-26T14:12:09Z,2011,2011-01-01,2011-12-31
2822170,WHS4_154,COUNTRY,SOM,EMR,Eastern Mediterranean,YEAR,2022,,,,,,,,,8,8,,,EMRO Core indicators 2023.,2025-09-26T14:12:09Z,2022,2022-01-01,2022-12-31
2827640,WHS4_154,COUNTRY,SLV,AMR,Americas,YEAR,2021,,,,,,,,,87.2,87.2,,,ENS 2021.,2025-09-26T14:12:09Z,2019-2021,2019-01-01,2021-12-31
2870655,WHS4_154,COUNTRY,CZE,EUR,Europe,YEAR,2008,,,,,,,,,95,95,,,3 or more visits. Ústav zdravotnických informací a statistiky ČR [Czech Republic]; 2009.,2025-09-26T14:12:09Z,2008,2008-01-01,2008-12-31
2877177,WHS4_154,COUNTRY,KIR,WPR,Western Pacific,YEAR,2009,,,,,,,,,70.5,70.5,,,"Kiribati National Statistics Office (KNSO), Secretariat of the Pacific Community (SPC) [New Caledonia]; 2010.",2025-09-26T14:12:09Z,2004-2009,2004-01-01,2009-12-31
2884688,WHS4_154,COUNTRY,ECU,AMR,Americas,YEAR,2004,,,,,,,,,57.5,57.5,,,"5 or more visits. CEPAR, Centro de Estudios de Población y Desarrollo Social, CDC. ENDEMAIN 2004; 2005.",2025-09-26T14:12:09Z,1999-2004,1999-01-01,2004-12-31
2891875,WHS4_154,COUNTRY,COD,AFR,Africa,YEAR,2014,,,,,,,,,48,48,,,DHS 2013-2014.,2025-09-26T14:12:09Z,2008-2014,2008-01-01,2014-12-31
2896219,WHS4_154,COUNTRY,HRV,EUR,Europe,YEAR,2016,,,,,,,,,96.7,96.7,,,Recalculation UHC CC Croatian Institute of Public Health; 2017.,2025-09-26T14:12:09Z,2016,2016-01-01,2016-12-31
2901724,WHS4_154,COUNTRY,NIC,AMR,Americas,YEAR,2018,,,,,,,,,78.1,78.1,,,WHO/PAHO; 2022.,2025-09-26T14:12:09Z,2018,2018-01-01,2018-12-31
2905827,WHS4_154,COUNTRY,YEM,EMR,Eastern Mediterranean,YEAR,1997,,,,,,,,,11.4,11.4,,,DHS 1997.,2025-09-26T14:12:09Z,1992-1997,1992-01-01,1997-12-31
2907715,WHS4_154,COUNTRY,ZWE,AFR,Africa,YEAR,1994,,,,,,,,,74,74,,,DHS 1994.,2025-09-26T14:12:09Z,1991-1994,1991-01-01,1994-12-31
2908718,WHS4_154,COUNTRY,HND,AMR,Americas,YEAR,2012,,,,,,,,,88.9,88.9,,,DHS 2011-2012.,2025-09-26T14:12:09Z,2006-2012,2006-01-01,2012-12-31
2910170,WHS4_154,COUNTRY,GEO,EUR,Europe,YEAR,2018,,,,,,,,,81.1,81.1,,,"Health Care, Statistical Yearbook 2020.",2025-09-26T14:12:09Z,2018,2018-01-01,2018-12-31
2919240,WHS4_154,COUNTRY,ITA,EUR,Europe,YEAR,2011,,,,,,,,,85.9,85.9,,,"Direzione Generale della Digitalizzazione, del Sistema Informativo Sanitario e della Statistica – Ufficio di Statistica [Italy]; 2015.",2025-09-26T14:12:09Z,2011,2011-01-01,2011-12-31
2919809,WHS4_154,COUNTRY,BHR,EMR,Eastern Mediterranean,YEAR,2014,,,,,,,,,100,100,,,Ministry of Health [Bahrain]; 2014.,2025-09-26T14:12:09Z,2014,2014-01-01,2014-12-31
2928021,WHS4_154,COUNTRY,CZE,EUR,Europe,YEAR,2011,,,,,,,,,95.2,95.2,,,3 or more visits. Ústav zdravotnických informací a statistiky ČR [Czech Republic]; 2012.,2025-09-26T14:12:09Z,2011,2011-01-01,2011-12-31
2938295,WHS4_154,COUNTRY,COL,AMR,Americas,YEAR,2015,,,,,,,,,89.9,89.9,,,DHS 2015.,2025-09-26T14:12:09Z,2010-2015,2010-01-01,2015-12-31
2942096,WHS4_154,COUNTRY,PRY,AMR,Americas,YEAR,1990,,,,,,,,,65,65,,,DHS 1990.,2025-09-26T14:12:09Z,1985-1990,1985-01-01,1990-12-31
2954932,WHS4_154,COUNTRY,GUY,AMR,Americas,YEAR,2022,,,,,,,,,95,95,,,PLISA Health Information Platform; 2024.,2025-09-26T14:12:09Z,2022,2022-01-01,2022-12-31
2960412,WHS4_154,COUNTRY,POL,EUR,Europe,YEAR,2010,,,,,,,,,85.4,85.368608083,,,MoH 2021,2025-09-26T14:12:09Z,2010,2010-01-01,2010-12-31
2963922,WHS4_154,COUNTRY,BOL,AMR,Americas,YEAR,2013,,,,,,,,,58.8,58.8,,,WHO/PAHO; 2014.,2025-09-26T14:12:09Z,2013,2013-01-01,2013-12-31
2974445,WHS4_154,COUNTRY,GEO,EUR,Europe,YEAR,2007,,,,,,,,,70.7,70.7,,,"Ministry of Labour, Health and Social Affairs of Georgia; 2012.",2025-09-26T14:12:09Z,2007,2007-01-01,2007-12-31
2985866,WHS4_154,COUNTRY,BRA,AMR,Americas,YEAR,2022,,,,,,,,,92.95800249,92.95800249,,,"Data updated as MOH shared slightly different values during UHC CC 2025. Previously: 92.9 DATASUS, MS/SVS/DASIS [Brazil]. Período: 2022.",2025-09-26T14:12:09Z,2022,2022-01-01,2022-12-31
2987660,WHS4_154,COUNTRY,SYR,EMR,Eastern Mediterranean,YEAR,2009,,,,,,,,,63.7,63.7,,,"Central Bureau of Statistics [Syrian Arab Republic], League of Arab States PAPFAM, UNICEF, UNFPA, WHO; 2010.",2025-09-26T14:12:09Z,2004-2009,2004-01-01,2009-12-31
2989744,WHS4_154,COUNTRY,TUR,EUR,Europe,YEAR,1993,,,,,,,,,35.9,35.9,,,DHS 1993.,2025-09-26T14:12:09Z,1988-1993,1988-01-01,1993-12-31
2990724,WHS4_154,COUNTRY,PHL,WPR,Western Pacific,YEAR,1993,,,,,,,,,52.1,52.1,,,DHS 1993.,2025-09-26T14:12:09Z,1988-1993,1988-01-01,1993-12-31
2999879,WHS4_154,COUNTRY,GMB,AFR,Africa,YEAR,2018,,,,,,,,,75.6,75.6,,,MICS 2018.,2025-09-26T14:12:09Z,2016-2018,2016-01-01,2018-12-31
3004662,WHS4_154,COUNTRY,SVK,EUR,Europe,YEAR,2016,,,,,,,,,96,96,,,"National Health Information Center, Slovak Republic, 2023",2025-09-26T14:12:09Z,2016,2016-01-01,2016-12-31
3022466,WHS4_154,COUNTRY,BHS,AMR,Americas,YEAR,2010,,,,,,,,,86,86,,,WHO/PAHO 2022.,2025-09-26T14:12:09Z,2010,2010-01-01,2010-12-31
3048222,WHS4_154,COUNTRY,GTM,AMR,Americas,YEAR,2015,,,,,,,,,86.2,86.2,,,DHS 2014-2015.,2025-09-26T14:12:09Z,2009-2015,2009-01-01,2015-12-31
3080752,WHS4_154,COUNTRY,BGD,SEAR,South-East Asia,YEAR,1994,,,,,,,,,5.5,5.5,,,DHS 1993-1994.,2025-09-26T14:12:09Z,1990-1994,1990-01-01,1994-12-31
3088712,WHS4_154,COUNTRY,TUN,EMR,Eastern Mediterranean,YEAR,2000,,,,,,,,,57.3,57.3,,,MICS 2000.,2025-09-26T14:12:09Z,1999-2000,1999-01-01,2000-12-31
3094830,WHS4_154,COUNTRY,AUS,WPR,Western Pacific,YEAR,2013,,,,,,,,,95,95,,,5 or more visits. Australian Institute of Health and Welfare (AIHW); 2015.,2025-09-26T14:12:09Z,2013,2013-01-01,2013-12-31
3100556,WHS4_154,COUNTRY,TLS,SEAR,South-East Asia,YEAR,2010,,,,,,,,,55.1,55.1,,,DHS 2009-2010.,2025-09-26T14:12:09Z,2004-2010,2004-01-01,2010-12-31
3106347,WHS4_154,COUNTRY,BRA,AMR,Americas,YEAR,2005,,,,,,,,,86.81235479,86.81235479,,,"Data updated as MOH shared slightly different values during UHC CC 2025. Previously: 86.7 DATASUS, MS/SVS/DASIS [Brazil]. Período: 2005; 2014.",2025-09-26T14:12:09Z,2005,2005-01-01,2005-12-31
3108874,WHS4_154,COUNTRY,EGY,EMR,Eastern Mediterranean,YEAR,2008,,,,,,,,,66,66,,,DHS 2008.,2025-09-26T14:12:09Z,2003-2008,2003-01-01,2008-12-31
3117356,WHS4_154,COUNTRY,MLI,AFR,Africa,YEAR,2006,,,,,,,,,35.4,35.4,,,DHS 2006.,2025-09-26T14:12:09Z,2001-2006,2001-01-01,2006-12-31
3118928,WHS4_154,COUNTRY,EST,EUR,Europe,YEAR,2019,,,,,,,,,96.2,96.2,,,5+ visits  Estonian Medical Birth Registry (EMBR) 2023,2025-09-26T14:12:09Z,2019,2019-01-01,2019-12-31
3122665,WHS4_154,COUNTRY,BFA,AFR,Africa,YEAR,1999,,,,,,,,,22.7,22.7,,,DHS 1998-1999.,2025-09-26T14:12:09Z,1993-1999,1993-01-01,1999-12-31
3125663,WHS4_154,COUNTRY,BGD,SEAR,South-East Asia,YEAR,2014,,,,,,,,,31.2,31.2,,,DHS 2014.,2025-09-26T14:12:09Z,2011-2014,2011-01-01,2014-12-31
3134050,WHS4_154,COUNTRY,CAF,AFR,Africa,YEAR,1995,,,,,,,,,39.7,39.7,,,DHS 1994-1995.,2025-09-26T14:12:09Z,1991-1995,1991-01-01,1995-12-31
3136418,WHS4_154,COUNTRY,POL,EUR,Europe,YEAR,2013,,,,,,,,,88.6,88.586500653,,,MoH 2021,2025-09-26T14:12:09Z,2013,2013-01-01,2013-12-31
3147386,WHS4_154,COUNTRY,ISL,EUR,Europe,YEAR,2003,,,,,,,,,99,99,,,5 or more visits. Directorate of Health [Iceland]. Antenatal care and age of mothers 2003; 2012.,2025-09-26T14:12:09Z,2003,2003-01-01,2003-12-31
3152826,WHS4_154,COUNTRY,ERI,AFR,Africa,YEAR,1995,,,,,,,,,26.6,26.6,,,DHS 1995.,2025-09-26T14:12:09Z,1992-1995,1992-01-01,1995-12-31
3177537,WHS4_154,COUNTRY,FRA,EUR,Europe,YEAR,2016,,,,,,,,,99.2,99.2,,,"Institut National de la santé et de la recherche médicale (INSERM) [France], Direction de la recherche, des études, de l’évaluation et des statistiques (DREES) [France]; 2017.",2025-09-26T14:12:09Z,2016,2016-01-01,2016-12-31
3200383,WHS4_154,COUNTRY,LUX,EUR,Europe,YEAR,2015,,,,,,,,,98.3,98.3,,,"calculated by LUX for 2023 UHC Country consultation for 4+ visits. Ministère de la Santé [Luxembourg], Luxembourg Institute of Health; 2023.",2025-09-26T14:12:09Z,2015,2015-01-01,2015-12-31
3212435,WHS4_154,COUNTRY,USA,AMR,Americas,YEAR,2016,,,,,,,,,96.2,96.2,,,WHO/PAHO; 2022.,2025-09-26T14:12:09Z,2016,2016-01-01,2016-12-31
3224235,WHS4_154,COUNTRY,BRA,AMR,Americas,YEAR,2017,,,,,,,,,91.72451402,91.72451402,,,"Data updated as MOH shared slightly different values during UHC CC 2025. Previously: 91.7 DATASUS, MS/SVS/DASIS [Brazil]. Período: 2017; 2020.",2025-09-26T14:12:09Z,2017,2017-01-01,2017-12-31
3248674,WHS4_154,COUNTRY,NRU,WPR,Western Pacific,YEAR,2017,,,,,,,,,51.9,51.9,,,"Nauru Ministry of Health and Medical Services, 2023.",2025-09-26T14:12:09Z,2017,2017-01-01,2017-12-31
3248808,WHS4_154,COUNTRY,PSE,EMR,Eastern Mediterranean,YEAR,1996,,,,,,,,,41.6,41.6,,,MICS 1996.,2025-09-26T14:12:09Z,1994-1996,1994-01-01,1996-12-31
3256075,WHS4_154,COUNTRY,TGO,AFR,Africa,YEAR,2003,,,,,,,,,53.5,53.5,,,"Ministère de la Santé [Togo], Université de Lomé; 2004.",2025-09-26T14:12:09Z,2000-2003,2000-01-01,2003-12-31
3261046,WHS4_154,COUNTRY,EST,EUR,Europe,YEAR,1999,,,,,,,,,93.7,93.7,,,National Institute for Health Development [Estonia]; 2012.,2025-09-26T14:12:09Z,1999,1999-01-01,1999-12-31
3261308,WHS4_154,COUNTRY,ARE,EMR,Eastern Mediterranean,YEAR,2018,,,,,,,,,97.3,97.3,,,3 or more visits. UAE National health survey report 2017-2018.,2025-09-26T14:12:09Z,2013-2018,2013-01-01,2018-12-31
3269325,WHS4_154,COUNTRY,MDA,EUR,Europe,YEAR,1997,,,,,,,,,87.4,87.4,,,6 or more visits. RHS 1997.,2025-09-26T14:12:09Z,1992-1997,1992-01-01,1997-12-31
3277378,WHS4_154,COUNTRY,TCD,AFR,Africa,YEAR,2004,,,,,,,,,17.8,17.8,,,DHS 2004.,2025-09-26T14:12:09Z,1999-2004,1999-01-01,2004-12-31
3277528,WHS4_154,COUNTRY,TTO,AMR,Americas,YEAR,2022,,,,,,,,,93.8,93.8,,,MICS 2022.,2025-09-26T14:12:09Z,2020-2022,2020-01-01,2022-12-31
3290497,WHS4_154,COUNTRY,POL,EUR,Europe,YEAR,2012,,,,,,,,,85.1,85.12802071,,,MoH 2021,2025-09-26T14:12:09Z,2012,2012-01-01,2012-12-31
3312040,WHS4_154,COUNTRY,OMN,EMR,Eastern Mediterranean,YEAR,2013,,,,,,,,,79.2,79.2,,,Ministry of Health [Oman]; 2014.,2025-09-26T14:12:09Z,2013,2013-01-01,2013-12-31
3322161,WHS4_154,COUNTRY,YEM,EMR,Eastern Mediterranean,YEAR,2023,,,,,,,,,32.4,32.4,,,MICS 2022-2023.,2025-09-26T14:12:09Z,2020-2023,2020-01-01,2023-12-31
3328873,WHS4_154,COUNTRY,KAZ,EUR,Europe,YEAR,2011,,,,,,,,,87,87,,,MICS 2010-2011.,2025-09-26T14:12:09Z,2008-2011,2008-01-01,2011-12-31
3333604,WHS4_154,COUNTRY,USA,AMR,Americas,YEAR,2012,,,,,,,,,96.6,96.6,,,WHO/PAHO; 2022.,2025-09-26T14:12:09Z,2012,2012-01-01,2012-12-31
3337233,WHS4_154,COUNTRY,BHS,AMR,Americas,YEAR,2015,,,,,,,,,83.9,83.9,,,WHO/PAHO 2022.,2025-09-26T14:12:09Z,2015,2015-01-01,2015-12-31
3340388,WHS4_154,COUNTRY,GEO,EUR,Europe,YEAR,2017,,,,,,,,,76.3,76.3,,,"Health Care, Statistical Yearbook 2018.",2025-09-26T14:12:09Z,2017,2017-01-01,2017-12-31
3350535,WHS4_154,COUNTRY,IRN,EMR,Eastern Mediterranean,YEAR,2005,,,,,,,,,94.3,94.3,,,UNICEF Data; 2018.,2025-09-26T14:12:09Z,2005,2005-01-01,2005-12-31
3350808,WHS4_154,COUNTRY,USA,AMR,Americas,YEAR,2013,,,,,,,,,93.6,93.6,,,WHO/PAHO; 2022.,2025-09-26T14:12:09Z,2013,2013-01-01,2013-12-31
3354252,WHS4_154,COUNTRY,NER,AFR,Africa,YEAR,1992,,,,,,,,,8.4,8.4,,,DHS 1992.,2025-09-26T14:12:09Z,1987-1992,1987-01-01,1992-12-31
3362254,WHS4_154,COUNTRY,HRV,EUR,Europe,YEAR,2020,,,,,,,,,97.5,97.5,,,Croatian Institute of Public Health; 2020.,2025-09-26T14:12:09Z,2020,2020-01-01,2020-12-31
3366282,WHS4_154,COUNTRY,IRQ,EMR,Eastern Mediterranean,YEAR,2011,,,,,,,,,49.6,49.6,,,MICS 2011.,2025-09-26T14:12:09Z,2009-2011,2009-01-01,2011-12-31
3374171,WHS4_154,COUNTRY,SLV,AMR,Americas,YEAR,2018,,,,,,,,,82,82,,,WHO/PAHO; 2022.,2025-09-26T14:12:09Z,2018,2018-01-01,2018-12-31
3374315,WHS4_154,COUNTRY,BRA,AMR,Americas,YEAR,2018,,,,,,,,,92.30563193,92.30563193,,,"Data updated as MOH shared slightly different values during UHC CC 2025. Previously: 92.2 DATASUS, MS/SVS/DASIS [Brazil]. Período: 2018; 2020.",2025-09-26T14:12:09Z,2018,2018-01-01,2018-12-31
3374800,WHS4_154,COUNTRY,ISL,EUR,Europe,YEAR,2011,,,,,,,,,98.2,98.2,,,5 or more visits. Directorate of Health [Iceland]. Antenatal care and age of mothers 2011; 2013.,2025-09-26T14:12:09Z,2011,2011-01-01,2011-12-31
3385868,WHS4_154,COUNTRY,UKR,EUR,Europe,YEAR,2012,,,,,,,,,87.2,87.2,,,MICS 2012.,2025-09-26T14:12:09Z,2010-2012,2010-01-01,2012-12-31
3387107,WHS4_154,COUNTRY,NIC,AMR,Americas,YEAR,2022,,,,,,,,,91.9,91.9,,,Public sector only. PLISA Health Information Platform; 2024.,2025-09-26T14:12:09Z,2022,2022-01-01,2022-12-31
3391553,WHS4_154,COUNTRY,AFG,EMR,Eastern Mediterranean,YEAR,2015,,,,,,,,,17.8,17.8,,,DHS 2015.,2025-09-26T14:12:09Z,2010-2015,2010-01-01,2015-12-31
3401965,WHS4_154,COUNTRY,URY,AMR,Americas,YEAR,2000,,,,,,,,,79.7,79.7,,,"Ministerio de Salud Pública [Ministry of Public Health, Uruguay]; 2016.",2025-09-26T14:12:09Z,2000,2000-01-01,2000-12-31
3412069,WHS4_154,COUNTRY,BRA,AMR,Americas,YEAR,2007,,,,,,,,,88.78202632,88.78202632,,,"Data updated as MOH shared slightly different values during UHC CC 2025. Previously: 88.7 DATASUS, MS/SVS/DASIS [Brazil]. Período: 2007; 2014.",2025-09-26T14:12:09Z,2007,2007-01-01,2007-12-31
3418295,WHS4_154,COUNTRY,DOM,AMR,Americas,YEAR,2013,,,,,,,,,95.4,95.4,,,DHS 2013.,2025-09-26T14:12:09Z,2008-2013,2008-01-01,2013-12-31
3428632,WHS4_154,COUNTRY,TZA,AFR,Africa,YEAR,1996,,,,,,,,,69.5,69.5,,,DHS 1996.,2025-09-26T14:12:09Z,1991-1996,1991-01-01,1996-12-31
3443218,WHS4_154,COUNTRY,NIC,AMR,Americas,YEAR,2016,,,,,,,,,68,68,,,PAHO Database; 2018.,2025-09-26T14:12:09Z,2016,2016-01-01,2016-12-31
3446634,WHS4_154,COUNTRY,IRQ,EMR,Eastern Mediterranean,YEAR,2018,,,,,,,,,67.9,67.9,,,MICS 2018.,2025-09-26T14:12:09Z,2016-2018,2016-01-01,2018-12-31
3463577,WHS4_154,COUNTRY,LUX,EUR,Europe,YEAR,2018,,,,,,,,,98.8,98.8,,,"calculated by LUX for 2023 UHC Country consultation for 4+ visits. Ministère de la Santé [Luxembourg], Luxembourg Institute of Health; 2023.",2025-09-26T14:12:09Z,2018,2018-01-01,2018-12-31
3465014,WHS4_154,COUNTRY,PRK,SEAR,South-East Asia,YEAR,2009,,,,,,,,,93.5,93.5,,,MICS 2009.,2025-09-26T14:12:09Z,2007-2009,2007-01-01,2009-12-31
3467625,WHS4_154,COUNTRY,LUX,EUR,Europe,YEAR,2013,,,,,,,,,98.4,98.4,,,"calculated by LUX for 2023 UHC Country consultation for 4+ visits. Ministère de la Santé [Luxembourg], Luxembourg Institute of Health; 2023.",2025-09-26T14:12:09Z,2013,2013-01-01,2013-12-31
3468884,WHS4_154,COUNTRY,COL,AMR,Americas,YEAR,2017,,,,,,,,,87.7,87.7,,,WHO/PAHO; 2019.,2025-09-26T14:12:09Z,2017,2017-01-01,2017-12-31
3471673,WHS4_154,COUNTRY,EST,EUR,Europe,YEAR,2022,,,,,,,,,96.9,96.9,,,5+ visits  Estonian Medical Birth Registry (EMBR) 2023,2025-09-26T14:12:09Z,2022,2022-01-01,2022-12-31
3476372,WHS4_154,COUNTRY,AZE,EUR,Europe,YEAR,2001,,,,,,,,,30.4,30.4,,,5 or more visits. RHS 2001.,2025-09-26T14:12:09Z,1996-2001,1996-01-01,2001-12-31
3491827,WHS4_154,COUNTRY,BGD,SEAR,South-East Asia,YEAR,2001,,,,,,,,,11.6,11.6,,,"NIPORT [Bangladesh], ORC Macro, Johns Hopkins University, icddr,b [Bangladesh]; 2003.",2025-09-26T14:12:09Z,1998-2001,1998-01-01,2001-12-31
3496369,WHS4_154,COUNTRY,ATG,AMR,Americas,YEAR,2022,,,,,,,,,75,75,,,PLISA Health Information Platform; 2024.,2025-09-26T14:12:09Z,2022,2022-01-01,2022-12-31
3497545,WHS4_154,COUNTRY,CZE,EUR,Europe,YEAR,2010,,,,,,,,,94.8,94.8,,,3 or more visits. Ústav zdravotnických informací a statistiky ČR [Czech Republic]; 2011.,2025-09-26T14:12:09Z,2010,2010-01-01,2010-12-31
3500277,WHS4_154,COUNTRY,PRY,AMR,Americas,YEAR,1996,,,,,,,,,66.1,66.1,,,"ENDSR-95/96. Centro Paraguay de Estudios de Población (CEPEP), CDC, USAID; 1997.",2025-09-26T14:12:09Z,1990-1996,1990-01-01,1996-12-31
3506893,WHS4_154,COUNTRY,GNQ,AFR,Africa,YEAR,2011,,,,,,,,,66.9,66.9,,,DHS 2011.,2025-09-26T14:12:09Z,2006-2011,2006-01-01,2011-12-31
3520028,WHS4_154,COUNTRY,DMA,AMR,Americas,YEAR,2017,,,,,,,,,84.7,84.7,,,WHO/PAHO; 2018.,2025-09-26T14:12:09Z,2017,2017-01-01,2017-12-31
3522679,WHS4_154,COUNTRY,TUR,EUR,Europe,YEAR,2008,,,,,,,,,73.7,73.7,,,DHS 2008.,2025-09-26T14:12:09Z,2003-2008,2003-01-01,2008-12-31
3525100,WHS4_154,COUNTRY,COL,AMR,Americas,YEAR,2022,,,,,,,,,84.1,84.1,,,PLISA Health Information Platform; 2025.,2025-09-26T14:12:09Z,2022,2022-01-01,2022-12-31
3535088,WHS4_154,COUNTRY,SLB,WPR,Western Pacific,YEAR,2020,,,,,,,,,65.4,65.4,,,DHIS data.,2025-09-26T14:12:09Z,2020,2020-01-01,2020-12-31
3544757,WHS4_154,COUNTRY,ZMB,AFR,Africa,YEAR,2007,,,,,,,,,60.3,60.3,,,DHS 2007.,2025-09-26T14:12:09Z,2002-2007,2002-01-01,2007-12-31
3552688,WHS4_154,COUNTRY,EST,EUR,Europe,YEAR,2008,,,,,,,,,96.9,96.9,,,National Institute for Health Development [Estonia]; 2012.,2025-09-26T14:12:09Z,2008,2008-01-01,2008-12-31
3570028,WHS4_154,COUNTRY,NIC,AMR,Americas,YEAR,2015,,,,,,,,,72,72,,,PAHO Database; 2018.,2025-09-26T14:12:09Z,2015,2015-01-01,2015-12-31
3579529,WHS4_154,COUNTRY,AGO,AFR,Africa,YEAR,2024,,,,,,,,,51,51,,,DHS 2023-2024 (Key indicators).,2025-09-26T14:12:09Z,2021-2024,2021-01-01,2024-12-31
3592188,WHS4_154,COUNTRY,SEN,AFR,Africa,YEAR,2016,,,,,,,,,53.8,53.8,,,DHS 2016 (DHS Continuous).,2025-09-26T14:12:09Z,2011-2016,2011-01-01,2016-12-31
3596725,WHS4_154,COUNTRY,ZAF,AFR,Africa,YEAR,2008,,,,,,,,,87.1,87.1,,,"Shisana O, Simbayi LC, Rehle T, Zungu NP, Zuma K, Ngogo N et al., SABSSM III Implementation Team; 2010.",2025-09-26T14:12:09Z,2006-2008,2006-01-01,2008-12-31
3600300,WHS4_154,COUNTRY,CZE,EUR,Europe,YEAR,2006,,,,,,,,,96.1,96.1,,,3 or more visits. Ústav zdravotnických informací a statistiky ČR [Czech Republic]; 2007.,2025-09-26T14:12:09Z,2006,2006-01-01,2006-12-31
3606271,WHS4_154,COUNTRY,ISL,EUR,Europe,YEAR,2006,,,,,,,,,99,99,,,5 or more visits. Directorate of Health [Iceland]. Antenatal care and age of mothers 2006; 2012.,2025-09-26T14:12:09Z,2006,2006-01-01,2006-12-31
3607592,WHS4_154,COUNTRY,DOM,AMR,Americas,YEAR,2000,,,,,,,,,89.9,89.9,,,MICS 2000.,2025-09-26T14:12:09Z,1999-2000,1999-01-01,2000-12-31
3615911,WHS4_154,COUNTRY,BEN,AFR,Africa,YEAR,2001,,,,,,,,,61.6,61.6,,,DHS 2001.,2025-09-26T14:12:09Z,1996-2001,1996-01-01,2001-12-31
3624568,WHS4_154,COUNTRY,LAO,WPR,Western Pacific,YEAR,2005,,,,,,,,,60.7,60.7,,,RHS 2005.,2025-09-26T14:12:09Z,2000-2005,2000-01-01,2005-12-31
3640507,WHS4_154,COUNTRY,LCA,AMR,Americas,YEAR,2021,,,,,,,,,90,90,,,Public sector only. PLISA Health Information Platform; 2024.,2025-09-26T14:12:09Z,2021,2021-01-01,2021-12-31
3645325,WHS4_154,COUNTRY,BEN,AFR,Africa,YEAR,2006,,,,,,,,,60.5,60.5,,,DHS 2006.,2025-09-26T14:12:09Z,2001-2006,2001-01-01,2006-12-31
3647590,WHS4_154,COUNTRY,COG,AFR,Africa,YEAR,2005,,,,,,,,,74.7,74.7,,,DHS 2005.,2025-09-26T14:12:09Z,2000-2005,2000-01-01,2005-12-31
3662736,WHS4_154,COUNTRY,ARE,EMR,Eastern Mediterranean,YEAR,2015,,,,,,,,,99.9,99.9,,,Ministry of Health and Prevention [UAE]; 2017.,2025-09-26T14:12:09Z,2015,2015-01-01,2015-12-31
3663918,WHS4_154,COUNTRY,USA,AMR,Americas,YEAR,2015,,,,,,,,,96.3,96.3,,,WHO/PAHO; 2022.,2025-09-26T14:12:09Z,2015,2015-01-01,2015-12-31
3667237,WHS4_154,COUNTRY,BLR,EUR,Europe,YEAR,2019,,,,,,,,,99.9,99.9,,,MICS 2019.,2025-09-26T14:12:09Z,2017-2019,2017-01-01,2019-12-31
3677494,WHS4_154,COUNTRY,BRA,AMR,Americas,YEAR,2002,,,,,,,,,83.27751135,83.27751135,,,"Data updated as MOH shared slightly different values during UHC CC 2025. Previously: 83.1 DATASUS, MS/SVS/DASIS [Brazil]. Período: 2002; 2014.",2025-09-26T14:12:09Z,2002,2002-01-01,2002-12-31
3686233,WHS4_154,COUNTRY,BRB,AMR,Americas,YEAR,2012,,,,,,,,,87.9,87.9,,,MICS 2012.,2025-09-26T14:12:09Z,2010-2012,2010-01-01,2012-12-31
3698896,WHS4_154,COUNTRY,GRD,AMR,Americas,YEAR,2018,,,,,,,,,73,73,,,WHO/PAHO; 2019.,2025-09-26T14:12:09Z,2018,2018-01-01,2018-12-31
3717634,WHS4_154,COUNTRY,NPL,SEAR,South-East Asia,YEAR,1996,,,,,,,,,8.8,8.8,,,DHS 1996.,2025-09-26T14:12:09Z,1993-1996,1993-01-01,1996-12-31
3723839,WHS4_154,COUNTRY,TJK,EUR,Europe,YEAR,2023,,,,,,,,,62.1,62.1,,,DHS 2023 (Key indicators).,2025-09-26T14:12:09Z,2021-2023,2021-01-01,2023-12-31
3724034,WHS4_154,COUNTRY,PRY,AMR,Americas,YEAR,2020,,,,,,,,,78.3,78.3,,,WHO/PAHO; 2022.,2025-09-26T14:12:09Z,2020,2020-01-01,2020-12-31
3734402,WHS4_154,COUNTRY,IDN,WPR,Western Pacific,YEAR,2023,,,,,,,,,68.1,68.1,,,Indonesian Health Survey 2023,2025-09-26T14:12:09Z,2018-2023,2018-01-01,2023-12-31
3752969,WHS4_154,COUNTRY,BRA,AMR,Americas,YEAR,2016,,,,,,,,,91.31161856,91.31161856,,,"Data updated as MOH shared slightly different values during UHC CC 2025. Previously: 91.3 DATASUS, MS/SVS/DASIS [Brazil]. Período: 2016; 2019.",2025-09-26T14:12:09Z,2016,2016-01-01,2016-12-31
3766715,WHS4_154,COUNTRY,TUR,EUR,Europe,YEAR,1998,,,,,,,,,42,42,,,DHS 1998.,2025-09-26T14:12:09Z,1993-1998,1993-01-01,1998-12-31
3770572,WHS4_154,COUNTRY,BHS,AMR,Americas,YEAR,2018,,,,,,,,,88.2,88.2,,,WHO/PAHO 2022.,2025-09-26T14:12:09Z,2018,2018-01-01,2018-12-31
3795528,WHS4_154,COUNTRY,BHR,EMR,Eastern Mediterranean,YEAR,2010,,,,,,,,,100,100,,,Ministry of Health [Bahrain]; 2014.,2025-09-26T14:12:09Z,2010,2010-01-01,2010-12-31
3804037,WHS4_154,COUNTRY,GMB,AFR,Africa,YEAR,2010,,,,,,,,,72,72,,,MICS 2010.,2025-09-26T14:12:09Z,2008-2010,2008-01-01,2010-12-31
3823307,WHS4_154,COUNTRY,PRY,AMR,Americas,YEAR,2023,,,,,,,,,82.1,82.1,,,PLISA Health Information Platform; 2025.,2025-09-26T14:12:09Z,2023,2023-01-01,2023-12-31
3830429,WHS4_154,COUNTRY,TJK,EUR,Europe,YEAR,2017,,,,,,,,,64.2,64.2,,,DHS 2017.,2025-09-26T14:12:09Z,2012-2017,2012-01-01,2017-12-31
3833919,WHS4_154,COUNTRY,NGA,AFR,Africa,YEAR,2011,,,,,,,,,56.6,56.6,,,MICS 2011.,2025-09-26T14:12:09Z,2009-2011,2009-01-01,2011-12-31
3848128,WHS4_154,COUNTRY,EST,EUR,Europe,YEAR,2023,,,,,,,,,97.7,97.7,,,5+ visits  Estonian Medical Birth Registry (EMBR) 2024,2025-09-26T14:12:09Z,2023,2023-01-01,2023-12-31
3855024,WHS4_154,COUNTRY,AFG,EMR,Eastern Mediterranean,YEAR,2010,,,,,,,,,16.1,16.1,,,"The survey was completed in 87% of the country. However, the survey teams were unable to cover rural areas of Helmand, Kandahar and Zabul provinces for security reasons that account for 9% of the total population or one-third of the population of the south of Afghanistan. The insecurity compromised monitoring of field work especially in the South zone. APHI/MoPH [Afghanistan], CSO [Afghanistan], ICF Macro, IIHMR [India], WHO/EMRO; 2011.",2025-09-26T14:12:09Z,2005-2010,2005-01-01,2010-12-31
3894562,WHS4_154,COUNTRY,HTI,AMR,Americas,YEAR,2000,,,,,,,,,44.2,44.2,,,DHS 2000.,2025-09-26T14:12:09Z,1995-2000,1995-01-01,2000-12-31
3895578,WHS4_154,COUNTRY,BOL,AMR,Americas,YEAR,2012,,,,,,,,,75.3,75.3,,,"Unidad de Análisis de Políticas Sociales y Económicas (UDAPE), Ministerio de Salud, Estado Plurinacional de Bolivia, Comité Técnico – Consejo Nacional de Alimentación y Nutrición (CT-CONAN); 2014.",2025-09-26T14:12:09Z,2007-2012,2007-01-01,2012-12-31
3903244,WHS4_154,COUNTRY,LAO,WPR,Western Pacific,YEAR,2023,,,,,,,,,70,70,,,NHRS 2023.,2025-09-26T14:12:09Z,2023,2023-01-01,2023-12-31
3911072,WHS4_154,COUNTRY,MAR,EMR,Eastern Mediterranean,YEAR,2018,,,,,,,,,60.9,60.9,,,ENPSF 2018. Ministère de la Santé [Morocco]; 2019.,2025-09-26T14:12:09Z,2012-2018,2012-01-01,2018-12-31
3911552,WHS4_154,COUNTRY,SLE,AFR,Africa,YEAR,2010,,,,,,,,,74.7,74.7,,,MICS 2010.,2025-09-26T14:12:09Z,2008-2010,2008-01-01,2010-12-31
3920599,WHS4_154,COUNTRY,SVK,EUR,Europe,YEAR,2014,,,,,,,,,96.2,96.2,,,"National Health Information Center, Slovak Republic, 2023",2025-09-26T14:12:09Z,2014,2014-01-01,2014-12-31
3932609,WHS4_154,COUNTRY,TUR,EUR,Europe,YEAR,2018,,,,,,,,,95.2,95.2,,,Health Statistics Yearbook 2018.,2025-09-26T14:12:09Z,2018,2018-01-01,2018-12-31
3939261,WHS4_154,COUNTRY,PER,AMR,Americas,YEAR,2021,,,,,,,,,94.5,94.5,,,ENDES 2021 main report.,2025-09-26T14:12:09Z,2016-2021,2016-01-01,2021-12-31
3945868,WHS4_154,COUNTRY,MOZ,AFR,Africa,YEAR,2023,,,,,,,,,49.9,49.9,,,DHS 2022-2023.,2025-09-26T14:12:09Z,2020-2023,2020-01-01,2023-12-31
3953456,WHS4_154,COUNTRY,SGP,WPR,Western Pacific,YEAR,2019,,,,,,,,,97.4,97.4,,,Government administrative databases for outpatient and birth records - Singapore; 2023.,2025-09-26T14:12:09Z,2019,2019-01-01,2019-12-31
3958084,WHS4_154,COUNTRY,URY,AMR,Americas,YEAR,2017,,,,,,,,,96.5,96.5,,,Estadísticas Vitales 1996-2019.,2025-09-26T14:12:09Z,2017,2017-01-01,2017-12-31
3958093,WHS4_154,COUNTRY,UGA,AFR,Africa,YEAR,2011,,,,,,,,,47.6,47.6,,,DHS 2011.,2025-09-26T14:12:09Z,2006-2011,2006-01-01,2011-12-31
3962906,WHS4_154,COUNTRY,ECU,AMR,Americas,YEAR,2012,,,,,,,,,79.5,79.5,,,WHO/PAHO; 2015.,2025-09-26T14:12:09Z,2012,2012-01-01,2012-12-31
3976331,WHS4_154,COUNTRY,WSM,WPR,Western Pacific,YEAR,2009,,,,,,,,,58.4,58.4,,,DHS 2009.,2025-09-26T14:12:09Z,2004-2009,2004-01-01,2009-12-31
3997373,WHS4_154,COUNTRY,EST,EUR,Europe,YEAR,2018,,,,,,,,,98.5,98.5,,,5+ visits  National Institute for Health Development [Estonia]; 2020.,2025-09-26T14:12:09Z,2018,2018-01-01,2018-12-31
4013355,WHS4_154,COUNTRY,BRB,AMR,Americas,YEAR,2022,,,,,,,,,99,99,,,PLISA Health Information Platform; 2025.,2025-09-26T14:12:09Z,2022,2022-01-01,2022-12-31
4032722,WHS4_154,COUNTRY,NAM,AFR,Africa,YEAR,2007,,,,,,,,,70.4,70.4,,,DHS 2006-2007.,2025-09-26T14:12:09Z,2001-2007,2001-01-01,2007-12-31
4036943,WHS4_154,COUNTRY,TZA,AFR,Africa,YEAR,1992,,,,,,,,,69.5,69.5,,,DHS 1991-1992.,2025-09-26T14:12:09Z,1986-1992,1986-01-01,1992-12-31
4061821,WHS4_154,COUNTRY,NIC,AMR,Americas,YEAR,1998,,,,,,,,,61.6,61.6,,,Instituto Nacional de Estadísticas y Censos (INEC) [Nicaragua]; 2001.,2025-09-26T14:12:09Z,1993-1998,1993-01-01,1998-12-31
4063663,WHS4_154,COUNTRY,NIC,AMR,Americas,YEAR,2007,,,,,,,,,77.7,77.7,,,"ENDESA 2006/07. INIDE, Ministerio de Salud [Nicaragua]; 2008.",2025-09-26T14:12:09Z,2001-2007,2001-01-01,2007-12-31
4068275,WHS4_154,COUNTRY,LBR,AFR,Africa,YEAR,2020,,,,,,,,,87.3,87.3,,,DHS 2019-2020.,2025-09-26T14:12:09Z,2014-2020,2014-01-01,2020-12-31
4076963,WHS4_154,COUNTRY,SLB,WPR,Western Pacific,YEAR,2009,,,,,,,,,65,65,,,CHIPS 2010. WHO/WPRO; 2010.,2025-09-26T14:12:09Z,2009,2009-01-01,2009-12-31
4079058,WHS4_154,COUNTRY,PER,AMR,Americas,YEAR,2022,,,,,,,,,94.7,94.7,,,ENDES 2022 main report.,2025-09-26T14:12:09Z,2017-2022,2017-01-01,2022-12-31
4082697,WHS4_154,COUNTRY,PAN,AMR,Americas,YEAR,2015,,,,,,,,,98.6,98.6,,,ENASSER 2014-2015.,2025-09-26T14:12:09Z,2009-2015,2009-01-01,2015-12-31
4086234,WHS4_154,COUNTRY,ITA,EUR,Europe,YEAR,2002,,,,,,,,,64.4,64.4,,,Direzione Generale del Sistema Informativo – Ufficio di Statistica [Italy]; 2004.,2025-09-26T14:12:09Z,2002,2002-01-01,2002-12-31
4089227,WHS4_154,COUNTRY,EGY,EMR,Eastern Mediterranean,YEAR,2000,,,,,,,,,36.7,36.7,,,DHS 2000.,2025-09-26T14:12:09Z,1995-2000,1995-01-01,2000-12-31
4090128,WHS4_154,COUNTRY,GEO,EUR,Europe,YEAR,2019,,,,,,,,,84.9,84.9,,,"Health Care, Statistical Yearbook 2020.",2025-09-26T14:12:09Z,2019,2019-01-01,2019-12-31
4103321,WHS4_154,COUNTRY,BRA,AMR,Americas,YEAR,2001,,,,,,,,,45.6,45.6,,,7 or more visits.  Ministério da Saúde [Brasil]; 2004.,2025-09-26T14:12:09Z,1997-2001,1997-01-01,2001-12-31
4110327,WHS4_154,COUNTRY,SVK,EUR,Europe,YEAR,2022,,,,,,,,,96.1,96.1,,,Parent Report and Newborn Report 2025.,2025-09-26T14:12:09Z,2022,2022-01-01,2022-12-31
4131864,WHS4_154,COUNTRY,MNE,EUR,Europe,YEAR,2013,,,,,,,,,86.6,86.6,,,MICS 2013.,2025-09-26T14:12:09Z,2011-2013,2011-01-01,2013-12-31
4141446,WHS4_154,COUNTRY,FIN,EUR,Europe,YEAR,2002,,,,,,,,,99.4,99.4,,,National Institute for Health and Welfare (THL) [Finland]; 2017.,2025-09-26T14:12:09Z,2002,2002-01-01,2002-12-31
4159930,WHS4_154,COUNTRY,FIN,EUR,Europe,YEAR,2003,,,,,,,,,99.3,99.3,,,National Institute for Health and Welfare (THL) [Finland]; 2017.,2025-09-26T14:12:09Z,2003,2003-01-01,2003-12-31
4166363,WHS4_154,COUNTRY,SLB,WPR,Western Pacific,YEAR,2019,,,,,,,,,68.1,68.1,,,DHIS data.,2025-09-26T14:12:09Z,2019,2019-01-01,2019-12-31
4166725,WHS4_154,COUNTRY,MWI,AFR,Africa,YEAR,2000,,,,,,,,,56,56,,,DHS 2000.,2025-09-26T14:12:09Z,1995-2000,1995-01-01,2000-12-31
4182937,WHS4_154,COUNTRY,WSM,WPR,Western Pacific,YEAR,2014,,,,,,,,,72.9,72.9,,,DHS 2014.,2025-09-26T14:12:09Z,2009-2014,2009-01-01,2014-12-31
4195173,WHS4_154,COUNTRY,ITA,EUR,Europe,YEAR,2006,,,,,,,,,84.5,84.5,,,Direzione Generale del Sistema Informativo – Ufficio di Statistica [Italy]; 2009.,2025-09-26T14:12:09Z,2006,2006-01-01,2006-12-31
4201173,WHS4_154,COUNTRY,JAM,AMR,Americas,YEAR,2011,,,,,,,,,85.6,85.6,,,MICS 2011.,2025-09-26T14:12:09Z,2009-2011,2009-01-01,2011-12-31
4207417,WHS4_154,COUNTRY,BDI,AFR,Africa,YEAR,2018,,,,,,,,,40.5,40.5,,,Annuaire des Statistisques Sanitaires 2022.,2025-09-26T14:12:09Z,2018,2018-01-01,2018-12-31
4212560,WHS4_154,COUNTRY,GIN,AFR,Africa,YEAR,2018,,,,,,,,,35.3,35.3,,,DHS 2018.,2025-09-26T14:12:09Z,2013-2018,2013-01-01,2018-12-31
4215933,WHS4_154,COUNTRY,DMA,AMR,Americas,YEAR,2019,,,,,,,,,89,89,,,WHO/PAHO; 2022.,2025-09-26T14:12:09Z,2019,2019-01-01,2019-12-31
4228753,WHS4_154,COUNTRY,PSE,EMR,Eastern Mediterranean,YEAR,2020,,,,,,,,,94.8,94.8,,,MICS 2019-2020.,2025-09-26T14:12:09Z,2017-2020,2017-01-01,2020-12-31
4231155,WHS4_154,COUNTRY,TCD,AFR,Africa,YEAR,2015,,,,,,,,,31,31,,,DHS 2014-2015.,2025-09-26T14:12:09Z,2009-2015,2009-01-01,2015-12-31
4231304,WHS4_154,COUNTRY,LBN,EMR,Eastern Mediterranean,YEAR,2000,,,,,,,,,80.9,80.9,,,"Ministry of Public Health [Lebanon], UNICEF; 2001.",2025-09-26T14:12:09Z,1999-2000,1999-01-01,2000-12-31
4247323,WHS4_154,COUNTRY,NIC,AMR,Americas,YEAR,2019,,,,,,,,,92.5,92.5,,,Public sector only. WHO/PAHO; 2022.,2025-09-26T14:12:09Z,2019,2019-01-01,2019-12-31
4247490,WHS4_154,COUNTRY,IND,SEAR,South-East Asia,YEAR,1993,,,,,,,,,26.9,26.9,,,DHS 1992-1993.,2025-09-26T14:12:09Z,1988-1993,1988-01-01,1993-12-31
4253682,WHS4_154,COUNTRY,LUX,EUR,Europe,YEAR,2019,,,,,,,,,98.7,98.7,,,"calculated by LUX for 2023 UHC Country consultation for 4+ visits. Ministère de la Santé [Luxembourg], Luxembourg Institute of Health; 2023.",2025-09-26T14:12:09Z,2019,2019-01-01,2019-12-31
4256724,WHS4_154,COUNTRY,PRY,AMR,Americas,YEAR,2019,,,,,,,,,82.3,82.3,,,WHO/PAHO; 2022.,2025-09-26T14:12:09Z,2019,2019-01-01,2019-12-31
4261647,WHS4_154,COUNTRY,TUR,EUR,Europe,YEAR,2019,,,,,,,,,98.3,98.3,,,Health Statistics Yearbook 2019.,2025-09-26T14:12:09Z,2019,2019-01-01,2019-12-31
4269232,WHS4_154,COUNTRY,KNA,AMR,Americas,YEAR,2021,,,,,,,,,85.4,85.4,,,PLISA Health Information Platform; 2024.,2025-09-26T14:12:09Z,2021,2021-01-01,2021-12-31
4273281,WHS4_154,COUNTRY,PRI,AMR,Americas,YEAR,2018,,,,,,,,,99.2,99.2,,,PLISA Health Information Platform; 2024.,2025-09-26T14:12:09Z,2018,2018-01-01,2018-12-31
4289261,WHS4_154,COUNTRY,BHS,AMR,Americas,YEAR,2017,,,,,,,,,80.7,80.7,,,WHO/PAHO 2022.,2025-09-26T14:12:09Z,2017,2017-01-01,2017-12-31
4296578,WHS4_154,COUNTRY,PRY,AMR,Americas,YEAR,2018,,,,,,,,,83,83,,,WHO/PAHO; 2022.,2025-09-26T14:12:09Z,2018,2018-01-01,2018-12-31
4299571,WHS4_154,COUNTRY,TUN,EMR,Eastern Mediterranean,YEAR,2018,,,,,,,,,84.1,84.1,,,MICS 2018.,2025-09-26T14:12:09Z,2016-2018,2016-01-01,2018-12-31
4307092,WHS4_154,COUNTRY,POL,EUR,Europe,YEAR,2014,,,,,,,,,87.3,87.26837356,,,MoH 2021,2025-09-26T14:12:09Z,2014,2014-01-01,2014-12-31
4309147,WHS4_154,COUNTRY,BRB,AMR,Americas,YEAR,2014,,,,,,,,,96.9,96.9,,,WHO/PAHO; 2016.,2025-09-26T14:12:09Z,2014,2014-01-01,2014-12-31
4313290,WHS4_154,COUNTRY,ITA,EUR,Europe,YEAR,2013,,,,,,,,,86.5,86.5,,,"Direzione Generale della Digitalizzazione, del Sistema Informativo Sanitario e della Statistica – Ufficio di Statistica [Italy]; 2015.",2025-09-26T14:12:09Z,2013,2013-01-01,2013-12-31
4315677,WHS4_154,COUNTRY,OMN,EMR,Eastern Mediterranean,YEAR,2014,,,,,,,,,71.3,71.3,,,Ministry of Health [Oman]; 2015.,2025-09-26T14:12:09Z,2014,2014-01-01,2014-12-31
4325975,WHS4_154,COUNTRY,SEN,AFR,Africa,YEAR,2013,,,,,,,,,46.5,46.5,,,DHS 2012-13 (Continuous).,2025-09-26T14:12:09Z,2007-2013,2007-01-01,2013-12-31
4339417,WHS4_154,COUNTRY,ISL,EUR,Europe,YEAR,2004,,,,,,,,,98.8,98.8,,,5 or more visits. Directorate of Health [Iceland]. Antenatal care and age of mothers 2004; 2012.,2025-09-26T14:12:09Z,2004,2004-01-01,2004-12-31
4352315,WHS4_154,COUNTRY,GEO,EUR,Europe,YEAR,2015,,,,,,,,,88.3,88.3,,,"Ministry of Labour, Health and Social Affairs of Georgia; 2016.",2025-09-26T14:12:09Z,2015,2015-01-01,2015-12-31
4365585,WHS4_154,COUNTRY,JAM,AMR,Americas,YEAR,2021,,,,,,,,,83.6,83.6,,,RHS 2021,2025-09-26T14:12:09Z,2016-2021,2016-01-01,2021-12-31
4370359,WHS4_154,COUNTRY,RWA,AFR,Africa,YEAR,1992,,,,,,,,,12,12,,,DHS 1992.,2025-09-26T14:12:09Z,1987-1992,1987-01-01,1992-12-31
4403435,WHS4_154,COUNTRY,MWI,AFR,Africa,YEAR,2016,,,,,,,,,50.6,50.6,,,DHS 2015-2016.,2025-09-26T14:12:09Z,2010-2016,2010-01-01,2016-12-31
4408236,WHS4_154,COUNTRY,AGO,AFR,Africa,YEAR,1996,,,,,,,,,31.5,31.5,,,5 or more visits. MICS 1996.,2025-09-26T14:12:09Z,1994-1996,1994-01-01,1996-12-31
4420335,WHS4_154,COUNTRY,BGD,SEAR,South-East Asia,YEAR,2019,,,,,,,,,36.9,36.9,,,MICS 2019.,2025-09-26T14:12:09Z,2017-2019,2017-01-01,2019-12-31
4422504,WHS4_154,COUNTRY,BHS,AMR,Americas,YEAR,2022,,,,,,,,,91.9,91.9,,,PLISA Health Information Platform; 2025.,2025-09-26T14:12:09Z,2022,2022-01-01,2022-12-31
4428236,WHS4_154,COUNTRY,IRQ,EMR,Eastern Mediterranean,YEAR,2022,,,,,,,,,23,23,,,EMRO Core indicators 2023.,2025-09-26T14:12:09Z,2022,2022-01-01,2022-12-31
4437650,WHS4_154,COUNTRY,BFA,AFR,Africa,YEAR,1993,,,,,,,,,22.6,22.6,,,DHS 1993.,2025-09-26T14:12:09Z,1988-1993,1988-01-01,1993-12-31
4448193,WHS4_154,COUNTRY,PRK,SEAR,South-East Asia,YEAR,2017,,,,,,,,,93.7,93.7,,,MICS 2017.,2025-09-26T14:12:09Z,2015-2017,2015-01-01,2017-12-31
4448609,WHS4_154,COUNTRY,GNB,AFR,Africa,YEAR,2019,,,,,,,,,80.7,80.7,,,MICS 2018-2019.,2025-09-26T14:12:09Z,2016-2019,2016-01-01,2019-12-31
4452917,WHS4_154,COUNTRY,MEX,AMR,Americas,YEAR,2019,,,,,,,,,89.6,89.6,,,WHO/PAHO; 2022.,2025-09-26T14:12:09Z,2019,2019-01-01,2019-12-31
4455771,WHS4_154,COUNTRY,GRD,AMR,Americas,YEAR,2020,,,,,,,,,76,76,,,PLISA Health Information Platform; 2024.,2025-09-26T14:12:09Z,2020,2020-01-01,2020-12-31
4458935,WHS4_154,COUNTRY,BFA,AFR,Africa,YEAR,2021,,,,,,,,,72.1,72.1,,,DHS 2021.,2025-09-26T14:12:09Z,2019-2021,2019-01-01,2021-12-31
4482102,WHS4_154,COUNTRY,BGD,SEAR,South-East Asia,YEAR,2022,,,,,,,,,34.3,34.3,,,SVRS 2023,2025-09-26T14:12:09Z,2022,2022-01-01,2022-12-31
4487381,WHS4_154,COUNTRY,GHA,AFR,Africa,YEAR,2011,,,,,,,,,86.6,86.6,,,MICS 2011.,2025-09-26T14:12:09Z,2009-2011,2009-01-01,2011-12-31
4507985,WHS4_154,COUNTRY,PRI,AMR,Americas,YEAR,2007,,,,,,,,,97.4,97.4,,,PLISA Health Information Platform; 2024.,2025-09-26T14:12:09Z,2007,2007-01-01,2007-12-31
4508889,WHS4_154,COUNTRY,ISL,EUR,Europe,YEAR,2001,,,,,,,,,98.8,98.8,,,5 or more visits. Directorate of Health [Iceland]. Antenatal care and age of mothers 2001; 2012.,2025-09-26T14:12:09Z,2001,2001-01-01,2001-12-31
4513012,WHS4_154,COUNTRY,BRA,AMR,Americas,YEAR,1996,,,,,,,,,77,77,,,DHS 1996.,2025-09-26T14:12:09Z,1991-1996,1991-01-01,1996-12-31
4527157,WHS4_154,COUNTRY,MLI,AFR,Africa,YEAR,2001,,,,,,,,,29.9,29.9,,,DHS 2001.,2025-09-26T14:12:09Z,1996-2001,1996-01-01,2001-12-31
4528074,WHS4_154,COUNTRY,EST,EUR,Europe,YEAR,1996,,,,,,,,,93.7,93.7,,,National Institute for Health Development [Estonia]; 2012.,2025-09-26T14:12:09Z,1996,1996-01-01,1996-12-31
4538324,WHS4_154,COUNTRY,VNM,WPR,Western Pacific,YEAR,2014,,,,,,,,,73.7,73.7,,,MICS 2014.,2025-09-26T14:12:09Z,2011-2014,2011-01-01,2014-12-31
4542797,WHS4_154,COUNTRY,ITA,EUR,Europe,YEAR,2010,,,,,,,,,84.6,84.6,,,Direzione Generale del Sistema Informativo e Statistico Sanitario – Ufficio di Statistica [Italy]; 2013.,2025-09-26T14:12:09Z,2010,2010-01-01,2010-12-31
4544580,WHS4_154,COUNTRY,IDN,WPR,Western Pacific,YEAR,2007,,,,,,,,,81.5,81.5,,,DHS 2007.,2025-09-26T14:12:09Z,2002-2007,2002-01-01,2007-12-31
4544832,WHS4_154,COUNTRY,AUS,WPR,Western Pacific,YEAR,2015,,,,,,,,,95,95,,,5 or more visits. Australian Institute of Health and Welfare (AIHW); 2017.,2025-09-26T14:12:09Z,2015,2015-01-01,2015-12-31
4554441,WHS4_154,COUNTRY,EST,EUR,Europe,YEAR,2001,,,,,,,,,94.2,94.2,,,National Institute for Health Development [Estonia]; 2012.,2025-09-26T14:12:09Z,2001,2001-01-01,2001-12-31
4560835,WHS4_154,COUNTRY,TUV,WPR,Western Pacific,YEAR,2007,,,,,,,,,67.3,67.3,,,DHS 2007.,2025-09-26T14:12:09Z,2002-2007,2002-01-01,2007-12-31
4581545,WHS4_154,COUNTRY,PHL,WPR,Western Pacific,YEAR,2022,,,,,,,,,83,83,,,DHS 2022.,2025-09-26T14:12:09Z,2020-2022,2020-01-01,2022-12-31
4589227,WHS4_154,COUNTRY,JAM,AMR,Americas,YEAR,1997,,,,,,,,,87.2,87.2,,,5 or more visits. RHS 1997.,2025-09-26T14:12:09Z,1992-1997,1992-01-01,1997-12-31
4594155,WHS4_154,COUNTRY,URY,AMR,Americas,YEAR,1999,,,,,,,,,79.5,79.5,,,"Ministerio de Salud Pública [Ministry of Public Health, Uruguay]; 2016.",2025-09-26T14:12:09Z,1999,1999-01-01,1999-12-31
4596615,WHS4_154,COUNTRY,PRI,AMR,Americas,YEAR,1999,,,,,,,,,94.5,94.5,,,PLISA Health Information Platform; 2024.,2025-09-26T14:12:09Z,1999,1999-01-01,1999-12-31
4598951,WHS4_154,COUNTRY,EST,EUR,Europe,YEAR,2002,,,,,,,,,94,94,,,National Institute for Health Development [Estonia]; 2012.,2025-09-26T14:12:09Z,2002,2002-01-01,2002-12-31
4601468,WHS4_154,COUNTRY,BRA,AMR,Americas,YEAR,2021,,,,,,,,,92.36059743,92.36059743,,,"Data updated as MOH shared slightly different values during UHC CC 2025. Previously: 92.3 DATASUS, MS/SVS/DASIS [Brazil]. Período: 2021.",2025-09-26T14:12:09Z,2021,2021-01-01,2021-12-31
4614412,WHS4_154,COUNTRY,SVK,EUR,Europe,YEAR,2020,,,,,,,,,95.7,95.7,,,"National Health Information Center, Slovak Republic, 2023",2025-09-26T14:12:09Z,2020,2020-01-01,2020-12-31
4615635,WHS4_154,COUNTRY,PRY,AMR,Americas,YEAR,2016,,,,,,,,,77.7,77.7,,,WHO/PAHO; 2018.,2025-09-26T14:12:09Z,2016,2016-01-01,2016-12-31
4619140,WHS4_154,COUNTRY,BDI,AFR,Africa,YEAR,2017,,,,,,,,,49.3,49.3,,,DHS 2016-2017.,2025-09-26T14:12:09Z,2011-2017,2011-01-01,2017-12-31
4640610,WHS4_154,COUNTRY,SLV,AMR,Americas,YEAR,2015,,,,,,,,,74,74,,,Publice Sector only. WHO/PAHO; 2016.,2025-09-26T14:12:09Z,2015,2015-01-01,2015-12-31
4641045,WHS4_154,COUNTRY,SYC,AFR,Africa,YEAR,2019,,,,,,,,,99,99,,,It covers all women in the country as the information is gathered from all the birthing centres across the country. There is no private birthing centres in Seychelles. It was label as Maternity Ward Data as the person collating the data is the Head of the Maternity Ward in the country. Annual Health Sector Performance Report 2019.,2025-09-26T14:12:09Z,2019,2019-01-01,2019-12-31
4646988,WHS4_154,COUNTRY,VUT,WPR,Western Pacific,YEAR,2013,,,,,,,,,51.8,51.8,,,"Vanuatu Ministry of Health, Vanuatu National Statistics Office, SPC; 2014.",2025-09-26T14:12:09Z,2008-2013,2008-01-01,2013-12-31
4652488,WHS4_154,COUNTRY,BOL,AMR,Americas,YEAR,2020,,,,,,,,,66.6,66.6,,,WHO/PAHO; 2022.,2025-09-26T14:12:09Z,2020,2020-01-01,2020-12-31
4659545,WHS4_154,COUNTRY,FJI,WPR,Western Pacific,YEAR,2021,,,,,,,,,88.7,88.7,,,MICS 2021.,2025-09-26T14:12:09Z,2019-2021,2019-01-01,2021-12-31
4661775,WHS4_154,COUNTRY,ROU,EUR,Europe,YEAR,1999,,,,,,,,,59.1,59.1,,,RHS 1999.,2025-09-26T14:12:09Z,1994-1999,1994-01-01,1999-12-31
4663458,WHS4_154,COUNTRY,PRI,AMR,Americas,YEAR,2003,,,,,,,,,97,97,,,PLISA Health Information Platform; 2024.,2025-09-26T14:12:09Z,2003,2003-01-01,2003-12-31
4666044,WHS4_154,COUNTRY,PRI,AMR,Americas,YEAR,2000,,,,,,,,,95,95,,,PLISA Health Information Platform; 2024.,2025-09-26T14:12:09Z,2000,2000-01-01,2000-12-31
4668897,WHS4_154,COUNTRY,ITA,EUR,Europe,YEAR,2014,,,,,,,,,87.3,87.3,,,"Direzione Generale della Digitalizzazione, del Sistema Informativo Sanitario e della Statistica – Ufficio di Statistica [Italy]; 2017.",2025-09-26T14:12:09Z,2014,2014-01-01,2014-12-31
4671803,WHS4_154,COUNTRY,HRV,EUR,Europe,YEAR,2023,,,,,,,,,98.2,98.2,,,Birth registration forms from healthcare institution; 2025.,2025-09-26T14:12:09Z,2023,2023-01-01,2023-12-31
4697370,WHS4_154,COUNTRY,SVK,EUR,Europe,YEAR,2009,,,,,,,,,91.5,91.5,,,"National Health Information Center, Slovak Republic, 2023",2025-09-26T14:12:09Z,2009,2009-01-01,2009-12-31
4701849,WHS4_154,COUNTRY,URY,AMR,Americas,YEAR,2019,,,,,,,,,96.5,96.5,,,Estadísticas Vitales 1996-2019.,2025-09-26T14:12:09Z,2019,2019-01-01,2019-12-31
4710863,WHS4_154,COUNTRY,GRD,AMR,Americas,YEAR,2021,,,,,,,,,69,69,,,PLISA Health Information Platform; 2024.,2025-09-26T14:12:09Z,2021,2021-01-01,2021-12-31
4712068,WHS4_154,COUNTRY,BRB,AMR,Americas,YEAR,2011,,,,,,,,,89,89,,,WHO/PAHO; 2012.,2025-09-26T14:12:09Z,2011,2011-01-01,2011-12-31
4712278,WHS4_154,COUNTRY,HND,AMR,Americas,YEAR,1996,,,,,,,,,65.4,65.4,,,"Secretaría de Salud de Honduras (SS), la Asociación Hondureña de Planificación de Familia (ASHONPLAFA), CDC, USAID; 1997.",2025-09-26T14:12:09Z,1991-1996,1991-01-01,1996-12-31
4725673,WHS4_154,COUNTRY,NRU,WPR,Western Pacific,YEAR,2015,,,,,,,,,50.9,50.9,,,"Nauru Ministry of Health and Medical Services, 2023.",2025-09-26T14:12:09Z,2015,2015-01-01,2015-12-31
4729211,WHS4_154,COUNTRY,MAR,EMR,Eastern Mediterranean,YEAR,2011,,,,,,,,,55.3,55.3,,,"Ministère de la Santé [Morocco], Ligue des États Arabes; 2012.",2025-09-26T14:12:09Z,2006-2011,2006-01-01,2011-12-31
4734527,WHS4_154,COUNTRY,ROU,EUR,Europe,YEAR,1993,,,,,,,,,73.8,73.8,,,RHS 1995.,2025-09-26T14:12:09Z,1988-1993,1988-01-01,1993-12-31
4758587,WHS4_154,COUNTRY,LUX,EUR,Europe,YEAR,2012,,,,,,,,,98,98,,,"calculated by LUX for 2023 UHC Country consultation for 4+ visits. Ministère de la Santé [Luxembourg], Luxembourg Institute of Health; 2023.",2025-09-26T14:12:09Z,2012,2012-01-01,2012-12-31
4759398,WHS4_154,COUNTRY,SVK,EUR,Europe,YEAR,2015,,,,,,,,,95.1,95.1,,,"National Health Information Center, Slovak Republic, 2023",2025-09-26T14:12:09Z,2015,2015-01-01,2015-12-31
4763494,WHS4_154,COUNTRY,COM,AFR,Africa,YEAR,2022,,,,,,,,,64.3,64.3,,,MICS 2022.,2025-09-26T14:12:09Z,2020-2022,2020-01-01,2022-12-31
4774560,WHS4_154,COUNTRY,EST,EUR,Europe,YEAR,1998,,,,,,,,,93.6,93.6,,,National Institute for Health Development [Estonia]; 2012.,2025-09-26T14:12:09Z,1998,1998-01-01,1998-12-31
4779719,WHS4_154,COUNTRY,TZA,AFR,Africa,YEAR,2022,,,,,,,,,65.1,65.1,,,DHS-MIS 2022.,2025-09-26T14:12:09Z,2020-2022,2020-01-01,2022-12-31
4781849,WHS4_154,COUNTRY,AUS,WPR,Western Pacific,YEAR,2017,,,,,,,,,94,94,,,5 or more visits. Australian Institute of Health and Welfare (AIHW); 2019.,2025-09-26T14:12:09Z,2017,2017-01-01,2017-12-31
4794760,WHS4_154,COUNTRY,TZA,AFR,Africa,YEAR,1999,,,,,,,,,69.9,69.9,,,DHS 1999.,2025-09-26T14:12:09Z,1994-1999,1994-01-01,1999-12-31
4806766,WHS4_154,COUNTRY,GUY,AMR,Americas,YEAR,2009,,,,,,,,,78.5,78.5,,,DHS 2009.,2025-09-26T14:12:09Z,2004-2009,2004-01-01,2009-12-31
4816286,WHS4_154,COUNTRY,GRD,AMR,Americas,YEAR,2023,,,,,,,,,54.9,54.9,,,"Public faclilities only. Due to the passage of Hurricane Beryl, the records from 2 clinics in the District of Carriacou & Petit Martinique were inaccessible in 2023. PLISA Health Information Platform; 2025.",2025-09-26T14:12:09Z,2023,2023-01-01,2023-12-31
4821195,WHS4_154,COUNTRY,HRV,EUR,Europe,YEAR,2017,,,,,,,,,96.91,96.91,,,Recalculation UHC CC Croatian Institute of Public Health; 2018.,2025-09-26T14:12:09Z,2017,2017-01-01,2017-12-31
4842422,WHS4_154,COUNTRY,ITA,EUR,Europe,YEAR,2008,,,,,,,,,84.6,84.6,,,Direzione Generale del Sistema Informativo – Ufficio di Statistica [Italy]; 2011.,2025-09-26T14:12:09Z,2008,2008-01-01,2008-12-31
4857924,WHS4_154,COUNTRY,ZMB,AFR,Africa,YEAR,1996,,,,,,,,,71.3,71.3,,,DHS 1996.,2025-09-26T14:12:09Z,1991-1996,1991-01-01,1996-12-31
4859275,WHS4_154,COUNTRY,GNB,AFR,Africa,YEAR,2010,,,,,,,,,67.6,67.6,,,MICS 2010.,2025-09-26T14:12:09Z,2008-2010,2008-01-01,2010-12-31
4869501,WHS4_154,COUNTRY,PHL,WPR,Western Pacific,YEAR,2011,,,,,,,,,78.1,78.1,,,FHS 2011.,2025-09-26T14:12:09Z,2006-2011,2006-01-01,2011-12-31
4878870,WHS4_154,COUNTRY,TZA,AFR,Africa,YEAR,2017,,,,,,,,,62.2,62.2,,,Data from DHS STATcompiler November 2020. MIS 2017.,2025-09-26T14:12:09Z,2017,2017-01-01,2017-12-31
4882583,WHS4_154,COUNTRY,HRV,EUR,Europe,YEAR,2022,,,,,,,,,96.5,96.5,,,Croatian Institute of Public Health; 2022.,2025-09-26T14:12:09Z,2022,2022-01-01,2022-12-31
4919661,WHS4_154,COUNTRY,UGA,AFR,Africa,YEAR,1995,,,,,,,,,47.2,47.2,,,DHS 1995.,2025-09-26T14:12:09Z,1991-1995,1991-01-01,1995-12-31
4925180,WHS4_154,COUNTRY,PRI,AMR,Americas,YEAR,2020,,,,,,,,,97.8,97.8,,,PLISA Health Information Platform; 2024.,2025-09-26T14:12:09Z,2020,2020-01-01,2020-12-31
4928535,WHS4_154,COUNTRY,ITA,EUR,Europe,YEAR,2020,,,,,,,,,89.4,89.4,,,Certificato di assistenza al parto (CeDAP). Analisi dell’evento nascita - Anno 2020.,2025-09-26T14:12:09Z,2020,2020-01-01,2020-12-31
4938829,WHS4_154,COUNTRY,FIN,EUR,Europe,YEAR,2018,,,,,,,,,98.2,98.2,,,National Institute for Health and Welfare (THL) [Finland]; 2023.,2025-09-26T14:12:09Z,2018,2018-01-01,2018-12-31
4946569,WHS4_154,COUNTRY,NPL,SEAR,South-East Asia,YEAR,2016,,,,,,,,,69.4,69.4,,,DHS 2016.,2025-09-26T14:12:09Z,2011-2016,2011-01-01,2016-12-31
4994171,WHS4_154,COUNTRY,URY,AMR,Americas,YEAR,1996,,,,,,,,,78.4,78.4,,,"Ministerio de Salud Pública [Ministry of Public Health, Uruguay]; 2016.",2025-09-26T14:12:09Z,1996,1996-01-01,1996-12-31
5001849,WHS4_154,COUNTRY,MDG,AFR,Africa,YEAR,1992,,,,,,,,,42.9,42.9,,,DHS 1992.,2025-09-26T14:12:09Z,1987-1992,1987-01-01,1992-12-31
5002825,WHS4_154,COUNTRY,KNA,AMR,Americas,YEAR,2022,,,,,,,,,85,85,,,PLISA Health Information Platform; 2024.,2025-09-26T14:12:09Z,2022,2022-01-01,2022-12-31
5008134,WHS4_154,COUNTRY,GIN,AFR,Africa,YEAR,2012,,,,,,,,,56.6,56.6,,,DHS 2012. (DHS/MICS 2012).,2025-09-26T14:12:09Z,2007-2012,2007-01-01,2012-12-31
5009679,WHS4_154,COUNTRY,PRY,AMR,Americas,YEAR,1998,,,,,,,,,64.7,64.7,,,"ENSMI-98. Centro Paraguay de Estudios de Población (CEPEP), CDC, USAID; 1999.",2025-09-26T14:12:09Z,1995-1998,1995-01-01,1998-12-31
5021829,WHS4_154,COUNTRY,THA,SEAR,South-East Asia,YEAR,2022,,,,,,,,,88.3,88.3,,,MICS 2022.,2025-09-26T14:12:09Z,2020-2022,2020-01-01,2022-12-31
5032515,WHS4_154,COUNTRY,BRA,AMR,Americas,YEAR,2000,,,,,,,,,79.59775936,79.59775936,,,"Data updated as MOH shared slightly different values during UHC CC 2025. Previously: 79.3 DATASUS, MS/SVS/DASIS [Brazil]. Período: 2000; 2014.",2025-09-26T14:12:09Z,2000,2000-01-01,2000-12-31
5047636,WHS4_154,COUNTRY,ISL,EUR,Europe,YEAR,2007,,,,,,,,,98.6,98.6,,,5 or more visits. Directorate of Health [Iceland]. Antenatal care and age of mothers 2007; 2012.,2025-09-26T14:12:09Z,2007,2007-01-01,2007-12-31
5050804,WHS4_154,COUNTRY,AFG,EMR,Eastern Mediterranean,YEAR,2011,,,,,,,,,14.6,14.6,,,MICS 2010-11.,2025-09-26T14:12:09Z,2008-2011,2008-01-01,2011-12-31
5076949,WHS4_154,COUNTRY,SYC,AFR,Africa,YEAR,2020,,,,,,,,,99,99,,,It covers all women in the country as the information is gathered from all the birthing centres across the country. There is no private birthing centres in Seychelles. It was label as Maternity Ward Data as the person collating the data is the Head of the Maternity Ward in the country. Annual Health Sector Performance Report 2019.,2025-09-26T14:12:09Z,2020,2020-01-01,2020-12-31
5098333,WHS4_154,COUNTRY,URY,AMR,Americas,YEAR,2002,,,,,,,,,86.3,86.3,,,"Ministerio de Salud Pública [Ministry of Public Health, Uruguay]; 2016.",2025-09-26T14:12:09Z,2002,2002-01-01,2002-12-31
5105625,WHS4_154,COUNTRY,SYC,AFR,Africa,YEAR,2018,,,,,,,,,99,99,,,It covers all women in the country as the information is gathered from all the birthing centres across the country. There is no private birthing centres in Seychelles. It was label as Maternity Ward Data as the person collating the data is the Head of the Maternity Ward in the country. Annual Health Sector Performance Report 2019.,2025-09-26T14:12:09Z,2018,2018-01-01,2018-12-31
5115693,WHS4_154,COUNTRY,CIV,AFR,Africa,YEAR,2021,,,,,,,,,56.3,56.3,,,DHS 2021.,2025-09-26T14:12:09Z,2019-2021,2019-01-01,2021-12-31
5118426,WHS4_154,COUNTRY,COL,AMR,Americas,YEAR,1995,,,,,,,,,71,71,,,DHS 1995.,2025-09-26T14:12:09Z,1990-1995,1990-01-01,1995-12-31
5128283,WHS4_154,COUNTRY,ARE,EMR,Eastern Mediterranean,YEAR,2014,,,,,,,,,99.9,99.9,,,Ministry of Health and Prevention [UAE]; 2017.,2025-09-26T14:12:09Z,2014,2014-01-01,2014-12-31
5130745,WHS4_154,COUNTRY,GEO,EUR,Europe,YEAR,2000,,,,,,,,,61.6,61.6,,,"Ministry of Labour, Health and Social Affairs of Georgia; 2011.",2025-09-26T14:12:09Z,2000,2000-01-01,2000-12-31
5135075,WHS4_154,COUNTRY,EGY,EMR,Eastern Mediterranean,YEAR,1998,,,,,,,,,33.1,33.1,,,DHS 1998 (Interim DHS).,2025-09-26T14:12:09Z,1993-1998,1993-01-01,1998-12-31
5147688,WHS4_154,COUNTRY,TTO,AMR,Americas,YEAR,2015,,,,,,,,,100,100,,,WHO/PAHO; 2016.,2025-09-26T14:12:09Z,2015,2015-01-01,2015-12-31
5164862,WHS4_154,COUNTRY,HRV,EUR,Europe,YEAR,2013,,,,,,,,,92.7,92.7,,,Recalculation UHC CC Croatian Institute of Public Health; 2014.,2025-09-26T14:12:09Z,2013,2013-01-01,2013-12-31
5177641,WHS4_154,COUNTRY,NGA,AFR,Africa,YEAR,1990,,,,,,,,,52,52,,,DHS 1990.,2025-09-26T14:12:09Z,1985-1990,1985-01-01,1990-12-31
5188573,WHS4_154,COUNTRY,SVK,EUR,Europe,YEAR,2019,,,,,,,,,96.2,96.2,,,"National Health Information Center, Slovak Republic, 2023",2025-09-26T14:12:09Z,2019,2019-01-01,2019-12-31
5207563,WHS4_154,COUNTRY,SLV,AMR,Americas,YEAR,2008,,,,,,,,,78.3,78.3,,,5+ visits. ADS [El Salvador]. FESAL 2008; 2009.,2025-09-26T14:12:09Z,2003-2008,2003-01-01,2008-12-31
5210393,WHS4_154,COUNTRY,IND,SEAR,South-East Asia,YEAR,2021,,,,,,,,,58.5,58.5,,,DHS NFHS-5 2019-21.,2025-09-26T14:12:09Z,2017-2021,2017-01-01,2021-12-31
5212957,WHS4_154,COUNTRY,KEN,AFR,Africa,YEAR,1993,,,,,,,,,63.9,63.9,,,DHS 1993.,2025-09-26T14:12:09Z,1988-1993,1988-01-01,1993-12-31
5218584,WHS4_154,COUNTRY,PHL,WPR,Western Pacific,YEAR,2008,,,,,,,,,77.8,77.8,,,DHS 2008.,2025-09-26T14:12:09Z,2003-2008,2003-01-01,2008-12-31
5219333,WHS4_154,COUNTRY,LBR,AFR,Africa,YEAR,2007,,,,,,,,,66,66,,,DHS 2007.,2025-09-26T14:12:09Z,2002-2007,2002-01-01,2007-12-31
5222106,WHS4_154,COUNTRY,PRI,AMR,Americas,YEAR,2011,,,,,,,,,98.5,98.5,,,PLISA Health Information Platform; 2024.,2025-09-26T14:12:09Z,2011,2011-01-01,2011-12-31
5253864,WHS4_154,COUNTRY,JAM,AMR,Americas,YEAR,2009,,,,,,,,,87,87,,,RHS 2008.,2025-09-26T14:12:09Z,2003-2009,2003-01-01,2009-12-31
5253927,WHS4_154,COUNTRY,BOL,AMR,Americas,YEAR,2008,,,,,,,,,72.1,72.1,,,DHS 2008.,2025-09-26T14:12:09Z,2003-2008,2003-01-01,2008-12-31
5278056,WHS4_154,COUNTRY,CZE,EUR,Europe,YEAR,2016,,,,,,,,,86,86,,,"3 or more visits. Ústav zdravotnických informací a statistiky ČR, [Czech Republic]; 2023.",2025-09-26T14:12:09Z,2016,2016-01-01,2016-12-31
5303815,WHS4_154,COUNTRY,COL,AMR,Americas,YEAR,2010,,,,,,,,,88.6,88.6,,,DHS 2010.,2025-09-26T14:12:09Z,2005-2010,2005-01-01,2010-12-31
5305110,WHS4_154,COUNTRY,EST,EUR,Europe,YEAR,2016,,,,,,,,,92.2,92.2,,,5+ visits  National Institute for Health Development [Estonia]; 2017.,2025-09-26T14:12:09Z,2016,2016-01-01,2016-12-31
5308729,WHS4_154,COUNTRY,CMR,AFR,Africa,YEAR,1998,,,,,,,,,52.4,52.4,,,DHS 1998.,2025-09-26T14:12:09Z,1995-1998,1995-01-01,1998-12-31
5321155,WHS4_154,COUNTRY,DOM,AMR,Americas,YEAR,2019,,,,,,,,,92.6,92.6,,,MICS 2019.,2025-09-26T14:12:09Z,2017-2019,2017-01-01,2019-12-31
5332046,WHS4_154,COUNTRY,KGZ,EUR,Europe,YEAR,1997,,,,,,,,,81.1,81.1,,,DHS 1997.,2025-09-26T14:12:09Z,1994-1997,1994-01-01,1997-12-31
5335727,WHS4_154,COUNTRY,VNM,WPR,Western Pacific,YEAR,1997,,,,,,,,,15.2,15.2,,,DHS 1997.,2025-09-26T14:12:09Z,1994-1997,1994-01-01,1997-12-31
5336491,WHS4_154,COUNTRY,UZB,EUR,Europe,YEAR,2022,,,,,,,,,89.5,89.5,,,MICS 2021-2022.,2025-09-26T14:12:09Z,2019-2022,2019-01-01,2022-12-31
5348819,WHS4_154,COUNTRY,URY,AMR,Americas,YEAR,2001,,,,,,,,,85,85,,,"Ministerio de Salud Pública [Ministry of Public Health, Uruguay]; 2016.",2025-09-26T14:12:09Z,2001,2001-01-01,2001-12-31
5348830,WHS4_154,COUNTRY,CIV,AFR,Africa,YEAR,1999,,,,,,,,,35.6,35.6,,,DHS 1998-1999.,2025-09-26T14:12:09Z,1993-1999,1993-01-01,1999-12-31
5390358,WHS4_154,COUNTRY,JOR,EMR,Eastern Mediterranean,YEAR,1997,,,,,,,,,86.2,86.2,,,DHS 1997.,2025-09-26T14:12:09Z,1992-1997,1992-01-01,1997-12-31
5395216,WHS4_154,COUNTRY,USA,AMR,Americas,YEAR,2018,,,,,,,,,96,96,,,WHO/PAHO; 2022.,2025-09-26T14:12:09Z,2018,2018-01-01,2018-12-31
5399597,WHS4_154,COUNTRY,EST,EUR,Europe,YEAR,1992,,,,,,,,,92.1,92.1,,,National Institute for Health Development [Estonia]; 2012.,2025-09-26T14:12:09Z,1992,1992-01-01,1992-12-31
5399836,WHS4_154,COUNTRY,MRT,AFR,Africa,YEAR,2015,,,,,,,,,63,63,,,MICS 2015.,2025-09-26T14:12:09Z,2013-2015,2013-01-01,2015-12-31
5401576,WHS4_154,COUNTRY,AUS,WPR,Western Pacific,YEAR,2018,,,,,,,,,94,94,,,5 or more visits. Australian Institute of Health and Welfare (AIHW); 2020.,2025-09-26T14:12:09Z,2018,2018-01-01,2018-12-31
5410037,WHS4_154,COUNTRY,BEN,AFR,Africa,YEAR,2012,,,,,,,,,58.2,58.2,,,DHS 2011-2012.,2025-09-26T14:12:09Z,2006-2012,2006-01-01,2012-12-31
5410464,WHS4_154,COUNTRY,DMA,AMR,Americas,YEAR,2021,,,,,,,,,83,83,,,"Publice Sector only. 
PLISA Health Information Platform; 2025.",2025-09-26T14:12:09Z,2021,2021-01-01,2021-12-31
5419972,WHS4_154,COUNTRY,NER,AFR,Africa,YEAR,2015,,,,,,,,,38.5,38.5,,,Institut National de la Statistique (INS-Niger); 2015.,2025-09-26T14:12:09Z,2014-2015,2014-01-01,2015-12-31
5428396,WHS4_154,COUNTRY,UGA,AFR,Africa,YEAR,2020,,,,,,,,,56.7,56.7,,,MIS 2020.,2025-09-26T14:12:09Z,2015-2020,2015-01-01,2020-12-31
5440967,WHS4_154,COUNTRY,KEN,AFR,Africa,YEAR,1998,,,,,,,,,60.8,60.8,,,DHS 1998.,2025-09-26T14:12:09Z,1995-1998,1995-01-01,1998-12-31
5446446,WHS4_154,COUNTRY,PER,AMR,Americas,YEAR,2006,,,,,,,,,87.4,87.4,,,DHS 2004-2006 (Continuous).,2025-09-26T14:12:09Z,1999-2006,1999-01-01,2006-12-31
5450192,WHS4_154,COUNTRY,KOR,WPR,Western Pacific,YEAR,2009,,,,,,,,,97.4,97.4,,,6 or more visits. Mean number of visits: 13.5 Korea Institute for Health and Social Affairs; 2012.,2025-09-26T14:12:09Z,2009,2009-01-01,2009-12-31
5464938,WHS4_154,COUNTRY,PRI,AMR,Americas,YEAR,2012,,,,,,,,,97.7,97.7,,,PLISA Health Information Platform; 2024.,2025-09-26T14:12:09Z,2012,2012-01-01,2012-12-31
5472501,WHS4_154,COUNTRY,KHM,WPR,Western Pacific,YEAR,2022,,,,,,,,,86.1,86.1,,,DHS 2021-2022.,2025-09-26T14:12:09Z,2019-2022,2019-01-01,2022-12-31
5478781,WHS4_154,COUNTRY,IDN,WPR,Western Pacific,YEAR,2017,,,,,,,,,90.6,90.6,,,DHS 2017.,2025-09-26T14:12:09Z,2012-2017,2012-01-01,2017-12-31
5502113,WHS4_154,COUNTRY,ITA,EUR,Europe,YEAR,2021,,,,,,,,,91,91,,,Certificato di assistenza al parto (CeDAP). Analisi dell’evento nascita - Anno 2021.,2025-09-26T14:12:09Z,2021,2021-01-01,2021-12-31
5514048,WHS4_154,COUNTRY,BGD,SEAR,South-East Asia,YEAR,2016,,,,,,,,,37.2,37.2,,,Maternal Mortality and Health Care Survey 2016.,2025-09-26T14:12:09Z,2013-2016,2013-01-01,2016-12-31
5521935,WHS4_154,COUNTRY,SLV,AMR,Americas,YEAR,2017,,,,,,,,,82,82,,,WHO/PAHO; 2018.,2025-09-26T14:12:09Z,2017,2017-01-01,2017-12-31
5532296,WHS4_154,COUNTRY,UGA,AFR,Africa,YEAR,2006,,,,,,,,,47.2,47.2,,,DHS 2006.,2025-09-26T14:12:09Z,2001-2006,2001-01-01,2006-12-31
5535208,WHS4_154,COUNTRY,BFA,AFR,Africa,YEAR,2015,,,,,,,,,47.2,47.2,,,Institut National de la Statistique et de la Démographie (INSD) [Burkina Faso]; 2016.,2025-09-26T14:12:09Z,2010-2015,2010-01-01,2015-12-31
5544871,WHS4_154,COUNTRY,PRI,AMR,Americas,YEAR,2014,,,,,,,,,99.7,99.7,,,PLISA Health Information Platform; 2024.,2025-09-26T14:12:09Z,2014,2014-01-01,2014-12-31
5550023,WHS4_154,COUNTRY,ZAF,AFR,Africa,YEAR,1998,,,,,,,,,73.1,73.1,,,DHS 1998.,2025-09-26T14:12:09Z,1993-1998,1993-01-01,1998-12-31
5553680,WHS4_154,COUNTRY,AUS,WPR,Western Pacific,YEAR,2016,,,,,,,,,94,94,,,5 or more visits. Australian Institute of Health and Welfare (AIHW); 2018.,2025-09-26T14:12:09Z,2016,2016-01-01,2016-12-31
5553764,WHS4_154,COUNTRY,PRI,AMR,Americas,YEAR,1998,,,,,,,,,94.4,94.4,,,PLISA Health Information Platform; 2024.,2025-09-26T14:12:09Z,1998,1998-01-01,1998-12-31
5566345,WHS4_154,COUNTRY,ZAF,AFR,Africa,YEAR,2003,,,,,,,,,56.1,56.1,,,DHS 2003.,2025-09-26T14:12:09Z,1998-2003,1998-01-01,2003-12-31
5574483,WHS4_154,COUNTRY,CMR,AFR,Africa,YEAR,2019,,,,,,,,,64.9,64.9,,,DHS 2018.,2025-09-26T14:12:09Z,2013-2019,2013-01-01,2019-12-31
5584723,WHS4_154,COUNTRY,CZE,EUR,Europe,YEAR,2021,,,,,,,,,90.3,90.3,,,"3 or more visits. Ústav zdravotnických informací a statistiky ČR, [Czech Republic]; 2023.",2025-09-26T14:12:09Z,2021,2021-01-01,2021-12-31
5602971,WHS4_154,COUNTRY,IDN,WPR,Western Pacific,YEAR,2022,,,,,,,,,86.2,86.2,,,Indonesia Health Profile in 2023.,2025-09-26T14:12:09Z,2022,2022-01-01,2022-12-31
5620110,WHS4_154,COUNTRY,IND,SEAR,South-East Asia,YEAR,1999,,,,,,,DATASOURCE,DATASOURCE_ANC4IND2000IIPS,44.2,44.2,,,3 or more visits.  International Institute for Population Sciences (IIPS) [India]; 2000.,2025-09-26T14:12:09Z,1995-1999,1995-01-01,1999-12-31
5622521,WHS4_154,COUNTRY,ALB,EUR,Europe,YEAR,2018,,,,,,,,,77.8,77.8,,,DHS 2017-2018.,2025-09-26T14:12:09Z,2012-2018,2012-01-01,2018-12-31
5623223,WHS4_154,COUNTRY,DMA,AMR,Americas,YEAR,2022,,,,,,,,,90,90,,,"Publice Sector only. 
PLISA Health Information Platform; 2025.",2025-09-26T14:12:09Z,2022,2022-01-01,2022-12-31
5633201,WHS4_154,COUNTRY,QAT,EMR,Eastern Mediterranean,YEAR,2012,,,,,,,,,84.5,84.5,,,MICS 2012.,2025-09-26T14:12:09Z,2010-2012,2010-01-01,2012-12-31
5655697,WHS4_154,COUNTRY,PRY,AMR,Americas,YEAR,2009,,,,,,,,,67.8,67.8,,,PLISA Health Information Platform; 2025.,2025-09-26T14:12:09Z,2009,2009-01-01,2009-12-31
5664189,WHS4_154,COUNTRY,LAO,WPR,Western Pacific,YEAR,2016,,,,,,,,,56,56,,,NHRS 2023.,2025-09-26T14:12:09Z,2016,2016-01-01,2016-12-31
5664725,WHS4_154,COUNTRY,HRV,EUR,Europe,YEAR,2012,,,,,,,,,94.45,94.45,,,Recalculation UHC CC Croatian National Institute of Public Health; 2013.,2025-09-26T14:12:09Z,2012,2012-01-01,2012-12-31
5665011,WHS4_154,COUNTRY,AUS,WPR,Western Pacific,YEAR,2022,,,,,,,,,94,94,,,5 or more visits. Australian Institute of Health and Welfare (AIHW); 2025.,2025-09-26T14:12:09Z,2022,2022-01-01,2022-12-31
5665702,WHS4_154,COUNTRY,BRN,WPR,Western Pacific,YEAR,2016,,,,,,,,,100,100,,,No documentation provided. From UHC country consultation; 2017.,2025-09-26T14:12:09Z,2016,2016-01-01,2016-12-31
5668400,WHS4_154,COUNTRY,KWT,EMR,Eastern Mediterranean,YEAR,1996,,,,,,,,,88.5,88.5,,,5 or more visits. FHS 1996. Preliminary Report.,2025-09-26T14:12:09Z,1996,1996-01-01,1996-12-31
5669307,WHS4_154,COUNTRY,BRA,AMR,Americas,YEAR,2011,,,,,,,,,89.10245434,89.10245434,,,"Data updated as MOH shared slightly different values during UHC CC 2025. Previously: 89.0 DATASUS, MS/SVS/DASIS [Brazil]. Período: 2011; 2013.",2025-09-26T14:12:09Z,2011,2011-01-01,2011-12-31
5672456,WHS4_154,COUNTRY,HRV,EUR,Europe,YEAR,2008,,,,,,,,,92.54,92.54,,,"Recalculation UHC CC 
Dražančić A, Delmiš J, Rodin U, Kniewald H; 2010.",2025-09-26T14:12:09Z,2008,2008-01-01,2008-12-31
5672722,WHS4_154,COUNTRY,SVK,EUR,Europe,YEAR,2017,,,,,,,,,96.6,96.6,,,"National Health Information Center, Slovak Republic, 2023",2025-09-26T14:12:09Z,2017,2017-01-01,2017-12-31
5679759,WHS4_154,COUNTRY,SGP,WPR,Western Pacific,YEAR,2007,,,,,,,,,95.1,95.1,,,Government administrative databases for outpatient and birth records - Singapore; 2023.,2025-09-26T14:12:09Z,2007,2007-01-01,2007-12-31
5680122,WHS4_154,COUNTRY,AUS,WPR,Western Pacific,YEAR,2012,,,,,,,,,94.6,94.6,,,"5 or more visits. Hilder L, Zhichao Z, Parker M, Jahan S, Chambers GM. Australian Institute of Health and Welfare (AIHW); 2014.",2025-09-26T14:12:09Z,2012,2012-01-01,2012-12-31
5684292,WHS4_154,COUNTRY,VNM,WPR,Western Pacific,YEAR,2002,,,,,,,,,29.3,29.3,,,DHS 2002.,2025-09-26T14:12:09Z,1999-2002,1999-01-01,2002-12-31
5684708,WHS4_154,COUNTRY,BHS,AMR,Americas,YEAR,2019,,,,,,,,,81.2,81.2,,,PLISA Health Information Platform; 2024.,2025-09-26T14:12:09Z,2019,2019-01-01,2019-12-31
5701044,WHS4_154,COUNTRY,ATG,AMR,Americas,YEAR,2017,,,,,,,,,83.3,83.3,,,WHO/PAHO; 2019.,2025-09-26T14:12:09Z,2017,2017-01-01,2017-12-31
5705321,WHS4_154,COUNTRY,LBR,AFR,Africa,YEAR,2016,,,,,,,,,79.2,79.2,,,MIS 2016.,2025-09-26T14:12:09Z,2011-2016,2011-01-01,2016-12-31
5712876,WHS4_154,COUNTRY,ZWE,AFR,Africa,YEAR,2011,,,,,,,,,64.8,64.8,,,DHS 2010-2011.,2025-09-26T14:12:09Z,2005-2011,2005-01-01,2011-12-31
5733241,WHS4_154,COUNTRY,LCA,AMR,Americas,YEAR,2009,,,,,,,,,99,99,,,WHO/PAHO; 2012.,2025-09-26T14:12:09Z,2009,2009-01-01,2009-12-31
5737651,WHS4_154,COUNTRY,ITA,EUR,Europe,YEAR,2004,,,,,,,,,84.5,84.5,,,Direzione Generale del Sistema Informativo – Ufficio di Statistica [Italy]; 2007.,2025-09-26T14:12:09Z,2004,2004-01-01,2004-12-31
5740846,WHS4_154,COUNTRY,VEN,AMR,Americas,YEAR,2016,,,,,,,,,84.6,84.6,,,PAHO Database; 2018.,2025-09-26T14:12:09Z,2016,2016-01-01,2016-12-31
5748765,WHS4_154,COUNTRY,COL,AMR,Americas,YEAR,2013,,,,,,,,,86.5,86.5,,,PAHO Database; 2018.,2025-09-26T14:12:09Z,2013,2013-01-01,2013-12-31
5752546,WHS4_154,COUNTRY,GEO,EUR,Europe,YEAR,2011,,,,,,,,,81.6,81.6,,,"Ministry of Labour, Health and Social Affairs of Georgia; 2012.",2025-09-26T14:12:09Z,2011,2011-01-01,2011-12-31
5753251,WHS4_154,COUNTRY,BHR,EMR,Eastern Mediterranean,YEAR,1995,,,,,,,,,100,100,,,"Central Informatics Organisation [Bahrain], UN Country Team [Bahrain]; 2010.",2025-09-26T14:12:09Z,1995,1995-01-01,1995-12-31
5759411,WHS4_154,COUNTRY,GUY,AMR,Americas,YEAR,2010,,,,,,,,,96.2,96.2,,,WHO/PAHO; 2022.,2025-09-26T14:12:09Z,2010,2010-01-01,2010-12-31
5765944,WHS4_154,COUNTRY,IDN,WPR,Western Pacific,YEAR,2012,,,,,,,,,87.8,87.8,,,DHS 2012.,2025-09-26T14:12:09Z,2007-2012,2007-01-01,2012-12-31
5771849,WHS4_154,COUNTRY,BDI,AFR,Africa,YEAR,2022,,,,,,,,,36.1,36.1,,,Annuaire des Statistisques Sanitaires 2022.,2025-09-26T14:12:09Z,2022,2022-01-01,2022-12-31
5772469,WHS4_154,COUNTRY,TUN,EMR,Eastern Mediterranean,YEAR,2006,,,,,,,,,67.5,67.5,,,MICS 2006.,2025-09-26T14:12:09Z,2001-2006,2001-01-01,2006-12-31
5772657,WHS4_154,COUNTRY,MDG,AFR,Africa,YEAR,2018,,,,,,,,,50.6,50.6,,,MICS 2018.,2025-09-26T14:12:09Z,2016-2018,2016-01-01,2018-12-31
5780915,WHS4_154,COUNTRY,COL,AMR,Americas,YEAR,2005,,,,,,,,,83.1,83.1,,,DHS 2005.,2025-09-26T14:12:09Z,2000-2005,2000-01-01,2005-12-31
5786660,WHS4_154,COUNTRY,PAK,EMR,Eastern Mediterranean,YEAR,2013,,,,,,,,,36.6,36.6,,,DHS 2012-2013.,2025-09-26T14:12:09Z,2007-2013,2007-01-01,2013-12-31
5814211,WHS4_154,COUNTRY,ITA,EUR,Europe,YEAR,2015,,,,,,,,,87.3,87.3,,,"Direzione Generale della Digitalizzazione, del Sistema Informativo Sanitario e della Statistica – Ufficio di Statistica [Italy]; 2018.",2025-09-26T14:12:09Z,2015,2015-01-01,2015-12-31
5815128,WHS4_154,COUNTRY,URY,AMR,Americas,YEAR,2010,,,,,,,,,91.1,91.1,,,"Ministerio de Salud Pública [Ministry of Public Health, Uruguay]; 2016.",2025-09-26T14:12:09Z,2010,2010-01-01,2010-12-31
5826911,WHS4_154,COUNTRY,HTI,AMR,Americas,YEAR,1995,,,,,,,,,35.6,35.6,,,DHS 1994-1995.,2025-09-26T14:12:09Z,1989-1995,1989-01-01,1995-12-31
5830539,WHS4_154,COUNTRY,STP,AFR,Africa,YEAR,2014,,,,,,,,,83.6,83.6,,,MICS 2014.,2025-09-26T14:12:09Z,2012-2014,2012-01-01,2014-12-31
5851189,WHS4_154,COUNTRY,KNA,AMR,Americas,YEAR,2016,,,,,,,,,77,77,,,PLISA Health Information Platform; 2024.,2025-09-26T14:12:09Z,2016,2016-01-01,2016-12-31
5876033,WHS4_154,COUNTRY,CRI,AMR,Americas,YEAR,1999,,,,,,,,,98.8,98.8,,,"3 or more visits. Ministerio de Salud [Ministry of Health, Costa Rica]; 2016.",2025-09-26T14:12:09Z,1994-1999,1994-01-01,1999-12-31
5896352,WHS4_154,COUNTRY,OMN,EMR,Eastern Mediterranean,YEAR,2000,,,,,,,,,84.1,84.1,,,"3 or more visits. Ministry of Health [Oman], UNICEF, UNFPA; 2001.",2025-09-26T14:12:09Z,1995-2000,1995-01-01,2000-12-31
5904216,WHS4_154,COUNTRY,GUY,AMR,Americas,YEAR,2017,,,,,,,,,97.1,97.1,,,WHO/PAHO; 2022.,2025-09-26T14:12:09Z,2017,2017-01-01,2017-12-31
5911718,WHS4_154,COUNTRY,GIN,AFR,Africa,YEAR,2005,,,,,,,,,48.8,48.8,,,DHS 2005.,2025-09-26T14:12:09Z,2000-2005,2000-01-01,2005-12-31
5911950,WHS4_154,COUNTRY,MEX,AMR,Americas,YEAR,2020,,,,,,,,,87.8,87.8,,,WHO/PAHO; 2022.,2025-09-26T14:12:09Z,2020,2020-01-01,2020-12-31
5919599,WHS4_154,COUNTRY,JOR,EMR,Eastern Mediterranean,YEAR,1990,,,,,,,,,67.1,67.1,,,DHS 1990.,2025-09-26T14:12:09Z,1985-1990,1985-01-01,1990-12-31
5921864,WHS4_154,COUNTRY,CUB,AMR,Americas,YEAR,2013,,,,,,,,,100,100,,,WHO/PAHO; 2014.,2025-09-26T14:12:09Z,2013,2013-01-01,2013-12-31
5931567,WHS4_154,COUNTRY,BRB,AMR,Americas,YEAR,2023,,,,,,,,,100,100,,,PLISA Health Information Platform; 2025.,2025-09-26T14:12:09Z,2023,2023-01-01,2023-12-31
5939565,WHS4_154,COUNTRY,BLZ,AMR,Americas,YEAR,1999,,,,,,,,,66.4,66.4,,,5 or more visits. FHS 1999.,2025-09-26T14:12:09Z,1994-1999,1994-01-01,1999-12-31
5939822,WHS4_154,COUNTRY,ZMB,AFR,Africa,YEAR,2002,,,,,,,,,71.6,71.6,,,DHS 2001-2002.,2025-09-26T14:12:09Z,1996-2002,1996-01-01,2002-12-31
5946845,WHS4_154,COUNTRY,GEO,EUR,Europe,YEAR,2006,,,,,,,,,68,68,,,"Ministry of Labour, Health and Social Affairs of Georgia; 2012.",2025-09-26T14:12:09Z,2006,2006-01-01,2006-12-31
5948320,WHS4_154,COUNTRY,STP,AFR,Africa,YEAR,2019,,,,,,,,,89,89,,,MICS 2019.,2025-09-26T14:12:09Z,2017-2019,2017-01-01,2019-12-31
5949665,WHS4_154,COUNTRY,MWI,AFR,Africa,YEAR,2010,,,,,,,,,45.5,45.5,,,DHS 2010.,2025-09-26T14:12:09Z,2005-2010,2005-01-01,2010-12-31
5952854,WHS4_154,COUNTRY,SWZ,AFR,Africa,YEAR,2010,,,,,,,,,76.6,76.6,,,MICS 2010.,2025-09-26T14:12:09Z,2008-2010,2008-01-01,2010-12-31
5954604,WHS4_154,COUNTRY,NER,AFR,Africa,YEAR,2021,,,,,,,,,37.3,37.3,,,ENAFEME 2021.,2025-09-26T14:12:09Z,2016-2021,2016-01-01,2021-12-31
5957362,WHS4_154,COUNTRY,FRA,EUR,Europe,YEAR,1998,,,,,,,,,90.3,90.3,,,"7 or more visits. Etudes et Résultats. Direction de la recherche, des études, de l’évaluation et des statistiques (DREES) [France]; 2000.",2025-09-26T14:12:09Z,1998,1998-01-01,1998-12-31
5969571,WHS4_154,COUNTRY,ISL,EUR,Europe,YEAR,2012,,,,,,,,,98.6,98.6,,,5 or more visits. Directorate of Health [Iceland]. Antenatal care and age of mothers 2012; 2013.,2025-09-26T14:12:09Z,2012,2012-01-01,2012-12-31
5972060,WHS4_154,COUNTRY,PRY,AMR,Americas,YEAR,2022,,,,,,,,,80.7,80.7,,,PLISA Health Information Platform; 2025.,2025-09-26T14:12:09Z,2022,2022-01-01,2022-12-31
5980676,WHS4_154,COUNTRY,ISL,EUR,Europe,YEAR,2002,,,,,,,,,98.8,98.8,,,5 or more visits. Directorate of Health [Iceland]. Antenatal care and age of mothers 2002; 2012.,2025-09-26T14:12:09Z,2002,2002-01-01,2002-12-31
6003390,WHS4_154,COUNTRY,PER,AMR,Americas,YEAR,2010,,,,,,,,,92.9,92.9,,,DHS 2010 (Continuous).,2025-09-26T14:12:09Z,2005-2010,2005-01-01,2010-12-31
6003855,WHS4_154,COUNTRY,LUX,EUR,Europe,YEAR,2014,,,,,,,,,98.6,98.6,,,"calculated by LUX for 2023 UHC Country consultation for 4+ visits. Ministère de la Santé [Luxembourg], Luxembourg Institute of Health; 2023.",2025-09-26T14:12:09Z,2014,2014-01-01,2014-12-31
6006111,WHS4_154,COUNTRY,ITA,EUR,Europe,YEAR,2018,,,,,,,,,88.1,88.1,,,"Direzione Generale della Digitalizzazione, del Sistema Informativo Sanitario e della Statistica – Ufficio di Statistica [Italy]; 2021.",2025-09-26T14:12:09Z,2018,2018-01-01,2018-12-31
6012043,WHS4_154,COUNTRY,PER,AMR,Americas,YEAR,2011,,,,,,,,,94.2,94.2,,,DHS 2011 (Continuous).,2025-09-26T14:12:09Z,2006-2011,2006-01-01,2011-12-31
6021591,WHS4_154,COUNTRY,MNG,WPR,Western Pacific,YEAR,2018,,,,,,,,,88.5,88.5,,,MICS 2018.,2025-09-26T14:12:09Z,2016-2018,2016-01-01,2018-12-31
6021659,WHS4_154,COUNTRY,RUS,EUR,Europe,YEAR,2017,,,,,,,,,88,88,,,Country consultation 2019.,2025-09-26T14:12:09Z,2017,2017-01-01,2017-12-31
6026000,WHS4_154,COUNTRY,SEN,AFR,Africa,YEAR,1997,,,,,,,,,16.6,16.6,,,DHS 1997.,2025-09-26T14:12:09Z,1992-1997,1992-01-01,1997-12-31
6029522,WHS4_154,COUNTRY,SVK,EUR,Europe,YEAR,2012,,,,,,,,,95.2,95.2,,,"National Health Information Center, Slovak Republic, 2023",2025-09-26T14:12:09Z,2012,2012-01-01,2012-12-31
6034435,WHS4_154,COUNTRY,DOM,AMR,Americas,YEAR,1996,,,,,,,,,87.6,87.6,,,DHS 1996.,2025-09-26T14:12:09Z,1991-1996,1991-01-01,1996-12-31
6040543,WHS4_154,COUNTRY,CZE,EUR,Europe,YEAR,2014,,,,,,,,,96.4,96.4,,,"3 or more visits. Ústav zdravotnických informací a statistiky ČR, [Czech Republic]; 2017.",2025-09-26T14:12:09Z,2014,2014-01-01,2014-12-31
6047141,WHS4_154,COUNTRY,URY,AMR,Americas,YEAR,2015,,,,,,,,,96.1,96.1,,,"Ministerio de Salud Pública [Ministry of Public Health, Uruguay]; 2016.",2025-09-26T14:12:09Z,2015,2015-01-01,2015-12-31
6057797,WHS4_154,COUNTRY,URY,AMR,Americas,YEAR,2006,,,,,,,,,89,89,,,"Ministerio de Salud Pública [Ministry of Public Health, Uruguay]; 2016.",2025-09-26T14:12:09Z,2006,2006-01-01,2006-12-31
6073055,WHS4_154,COUNTRY,TCD,AFR,Africa,YEAR,1997,,,,,,,,,14.8,14.8,,,DHS 1996-1997.,2025-09-26T14:12:09Z,1991-1997,1991-01-01,1997-12-31
6078764,WHS4_154,COUNTRY,DMA,AMR,Americas,YEAR,2016,,,,,,,,,70,70,,,WHO/PAHO; 2017.,2025-09-26T14:12:09Z,2016,2016-01-01,2016-12-31
6083101,WHS4_154,COUNTRY,POL,EUR,Europe,YEAR,2015,,,,,,,,,86.8,86.813482125,,,MoH 2021,2025-09-26T14:12:09Z,2015,2015-01-01,2015-12-31
6090519,WHS4_154,COUNTRY,SGP,WPR,Western Pacific,YEAR,2014,,,,,,,,,96.8,96.8,,,Government administrative databases for outpatient and birth records - Singapore; 2023.,2025-09-26T14:12:09Z,2014,2014-01-01,2014-12-31
6094272,WHS4_154,COUNTRY,EGY,EMR,Eastern Mediterranean,YEAR,2021,,,,,,,,,89.9,89.9,,,EFHS 2021.,2025-09-26T14:12:09Z,2016-2021,2016-01-01,2021-12-31
6096202,WHS4_154,COUNTRY,BRA,AMR,Americas,YEAR,2009,,,,,,,,,89.49738052,89.49738052,,,"Data updated as MOH shared slightly different values during UHC CC 2025. Previously: 89.4 DATASUS, MS/SVS/DASIS [Brazil]. Período: 2009; 2011.",2025-09-26T14:12:09Z,2009,2009-01-01,2009-12-31
6106329,WHS4_154,COUNTRY,IND,SEAR,South-East Asia,YEAR,2010,,,,,,,,,72,72,,,"3 or more visits.  Ministry of Health and Family Welfare, Statistics Division [India]; 2013.",2025-09-26T14:12:09Z,2009-2010,2009-01-01,2010-12-31
6115602,WHS4_154,COUNTRY,CAF,AFR,Africa,YEAR,2010,,,,,,,,,38.1,38.1,,,MICS 2010.,2025-09-26T14:12:09Z,2008-2010,2008-01-01,2010-12-31
6119532,WHS4_154,COUNTRY,SVK,EUR,Europe,YEAR,2021,,,,,,,,,96.9,96.9,,,"National Health Information Center, Slovak Republic, 2023",2025-09-26T14:12:09Z,2021,2021-01-01,2021-12-31
6120965,WHS4_154,COUNTRY,MDA,EUR,Europe,YEAR,2012,,,,,,,,,95.4,95.4,,,MICS 2012.,2025-09-26T14:12:09Z,2010-2012,2010-01-01,2012-12-31
6121361,WHS4_154,COUNTRY,PSE,EMR,Eastern Mediterranean,YEAR,2010,,,,,,,,,94,94,,,MICS 2010.,2025-09-26T14:12:09Z,2008-2010,2008-01-01,2010-12-31
6132123,WHS4_154,COUNTRY,GUY,AMR,Americas,YEAR,2016,,,,,,,,,97,97,,,WHO/PAHO; 2022.,2025-09-26T14:12:09Z,2016,2016-01-01,2016-12-31
6142630,WHS4_154,COUNTRY,PRI,AMR,Americas,YEAR,2008,,,,,,,,,97.5,97.5,,,PLISA Health Information Platform; 2024.,2025-09-26T14:12:09Z,2008,2008-01-01,2008-12-31
6148162,WHS4_154,COUNTRY,HTI,AMR,Americas,YEAR,2017,,,,,,,,,66.6,66.6,,,DHS 2016-2017.,2025-09-26T14:12:09Z,2011-2017,2011-01-01,2017-12-31
6149828,WHS4_154,COUNTRY,ISL,EUR,Europe,YEAR,2017,,,,,,,,,97.9,97.9,,,5 or more visits. Directorate of Health [Iceland]; 2019.,2025-09-26T14:12:09Z,2017,2017-01-01,2017-12-31
6153138,WHS4_154,COUNTRY,SEN,AFR,Africa,YEAR,2015,,,,,,,,,46.7,46.7,,,DHS 2015 (Continuous).,2025-09-26T14:12:09Z,2010-2015,2010-01-01,2015-12-31
6158781,WHS4_154,COUNTRY,LCA,AMR,Americas,YEAR,2022,,,,,,,,,90,90,,,Public sector only. PLISA Health Information Platform; 2024.,2025-09-26T14:12:09Z,2022,2022-01-01,2022-12-31
6170839,WHS4_154,COUNTRY,SGP,WPR,Western Pacific,YEAR,2010,,,,,,,,,96.1,96.1,,,Government administrative databases for outpatient and birth records - Singapore; 2023.,2025-09-26T14:12:09Z,2010,2010-01-01,2010-12-31
6177793,WHS4_154,COUNTRY,TUR,EUR,Europe,YEAR,2022,,,,,,,,,96.4,96.4,,,Health Statistics Yearbook 2023,2025-09-26T14:12:09Z,2022,2022-01-01,2022-12-31
6178753,WHS4_154,COUNTRY,URY,AMR,Americas,YEAR,2005,,,,,,,,,88.7,88.7,,,"Ministerio de Salud Pública [Ministry of Public Health, Uruguay]; 2016.",2025-09-26T14:12:09Z,2005,2005-01-01,2005-12-31
6183024,WHS4_154,COUNTRY,LUX,EUR,Europe,YEAR,2010,,,,,,,,,97.5,97.5,,,"calculated by LUX for 2023 UHC Country consultation for 4+ visits. Ministère de la Santé [Luxembourg], Luxembourg Institute of Health; 2023.",2025-09-26T14:12:09Z,2010,2010-01-01,2010-12-31
6203182,WHS4_154,COUNTRY,FIN,EUR,Europe,YEAR,2015,,,,,,,,,98.1,98.1,,,National Institute for Health and Welfare (THL) [Finland]; 2023.,2025-09-26T14:12:09Z,2015,2015-01-01,2015-12-31
6237749,WHS4_154,COUNTRY,CZE,EUR,Europe,YEAR,2015,,,,,,,,,93.8,93.8,,,"3 or more visits. Ústav zdravotnických informací a statistiky ČR, [Czech Republic]; 2017.",2025-09-26T14:12:09Z,2015,2015-01-01,2015-12-31
6250888,WHS4_154,COUNTRY,CZE,EUR,Europe,YEAR,2018,,,,,,,,,88.8,88.8,,,"3 or more visits. Ústav zdravotnických informací a statistiky ČR, [Czech Republic]; 2023.",2025-09-26T14:12:09Z,2018,2018-01-01,2018-12-31
6269820,WHS4_154,COUNTRY,TUV,WPR,Western Pacific,YEAR,2020,,,,,,,,,60.3,60.3,,,MICS 2019-2020.,2025-09-26T14:12:09Z,2017-2020,2017-01-01,2020-12-31
6274268,WHS4_154,COUNTRY,BRB,AMR,Americas,YEAR,2021,,,,,,,,,100,100,,,PLISA Health Information Platform; 2025.,2025-09-26T14:12:09Z,2021,2021-01-01,2021-12-31
6276890,WHS4_154,COUNTRY,BHR,EMR,Eastern Mediterranean,YEAR,2013,,,,,,,,,100,100,,,Ministry of Health [Bahrain]; 2014.,2025-09-26T14:12:09Z,2013,2013-01-01,2013-12-31
6290528,WHS4_154,COUNTRY,KGZ,EUR,Europe,YEAR,2023,,,,,,,,,94.4,94.4,,,MICS 2023.,2025-09-26T14:12:09Z,2021-2023,2021-01-01,2023-12-31
6299450,WHS4_154,COUNTRY,MRT,AFR,Africa,YEAR,2011,,,,,,,,,48.4,48.4,,,MICS 2011.,2025-09-26T14:12:09Z,2009-2011,2009-01-01,2011-12-31
6308820,WHS4_154,COUNTRY,VEN,AMR,Americas,YEAR,2015,,,,,,,,,86.6,86.6,,,PAHO Database; 2018.,2025-09-26T14:12:09Z,2015,2015-01-01,2015-12-31
6313175,WHS4_154,COUNTRY,CZE,EUR,Europe,YEAR,2013,,,,,,,,,95.6,95.6,,,"3 or more visits. Ústav zdravotnických informací a statistiky ČR, [Czech Republic]; 2015.",2025-09-26T14:12:09Z,2013,2013-01-01,2013-12-31
6314506,WHS4_154,COUNTRY,LBR,AFR,Africa,YEAR,2022,,,,,,,,,83.8,83.8,,,MIS 2022.,2025-09-26T14:12:09Z,2020-2022,2020-01-01,2022-12-31
6315407,WHS4_154,COUNTRY,IDN,WPR,Western Pacific,YEAR,2023,,,,,,,,,85.6,85.6,,,Indonesia Health Profile in 2023.,2025-09-26T14:12:09Z,2023,2023-01-01,2023-12-31
6319697,WHS4_154,COUNTRY,JOR,EMR,Eastern Mediterranean,YEAR,2007,,,,,,,,,94.1,94.1,,,DHS 2007.,2025-09-26T14:12:09Z,2002-2007,2002-01-01,2007-12-31
6325347,WHS4_154,COUNTRY,BRB,AMR,Americas,YEAR,2015,,,,,,,,,97,97,,,WHO/PAHO; 2017.,2025-09-26T14:12:09Z,2015,2015-01-01,2015-12-31
6333150,WHS4_154,COUNTRY,ETH,AFR,Africa,YEAR,2005,,,,,,,,,12.2,12.2,,,DHS 2005.,2025-09-26T14:12:09Z,2000-2005,2000-01-01,2005-12-31
6334225,WHS4_154,COUNTRY,ETH,AFR,Africa,YEAR,2000,,,,,,,,,10.4,10.4,,,DHS 2000.,2025-09-26T14:12:09Z,1995-2000,1995-01-01,2000-12-31
6344302,WHS4_154,COUNTRY,USA,AMR,Americas,YEAR,2014,,,,,,,,,96.3,96.3,,,WHO/PAHO; 2022.,2025-09-26T14:12:09Z,2014,2014-01-01,2014-12-31
6346873,WHS4_154,COUNTRY,BLR,EUR,Europe,YEAR,2012,,,,,,,,,99.7,99.7,,,MICS 2012.,2025-09-26T14:12:09Z,2010-2012,2010-01-01,2012-12-31
6364145,WHS4_154,COUNTRY,GHA,AFR,Africa,YEAR,1998,,,,,,,,,62.3,62.3,,,DHS 1998.,2025-09-26T14:12:09Z,1993-1998,1993-01-01,1998-12-31
6365598,WHS4_154,COUNTRY,MLI,AFR,Africa,YEAR,2018,,,,,,,,,43.3,43.3,,,DHS 2018.,2025-09-26T14:12:09Z,2013-2018,2013-01-01,2018-12-31
6368586,WHS4_154,COUNTRY,COL,AMR,Americas,YEAR,2000,,,,,,,,,81,81,,,DHS 2000.,2025-09-26T14:12:09Z,1995-2000,1995-01-01,2000-12-31
6373476,WHS4_154,COUNTRY,EGY,EMR,Eastern Mediterranean,YEAR,1992,,,,,,,,,22.5,22.5,,,DHS 1992.,2025-09-26T14:12:09Z,1987-1992,1987-01-01,1992-12-31
6388145,WHS4_154,COUNTRY,IND,SEAR,South-East Asia,YEAR,2004,,,,,,,,,37.6,37.6,,,DLHS 2002-04. International Institute for Population Sciences (IIPS) [India]; 2006.,2025-09-26T14:12:09Z,1999-2004,1999-01-01,2004-12-31
6390992,WHS4_154,COUNTRY,PRI,AMR,Americas,YEAR,2016,,,,,,,,,99.4,99.4,,,PLISA Health Information Platform; 2024.,2025-09-26T14:12:09Z,2016,2016-01-01,2016-12-31
6398815,WHS4_154,COUNTRY,PER,AMR,Americas,YEAR,2017,,,,,,,,,95.8,95.8,,,ENDES 2017. INEI; 2018.,2025-09-26T14:12:09Z,2012-2017,2012-01-01,2017-12-31
6406434,WHS4_154,COUNTRY,SEN,AFR,Africa,YEAR,2017,,,,,,,,,57,57,,,DHS 2017 (DHS Continuous).,2025-09-26T14:12:09Z,2012-2017,2012-01-01,2017-12-31
6409099,WHS4_154,COUNTRY,AUS,WPR,Western Pacific,YEAR,2011,,,,,,,,,94.4,94.4,,,"5 or more visits. Li Z, Zeki R, Hilder L, Sullivan EA. Australian Institute of Health and Welfare (AIHW); 2013.",2025-09-26T14:12:09Z,2011,2011-01-01,2011-12-31
6411337,WHS4_154,COUNTRY,MWI,AFR,Africa,YEAR,2014,,,,,,,,,44.7,44.7,,,MICS 2014. (MICS MDG Endline Survey).,2025-09-26T14:12:09Z,2011-2014,2011-01-01,2014-12-31
6412956,WHS4_154,COUNTRY,DZA,AFR,Africa,YEAR,2013,,,,,,,,,67.3,67.3,,,MICS 2012-2013.,2025-09-26T14:12:09Z,2010-2013,2010-01-01,2013-12-31
6414383,WHS4_154,COUNTRY,KNA,AMR,Americas,YEAR,2017,,,,,,,,,68,68,,,PLISA Health Information Platform; 2024.,2025-09-26T14:12:09Z,2017,2017-01-01,2017-12-31
6415065,WHS4_154,COUNTRY,SAU,EMR,Eastern Mediterranean,YEAR,2023,,,,,,,,,88.8,88.8,,,Women Health and Reproductive Care Survey 2023.,2025-09-26T14:12:09Z,2023,2023-01-01,2023-12-31
6419085,WHS4_154,COUNTRY,CUB,AMR,Americas,YEAR,2012,,,,,,,,,100,100,,,WHO/PAHO; 2013.,2025-09-26T14:12:09Z,2012,2012-01-01,2012-12-31
6443245,WHS4_154,COUNTRY,IND,SEAR,South-East Asia,YEAR,2014,,,,,,,,,45.4,45.4,,,"Ministry of Women and Child Development [India],United Nations Children’s Fund (UNICEF); 2016.",2025-09-26T14:12:09Z,2010-2014,2010-01-01,2014-12-31
6466012,WHS4_154,COUNTRY,PER,AMR,Americas,YEAR,2016,,,,,,,,,96,96,,,DHS 2016.,2025-09-26T14:12:09Z,2011-2016,2011-01-01,2016-12-31
6468460,WHS4_154,COUNTRY,SYC,AFR,Africa,YEAR,2021,,,,,,,,,99.9,99.9,,,"Annual Health-sector Performance Report, 2022",2025-09-26T14:12:09Z,2021,2021-01-01,2021-12-31
6476683,WHS4_154,COUNTRY,ERI,AFR,Africa,YEAR,2010,,,,,,,,,57.4,57.4,,,"National Statistics Office (NSO), Eritrea, Fafo Institute for Applied International Studies (Fafo AIS); 2013.",2025-09-26T14:12:09Z,2005-2010,2005-01-01,2010-12-31
6480015,WHS4_154,COUNTRY,ISL,EUR,Europe,YEAR,2015,,,,,,,,,98.1,98.1,,,5 or more visits. Directorate of Health [Iceland]; 2016.,2025-09-26T14:12:09Z,2015,2015-01-01,2015-12-31
6494042,WHS4_154,COUNTRY,SLV,AMR,Americas,YEAR,2016,,,,,,,,,75.1,75.1,,,Publice Sector only. WHO/PAHO; 2017.,2025-09-26T14:12:09Z,2016,2016-01-01,2016-12-31
6509051,WHS4_154,COUNTRY,EST,EUR,Europe,YEAR,2011,,,,,,,,,96.8,96.8,,,National Institute for Health Development [Estonia]; 2012.,2025-09-26T14:12:09Z,2011,2011-01-01,2011-12-31
6510240,WHS4_154,COUNTRY,IND,SEAR,South-East Asia,YEAR,2006,,,,,,,,,37,37,,,DHS 2005-2006.,2025-09-26T14:12:09Z,2000-2006,2000-01-01,2006-12-31
6519198,WHS4_154,COUNTRY,VNM,WPR,Western Pacific,YEAR,2011,,,,,,,,,59.6,59.6,,,MICS 2011.,2025-09-26T14:12:09Z,2009-2011,2009-01-01,2011-12-31
6526047,WHS4_154,COUNTRY,HTI,AMR,Americas,YEAR,2012,,,,,,,,,67.3,67.3,,,DHS 2012.,2025-09-26T14:12:09Z,2007-2012,2007-01-01,2012-12-31
6545250,WHS4_154,COUNTRY,AUS,WPR,Western Pacific,YEAR,2009,,,,,,,,,91.2,91.2,,,"Data only includes information from Queensland, South Australia, Australian Capital Territory and the Northern Territory. 5 or more visits. Li Z, McNally L, Hilder L, Sullivan EA. Australian Institute of Health and Welfare (AIHW); 2011.",2025-09-26T14:12:09Z,2009,2009-01-01,2009-12-31
6548806,WHS4_154,COUNTRY,FIN,EUR,Europe,YEAR,2021,,,,,,,,,98.4,98.4,,,National Institute for Health and Welfare (THL) [Finland]; 2023.,2025-09-26T14:12:09Z,2021,2021-01-01,2021-12-31
6562816,WHS4_154,COUNTRY,OMN,EMR,Eastern Mediterranean,YEAR,2010,,,,,,,,,85.3,85.3,,,Ministry of Health [Oman]; 2012.,2025-09-26T14:12:09Z,2010,2010-01-01,2010-12-31
6563592,WHS4_154,COUNTRY,VNM,WPR,Western Pacific,YEAR,2021,,,,,,,,,88.2,88.2,,,MICS 2020-2021.,2025-09-26T14:12:09Z,2018-2021,2018-01-01,2021-12-31
6573071,WHS4_154,COUNTRY,BOL,AMR,Americas,YEAR,2018,,,,,,,,,85.2,85.2,,,WHO/PAHO; 2019.,2025-09-26T14:12:09Z,2018,2018-01-01,2018-12-31
6574136,WHS4_154,COUNTRY,EST,EUR,Europe,YEAR,2005,,,,,,,,,96.2,96.2,,,National Institute for Health Development [Estonia]; 2012.,2025-09-26T14:12:09Z,2005,2005-01-01,2005-12-31
6580295,WHS4_154,COUNTRY,MHL,WPR,Western Pacific,YEAR,2017,,,,,,,,,67.8,67.8,,,ICHNS 2017.,2025-09-26T14:12:09Z,2015-2017,2015-01-01,2017-12-31
6589671,WHS4_154,COUNTRY,URY,AMR,Americas,YEAR,2007,,,,,,,,,89,89,,,"Ministerio de Salud Pública [Ministry of Public Health, Uruguay]; 2016.",2025-09-26T14:12:09Z,2007,2007-01-01,2007-12-31
6601160,WHS4_154,COUNTRY,CPV,AFR,Africa,YEAR,1998,,,,,,,,,63.9,63.9,,,"Instituto Nacional de Estatística (INE), Cabo Verde, CDC; 2000.",2025-09-26T14:12:09Z,1993-1998,1993-01-01,1998-12-31
6605324,WHS4_154,COUNTRY,MWI,AFR,Africa,YEAR,2004,,,,,,,,,57,57,,,DHS 2004.,2025-09-26T14:12:09Z,1999-2004,1999-01-01,2004-12-31
6633746,WHS4_154,COUNTRY,PRI,AMR,Americas,YEAR,1997,,,,,,,,,94.3,94.3,,,PLISA Health Information Platform; 2024.,2025-09-26T14:12:09Z,1997,1997-01-01,1997-12-31
6635540,WHS4_154,COUNTRY,MMR,SEAR,South-East Asia,YEAR,2001,,,,,,,,,38.3,38.3,,,"Ministry of Immigration and Population [Myanmar], UNFPA; 2004.",2025-09-26T14:12:09Z,1996-2001,1996-01-01,2001-12-31
6637275,WHS4_154,COUNTRY,KHM,WPR,Western Pacific,YEAR,2000,,,,,,,,,8.9,8.9,,,DHS 2000.,2025-09-26T14:12:09Z,1995-2000,1995-01-01,2000-12-31
6638104,WHS4_154,COUNTRY,POL,EUR,Europe,YEAR,2011,,,,,,,,,86.8,86.790503209,,,MoH 2021,2025-09-26T14:12:09Z,2011,2011-01-01,2011-12-31
6638311,WHS4_154,COUNTRY,BHS,AMR,Americas,YEAR,2008,,,,,,,,,77.8,77.8,,,WHO/PAHO 2022.,2025-09-26T14:12:09Z,2008,2008-01-01,2008-12-31
6638527,WHS4_154,COUNTRY,ARG,AMR,Americas,YEAR,2005,,,,,,,,,89.3,89.3,,,"5 or more visits. Ministerio de Salud, Plan Federal de Salud [Argentina]; 2007.",2025-09-26T14:12:09Z,2002-2005,2002-01-01,2005-12-31
6641179,WHS4_154,COUNTRY,GUY,AMR,Americas,YEAR,2015,,,,,,,,,92.9,92.9,,,WHO/PAHO; 2022.,2025-09-26T14:12:09Z,2015,2015-01-01,2015-12-31
6644151,WHS4_154,COUNTRY,NPL,SEAR,South-East Asia,YEAR,2006,,,,,,,,,29.4,29.4,,,DHS 2006.,2025-09-26T14:12:09Z,2001-2006,2001-01-01,2006-12-31
6648161,WHS4_154,COUNTRY,OMN,EMR,Eastern Mediterranean,YEAR,2012,,,,,,,DATASOURCE,DATASOURCE_ANC4OMN2014MOH,80.4,80.4,,,Ministry of Health [Oman]; 2014.,2025-09-26T14:12:09Z,2012,2012-01-01,2012-12-31
6654317,WHS4_154,COUNTRY,DMA,AMR,Americas,YEAR,2020,,,,,,,,,85,85,,,"Publice Sector only. 
PLISA Health Information Platform; 2025.",2025-09-26T14:12:09Z,2020,2020-01-01,2020-12-31
6666551,WHS4_154,COUNTRY,USA,AMR,Americas,YEAR,2009,,,,,,,,,97.4,97.4,,,WHO/PAHO; 2022.,2025-09-26T14:12:09Z,2009,2009-01-01,2009-12-31
6667870,WHS4_154,COUNTRY,MNG,WPR,Western Pacific,YEAR,2010,,,,,,,,,81.4,81.4,,,MICS 2010.,2025-09-26T14:12:09Z,2008-2010,2008-01-01,2010-12-31
6681850,WHS4_154,COUNTRY,GEO,EUR,Europe,YEAR,2002,,,,,,,,,61.3,61.3,,,"Ministry of Labour, Health and Social Affairs of Georgia; 2012.",2025-09-26T14:12:09Z,2002,2002-01-01,2002-12-31
6683969,WHS4_154,COUNTRY,LUX,EUR,Europe,YEAR,2011,,,,,,,,,97.7,97.7,,,"calculated by LUX for 2023 UHC Country consultation for 4+ visits. Ministère de la Santé [Luxembourg], Luxembourg Institute of Health; 2023.",2025-09-26T14:12:09Z,2011,2011-01-01,2011-12-31
6687220,WHS4_154,COUNTRY,BOL,AMR,Americas,YEAR,2015,,,,,,,,,86.1,86.1,,,PLISA Health Information Platform; 2025.,2025-09-26T14:12:09Z,2015,2015-01-01,2015-12-31
6690210,WHS4_154,COUNTRY,SEN,AFR,Africa,YEAR,2019,,,,,,,,,55.5,55.5,,,DHS 2019 (DHS Continuous).,2025-09-26T14:12:09Z,2014-2019,2014-01-01,2019-12-31
6701102,WHS4_154,COUNTRY,HRV,EUR,Europe,YEAR,2009,,,,,,,,,92.19,92.19,,,"Recalculation UHC CC 
Dražančić A, Delmiš J, Rodin U, Kniewald H; 2010.",2025-09-26T14:12:09Z,2009,2009-01-01,2009-12-31
6701225,WHS4_154,COUNTRY,EST,EUR,Europe,YEAR,2020,,,,,,,,,96.3,96.3,,,5+ visits  Estonian Medical Birth Registry (EMBR) 2023,2025-09-26T14:12:09Z,2020,2020-01-01,2020-12-31
6704061,WHS4_154,COUNTRY,MHL,WPR,Western Pacific,YEAR,2007,,,,,,,,,77.1,77.1,,,DHS 2007.,2025-09-26T14:12:09Z,2002-2007,2002-01-01,2007-12-31
6719034,WHS4_154,COUNTRY,MAR,EMR,Eastern Mediterranean,YEAR,1992,,,,,,,,,8,8,,,DHS 1992.,2025-09-26T14:12:09Z,1987-1992,1987-01-01,1992-12-31
6721385,WHS4_154,COUNTRY,NRU,WPR,Western Pacific,YEAR,2023,,,,,,,,,50.7,50.7,,,MICS 2023.,2025-09-26T14:12:09Z,2021-2023,2021-01-01,2023-12-31
6721773,WHS4_154,COUNTRY,PRY,AMR,Americas,YEAR,2008,,,,,,,,,90.5,90.5,,,"ENDSSR 2008. Centro Paraguayo de Estudios de Población (CEPEP), USAID, CDC, UNICEF, IPPF; 2009.",2025-09-26T14:12:09Z,2003-2008,2003-01-01,2008-12-31
6723137,WHS4_154,COUNTRY,COL,AMR,Americas,YEAR,2019,,,,,,,,,83.9,83.9,,,"Ministerio de Salud y Protección Social Indicadores Básicos, 2021",2025-09-26T14:12:09Z,2019,2019-01-01,2019-12-31
6731372,WHS4_154,COUNTRY,JOR,EMR,Eastern Mediterranean,YEAR,2018,,,,,,,,,91.6,91.6,,,DHS 2017-2018.,2025-09-26T14:12:09Z,2013-2018,2013-01-01,2018-12-31
6732230,WHS4_154,COUNTRY,EST,EUR,Europe,YEAR,1993,,,,,,,,,91.9,91.9,,,National Institute for Health Development [Estonia]; 2012.,2025-09-26T14:12:09Z,1993,1993-01-01,1993-12-31
6735652,WHS4_154,COUNTRY,HND,AMR,Americas,YEAR,2019,,,,,,,,,88.3,88.3,,,MICS 2019.,2025-09-26T14:12:09Z,2017-2019,2017-01-01,2019-12-31
6747705,WHS4_154,COUNTRY,KAZ,EUR,Europe,YEAR,2015,,,,,,,,,95.3,95.3,,,MICS 2015.,2025-09-26T14:12:09Z,2013-2015,2013-01-01,2015-12-31
6757353,WHS4_154,COUNTRY,GHA,AFR,Africa,YEAR,1993,,,,,,,,,58.9,58.9,,,DHS 1993.,2025-09-26T14:12:09Z,1990-1993,1990-01-01,1993-12-31
6763594,WHS4_154,COUNTRY,DJI,EMR,Eastern Mediterranean,YEAR,2002,,,,,,,,,7.1,7.1,,,"Gouvernement de Djibouti, Ligue des États Arabes; 2004. (in French)",2025-09-26T14:12:09Z,1997-2002,1997-01-01,2002-12-31
6766800,WHS4_154,COUNTRY,ZWE,AFR,Africa,YEAR,1999,,,,,,,,,64.3,64.3,,,DHS 1999.,2025-09-26T14:12:09Z,1994-1999,1994-01-01,1999-12-31
6778926,WHS4_154,COUNTRY,BRA,AMR,Americas,YEAR,2006,,,,,,,,,87.96961265,87.96961265,,,"Data updated as MOH shared slightly different values during UHC CC 2025. Previously: 87.9 DATASUS, MS/SVS/DASIS [Brazil]. Período: 2006; 2014.",2025-09-26T14:12:09Z,2006,2006-01-01,2006-12-31
6782355,WHS4_154,COUNTRY,ITA,EUR,Europe,YEAR,2016,,,,,,,,,85.3,85.3,,,"Direzione Generale della Digitalizzazione, del Sistema Informativo Sanitario e della Statistica – Ufficio di Statistica [Italy]; 2019.",2025-09-26T14:12:09Z,2016,2016-01-01,2016-12-31
6798242,WHS4_154,COUNTRY,BTN,SEAR,South-East Asia,YEAR,2015,,,,,,,,,84.9,84.9,,,NHS 2015.,2025-09-26T14:12:09Z,2013-2015,2013-01-01,2015-12-31
6810502,WHS4_154,COUNTRY,KEN,AFR,Africa,YEAR,2022,,,,,,,,,66,66,,,DHS 2022.,2025-09-26T14:12:09Z,2020-2022,2020-01-01,2022-12-31
6812862,WHS4_154,COUNTRY,TZA,AFR,Africa,YEAR,2010,,,,,,,,,42.8,42.8,,,DHS 2010.,2025-09-26T14:12:09Z,2005-2010,2005-01-01,2010-12-31
6837157,WHS4_154,COUNTRY,VEN,AMR,Americas,YEAR,2018,,,,,,,,,85.2,85.2,,,WHO/PAHO; 2019.,2025-09-26T14:12:09Z,2018,2018-01-01,2018-12-31
6843673,WHS4_154,COUNTRY,USA,AMR,Americas,YEAR,1998,,,,,,,,,92.2,92.2,,,WHO/PAHO; 2022.,2025-09-26T14:12:09Z,1998,1998-01-01,1998-12-31
6856385,WHS4_154,COUNTRY,GEO,EUR,Europe,YEAR,2009,,,,,,,,,78.5,78.5,,,"Ministry of Labour, Health and Social Affairs of Georgia; 2012.",2025-09-26T14:12:09Z,2009,2009-01-01,2009-12-31
6859071,WHS4_154,COUNTRY,CZE,EUR,Europe,YEAR,2004,,,,,,,,,97.4,97.4,,,3 or more visits. Ústav zdravotnických informací a statistiky ČR [Czech Republic]; 2005.,2025-09-26T14:12:09Z,2004,2004-01-01,2004-12-31
6869401,WHS4_154,COUNTRY,BRA,AMR,Americas,YEAR,2001,,,,,,,,,81.02565922,81.02565922,,,"Data updated as MOH shared slightly different values during UHC CC 2025. Previously: 80.8 DATASUS, MS/SVS/DASIS [Brazil]. Período: 2001; 2014.",2025-09-26T14:12:09Z,2001,2001-01-01,2001-12-31
6873935,WHS4_154,COUNTRY,HRV,EUR,Europe,YEAR,2015,,,,,,,,,90.93,90.93,,,Recalculation UHC CC Croatian Institute of Public Health; 2016.,2025-09-26T14:12:09Z,2015,2015-01-01,2015-12-31
6877370,WHS4_154,COUNTRY,MAR,EMR,Eastern Mediterranean,YEAR,1995,,,,,,,,,12,12,,,DHS 1995 (Special DHS).,2025-09-26T14:12:09Z,1990-1995,1990-01-01,1995-12-31
6887326,WHS4_154,COUNTRY,GIN,AFR,Africa,YEAR,2021,,,,,,,,,58.3,58.3,,,MIS 2021.,2025-09-26T14:12:09Z,2019-2021,2019-01-01,2021-12-31
6890434,WHS4_154,COUNTRY,OMN,EMR,Eastern Mediterranean,YEAR,2015,,,,,,,,,76.5,76.5,,,Ministry of Health [Oman]; 2017.,2025-09-26T14:12:09Z,2015,2015-01-01,2015-12-31
6890647,WHS4_154,COUNTRY,DZA,AFR,Africa,YEAR,2019,,,,,,,,,69.8,69.8,,,MICS 2018-2019.,2025-09-26T14:12:09Z,2016-2019,2016-01-01,2019-12-31
6892385,WHS4_154,COUNTRY,NIC,AMR,Americas,YEAR,2020,,,,,,,,,95.4,95.4,,,Public sector only. WHO/PAHO; 2022.,2025-09-26T14:12:09Z,2020,2020-01-01,2020-12-31
6911006,WHS4_154,COUNTRY,AFG,EMR,Eastern Mediterranean,YEAR,2018,,,,,,,,,20.9,20.9,,,Afghanistan Health Survey 2018.,2025-09-26T14:12:09Z,2016-2018,2016-01-01,2018-12-31
6914542,WHS4_154,COUNTRY,ZAF,AFR,Africa,YEAR,2016,,,,,,,,,75.5,75.5,,,DHS 2016.,2025-09-26T14:12:09Z,2011-2016,2011-01-01,2016-12-31
6928549,WHS4_154,COUNTRY,ARE,EMR,Eastern Mediterranean,YEAR,1995,,,,,,,,,58.6,58.6,,,3 or more visits. FHS 1995.,2025-09-26T14:12:09Z,1992-1995,1992-01-01,1995-12-31
6938230,WHS4_154,COUNTRY,TZA,AFR,Africa,YEAR,2016,,,,,,,,,50.6,50.6,,,DHS 2015-2016.,2025-09-26T14:12:09Z,2010-2016,2010-01-01,2016-12-31
6948974,WHS4_154,COUNTRY,PAN,AMR,Americas,YEAR,2013,,,,,,,,,87.9,87.9,,,MICS 2013.,2025-09-26T14:12:09Z,2011-2013,2011-01-01,2013-12-31
6954090,WHS4_154,COUNTRY,COD,AFR,Africa,YEAR,2010,,,,,,,,,43.8,43.8,,,MICS 2010.,2025-09-26T14:12:09Z,2008-2010,2008-01-01,2010-12-31
6955680,WHS4_154,COUNTRY,NRU,WPR,Western Pacific,YEAR,2019,,,,,,,,,50.4,50.4,,,"Nauru Ministry of Health and Medical Services, 2023.",2025-09-26T14:12:09Z,2019,2019-01-01,2019-12-31
6960326,WHS4_154,COUNTRY,AZE,EUR,Europe,YEAR,2006,,,,,,,,,45.2,45.2,,,DHS 2006.,2025-09-26T14:12:09Z,2001-2006,2001-01-01,2006-12-31
6985328,WHS4_154,COUNTRY,PRI,AMR,Americas,YEAR,2004,,,,,,,,,96.9,96.9,,,PLISA Health Information Platform; 2024.,2025-09-26T14:12:09Z,2004,2004-01-01,2004-12-31
6988351,WHS4_154,COUNTRY,NPL,SEAR,South-East Asia,YEAR,2019,,,,,,,,,77.8,77.8,,,MICS 2019.,2025-09-26T14:12:09Z,2017-2019,2017-01-01,2019-12-31
6988506,WHS4_154,COUNTRY,SEN,AFR,Africa,YEAR,2018,,,,,,,,,58.5,58.5,,,DHS 2018 (DHS Continuous).,2025-09-26T14:12:09Z,2013-2018,2013-01-01,2018-12-31
6995465,WHS4_154,COUNTRY,ARE,EMR,Eastern Mediterranean,YEAR,2021,,,,,,,,,98.6,98.6,,,EMRO Core Indicators report 2021.,2025-09-26T14:12:09Z,2021,2021-01-01,2021-12-31
7002414,WHS4_154,COUNTRY,PRI,AMR,Americas,YEAR,1996,,,,,,,,,93.5,93.5,,,PLISA Health Information Platform; 2024.,2025-09-26T14:12:09Z,1996,1996-01-01,1996-12-31
7003874,WHS4_154,COUNTRY,NPL,SEAR,South-East Asia,YEAR,2022,,,,,,,,,80.5,80.5,,,DHS 2022.,2025-09-26T14:12:09Z,2020-2022,2020-01-01,2022-12-31
7012638,WHS4_154,COUNTRY,ITA,EUR,Europe,YEAR,2005,,,,,,,,,82.9,82.9,,,Direzione Generale del Sistema Informativo – Ufficio di Statistica [Italy]; 2008.,2025-09-26T14:12:09Z,2005,2005-01-01,2005-12-31
7017991,WHS4_154,COUNTRY,SSD,AFR,Africa,YEAR,2010,,,,,,,,,17,17,,,SHHS 2010.,2025-09-26T14:12:09Z,2008-2010,2008-01-01,2010-12-31
7029671,WHS4_154,COUNTRY,MMR,SEAR,South-East Asia,YEAR,1997,,,,,,,,,36.6,36.6,,,"Ministry of Immigration and Population [Myanmar], UNFPA; 2004.",2025-09-26T14:12:09Z,1992-1997,1992-01-01,1997-12-31
7033043,WHS4_154,COUNTRY,PRI,AMR,Americas,YEAR,2006,,,,,,,,,97.3,97.3,,,PLISA Health Information Platform; 2024.,2025-09-26T14:12:09Z,2006,2006-01-01,2006-12-31
7056830,WHS4_154,COUNTRY,BHR,EMR,Eastern Mediterranean,YEAR,2011,,,,,,,,,100,100,,,Ministry of Health [Bahrain]; 2014.,2025-09-26T14:12:09Z,2011,2011-01-01,2011-12-31
7065838,WHS4_154,COUNTRY,NER,AFR,Africa,YEAR,2021,,,,,,,,,43.2,43.2,,,MIS 2021.,2025-09-26T14:12:09Z,2019-2021,2019-01-01,2021-12-31
7069141,WHS4_154,COUNTRY,MOZ,AFR,Africa,YEAR,1997,,,,,,,,,37.3,37.3,,,DHS 1997.,2025-09-26T14:12:09Z,1994-1997,1994-01-01,1997-12-31
7084502,WHS4_154,COUNTRY,BRN,WPR,Western Pacific,YEAR,2009,,,,,,,,,100,100,,,CHIPS 2011. WHO/WPRO; 2011.,2025-09-26T14:12:09Z,2009,2009-01-01,2009-12-31
7089167,WHS4_154,COUNTRY,VEN,AMR,Americas,YEAR,2014,,,,,,,,,86.9,86.9,,,PAHO Database; 2018.,2025-09-26T14:12:09Z,2014,2014-01-01,2014-12-31
7096015,WHS4_154,COUNTRY,FIN,EUR,Europe,YEAR,2012,,,,,,,,,98.8,98.8,,,National Institute for Health and Welfare (THL) [Finland]; 2017.,2025-09-26T14:12:09Z,2012,2012-01-01,2012-12-31
7097588,WHS4_154,COUNTRY,PAK,EMR,Eastern Mediterranean,YEAR,2018,,,,,,,,,51.4,51.4,,,DHS 2017-2018.,2025-09-26T14:12:09Z,2013-2018,2013-01-01,2018-12-31
7107207,WHS4_154,COUNTRY,NRU,WPR,Western Pacific,YEAR,2007,,,,,,,,,40.2,40.2,,,DHS 2007.,2025-09-26T14:12:09Z,2002-2007,2002-01-01,2007-12-31
7127386,WHS4_154,COUNTRY,CRI,AMR,Americas,YEAR,2010,,,,,,,,,98.1,98.1,,,3 or more visits. Ministerio de Salud [Costa Rica]; 2011.,2025-09-26T14:12:09Z,2005-2010,2005-01-01,2010-12-31
7132118,WHS4_154,COUNTRY,SLE,AFR,Africa,YEAR,2017,,,,,,,,,77.5,77.5,,,MICS 2017.,2025-09-26T14:12:09Z,2012-2017,2012-01-01,2017-12-31
7133780,WHS4_154,COUNTRY,MUS,AFR,Africa,YEAR,2014,,,,,,,,,77.7,77.7,,,2014 Contraceptive Prevalence Survey,2025-09-26T14:12:09Z,2009-2014,2009-01-01,2014-12-31
7148758,WHS4_154,COUNTRY,KNA,AMR,Americas,YEAR,2023,,,,,,,,,59,59,,,PLISA Health Information Platform; 2025.,2025-09-26T14:12:09Z,2023,2023-01-01,2023-12-31
7159290,WHS4_154,COUNTRY,BRB,AMR,Americas,YEAR,2019,,,,,,,,,93,93,,,WHO/PAHO; 2022.,2025-09-26T14:12:09Z,2019,2019-01-01,2019-12-31
7174194,WHS4_154,COUNTRY,ERI,AFR,Africa,YEAR,2002,,,,,,,,,40.9,40.9,,,DHS 2002.,2025-09-26T14:12:09Z,1997-2002,1997-01-01,2002-12-31
7174240,WHS4_154,COUNTRY,KEN,AFR,Africa,YEAR,2014,,,,,,,,,57.6,57.6,,,DHS 2014.,2025-09-26T14:12:09Z,2009-2014,2009-01-01,2014-12-31
7175686,WHS4_154,COUNTRY,FIN,EUR,Europe,YEAR,2006,,,,,,,,,99.3,99.3,,,National Institute for Health and Welfare (THL) [Finland]; 2017.,2025-09-26T14:12:09Z,2006,2006-01-01,2006-12-31
7186593,WHS4_154,COUNTRY,GEO,EUR,Europe,YEAR,2005,,,,,,,,,65.8,65.8,,,"Ministry of Labour, Health and Social Affairs of Georgia; 2012.",2025-09-26T14:12:09Z,2005,2005-01-01,2005-12-31
7194358,WHS4_154,COUNTRY,TTO,AMR,Americas,YEAR,2011,,,,,,,,,87.3,87.3,,,MICS 2011.,2025-09-26T14:12:09Z,2009-2011,2009-01-01,2011-12-31
7195995,WHS4_154,COUNTRY,COD,AFR,Africa,YEAR,2024,,,,,,,,,44.9,44.9,,,DHS 2023-2024 (Key indicators).,2025-09-26T14:12:09Z,2021-2024,2021-01-01,2024-12-31
7210144,WHS4_154,COUNTRY,BDI,AFR,Africa,YEAR,2010,,,,,,,,,33.4,33.4,,,DHS 2010.,2025-09-26T14:12:09Z,2005-2010,2005-01-01,2010-12-31
7219655,WHS4_154,COUNTRY,GEO,EUR,Europe,YEAR,2013,,,,,,,,,84.6,84.6,,,"Ministry of Labour, Health and Social Affairs of Georgia; 2014.",2025-09-26T14:12:09Z,2013,2013-01-01,2013-12-31
7224586,WHS4_154,COUNTRY,BIH,EUR,Europe,YEAR,2011,,,,,,,,,84.2,84.2,,,MICS 2011-2012.,2025-09-26T14:12:09Z,2009-2011,2009-01-01,2011-12-31
7232715,WHS4_154,COUNTRY,FIN,EUR,Europe,YEAR,2008,,,,,,,,,99.3,99.3,,,National Institute for Health and Welfare (THL) [Finland]; 2017.,2025-09-26T14:12:09Z,2008,2008-01-01,2008-12-31
7235236,WHS4_154,COUNTRY,SGP,WPR,Western Pacific,YEAR,2016,,,,,,,,,96.7,96.7,,,Government administrative databases for outpatient and birth records - Singapore; 2023.,2025-09-26T14:12:09Z,2016,2016-01-01,2016-12-31
7244296,WHS4_154,COUNTRY,ARM,EUR,Europe,YEAR,2005,,,,,,,,,70.9,70.9,,,DHS 2005.,2025-09-26T14:12:09Z,2000-2005,2000-01-01,2005-12-31
7250855,WHS4_154,COUNTRY,SGP,WPR,Western Pacific,YEAR,2006,,,,,,,,,95,95,,,Government administrative databases for outpatient and birth records - Singapore; 2023.,2025-09-26T14:12:09Z,2006,2006-01-01,2006-12-31
7257498,WHS4_154,COUNTRY,GUY,AMR,Americas,YEAR,2014,,,,,,,,,94,94,,,WHO/PAHO; 2022.,2025-09-26T14:12:09Z,2014,2014-01-01,2014-12-31
7274509,WHS4_154,COUNTRY,SLE,AFR,Africa,YEAR,2008,,,,,,,,,56.1,56.1,,,DHS 2008.,2025-09-26T14:12:09Z,2003-2008,2003-01-01,2008-12-31
7299347,WHS4_154,COUNTRY,BDI,AFR,Africa,YEAR,2020,,,,,,,,,40.7,40.7,,,Annuaire des Statistisques Sanitaires 2022.,2025-09-26T14:12:09Z,2020,2020-01-01,2020-12-31
7326855,WHS4_154,COUNTRY,HRV,EUR,Europe,YEAR,2010,,,,,,,,,94.19,94.19,,,Recalculation UHC CC Croatian National Institute of Public Health; 2011.,2025-09-26T14:12:09Z,2010,2010-01-01,2010-12-31
7378984,WHS4_154,COUNTRY,GIN,AFR,Africa,YEAR,1992,,,,,,,,,24.5,24.5,,,DHS 1992.,2025-09-26T14:12:09Z,1987-1992,1987-01-01,1992-12-31
7382484,WHS4_154,COUNTRY,MEX,AMR,Americas,YEAR,2015,,,,,,,,,94.3,94.3,,,MICS 2015.,2025-09-26T14:12:09Z,2013-2015,2013-01-01,2015-12-31
7386712,WHS4_154,COUNTRY,GEO,EUR,Europe,YEAR,2000,,,,,,,,,75.6,75.6,,,MICS 1999.,2025-09-26T14:12:09Z,1999-2000,1999-01-01,2000-12-31
7388756,WHS4_154,COUNTRY,GEO,EUR,Europe,YEAR,2010,,,,,,,,,83.1,83.1,,,"Ministry of Labour, Health and Social Affairs of Georgia; 2012.",2025-09-26T14:12:09Z,2010,2010-01-01,2010-12-31
7392314,WHS4_154,COUNTRY,JAM,AMR,Americas,YEAR,2002,,,,,,,,,90.1,90.1,,,5 or more visits. RHS 2002.,2025-09-26T14:12:09Z,1997-2002,1997-01-01,2002-12-31
7409092,WHS4_154,COUNTRY,VEN,AMR,Americas,YEAR,2012,,,,,,,,,61,61,,,WHO/PAHO; 2014.,2025-09-26T14:12:09Z,2012,2012-01-01,2012-12-31
7411198,WHS4_154,COUNTRY,GRD,AMR,Americas,YEAR,2017,,,,,,,,,67,67,,,WHO/PAHO; 2018.,2025-09-26T14:12:09Z,2017,2017-01-01,2017-12-31
7418804,WHS4_154,COUNTRY,SVK,EUR,Europe,YEAR,2018,,,,,,,,,96.5,96.5,,,"National Health Information Center, Slovak Republic, 2023",2025-09-26T14:12:09Z,2018,2018-01-01,2018-12-31
7422605,WHS4_154,COUNTRY,STP,AFR,Africa,YEAR,2009,,,,,,,,,72.4,72.4,,,DHS 2008-2009.,2025-09-26T14:12:09Z,2003-2009,2003-01-01,2009-12-31
7440807,WHS4_154,COUNTRY,ECU,AMR,Americas,YEAR,1994,,,,,,,,,63.6,63.6,,,"5 or more visits. Centro de Estudios de Población y Paternidad Responsable (CEPAR) [Ecuador], CDC. ENDEMAIN -94; 1995.",2025-09-26T14:12:09Z,1989-1994,1989-01-01,1994-12-31
7453188,WHS4_154,COUNTRY,BFA,AFR,Africa,YEAR,2003,,,,,,,,,17.6,17.6,,,DHS 2003.,2025-09-26T14:12:09Z,1998-2003,1998-01-01,2003-12-31
7454701,WHS4_154,COUNTRY,URY,AMR,Americas,YEAR,2009,,,,,,,,,91.1,91.1,,,"Ministerio de Salud Pública [Ministry of Public Health, Uruguay]; 2016.",2025-09-26T14:12:09Z,2009,2009-01-01,2009-12-31
7463906,WHS4_154,COUNTRY,ETH,AFR,Africa,YEAR,2014,,,,,,,,,32.1,32.1,,,Central Statistical Agency [Ethiopia]. Mini DHS (EMDHS); 2014.,2025-09-26T14:12:09Z,2009-2014,2009-01-01,2014-12-31
7463974,WHS4_154,COUNTRY,SGP,WPR,Western Pacific,YEAR,2009,,,,,,,,,95.8,95.8,,,Government administrative databases for outpatient and birth records - Singapore; 2023.,2025-09-26T14:12:09Z,2009,2009-01-01,2009-12-31
7467456,WHS4_154,COUNTRY,URY,AMR,Americas,YEAR,2013,,,,,,,,,76.8,76.8,,,MICS 2013.,2025-09-26T14:12:09Z,2011-2013,2011-01-01,2013-12-31
7476126,WHS4_154,COUNTRY,TUR,EUR,Europe,YEAR,2013,,,,,,,,,88.9,88.9,,,DHS 2013.,2025-09-26T14:12:09Z,2008-2013,2008-01-01,2013-12-31
7481789,WHS4_154,COUNTRY,LSO,AFR,Africa,YEAR,2009,,,,,,,,,70.4,70.4,,,DHS 2009.,2025-09-26T14:12:09Z,2004-2009,2004-01-01,2009-12-31
7498551,WHS4_154,COUNTRY,COG,AFR,Africa,YEAR,2012,,,,,,,,,78.9,78.9,,,DHS 2011-2012.,2025-09-26T14:12:09Z,2006-2012,2006-01-01,2012-12-31
7520182,WHS4_154,COUNTRY,GEO,EUR,Europe,YEAR,2012,,,,,,,,,84.2,84.2,,,"Ministry of Labour, Health and Social Affairs of Georgia; 2013.",2025-09-26T14:12:09Z,2012,2012-01-01,2012-12-31
7520352,WHS4_154,COUNTRY,NAM,AFR,Africa,YEAR,1992,,,,,,,,,55.8,55.8,,,DHS 1992.,2025-09-26T14:12:09Z,1987-1992,1987-01-01,1992-12-31
7522373,WHS4_154,COUNTRY,MKD,EUR,Europe,YEAR,2011,,,,,,,,,93.9,93.9,,,MICS 2011.,2025-09-26T14:12:09Z,2009-2011,2009-01-01,2011-12-31
7537294,WHS4_154,COUNTRY,ATG,AMR,Americas,YEAR,2010,,,,,,,,,100,100,,,WHO/PAHO; 2011.,2025-09-26T14:12:09Z,2010,2010-01-01,2010-12-31
7539420,WHS4_154,COUNTRY,BGD,SEAR,South-East Asia,YEAR,2013,,,,,,,DATASOURCE,DATASOURCE_ANC4BGD2014NIPORT,25,25,,,National Institute of Population Research and Training (NIPORT); 2014.,2025-09-26T14:12:09Z,2010-2013,2010-01-01,2013-12-31
7543067,WHS4_154,COUNTRY,ZWE,AFR,Africa,YEAR,2009,,,,,,,,,56.8,56.8,,,MICS 2009.,2025-09-26T14:12:09Z,2007-2009,2007-01-01,2009-12-31
7544693,WHS4_154,COUNTRY,PER,AMR,Americas,YEAR,1992,,,,,,,,,47,47,,,DHS 1991-1992.,2025-09-26T14:12:09Z,1986-1992,1986-01-01,1992-12-31
7546052,WHS4_154,COUNTRY,BRN,WPR,Western Pacific,YEAR,2011,,,,,,,,,100,100,,,Ministry of Health [Brunei Darussalam]; 2011.,2025-09-26T14:12:09Z,2011,2011-01-01,2011-12-31
7549316,WHS4_154,COUNTRY,CZE,EUR,Europe,YEAR,2017,,,,,,,,,88.9,88.9,,,"3 or more visits. Ústav zdravotnických informací a statistiky ČR, [Czech Republic]; 2023.",2025-09-26T14:12:09Z,2017,2017-01-01,2017-12-31
7551401,WHS4_154,COUNTRY,MLI,AFR,Africa,YEAR,2015,,,,,,,,,38,38,,,MICS 2015.,2025-09-26T14:12:09Z,2013-2015,2013-01-01,2015-12-31
7551479,WHS4_154,COUNTRY,KHM,WPR,Western Pacific,YEAR,2010,,,,,,,,,59.4,59.4,,,DHS 2010.,2025-09-26T14:12:09Z,2005-2010,2005-01-01,2010-12-31
7555922,WHS4_154,COUNTRY,GUY,AMR,Americas,YEAR,2012,,,,,,,,,94.7,94.7,,,WHO/PAHO; 2022.,2025-09-26T14:12:09Z,2012,2012-01-01,2012-12-31
7556039,WHS4_154,COUNTRY,BHS,AMR,Americas,YEAR,2009,,,,,,,,,86,86,,,WHO/PAHO 2022.,2025-09-26T14:12:09Z,2009,2009-01-01,2009-12-31
7560563,WHS4_154,COUNTRY,USA,AMR,Americas,YEAR,1995,,,,,,,,,92.1,92.1,,,WHO/PAHO; 2022.,2025-09-26T14:12:09Z,1995,1995-01-01,1995-12-31
7563240,WHS4_154,COUNTRY,PRI,AMR,Americas,YEAR,2019,,,,,,,,,99.1,99.1,,,PLISA Health Information Platform; 2024.,2025-09-26T14:12:09Z,2019,2019-01-01,2019-12-31
7570016,WHS4_154,COUNTRY,SGP,WPR,Western Pacific,YEAR,2015,,,,,,,,,96.6,96.6,,,Government administrative databases for outpatient and birth records - Singapore; 2023.,2025-09-26T14:12:09Z,2015,2015-01-01,2015-12-31
7572589,WHS4_154,COUNTRY,USA,AMR,Americas,YEAR,2011,,,,,,,,,96.6,96.6,,,WHO/PAHO; 2022.,2025-09-26T14:12:09Z,2011,2011-01-01,2011-12-31
7579888,WHS4_154,COUNTRY,URY,AMR,Americas,YEAR,2022,,,,,,,,,97.2,97.2,,,PLISA Health Information Platform; 2024.,2025-09-26T14:12:09Z,2022,2022-01-01,2022-12-31
7607360,WHS4_154,COUNTRY,LAO,WPR,Western Pacific,YEAR,2019,,,,,,,,,70,70,,,NHRS 2023.,2025-09-26T14:12:09Z,2019,2019-01-01,2019-12-31
7613950,WHS4_154,COUNTRY,KGZ,EUR,Europe,YEAR,2012,,,,,,,,,83.6,83.6,,,DHS 2012.,2025-09-26T14:12:09Z,2007-2012,2007-01-01,2012-12-31
7617302,WHS4_154,COUNTRY,GEO,EUR,Europe,YEAR,2021,,,,,,,,,86.7,86.7,,,"Health Care, Statistical Yearbook 2021.",2025-09-26T14:12:09Z,2021,2021-01-01,2021-12-31
7629171,WHS4_154,COUNTRY,CMR,AFR,Africa,YEAR,2014,,,,,,,,,58.8,58.8,,,MICS 2014.,2025-09-26T14:12:09Z,2012-2014,2012-01-01,2014-12-31
7631835,WHS4_154,COUNTRY,MOZ,AFR,Africa,YEAR,2003,,,,,,,,,53.1,53.1,,,DHS 2003.,2025-09-26T14:12:09Z,1998-2003,1998-01-01,2003-12-31
7638761,WHS4_154,COUNTRY,ATG,AMR,Americas,YEAR,2013,,,,,,,,,100,100,,,WHO/PAHO; 2013.,2025-09-26T14:12:09Z,2012-2013,2012-01-01,2013-12-31
7639035,WHS4_154,COUNTRY,NRU,WPR,Western Pacific,YEAR,2014,,,,,,,,,51.2,51.2,,,"Nauru Ministry of Health and Medical Services, 2023.",2025-09-26T14:12:09Z,2014,2014-01-01,2014-12-31
7649384,WHS4_154,COUNTRY,LAO,WPR,Western Pacific,YEAR,2023,,,,,,,,,71.6,71.6,,,LSIS 2023.,2025-09-26T14:12:09Z,2021-2023,2021-01-01,2023-12-31
7659630,WHS4_154,COUNTRY,VCT,AMR,Americas,YEAR,2009,,,,,,,,,99.5,99.5,,,WHO/PAHO; 2010.,2025-09-26T14:12:09Z,2009,2009-01-01,2009-12-31
7662577,WHS4_154,COUNTRY,BGD,SEAR,South-East Asia,YEAR,2023,,,,,,,,,39.1,39.1,,,SVRS 2023,2025-09-26T14:12:09Z,2023,2023-01-01,2023-12-31
7673301,WHS4_154,COUNTRY,SAU,EMR,Eastern Mediterranean,YEAR,2019,,,,,,,,,79.9,79.9,,,KSAWHS 2019,2025-09-26T14:12:09Z,2019,2019-01-01,2019-12-31
7683978,WHS4_154,COUNTRY,SOM,EMR,Eastern Mediterranean,YEAR,2019,,,,,,,,,24.4,24.4,,,SHDS 2020.,2025-09-26T14:12:09Z,2013-2019,2013-01-01,2019-12-31
7684280,WHS4_154,COUNTRY,URY,AMR,Americas,YEAR,2018,,,,,,,,,96.7,96.7,,,Estadísticas Vitales 1996-2019.,2025-09-26T14:12:09Z,2018,2018-01-01,2018-12-31
7686326,WHS4_154,COUNTRY,PRY,AMR,Americas,YEAR,2016,,,,,,,,,93.6,93.6,,,MICS 2016.,2025-09-26T14:12:09Z,2014-2016,2014-01-01,2016-12-31
7686661,WHS4_154,COUNTRY,GEO,EUR,Europe,YEAR,2016,,,,,,,,,81.2,81.2,,,"Ministry of Labour, Health and Social Affairs of Georgia; 2017.",2025-09-26T14:12:09Z,2016,2016-01-01,2016-12-31
7690155,WHS4_154,COUNTRY,NIC,AMR,Americas,YEAR,2001,,,,,,,,,71.6,71.6,,,DHS 2001.,2025-09-26T14:12:09Z,1996-2001,1996-01-01,2001-12-31
7694625,WHS4_154,COUNTRY,MLT,EUR,Europe,YEAR,2023,,,,,,,,,98.8,98.8,,,"National Obstetrics Information System (NOIS), 2023.",2025-09-26T14:12:09Z,2023,2023-01-01,2023-12-31
7712030,WHS4_154,COUNTRY,PER,AMR,Americas,YEAR,2014,,,,,,,,,94.7,94.7,,,DHS 2014 (Continuous).,2025-09-26T14:12:09Z,2009-2014,2009-01-01,2014-12-31
7717466,WHS4_154,COUNTRY,RUS,EUR,Europe,YEAR,2011,,,,,,,,,78.3,78.3,,,RHS 2011.,2025-09-26T14:12:09Z,2006-2011,2006-01-01,2011-12-31
7726132,WHS4_154,COUNTRY,BDI,AFR,Africa,YEAR,2019,,,,,,,,,42.3,42.3,,,Annuaire des Statistisques Sanitaires 2022.,2025-09-26T14:12:09Z,2019,2019-01-01,2019-12-31
7729621,WHS4_154,COUNTRY,BGD,SEAR,South-East Asia,YEAR,2004,,,,,,,,,15.9,15.9,,,DHS 2004.,2025-09-26T14:12:09Z,1999-2004,1999-01-01,2004-12-31
7740956,WHS4_154,COUNTRY,PER,AMR,Americas,YEAR,2013,,,,,,,,,95.1,95.1,,,DHS 2013 (Continuous).,2025-09-26T14:12:09Z,2008-2013,2008-01-01,2013-12-31
7747387,WHS4_154,COUNTRY,TLS,SEAR,South-East Asia,YEAR,2003,,,,,,,,,29.6,29.6,,,DHS 2003.,2025-09-26T14:12:09Z,1998-2003,1998-01-01,2003-12-31
7757729,WHS4_154,COUNTRY,SVK,EUR,Europe,YEAR,2011,,,,,,,,,94.6,94.6,,,"National Health Information Center, Slovak Republic, 2023",2025-09-26T14:12:09Z,2011,2011-01-01,2011-12-31
7760782,WHS4_154,COUNTRY,FIN,EUR,Europe,YEAR,2001,,,,,,,,,99.5,99.5,,,National Institute for Health and Welfare (THL) [Finland]; 2017.,2025-09-26T14:12:09Z,2001,2001-01-01,2001-12-31
7772037,WHS4_154,COUNTRY,HRV,EUR,Europe,YEAR,2014,,,,,,,,,92.4,92.4,,,Recalculation UHC CC Croatian Institute of Public Health; 2015.,2025-09-26T14:12:09Z,2014,2014-01-01,2014-12-31
7772338,WHS4_154,COUNTRY,EGY,EMR,Eastern Mediterranean,YEAR,1995,,,,,,,,,28.3,28.3,,,DHS 1995.,2025-09-26T14:12:09Z,1990-1995,1990-01-01,1995-12-31
7782449,WHS4_154,COUNTRY,PNG,WPR,Western Pacific,YEAR,1996,,,,,,,,,48.9,48.9,,,DHS 1996.,2025-09-26T14:12:09Z,1993-1996,1993-01-01,1996-12-31
7787719,WHS4_154,COUNTRY,GHA,AFR,Africa,YEAR,2017,,,,,,,,,89.3,89.3,,,DHS 2017: Maternal Health Survey 2017.,2025-09-26T14:12:09Z,2012-2017,2012-01-01,2017-12-31
7800846,WHS4_154,COUNTRY,SOM,EMR,Eastern Mediterranean,YEAR,2006,,,,,,,,,6.3,6.3,,,MICS 2006.,2025-09-26T14:12:09Z,2004-2006,2004-01-01,2006-12-31
7802821,WHS4_154,COUNTRY,JOR,EMR,Eastern Mediterranean,YEAR,2023,,,,,,,,,93.1,93.1,,,PFHS 2023.,2025-09-26T14:12:09Z,2021-2023,2021-01-01,2023-12-31
7808066,WHS4_154,COUNTRY,AUS,WPR,Western Pacific,YEAR,2007,,,,,,,,,91.9,91.9,,,"Data only includes information from Queensland, South Australia and the Northern Territory. 5 or more visits. Laws P, Sullivan EA. Australian Institute of Health and Welfare (AIHW); 2009.",2025-09-26T14:12:09Z,2007,2007-01-01,2007-12-31
7833060,WHS4_154,COUNTRY,FIN,EUR,Europe,YEAR,2011,,,,,,,,,98.7,98.7,,,National Institute for Health and Welfare (THL) [Finland]; 2017.,2025-09-26T14:12:09Z,2011,2011-01-01,2011-12-31
7835080,WHS4_154,COUNTRY,MWI,AFR,Africa,YEAR,2020,,,,,,,,,50.5,50.5,,,MICS 2019-2020.,2025-09-26T14:12:09Z,2017-2020,2017-01-01,2020-12-31
7836095,WHS4_154,COUNTRY,BEN,AFR,Africa,YEAR,2022,,,,,,,,,52.6,52.6,,,MICS 2021-2022.,2025-09-26T14:12:09Z,2019-2022,2019-01-01,2022-12-31
7847521,WHS4_154,COUNTRY,FIN,EUR,Europe,YEAR,2019,,,,,,,,,98.7,98.7,,,National Institute for Health and Welfare (THL) [Finland]; 2023.,2025-09-26T14:12:09Z,2019,2019-01-01,2019-12-31
7855068,WHS4_154,COUNTRY,ROU,EUR,Europe,YEAR,2004,,,,,,,,,76,76,,,RHS 2004.,2025-09-26T14:12:09Z,1999-2004,1999-01-01,2004-12-31
7862989,WHS4_154,COUNTRY,GEO,EUR,Europe,YEAR,2004,,,,,,,,,59.4,59.4,,,"Ministry of Labour, Health and Social Affairs of Georgia; 2012.",2025-09-26T14:12:09Z,2004,2004-01-01,2004-12-31
7871237,WHS4_154,COUNTRY,ITA,EUR,Europe,YEAR,2017,,,,,,,,,86.5,86.5,,,"Direzione Generale della Digitalizzazione, del Sistema Informativo Sanitario e della Statistica – Ufficio di Statistica [Italy]; 2020.",2025-09-26T14:12:09Z,2017,2017-01-01,2017-12-31
7880927,WHS4_154,COUNTRY,BHR,EMR,Eastern Mediterranean,YEAR,2019,,,,,,,,,99.1,99.1,,,EMRO Core indicators 2023.,2025-09-26T14:12:09Z,2019,2019-01-01,2019-12-31
7882363,WHS4_154,COUNTRY,ZMB,AFR,Africa,YEAR,1992,,,,,,,,,68.5,68.5,,,DHS 1992.,2025-09-26T14:12:09Z,1987-1992,1987-01-01,1992-12-31
7894906,WHS4_154,COUNTRY,LCA,AMR,Americas,YEAR,2012,,,,,,,,,90.3,90.3,,,MICS 2012.,2025-09-26T14:12:09Z,2010-2012,2010-01-01,2012-12-31
7896386,WHS4_154,COUNTRY,GNB,AFR,Africa,YEAR,2014,,,,,,,,,64.9,64.9,,,MICS 2014.,2025-09-26T14:12:09Z,2012-2014,2012-01-01,2014-12-31
7904255,WHS4_154,COUNTRY,NPL,SEAR,South-East Asia,YEAR,2014,,,,,,,,,59.5,59.5,,,MICS 2014.,2025-09-26T14:12:09Z,2012-2014,2012-01-01,2014-12-31
7912880,WHS4_154,COUNTRY,OMN,EMR,Eastern Mediterranean,YEAR,2012,,,,,,,DATASOURCE,DATASOURCE_ANC4OMN2014MICS,93.8,93.8,,,MICS 2014.,2025-09-26T14:12:09Z,2012,2012-01-01,2012-12-31
7923120,WHS4_154,COUNTRY,GEO,EUR,Europe,YEAR,2005,,,,,,,,,75,75,,,RHS 2005.,2025-09-26T14:12:09Z,2000-2005,2000-01-01,2005-12-31
7930770,WHS4_154,COUNTRY,TUN,EMR,Eastern Mediterranean,YEAR,2016,,,,,,,,,86.4,86.4,,,Tunisian Health Examination Survey 2016.,2025-09-26T14:12:09Z,2016,2016-01-01,2016-12-31
7933715,WHS4_154,COUNTRY,PER,AMR,Americas,YEAR,1996,,,,,,,,,54,54,,,DHS 1996.,2025-09-26T14:12:09Z,1991-1996,1991-01-01,1996-12-31
7939942,WHS4_154,COUNTRY,NRU,WPR,Western Pacific,YEAR,2018,,,,,,,,,50,50,,,"Nauru Ministry of Health and Medical Services, 2023.",2025-09-26T14:12:09Z,2018,2018-01-01,2018-12-31
7949439,WHS4_154,COUNTRY,DMA,AMR,Americas,YEAR,2018,,,,,,,,,84,84,,,WHO/PAHO; 2022.,2025-09-26T14:12:09Z,2018,2018-01-01,2018-12-31
7972991,WHS4_154,COUNTRY,ALB,EUR,Europe,YEAR,2002,,,,,,,,,41.1,41.1,,,RHS 2002.,2025-09-26T14:12:09Z,1997-2002,1997-01-01,2002-12-31
7990536,WHS4_154,COUNTRY,MAR,EMR,Eastern Mediterranean,YEAR,2004,,,,,,,,,30.5,30.5,,,DHS 2003-2004.,2025-09-26T14:12:09Z,1998-2004,1998-01-01,2004-12-31
8008618,WHS4_154,COUNTRY,PRK,SEAR,South-East Asia,YEAR,2019,,,,,,,,,84.6,84.6,,,"Regular National Health Statistics, 2019.",2025-09-26T14:12:09Z,2019,2019-01-01,2019-12-31
8012733,WHS4_154,COUNTRY,POL,EUR,Europe,YEAR,2009,,,,,,,,,84.0,83.9904456,,,MoH 2021,2025-09-26T14:12:09Z,2009,2009-01-01,2009-12-31
8017551,WHS4_154,COUNTRY,NIC,AMR,Americas,YEAR,2012,,,,,,,,,87.8,87.8,,,"ENDESA 2011/12 (Informe Preliminar). INIDE, Ministerio de Salud [Nicaragua]; 2013.",2025-09-26T14:12:09Z,2006-2012,2006-01-01,2012-12-31
8025664,WHS4_154,COUNTRY,USA,AMR,Americas,YEAR,2002,,,,,,,,,93.3,93.3,,,WHO/PAHO; 2022.,2025-09-26T14:12:09Z,2002,2002-01-01,2002-12-31
8044151,WHS4_154,COUNTRY,DOM,AMR,Americas,YEAR,1991,,,,,,,,,85,85,,,DHS 1991.,2025-09-26T14:12:09Z,1991,1991-01-01,1991-12-31
8078389,WHS4_154,COUNTRY,SLE,AFR,Africa,YEAR,2019,,,,,,,,,78.8,78.8,,,DHS 2019.,2025-09-26T14:12:09Z,2014-2019,2014-01-01,2019-12-31
8087894,WHS4_154,COUNTRY,TJK,EUR,Europe,YEAR,2007,,,,,,,,,49.4,49.4,,,"State Committee on Statistics Republic of Tajikistan, UNICEF; 2009.",2025-09-26T14:12:09Z,2005-2007,2005-01-01,2007-12-31
8090677,WHS4_154,COUNTRY,USA,AMR,Americas,YEAR,2020,,,,,,,,,95.6,95.6,,,WHO/PAHO; 2022.,2025-09-26T14:12:09Z,2020,2020-01-01,2020-12-31
8112840,WHS4_154,COUNTRY,PRY,AMR,Americas,YEAR,2014,,,,,,,,,78.3,78.3,,,WHO/PAHO; 2016.,2025-09-26T14:12:09Z,2014,2014-01-01,2014-12-31
8114004,WHS4_154,COUNTRY,CPV,AFR,Africa,YEAR,2018,,,,,,,,,85.6,85.6,,,"Inquérito Demográfico e de Saúde Reprodutiva, IDSR-III, Cabo Verde 2018.",2025-09-26T14:12:09Z,2013-2018,2013-01-01,2018-12-31
8116515,WHS4_154,COUNTRY,PAN,AMR,Americas,YEAR,2019,,,,,,,,,87.1,87.1,,,Public sector only. WHO/PAHO; 2022.,2025-09-26T14:12:09Z,2019,2019-01-01,2019-12-31
8120421,WHS4_154,COUNTRY,EST,EUR,Europe,YEAR,2007,,,,,,,,,96.9,96.9,,,National Institute for Health Development [Estonia]; 2012.,2025-09-26T14:12:09Z,2007,2007-01-01,2007-12-31
8123375,WHS4_154,COUNTRY,TTO,AMR,Americas,YEAR,2014,,,,,,,,,100,100,,,WHO/PAHO; 2015.,2025-09-26T14:12:09Z,2014,2014-01-01,2014-12-31
8125784,WHS4_154,COUNTRY,PRY,AMR,Americas,YEAR,2004,,,,,,,,,78.8,78.8,,,"ENDSSR 2004. Centro Paraguayo de Estudios de Población (CEPEP), USAID, CDC, UNFPA, IPPF; 2005.",2025-09-26T14:12:09Z,1999-2004,1999-01-01,2004-12-31
8132101,WHS4_154,COUNTRY,KOR,WPR,Western Pacific,YEAR,2012,,,,,,,,,96.8,96.8,,,6 or more visits. Mean number of visits: 13.4 Korea Institute for Health and Social Affairs; 2012.,2025-09-26T14:12:09Z,2012,2012-01-01,2012-12-31
8135181,WHS4_154,COUNTRY,AZE,EUR,Europe,YEAR,2011,,,,,,,,,66.1,66.1,,,DHS 2011.,2025-09-26T14:12:09Z,2006-2011,2006-01-01,2011-12-31
8135264,WHS4_154,COUNTRY,MDG,AFR,Africa,YEAR,2004,,,,,,,,,39.9,39.9,,,DHS 2003-2004.,2025-09-26T14:12:09Z,1998-2004,1998-01-01,2004-12-31
8149718,WHS4_154,COUNTRY,ZWE,AFR,Africa,YEAR,2024,,,,,,,,,71,71,,,DHS 2023-2024 (Key indicators).,2025-09-26T14:12:09Z,2021-2024,2021-01-01,2024-12-31
8182386,WHS4_154,COUNTRY,TUR,EUR,Europe,YEAR,2021,,,,,,,,,96.1,96.1,,,Health Statistics Yearbook 2021.,2025-09-26T14:12:09Z,2021,2021-01-01,2021-12-31
8194699,WHS4_154,COUNTRY,POL,EUR,Europe,YEAR,2019,,,,,,,,,79.2,79.236338995,,,MoH 2021,2025-09-26T14:12:09Z,2019,2019-01-01,2019-12-31
8219354,WHS4_154,COUNTRY,PER,AMR,Americas,YEAR,2012,,,,,,,,,94.4,94.4,,,DHS 2012 (Continuous).,2025-09-26T14:12:09Z,2007-2012,2007-01-01,2012-12-31
8220428,WHS4_154,COUNTRY,EST,EUR,Europe,YEAR,1994,,,,,,,,,92.1,92.1,,,National Institute for Health Development [Estonia]; 2012.,2025-09-26T14:12:09Z,1994,1994-01-01,1994-12-31
8222460,WHS4_154,COUNTRY,NAM,AFR,Africa,YEAR,2013,,,,,,,,,62.5,62.5,,,DHS 2013.,2025-09-26T14:12:09Z,2008-2013,2008-01-01,2013-12-31
8227166,WHS4_154,COUNTRY,CZE,EUR,Europe,YEAR,2001,,,,,,,,,97.9,97.9,,,3 or more visits. Ústav zdravotnických informací a statistiky ČR [Czech Republic]; 2002.,2025-09-26T14:12:09Z,2001,2001-01-01,2001-12-31
8241732,WHS4_154,COUNTRY,LCA,AMR,Americas,YEAR,2019,,,,,,,,,93,93,,,Public sector only. WHO/PAHO; 2022.,2025-09-26T14:12:09Z,2019,2019-01-01,2019-12-31
8245998,WHS4_154,COUNTRY,UGA,AFR,Africa,YEAR,2001,,,,,,,,,41.9,41.9,,,DHS 2000-2001.,2025-09-26T14:12:09Z,1995-2001,1995-01-01,2001-12-31
8247635,WHS4_154,COUNTRY,LAO,WPR,Western Pacific,YEAR,2017,,,,,,,,,62.2,62.2,,,SIS 2017.,2025-09-26T14:12:09Z,2015-2017,2015-01-01,2017-12-31
8259054,WHS4_154,COUNTRY,BHR,EMR,Eastern Mediterranean,YEAR,2007,,,,,,,,,100,100,,,"Central Informatics Organisation [Bahrain], UN Country Team [Bahrain]; 2010.",2025-09-26T14:12:09Z,2007,2007-01-01,2007-12-31
8262049,WHS4_154,COUNTRY,BRA,AMR,Americas,YEAR,2008,,,,,,,,,89.37102622,89.37102622,,,"Data updated as MOH shared slightly different values during UHC CC 2025. Previously: 89.3 DATASUS, MS/SVS/DASIS [Brazil]. Período: 2008; 2014.",2025-09-26T14:12:09Z,2008,2008-01-01,2008-12-31
8268533,WHS4_154,COUNTRY,IND,SEAR,South-East Asia,YEAR,2011,,,,,,,,,70.7,70.7,,,"3 or more visits.  Ministry of Health and Family Welfare, Statistics Division [India]; 2013.",2025-09-26T14:12:09Z,2010-2011,2010-01-01,2011-12-31
8275109,WHS4_154,COUNTRY,TKM,EUR,Europe,YEAR,2019,,,,,,,,,97.6,97.6,,,MICS 2019.,2025-09-26T14:12:09Z,2017-2019,2017-01-01,2019-12-31
8297869,WHS4_154,COUNTRY,MDV,SEAR,South-East Asia,YEAR,2009,,,,,,,,,85.1,85.1,,,DHS 2009.,2025-09-26T14:12:09Z,2004-2009,2004-01-01,2009-12-31
8301095,WHS4_154,COUNTRY,COL,AMR,Americas,YEAR,2020,,,,,,,,,80.2,80.2,,,WHO/PAHO; 2022.,2025-09-26T14:12:09Z,2020,2020-01-01,2020-12-31
8301893,WHS4_154,COUNTRY,FIN,EUR,Europe,YEAR,2020,,,,,,,,,98.4,98.4,,,National Institute for Health and Welfare (THL) [Finland]; 2023.,2025-09-26T14:12:09Z,2020,2020-01-01,2020-12-31
8302618,WHS4_154,COUNTRY,SYC,AFR,Africa,YEAR,2023,,,,,,,,,99.9,99.9,,,"Annual Health-sector Performance Report, 2023",2025-09-26T14:12:09Z,2023,2023-01-01,2023-12-31
8306707,WHS4_154,COUNTRY,BHS,AMR,Americas,YEAR,2011,,,,,,,,,86,86,,,WHO/PAHO 2022.,2025-09-26T14:12:09Z,2011,2011-01-01,2011-12-31
8307300,WHS4_154,COUNTRY,SEN,AFR,Africa,YEAR,2023,,,,,,,,,68.4,68.4,,,DHS 2023 (DHS Continuous).,2025-09-26T14:12:09Z,2021-2023,2021-01-01,2023-12-31
8321187,WHS4_154,COUNTRY,PHL,WPR,Western Pacific,YEAR,2003,,,,,,,,,70.4,70.4,,,DHS 2003.,2025-09-26T14:12:09Z,1998-2003,1998-01-01,2003-12-31
8364299,WHS4_154,COUNTRY,CRI,AMR,Americas,YEAR,2018,,,,,,,,,94.1,94.1,,,MICS 2018.,2025-09-26T14:12:09Z,2016-2018,2016-01-01,2018-12-31
8365491,WHS4_154,COUNTRY,MOZ,AFR,Africa,YEAR,2011,,,,,,,,,50.6,50.6,,,DHS 2011.,2025-09-26T14:12:09Z,2006-2011,2006-01-01,2011-12-31
8367703,WHS4_154,COUNTRY,URY,AMR,Americas,YEAR,2016,,,,,,,,,96.4,96.4,,,Estadísticas Vitales 1996-2019.,2025-09-26T14:12:09Z,2016,2016-01-01,2016-12-31
8368164,WHS4_154,COUNTRY,ARM,EUR,Europe,YEAR,2016,,,,,,,,,96,96,,,DHS 2015-2016.,2025-09-26T14:12:09Z,2010-2016,2010-01-01,2016-12-31
8384042,WHS4_154,COUNTRY,SVK,EUR,Europe,YEAR,2010,,,,,,,,,92.7,92.7,,,"National Health Information Center, Slovak Republic, 2023",2025-09-26T14:12:09Z,2010,2010-01-01,2010-12-31
8390420,WHS4_154,COUNTRY,ARM,EUR,Europe,YEAR,2010,,,,,,,,,92.8,92.8,,,DHS 2010.,2025-09-26T14:12:09Z,2005-2010,2005-01-01,2010-12-31
8391726,WHS4_154,COUNTRY,GHA,AFR,Africa,YEAR,2022,,,,,,,,,87.8,87.8,,,DHS 2022.,2025-09-26T14:12:09Z,2020-2022,2020-01-01,2022-12-31
8393282,WHS4_154,COUNTRY,FIN,EUR,Europe,YEAR,2014,,,,,,,,,98,98,,,National Institute for Health and Welfare (THL) [Finland]; 2017.,2025-09-26T14:12:09Z,2014,2014-01-01,2014-12-31
8394535,WHS4_154,COUNTRY,ITA,EUR,Europe,YEAR,2009,,,,,,,,,84.2,84.2,,,Direzione Generale del Sistema Informativo – Ufficio di Statistica [Italy]; 2012.,2025-09-26T14:12:09Z,2009,2009-01-01,2009-12-31
8410681,WHS4_154,COUNTRY,GMB,AFR,Africa,YEAR,2013,,,,,,,,,77.6,77.6,,,DHS 2013.,2025-09-26T14:12:09Z,2008-2013,2008-01-01,2013-12-31
8415698,WHS4_154,COUNTRY,IDN,WPR,Western Pacific,YEAR,2021,,,,,,,,,88.8,88.8,,,Indonesia Health Profile in 2023.,2025-09-26T14:12:09Z,2021,2021-01-01,2021-12-31
8437807,WHS4_154,COUNTRY,LUX,EUR,Europe,YEAR,2016,,,,,,,,,99,99,,,"calculated by LUX for 2023 UHC Country consultation for 4+ visits. Ministère de la Santé [Luxembourg], Luxembourg Institute of Health; 2023.",2025-09-26T14:12:09Z,2016,2016-01-01,2016-12-31
8451099,WHS4_154,COUNTRY,CRI,AMR,Americas,YEAR,2015,,,,,,,,,97.6,97.6,,,"3 or more visits. Ministerio de Salud [Ministry of Health, Costa Rica]; 2016.",2025-09-26T14:12:09Z,2010-2015,2010-01-01,2015-12-31
8454132,WHS4_154,COUNTRY,GTM,AMR,Americas,YEAR,1995,,,,,,,,,65,65,,,DHS 1995.,2025-09-26T14:12:09Z,1990-1995,1990-01-01,1995-12-31
8455951,WHS4_154,COUNTRY,TUR,EUR,Europe,YEAR,2017,,,,,,,,,96.9,96.9,,,Health Statistics Yearbook 2017.,2025-09-26T14:12:09Z,2017,2017-01-01,2017-12-31
8457798,WHS4_154,COUNTRY,PRY,AMR,Americas,YEAR,2013,,,,,,,,,76.7,76.7,,,WHO/PAHO; 2015.,2025-09-26T14:12:09Z,2013,2013-01-01,2013-12-31
8468954,WHS4_154,COUNTRY,POL,EUR,Europe,YEAR,2017,,,,,,,,,86.1,86.14253378,,,MoH 2021,2025-09-26T14:12:09Z,2017,2017-01-01,2017-12-31
8487520,WHS4_154,COUNTRY,TTO,AMR,Americas,YEAR,2012,,,,,,,,,100,100,,,WHO/PAHO; 2013.,2025-09-26T14:12:09Z,2012,2012-01-01,2012-12-31
8497815,WHS4_154,COUNTRY,URY,AMR,Americas,YEAR,1997,,,,,,,,,80.4,80.4,,,"Ministerio de Salud Pública [Ministry of Public Health, Uruguay]; 2016.",2025-09-26T14:12:09Z,1997,1997-01-01,1997-12-31
8502559,WHS4_154,COUNTRY,BHS,AMR,Americas,YEAR,2016,,,,,,,,,88.1,88.1,,,WHO/PAHO 2022.,2025-09-26T14:12:09Z,2016,2016-01-01,2016-12-31
8510424,WHS4_154,COUNTRY,ARM,EUR,Europe,YEAR,2000,,,,,,,,,64.7,64.7,,,DHS 2000.,2025-09-26T14:12:09Z,1995-2000,1995-01-01,2000-12-31
8515304,WHS4_154,COUNTRY,SWZ,AFR,Africa,YEAR,2022,,,,,,,,,73.6,73.6,,,MICS 2021-2022.,2025-09-26T14:12:09Z,2019-2022,2019-01-01,2022-12-31
8517292,WHS4_154,COUNTRY,GHA,AFR,Africa,YEAR,2018,,,,,,,,,85,85,,,MICS 2017-2018.,2025-09-26T14:12:09Z,2015-2018,2015-01-01,2018-12-31
8522658,WHS4_154,COUNTRY,ISL,EUR,Europe,YEAR,2018,,,,,,,,,98.7,98.7,,,Icelandic Medical Birth Registry 2018,2025-09-26T14:12:09Z,2018,2018-01-01,2018-12-31
8535963,WHS4_154,COUNTRY,USA,AMR,Americas,YEAR,2019,,,,,,,,,95.8,95.8,,,WHO/PAHO; 2022.,2025-09-26T14:12:09Z,2019,2019-01-01,2019-12-31
8550584,WHS4_154,COUNTRY,CIV,AFR,Africa,YEAR,2012,,,,,,,,,44.2,44.2,,,DHS 2011-2012.,2025-09-26T14:12:09Z,2006-2012,2006-01-01,2012-12-31
8559387,WHS4_154,COUNTRY,SWZ,AFR,Africa,YEAR,2014,,,,,,,,,76.1,76.1,,,MICS 2014.,2025-09-26T14:12:09Z,2012-2014,2012-01-01,2014-12-31
8561316,WHS4_154,COUNTRY,BHS,AMR,Americas,YEAR,2013,,,,,,,,,85,85,,,WHO/PAHO 2022.,2025-09-26T14:12:09Z,2013,2013-01-01,2013-12-31
8571478,WHS4_154,COUNTRY,UKR,EUR,Europe,YEAR,2007,,,,,,,,,74.8,74.8,,,6 or more visits. DHS 2007.,2025-09-26T14:12:09Z,2002-2007,2002-01-01,2007-12-31
8573559,WHS4_154,COUNTRY,ARE,EMR,Eastern Mediterranean,YEAR,2013,,,,,,,,,99.9,99.9,,,Ministry of Health and Prevention [UAE]; 2017.,2025-09-26T14:12:09Z,2013,2013-01-01,2013-12-31
8599469,WHS4_154,COUNTRY,BRB,AMR,Americas,YEAR,2012,,,,,,,,,81,81,,,WHO/PAHO; 2013.,2025-09-26T14:12:09Z,2012,2012-01-01,2012-12-31
8611659,WHS4_154,COUNTRY,LAO,WPR,Western Pacific,YEAR,2021,,,,,,,,,71,71,,,NHRS 2023.,2025-09-26T14:12:09Z,2021,2021-01-01,2021-12-31
8622294,WHS4_154,COUNTRY,AUS,WPR,Western Pacific,YEAR,2010,,,,,,,,,90.4,90.4,,,"Data only includes information from Queensland, South Australia, Tasmania, Australian Capital Territory and the Northern Territory. 5 or more visits. Li Z, Zeki R, Hilder L, Sullivan EA. Australian Institute of Health and Welfare (AIHW); 2012.",2025-09-26T14:12:09Z,2010,2010-01-01,2010-12-31
8631799,WHS4_154,COUNTRY,FIN,EUR,Europe,YEAR,2004,,,,,,,,,99.3,99.3,,,National Institute for Health and Welfare (THL) [Finland]; 2017.,2025-09-26T14:12:09Z,2004,2004-01-01,2004-12-31
8631850,WHS4_154,COUNTRY,BRN,WPR,Western Pacific,YEAR,2012,,,,,,,,,93.2,93.2,,,Includes only public health facilities Ministry of Health [Brunei Darussalam]. Health Information Booklet 2012; 2013.,2025-09-26T14:12:09Z,2012,2012-01-01,2012-12-31
8651032,WHS4_154,COUNTRY,BTN,SEAR,South-East Asia,YEAR,2010,,,,,,,,,77.3,77.3,,,MICS 2010.,2025-09-26T14:12:09Z,2008-2010,2008-01-01,2010-12-31
8654204,WHS4_154,COUNTRY,FIN,EUR,Europe,YEAR,2009,,,,,,,,,99.1,99.1,,,National Institute for Health and Welfare (THL) [Finland]; 2017.,2025-09-26T14:12:09Z,2009,2009-01-01,2009-12-31
8667273,WHS4_154,COUNTRY,NGA,AFR,Africa,YEAR,2003,,,,,,,,,47.4,47.4,,,DHS 2003.,2025-09-26T14:12:09Z,1998-2003,1998-01-01,2003-12-31
8669378,WHS4_154,COUNTRY,HRV,EUR,Europe,YEAR,2011,,,,,,,,,94.89,94.89,,,Recalculation UHC CC Croatian National Institute of Public Health; 2012.,2025-09-26T14:12:09Z,2011,2011-01-01,2011-12-31
8690640,WHS4_154,COUNTRY,TGO,AFR,Africa,YEAR,2014,,,,,,,,,57.2,57.2,,,DHS 2013-2014.,2025-09-26T14:12:09Z,2008-2014,2008-01-01,2014-12-31
8694459,WHS4_154,COUNTRY,GIN,AFR,Africa,YEAR,1999,,,,,,,,,46.3,46.3,,,DHS 1999.,2025-09-26T14:12:09Z,1994-1999,1994-01-01,1999-12-31
8700916,WHS4_154,COUNTRY,SLV,AMR,Americas,YEAR,2003,,,,,,,,,71.2,71.2,,,5+ visits. ADS [El Salvador]. FESAL 2002/03; 2004.,2025-09-26T14:12:09Z,1997-2003,1997-01-01,2003-12-31
8733720,WHS4_154,COUNTRY,MNE,EUR,Europe,YEAR,2018,,,,,,,,,75.4,75.4,,,MICS 2018.,2025-09-26T14:12:09Z,2016-2018,2016-01-01,2018-12-31
8735833,WHS4_154,COUNTRY,ZWE,AFR,Africa,YEAR,2015,,,,,,,,,75.7,75.7,,,DHS 2015.,2025-09-26T14:12:09Z,2010-2015,2010-01-01,2015-12-31
8736376,WHS4_154,COUNTRY,CZE,EUR,Europe,YEAR,1993,,,,,,,,,96.8,96.8,,,6 or more visits. RHS 1993.,2025-09-26T14:12:09Z,1993,1993-01-01,1993-12-31
8740262,WHS4_154,COUNTRY,PRI,AMR,Americas,YEAR,2001,,,,,,,,,95.9,95.9,,,PLISA Health Information Platform; 2024.,2025-09-26T14:12:09Z,2001,2001-01-01,2001-12-31
8751036,WHS4_154,COUNTRY,MEX,AMR,Americas,YEAR,2016,,,,,,,,,89.5,89.5,,,PAHO Database; 2018.,2025-09-26T14:12:09Z,2016,2016-01-01,2016-12-31
8755373,WHS4_154,COUNTRY,MDV,SEAR,South-East Asia,YEAR,2017,,,,,,,,,81.6,81.6,,,DHS 2016-2017.,2025-09-26T14:12:09Z,2011-2017,2011-01-01,2017-12-31
8755916,WHS4_154,COUNTRY,ISL,EUR,Europe,YEAR,2009,,,,,,,,,98.2,98.2,,,5 or more visits. Directorate of Health [Iceland]; 2010.,2025-09-26T14:12:09Z,2009,2009-01-01,2009-12-31
8770819,WHS4_154,COUNTRY,AFG,EMR,Eastern Mediterranean,YEAR,2020,,,,,,,,,27.6,27.6,,,IE and LFS 2020,2025-09-26T14:12:09Z,2014-2020,2014-01-01,2020-12-31
8772038,WHS4_154,COUNTRY,VEN,AMR,Americas,YEAR,2017,,,,,,,,,83.8,83.8,,,PAHO Database; 2018.,2025-09-26T14:12:09Z,2017,2017-01-01,2017-12-31
8780722,WHS4_154,COUNTRY,MDA,EUR,Europe,YEAR,2005,,,,,,,,,88.8,88.8,,,DHS 2005.,2025-09-26T14:12:09Z,2000-2005,2000-01-01,2005-12-31
8787220,WHS4_154,COUNTRY,KEN,AFR,Africa,YEAR,2009,,,,,,,,,47.1,47.1,,,DHS 2008-2009.,2025-09-26T14:12:09Z,2003-2009,2003-01-01,2009-12-31
8795346,WHS4_154,COUNTRY,TKM,EUR,Europe,YEAR,2000,,,,,,,,,82.8,82.8,,,DHS 2000.,2025-09-26T14:12:09Z,1995-2000,1995-01-01,2000-12-31
8805277,WHS4_154,COUNTRY,BRA,AMR,Americas,YEAR,2012,,,,,,,,,88.81247917,88.81247917,,,"Data updated as MOH shared slightly different values during UHC CC 2025. Previously: 88.7 DATASUS, MS/SVS/DASIS [Brazil]. Período: 2012; 2014.",2025-09-26T14:12:09Z,2012,2012-01-01,2012-12-31
8808588,WHS4_154,COUNTRY,BRA,AMR,Americas,YEAR,2006,,,,,,,,,80.9,80.9,,,"6 or more visits.  Ministério da Saúde, [Brazil]; 2009.",2025-09-26T14:12:09Z,2001-2006,2001-01-01,2006-12-31
8809654,WHS4_154,COUNTRY,BHS,AMR,Americas,YEAR,2006,,,,,,,,,87.9,87.9,,,WHO/PAHO 2022.,2025-09-26T14:12:09Z,2006,2006-01-01,2006-12-31
8811077,WHS4_154,COUNTRY,PAK,EMR,Eastern Mediterranean,YEAR,1991,,,,,,,,,14.2,14.2,,,DHS 1990-1991.,2025-09-26T14:12:09Z,1985-1991,1985-01-01,1991-12-31
8815306,WHS4_154,COUNTRY,SGP,WPR,Western Pacific,YEAR,2013,,,,,,,,,96.6,96.6,,,Government administrative databases for outpatient and birth records - Singapore; 2023.,2025-09-26T14:12:09Z,2013,2013-01-01,2013-12-31
8819164,WHS4_154,COUNTRY,MYS,WPR,Western Pacific,YEAR,2016,,,,,,,,,97.4,97.4,,,The National Health and Morbidity Survey 2016.,2025-09-26T14:12:09Z,2016,2016-01-01,2016-12-31
8826990,WHS4_154,COUNTRY,DOM,AMR,Americas,YEAR,2007,,,,,,,,,94.5,94.5,,,DHS 2007.,2025-09-26T14:12:09Z,2002-2007,2002-01-01,2007-12-31
8829261,WHS4_154,COUNTRY,USA,AMR,Americas,YEAR,2000,,,,,,,,,92.1,92.1,,,WHO/PAHO; 2022.,2025-09-26T14:12:09Z,2000,2000-01-01,2000-12-31
8833587,WHS4_154,COUNTRY,NPL,SEAR,South-East Asia,YEAR,2001,,,,,,,,,14.3,14.3,,,DHS 2001.,2025-09-26T14:12:09Z,1996-2001,1996-01-01,2001-12-31
8858557,WHS4_154,COUNTRY,THA,SEAR,South-East Asia,YEAR,2016,,,,,,,,,90.8,90.8,,,MICS 2015-16.,2025-09-26T14:12:09Z,2013-2016,2013-01-01,2016-12-31
8863412,WHS4_154,COUNTRY,TTO,AMR,Americas,YEAR,2013,,,,,,,,,100,100,,,WHO/PAHO; 2014.,2025-09-26T14:12:09Z,2013,2013-01-01,2013-12-31
8867545,WHS4_154,COUNTRY,GAB,AFR,Africa,YEAR,2012,,,,,,,,,77.6,77.6,,,DHS 2012.,2025-09-26T14:12:09Z,2007-2012,2007-01-01,2012-12-31
8886995,WHS4_154,COUNTRY,ISL,EUR,Europe,YEAR,2013,,,,,,,,,98.7,98.7,,,5 or more visits. Directorate of Health [Iceland]; 2014.,2025-09-26T14:12:09Z,2013,2013-01-01,2013-12-31
8896323,WHS4_154,COUNTRY,PNG,WPR,Western Pacific,YEAR,2018,,,,,,,,,49,49,,,DHS 2016-2018.,2025-09-26T14:12:09Z,2011-2018,2011-01-01,2018-12-31
8903757,WHS4_154,COUNTRY,NGA,AFR,Africa,YEAR,1999,,,,,,,,,47.3,47.3,,,DHS 1999.,2025-09-26T14:12:09Z,1996-1999,1996-01-01,1999-12-31
8904504,WHS4_154,COUNTRY,CRI,AMR,Americas,YEAR,2022,,,,,,,,,94.1,94.1,,,PLISA Health Information Platform; 2024.,2025-09-26T14:12:09Z,2022,2022-01-01,2022-12-31
8910991,WHS4_154,COUNTRY,SGP,WPR,Western Pacific,YEAR,2012,,,,,,,,,96.3,96.3,,,Government administrative databases for outpatient and birth records - Singapore; 2023.,2025-09-26T14:12:09Z,2012,2012-01-01,2012-12-31
8916239,WHS4_154,COUNTRY,MEX,AMR,Americas,YEAR,2012,,,,,,,,,91,91,,,Instituto Nacional de Salud Pública [Mexico]; 2012.,2025-09-26T14:12:09Z,2007-2012,2007-01-01,2012-12-31
8922202,WHS4_154,COUNTRY,GHA,AFR,Africa,YEAR,2014,,,,,,,,,87.3,87.3,,,DHS 2014.,2025-09-26T14:12:09Z,2009-2014,2009-01-01,2014-12-31
8924989,WHS4_154,COUNTRY,BHS,AMR,Americas,YEAR,2004,,,,,,,,,81.6,81.6,,,WHO/PAHO 2022.,2025-09-26T14:12:09Z,2004,2004-01-01,2004-12-31
8928124,WHS4_154,COUNTRY,BGD,SEAR,South-East Asia,YEAR,2000,,,,,,,,,10.5,10.5,,,DHS 1999-2000.,2025-09-26T14:12:09Z,1994-2000,1994-01-01,2000-12-31
8930366,WHS4_154,COUNTRY,JOR,EMR,Eastern Mediterranean,YEAR,2002,,,,,,,,,90.9,90.9,,,DHS 2002.,2025-09-26T14:12:09Z,1997-2002,1997-01-01,2002-12-31
8936892,WHS4_154,COUNTRY,URY,AMR,Americas,YEAR,2004,,,,,,,,,88.7,88.7,,,"Ministerio de Salud Pública [Ministry of Public Health, Uruguay]; 2016.",2025-09-26T14:12:09Z,2004,2004-01-01,2004-12-31
8937236,WHS4_154,COUNTRY,BOL,AMR,Americas,YEAR,2023,,,,,,,,,82.1,82.1,,,PLISA Health Information Platform; 2025.,2025-09-26T14:12:09Z,2023,2023-01-01,2023-12-31
8946010,WHS4_154,COUNTRY,SUR,AMR,Americas,YEAR,2018,,,,,,,,,67.5,67.5,,,MICS 2018.,2025-09-26T14:12:09Z,2016-2018,2016-01-01,2018-12-31
8946621,WHS4_154,COUNTRY,OMN,EMR,Eastern Mediterranean,YEAR,2007,,,,,,,,,86.3,86.3,,,Ministry of Health [Oman]; 2012.,2025-09-26T14:12:09Z,2007,2007-01-01,2007-12-31
8957367,WHS4_154,COUNTRY,BRA,AMR,Americas,YEAR,2019,,,,,,,,,92.74075231,92.74075231,,,"No change from UHC CC 2025 data. DATASUS, MS/SVS/DASIS [Brazil]. Período: 2019.",2025-09-26T14:12:09Z,2019,2019-01-01,2019-12-31
8961058,WHS4_154,COUNTRY,NER,AFR,Africa,YEAR,2012,,,,,,,,,32.8,32.8,,,DHS 2012.,2025-09-26T14:12:09Z,2007-2012,2007-01-01,2012-12-31
8962408,WHS4_154,COUNTRY,TKM,EUR,Europe,YEAR,2016,,,,,,,,,96.4,96.4,,,MICS 2015-16.,2025-09-26T14:12:09Z,2013-2016,2013-01-01,2016-12-31
8964225,WHS4_154,COUNTRY,GEO,EUR,Europe,YEAR,2001,,,,,,,,,59.3,59.3,,,"Ministry of Labour, Health and Social Affairs of Georgia; 2012.",2025-09-26T14:12:09Z,2001,2001-01-01,2001-12-31
8967866,WHS4_154,COUNTRY,ATG,AMR,Americas,YEAR,2014,,,,,,,,,100,100,,,WHO/PAHO; 2015.,2025-09-26T14:12:09Z,2014,2014-01-01,2014-12-31
8974308,WHS4_154,COUNTRY,AFG,EMR,Eastern Mediterranean,YEAR,2012,,,,,,,,,9.9,9.9,,,Central Statistics Organization (CSO) [Afghanistan]; 2014.,2025-09-26T14:12:09Z,2006-2012,2006-01-01,2012-12-31
8975201,WHS4_154,COUNTRY,COD,AFR,Africa,YEAR,2018,,,,,,,,,42.9,42.9,,,MICS 2017-2018.,2025-09-26T14:12:09Z,2015-2018,2015-01-01,2018-12-31
8976022,WHS4_154,COUNTRY,LSO,AFR,Africa,YEAR,2014,,,,,,,,,74.4,74.4,,,DHS 2014.,2025-09-26T14:12:09Z,2009-2014,2009-01-01,2014-12-31
8987448,WHS4_154,COUNTRY,EST,EUR,Europe,YEAR,2004,,,,,,,,,96,96,,,National Institute for Health Development [Estonia]; 2012.,2025-09-26T14:12:09Z,2004,2004-01-01,2004-12-31
9015254,WHS4_154,COUNTRY,BGD,SEAR,South-East Asia,YEAR,2018,,,,,,,,,47,47,,,DHS 2017-18.,2025-09-26T14:12:09Z,2014-2018,2014-01-01,2018-12-31
9019444,WHS4_154,COUNTRY,LUX,EUR,Europe,YEAR,2021,,,,,,,,,97.6,97.6,,,"calculated by LUX for 2023 UHC Country consultation for 4+ visits. Ministère de la Santé [Luxembourg], Luxembourg Institute of Health; 2023.",2025-09-26T14:12:09Z,2021,2021-01-01,2021-12-31
9022746,WHS4_154,COUNTRY,ISL,EUR,Europe,YEAR,2014,,,,,,,,,98.3,98.3,,,5 or more visits. Directorate of Health [Iceland]; 2015.,2025-09-26T14:12:09Z,2014,2014-01-01,2014-12-31
9022778,WHS4_154,COUNTRY,SDN,EMR,Eastern Mediterranean,YEAR,2019,,,,,,,,,51.7,51.7,,,Simple Spatial Survey Method (S3M II) Report 2020.,2025-09-26T14:12:09Z,2018-2019,2018-01-01,2019-12-31
9039486,WHS4_154,COUNTRY,LAO,WPR,Western Pacific,YEAR,2017,,,,,,,,,59,59,,,NHRS 2023.,2025-09-26T14:12:09Z,2017,2017-01-01,2017-12-31
9053450,WHS4_154,COUNTRY,AUS,WPR,Western Pacific,YEAR,2014,,,,,,,,,95.3,95.3,,,5 or more visits. Australian Institute of Health and Welfare (AIHW); 2016.,2025-09-26T14:12:09Z,2014,2014-01-01,2014-12-31
9060674,WHS4_154,COUNTRY,GHA,AFR,Africa,YEAR,2007,,,,,,,,,76.7,76.7,,,"Ghana Statistical Service (GSS), Ghana Health Service (GHS), Macro International. MHS 2007; 2009.",2025-09-26T14:12:09Z,2002-2007,2002-01-01,2007-12-31
9062480,WHS4_154,COUNTRY,PRY,AMR,Americas,YEAR,2010,,,,,,,,,70.3,70.3,,,PLISA Health Information Platform; 2025.,2025-09-26T14:12:09Z,2010,2010-01-01,2010-12-31
9063465,WHS4_154,COUNTRY,URY,AMR,Americas,YEAR,2021,,,,,,,,,97.1,97.1,,,WHO/PAHO; 2022.,2025-09-26T14:12:09Z,2021,2021-01-01,2021-12-31
9064017,WHS4_154,COUNTRY,PER,AMR,Americas,YEAR,2000,,,,,,,,,69,69,,,DHS 2000.,2025-09-26T14:12:09Z,1995-2000,1995-01-01,2000-12-31
9068534,WHS4_154,COUNTRY,EST,EUR,Europe,YEAR,2013,,,,,,,,,97.3,97.3,,,5+ visits  National Institute for Health Development [Estonia]; 2015.,2025-09-26T14:12:09Z,2013,2013-01-01,2013-12-31
9094550,WHS4_154,COUNTRY,BRB,AMR,Americas,YEAR,2016,,,,,,,,,97.5,97.5,,,WHO/PAHO; 2019.,2025-09-26T14:12:09Z,2016,2016-01-01,2016-12-31
9100749,WHS4_154,COUNTRY,CUB,AMR,Americas,YEAR,2014,,,,,,,,,97.8,97.8,,,MICS 2014.,2025-09-26T14:12:09Z,2012-2014,2012-01-01,2014-12-31
9104448,WHS4_154,COUNTRY,GHA,AFR,Africa,YEAR,2003,,,,,,,,,69.4,69.4,,,DHS 2003.,2025-09-26T14:12:09Z,1998-2003,1998-01-01,2003-12-31
9113603,WHS4_154,COUNTRY,GUY,AMR,Americas,YEAR,2013,,,,,,,,,95.1,95.1,,,WHO/PAHO; 2022.,2025-09-26T14:12:09Z,2013,2013-01-01,2013-12-31
9118814,WHS4_154,COUNTRY,BWA,AFR,Africa,YEAR,2007,,,,,,,,,73.3,73.3,,,BFHS IV 2007.,2025-09-26T14:12:09Z,2005-2007,2005-01-01,2007-12-31
9120964,WHS4_154,COUNTRY,UZB,EUR,Europe,YEAR,1996,,,,,,,,,78.5,78.5,,,DHS 1996.,2025-09-26T14:12:09Z,1993-1996,1993-01-01,1996-12-31
9128407,WHS4_154,COUNTRY,SRB,EUR,Europe,YEAR,2019,,,,,,,,,96.6,96.6,,,MICS 2019.,2025-09-26T14:12:09Z,2017-2019,2017-01-01,2019-12-31
9128977,WHS4_154,COUNTRY,LUX,EUR,Europe,YEAR,2020,,,,,,,,,97.8,97.8,,,"calculated by LUX for 2023 UHC Country consultation for 4+ visits. Ministère de la Santé [Luxembourg], Luxembourg Institute of Health; 2023.",2025-09-26T14:12:09Z,2020,2020-01-01,2020-12-31
9138535,WHS4_154,COUNTRY,PSE,EMR,Eastern Mediterranean,YEAR,2014,,,,,,,,,95.5,95.5,,,MICS 2014.,2025-09-26T14:12:09Z,2012-2014,2012-01-01,2014-12-31
9141307,WHS4_154,COUNTRY,URY,AMR,Americas,YEAR,2012,,,,,,,,,94.2,94.2,,,"Ministerio de Salud Pública [Ministry of Public Health, Uruguay]; 2016.",2025-09-26T14:12:09Z,2012,2012-01-01,2012-12-31
9143528,WHS4_154,COUNTRY,ARG,AMR,Americas,YEAR,2020,,,,,,,,,90.4,90.4,,,MICS 2019-2020,2025-09-26T14:12:09Z,2017-2020,2017-01-01,2020-12-31
9145839,WHS4_154,COUNTRY,BGD,SEAR,South-East Asia,YEAR,2010,,,,,,,,,23.4,23.4,,,"National Institute of Population Research and Training (NIPORT), MEASURE Evaluation, icddr,b [Bangladesh]; 2012.",2025-09-26T14:12:09Z,2007-2010,2007-01-01,2010-12-31
9148995,WHS4_154,COUNTRY,CZE,EUR,Europe,YEAR,2007,,,,,,,,,95.4,95.4,,,3 or more visits. Ústav zdravotnických informací a statistiky ČR [Czech Republic]; 2008.,2025-09-26T14:12:09Z,2007,2007-01-01,2007-12-31
9165944,WHS4_154,COUNTRY,CRI,AMR,Americas,YEAR,2016,,,,,,,,,76.6,76.6,,,PAHO Database; 2018.,2025-09-26T14:12:09Z,2016,2016-01-01,2016-12-31
9169515,WHS4_154,COUNTRY,ITA,EUR,Europe,YEAR,2022,,,,,,,,,91.9,91.9,,,Certificato di assistenza al parto (CeDAP). Analisi dell’evento nascita - Anno 2022,2025-09-26T14:12:09Z,2022,2022-01-01,2022-12-31
9172438,WHS4_154,COUNTRY,NIC,AMR,Americas,YEAR,2013,,,,,,,,,74.9,74.9,,,PAHO Database; 2018.,2025-09-26T14:12:09Z,2013,2013-01-01,2013-12-31
9174130,WHS4_154,COUNTRY,PHL,WPR,Western Pacific,YEAR,1998,,,,,,,,,77,77,,,3 or more visits. DHS 1998.,2025-09-26T14:12:09Z,1993-1998,1993-01-01,1998-12-31
9210715,WHS4_154,COUNTRY,USA,AMR,Americas,YEAR,2022,,,,,,,,,95.2,95.2,,,PLISA Health Information Platform; 2025.,2025-09-26T14:12:09Z,2022,2022-01-01,2022-12-31
9211981,WHS4_154,COUNTRY,TCD,AFR,Africa,YEAR,2010,,,,,,,,,23.1,23.1,,,MICS 2010.,2025-09-26T14:12:09Z,2008-2010,2008-01-01,2010-12-31
9213905,WHS4_154,COUNTRY,FIN,EUR,Europe,YEAR,2016,,,,,,,,,97.5,97.5,,,National Institute for Health and Welfare (THL) [Finland]; 2023.,2025-09-26T14:12:09Z,2016,2016-01-01,2016-12-31
9231664,WHS4_154,COUNTRY,DMA,AMR,Americas,YEAR,2015,,,,,,,,,89.6,89.6,,,PAHO Database; 2018.,2025-09-26T14:12:09Z,2015,2015-01-01,2015-12-31
9236055,WHS4_154,COUNTRY,LSO,AFR,Africa,YEAR,2024,,,,,,,,,81.9,81.9,,,DHS 2023-2024.,2025-09-26T14:12:09Z,2021-2024,2021-01-01,2024-12-31
9237023,WHS4_154,COUNTRY,GIN,AFR,Africa,YEAR,2016,,,,,,,,,50.6,50.6,,,MICS 2016.,2025-09-26T14:12:09Z,2013-2016,2013-01-01,2016-12-31
9237427,WHS4_154,COUNTRY,HTI,AMR,Americas,YEAR,2006,,,,,,,,,53.8,53.8,,,DHS 2005-2006.,2025-09-26T14:12:09Z,2000-2006,2000-01-01,2006-12-31
9241344,WHS4_154,COUNTRY,COM,AFR,Africa,YEAR,2012,,,,,,,,,48.9,48.9,,,MICS 2012.,2025-09-26T14:12:09Z,2007-2012,2007-01-01,2012-12-31
9255245,WHS4_154,COUNTRY,URY,AMR,Americas,YEAR,2003,,,,,,,,,87,87,,,"Ministerio de Salud Pública [Ministry of Public Health, Uruguay]; 2016.",2025-09-26T14:12:09Z,2003,2003-01-01,2003-12-31
9263644,WHS4_154,COUNTRY,HND,AMR,Americas,YEAR,2000,,,,,,,,,58.6,58.6,,,"Secretaría de Salud de Honduras (SS), la Asociación Hondureña de Planificación de Familia (ASHONPLAFA), USAID; 2002.",2025-09-26T14:12:09Z,1996-2000,1996-01-01,2000-12-31
9265207,WHS4_154,COUNTRY,SLB,WPR,Western Pacific,YEAR,2015,,,,,,,,,68.9,68.9,,,DHS 2015.,2025-09-26T14:12:09Z,2010-2015,2010-01-01,2015-12-31
9267107,WHS4_154,COUNTRY,POL,EUR,Europe,YEAR,2018,,,,,,,,,84.5,84.543408494,,,MoH 2021,2025-09-26T14:12:09Z,2018,2018-01-01,2018-12-31
9281869,WHS4_154,COUNTRY,USA,AMR,Americas,YEAR,1997,,,,,,,,,92.3,92.3,,,WHO/PAHO; 2022.,2025-09-26T14:12:09Z,1997,1997-01-01,1997-12-31
9284572,WHS4_154,COUNTRY,BEN,AFR,Africa,YEAR,2018,,,,,,,,,52.1,52.1,,,DHS 2017-2018.,2025-09-26T14:12:09Z,2012-2018,2012-01-01,2018-12-31
9286147,WHS4_154,COUNTRY,NRU,WPR,Western Pacific,YEAR,2021,,,,,,,,,53.8,53.8,,,"Nauru Ministry of Health and Medical Services, 2023.",2025-09-26T14:12:09Z,2021,2021-01-01,2021-12-31
9289750,WHS4_154,COUNTRY,SLB,WPR,Western Pacific,YEAR,2007,,,,,,,,,64.6,64.6,,,DHS 2006-2007.,2025-09-26T14:12:09Z,2001-2007,2001-01-01,2007-12-31
9295225,WHS4_154,COUNTRY,PAK,EMR,Eastern Mediterranean,YEAR,2007,,,,,,,,,28.4,28.4,,,DHS 2006-2007.,2025-09-26T14:12:09Z,2001-2007,2001-01-01,2007-12-31
9304306,WHS4_154,COUNTRY,BGD,SEAR,South-East Asia,YEAR,2011,,,,,,,,,25.5,25.5,,,DHS 2011.,2025-09-26T14:12:09Z,2008-2011,2008-01-01,2011-12-31
9308481,WHS4_154,COUNTRY,DOM,AMR,Americas,YEAR,2012,,,,,,,,,92.9,92.9,,,MICS 2014.,2025-09-26T14:12:09Z,2012,2012-01-01,2012-12-31
9315224,WHS4_154,COUNTRY,VUT,WPR,Western Pacific,YEAR,2023,,,,,,,,,65,65,,,MICS 2023.,2025-09-26T14:12:09Z,2021-2023,2021-01-01,2023-12-31
9316802,WHS4_154,COUNTRY,SYR,EMR,Eastern Mediterranean,YEAR,2001,,,,,,,,,42.1,42.1,,,FHS 2001.,2025-09-26T14:12:09Z,1996-2001,1996-01-01,2001-12-31
9324504,WHS4_154,COUNTRY,CZE,EUR,Europe,YEAR,2002,,,,,,,,,97.7,97.7,,,3 or more visits. Ústav zdravotnických informací a statistiky ČR [Czech Republic]. Mother and Newborn 2002; 2004.,2025-09-26T14:12:09Z,2002,2002-01-01,2002-12-31
9332820,WHS4_154,COUNTRY,BHS,AMR,Americas,YEAR,2012,,,,,,,,,92,92,,,WHO/PAHO 2022.,2025-09-26T14:12:09Z,2012,2012-01-01,2012-12-31
9372055,WHS4_154,COUNTRY,IND,SEAR,South-East Asia,YEAR,2016,,,,,,,,,51.2,51.2,,,"DHS NFHS-4, 2015-2016.",2025-09-26T14:12:09Z,2010-2016,2010-01-01,2016-12-31
9374888,WHS4_154,COUNTRY,GUY,AMR,Americas,YEAR,2011,,,,,,,,,95.1,95.1,,,WHO/PAHO; 2022.,2025-09-26T14:12:09Z,2011,2011-01-01,2011-12-31
9388827,WHS4_154,COUNTRY,NGA,AFR,Africa,YEAR,2013,,,,,,,,,51.1,51.1,,,DHS 2013.,2025-09-26T14:12:09Z,2008-2013,2008-01-01,2013-12-31
9389291,WHS4_154,COUNTRY,PRY,AMR,Americas,YEAR,2021,,,,,,,,,79.6,79.6,,,PLISA Health Information Platform; 2024.,2025-09-26T14:12:09Z,2021,2021-01-01,2021-12-31
9395963,WHS4_154,COUNTRY,BGD,SEAR,South-East Asia,YEAR,1997,,,,,,,,,5.8,5.8,,,DHS 1996-1997.,2025-09-26T14:12:09Z,1991-1997,1991-01-01,1997-12-31
9397597,WHS4_154,COUNTRY,GUY,AMR,Americas,YEAR,2014,,,,,,,,,86.7,86.7,,,MICS 2014.,2025-09-26T14:12:09Z,2012-2014,2012-01-01,2014-12-31
9399295,WHS4_154,COUNTRY,AZE,EUR,Europe,YEAR,2023,,,,,,,,,91.4,91.4,,,MICS 2023.,2025-09-26T14:12:09Z,2021-2023,2021-01-01,2023-12-31
9402353,WHS4_154,COUNTRY,TUR,EUR,Europe,YEAR,2020,,,,,,,,,96.2,96.2,,,Health Statistics Yearbook 2020.,2025-09-26T14:12:09Z,2020,2020-01-01,2020-12-31
9406074,WHS4_154,COUNTRY,CMR,AFR,Africa,YEAR,2004,,,,,,,,,60.4,60.4,,,DHS 2004.,2025-09-26T14:12:09Z,1999-2004,1999-01-01,2004-12-31
9407106,WHS4_154,COUNTRY,PAK,EMR,Eastern Mediterranean,YEAR,2019,,,,,,,,,52.4,52.4,,,Maternal Mortality Survey 2019.,2025-09-26T14:12:09Z,2016-2019,2016-01-01,2019-12-31
9416870,WHS4_154,COUNTRY,CZE,EUR,Europe,YEAR,2009,,,,,,,,,94.7,94.7,,,3 or more visits. Ústav zdravotnických informací a statistiky ČR [Czech Republic]; 2009.,2025-09-26T14:12:09Z,2009,2009-01-01,2009-12-31
9417694,WHS4_154,COUNTRY,BHS,AMR,Americas,YEAR,2005,,,,,,,,,71.3,71.3,,,WHO/PAHO 2022.,2025-09-26T14:12:09Z,2005,2005-01-01,2005-12-31
9422450,WHS4_154,COUNTRY,MDV,SEAR,South-East Asia,YEAR,2004,,,,,,,,,91,91,,,"Merhi S, Cockcroft A, Andersson N (CIETinternational) [Republic of Maldives]; 2004.",2025-09-26T14:12:09Z,2004,2004-01-01,2004-12-31
9425467,WHS4_154,COUNTRY,OMN,EMR,Eastern Mediterranean,YEAR,2008,,,,,,,,,89.2,89.2,,,Ministry of Health [Oman]; 2012.,2025-09-26T14:12:09Z,2008,2008-01-01,2008-12-31
9439016,WHS4_154,COUNTRY,FJI,WPR,Western Pacific,YEAR,2013,,,,,,,,,93.6,93.6,,,Ministry of Health [Fiji]; Fiji National Immunisation Coverage Survey 2013; 2014.,2025-09-26T14:12:09Z,2013,2013-01-01,2013-12-31
9441477,WHS4_154,COUNTRY,PRY,AMR,Americas,YEAR,2015,,,,,,,,,77.4,77.4,,,WHO/PAHO; 2017.,2025-09-26T14:12:09Z,2015,2015-01-01,2015-12-31
9450345,WHS4_154,COUNTRY,SUR,AMR,Americas,YEAR,2010,,,,,,,,,66.8,66.8,,,MICS 2010.,2025-09-26T14:12:09Z,2008-2010,2008-01-01,2010-12-31
9458254,WHS4_154,COUNTRY,MDG,AFR,Africa,YEAR,1997,,,,,,,,,39.7,39.7,,,DHS 1997.,2025-09-26T14:12:09Z,1994-1997,1994-01-01,1997-12-31
9474763,WHS4_154,COUNTRY,USA,AMR,Americas,YEAR,2001,,,,,,,,,92.7,92.7,,,WHO/PAHO; 2022.,2025-09-26T14:12:09Z,2001,2001-01-01,2001-12-31
9477073,WHS4_154,COUNTRY,TGO,AFR,Africa,YEAR,2010,,,,,,,,,54.9,54.9,,,MICS 2010.,2025-09-26T14:12:09Z,2008-2010,2008-01-01,2010-12-31
9487150,WHS4_154,COUNTRY,GHA,AFR,Africa,YEAR,2008,,,,,,,,,78.2,78.2,,,DHS 2008.,2025-09-26T14:12:09Z,2003-2008,2003-01-01,2008-12-31
9488097,WHS4_154,COUNTRY,SGP,WPR,Western Pacific,YEAR,2011,,,,,,,,,96,96,,,Government administrative databases for outpatient and birth records - Singapore; 2023.,2025-09-26T14:12:09Z,2011,2011-01-01,2011-12-31
9488873,WHS4_154,COUNTRY,TON,WPR,Western Pacific,YEAR,2019,,,,,,,,,88.5,88.5,,,MICS 2019.,2025-09-26T14:12:09Z,2017-2019,2017-01-01,2019-12-31
9494497,WHS4_154,COUNTRY,BLZ,AMR,Americas,YEAR,2011,,,,,,,,,83.1,83.1,,,MICS 2011.,2025-09-26T14:12:09Z,2009-2011,2009-01-01,2011-12-31
9495572,WHS4_154,COUNTRY,BOL,AMR,Americas,YEAR,2021,,,,,,,,,81.5,81.5,,,WHO/PAHO; 2022.,2025-09-26T14:12:09Z,2021,2021-01-01,2021-12-31
9506802,WHS4_154,COUNTRY,FRA,EUR,Europe,YEAR,2010,,,,,,,,,98.9,98.9,,,"Blondel B, Kermarrec M (Institut National de la santé et de la recherche médicale/INSERM [France]); 2011.",2025-09-26T14:12:09Z,2010,2010-01-01,2010-12-31
9511040,WHS4_154,COUNTRY,TUR,EUR,Europe,YEAR,2003,,,,,,,,,53.9,53.9,,,DHS 2003.,2025-09-26T14:12:09Z,1998-2003,1998-01-01,2003-12-31
9541606,WHS4_154,COUNTRY,HND,AMR,Americas,YEAR,2006,,,,,,,,,80.8,80.8,,,DHS 2005-2006.,2025-09-26T14:12:09Z,2000-2006,2000-01-01,2006-12-31
9554178,WHS4_154,COUNTRY,LSO,AFR,Africa,YEAR,2004,,,,,,,,,69.6,69.6,,,DHS 2004.,2025-09-26T14:12:09Z,1999-2004,1999-01-01,2004-12-31
9554383,WHS4_154,COUNTRY,LAO,WPR,Western Pacific,YEAR,2012,,,,,,,,,36.9,36.9,,,MICS 2011-12/DHS 2011-12 (LSIS 2011-12).,2025-09-26T14:12:09Z,2009-2012,2009-01-01,2012-12-31
9557682,WHS4_154,COUNTRY,KIR,WPR,Western Pacific,YEAR,2019,,,,,,,,,67,67,,,MICS 2018-2019.,2025-09-26T14:12:09Z,2016-2019,2016-01-01,2019-12-31
9574765,WHS4_154,COUNTRY,BOL,AMR,Americas,YEAR,2022,,,,,,,,,81.3,81.3,,,Public sector only PLISA Health Information Platform; 2024.,2025-09-26T14:12:09Z,2022,2022-01-01,2022-12-31
9577992,WHS4_154,COUNTRY,BOL,AMR,Americas,YEAR,2017,,,,,,,,,85.3,85.3,,,WHO/PAHO; 2018.,2025-09-26T14:12:09Z,2017,2017-01-01,2017-12-31
9586457,WHS4_154,COUNTRY,NGA,AFR,Africa,YEAR,2021,,,,,,,DATASOURCE,DATASOURCE_ANC4NGA2021MIS,51.5,51.5,,,MIS 2021.,2025-09-26T14:12:09Z,2019-2021,2019-01-01,2021-12-31
9597396,WHS4_154,COUNTRY,GEO,EUR,Europe,YEAR,2020,,,,,,,,,85.2,85.2,,,"Health Care, Statistical Yearbook 2020.",2025-09-26T14:12:09Z,2020,2020-01-01,2020-12-31
9601962,WHS4_154,COUNTRY,SGP,WPR,Western Pacific,YEAR,2008,,,,,,,,,95.5,95.5,,,Government administrative databases for outpatient and birth records - Singapore; 2023.,2025-09-26T14:12:09Z,2008,2008-01-01,2008-12-31
9606481,WHS4_154,COUNTRY,CZE,EUR,Europe,YEAR,2012,,,,,,,,,95.6,95.6,,,3 or more visits. Ústav zdravotnických informací a statistiky ČR [Czech Republic]; 2013.,2025-09-26T14:12:09Z,2012,2012-01-01,2012-12-31
9613284,WHS4_154,COUNTRY,PRY,AMR,Americas,YEAR,2012,,,,,,,,,71.3,71.3,,,PLISA Health Information Platform; 2025.,2025-09-26T14:12:09Z,2012,2012-01-01,2012-12-31
9616873,WHS4_154,COUNTRY,ISL,EUR,Europe,YEAR,2016,,,,,,,,,97.7,97.7,,,5 or more visits. Directorate of Health [Iceland]; 2017.,2025-09-26T14:12:09Z,2016,2016-01-01,2016-12-31
9617495,WHS4_154,COUNTRY,AFG,EMR,Eastern Mediterranean,YEAR,2017,,,,,,,,,16.3,16.3,,,Central Statistics Organization (CSO) [Afghanistan]; 2018.,2025-09-26T14:12:09Z,2011-2017,2011-01-01,2017-12-31
9619002,WHS4_154,COUNTRY,ARG,AMR,Americas,YEAR,2022,,,,,,,,,75.3,75.3,,,PLISA Health Information Platform; 2025.,2025-09-26T14:12:09Z,2022,2022-01-01,2022-12-31
9626287,WHS4_154,COUNTRY,CRI,AMR,Americas,YEAR,2021,,,,,,,,,94.6,94.6,,,WHO/PAHO; 2022.,2025-09-26T14:12:09Z,2021,2021-01-01,2021-12-31
9631487,WHS4_154,COUNTRY,RWA,AFR,Africa,YEAR,2015,,,,,,,,,43.9,43.9,,,DHS 2014-2015.,2025-09-26T14:12:09Z,2010-2015,2010-01-01,2015-12-31
9632753,WHS4_154,COUNTRY,SRB,EUR,Europe,YEAR,2010,,,,,,,,,94.2,94.2,,,MICS 2010.,2025-09-26T14:12:09Z,2008-2010,2008-01-01,2010-12-31
9643390,WHS4_154,COUNTRY,BGD,SEAR,South-East Asia,YEAR,2007,,,,,,,,,20.6,20.6,,,DHS 2007.,2025-09-26T14:12:09Z,2002-2007,2002-01-01,2007-12-31
9649593,WHS4_154,COUNTRY,THA,SEAR,South-East Asia,YEAR,2012,,,,,,,,,93.4,93.4,,,MICS 2012.,2025-09-26T14:12:09Z,2010-2012,2010-01-01,2012-12-31
9649761,WHS4_154,COUNTRY,TUN,EMR,Eastern Mediterranean,YEAR,1995,,,,,,,,,12.9,12.9,,,"Ministère de la Santé Publique [Ministry of Public Health, Tunisia]; 1996.",2025-09-26T14:12:09Z,1989-1995,1989-01-01,1995-12-31
9653955,WHS4_154,COUNTRY,SLV,AMR,Americas,YEAR,1998,,,,,,,,,58.9,58.9,,,5+ visits. ADS [El Salvador]. FESAL -98; 2000.,2025-09-26T14:12:09Z,1993-1998,1993-01-01,1998-12-31
9654606,WHS4_154,COUNTRY,SWZ,AFR,Africa,YEAR,2007,,,,,,,,,79.3,79.3,,,DHS 2006-2007.,2025-09-26T14:12:09Z,2001-2007,2001-01-01,2007-12-31
9659768,WHS4_154,COUNTRY,KOR,WPR,Western Pacific,YEAR,2018,,,,,,,,,99.8,99.8,,,6 or more visits. Mean number of visits: 13.5 Korea Institute for Health and Social Affairs; 2018.,2025-09-26T14:12:09Z,2018,2018-01-01,2018-12-31
9660650,WHS4_154,COUNTRY,USA,AMR,Americas,YEAR,2003,,,,,,,,,93.6,93.6,,,WHO/PAHO; 2022.,2025-09-26T14:12:09Z,2003,2003-01-01,2003-12-31
9664487,WHS4_154,COUNTRY,PRI,AMR,Americas,YEAR,2017,,,,,,,,,98.4,98.4,,,PLISA Health Information Platform; 2024.,2025-09-26T14:12:09Z,2017,2017-01-01,2017-12-31
9673050,WHS4_154,COUNTRY,ITA,EUR,Europe,YEAR,2019,,,,,,,,,89.4,89.4,,,Certificato di assistenza al parto (CeDAP). Analisi dell’evento nascita - Anno 2019.,2025-09-26T14:12:09Z,2019,2019-01-01,2019-12-31
9675483,WHS4_154,COUNTRY,BOL,AMR,Americas,YEAR,1998,,,,,,,,,48,48,,,DHS 1998.,2025-09-26T14:12:09Z,1995-1998,1995-01-01,1998-12-31
9678576,WHS4_154,COUNTRY,EST,EUR,Europe,YEAR,2017,,,,,,,,,95.6,95.6,,,5+ visits  National Institute for Health Development [Estonia]; 2019.,2025-09-26T14:12:09Z,2017,2017-01-01,2017-12-31
9685326,WHS4_154,COUNTRY,BLZ,AMR,Americas,YEAR,2016,,,,,,,,,92.6,92.6,,,MICS 2015-16.,2025-09-26T14:12:09Z,2013-2016,2013-01-01,2016-12-31
9685366,WHS4_154,COUNTRY,GEO,EUR,Europe,YEAR,2010,,,,,,,,,90.2,90.2,,,RHS 2010.,2025-09-26T14:12:09Z,2005-2010,2005-01-01,2010-12-31
9687420,WHS4_154,COUNTRY,TLS,SEAR,South-East Asia,YEAR,2016,,,,,,,,,76.7,76.7,,,DHS 2016.,2025-09-26T14:12:09Z,2011-2016,2011-01-01,2016-12-31
9690282,WHS4_154,COUNTRY,MLI,AFR,Africa,YEAR,2013,,,,,,,,,41.2,41.2,,,DHS 2012-2013.,2025-09-26T14:12:09Z,2007-2013,2007-01-01,2013-12-31
9695491,WHS4_154,COUNTRY,MEX,AMR,Americas,YEAR,2022,,,,,,,,,89.6,89.6,,,PLISA Health Information Platform; 2024.,2025-09-26T14:12:09Z,2022,2022-01-01,2022-12-31
9695904,WHS4_154,COUNTRY,LSO,AFR,Africa,YEAR,2018,,,,,,,,,76.6,76.6,,,MICS 2018.,2025-09-26T14:12:09Z,2016-2018,2016-01-01,2018-12-31
9699088,WHS4_154,COUNTRY,GIN,AFR,Africa,YEAR,2007,,,,,,,,,50.3,50.3,,,"Ministère de l'Economie des Finances et du Plan, Direction Nationale de la Statistique [Guinée], Fonds des Nations Unies pour l’enfance (UNICEF), PAM; 2008.",2025-09-26T14:12:09Z,2002-2007,2002-01-01,2007-12-31
9706676,WHS4_154,COUNTRY,IND,SEAR,South-East Asia,YEAR,1999,,,,,,,DATASOURCE,DATASOURCE_ANC4IND1999DHS,29.5,29.5,,,DHS 1998-1999.,2025-09-26T14:12:09Z,1995-1999,1995-01-01,1999-12-31
9710621,WHS4_154,COUNTRY,EST,EUR,Europe,YEAR,2012,,,,,,,,,97.4,97.4,,,5+ visits  National Institute for Health Development [Estonia]; 2013.,2025-09-26T14:12:09Z,2012,2012-01-01,2012-12-31
9714704,WHS4_154,COUNTRY,MDG,AFR,Africa,YEAR,2021,,,,,,,,,59.9,59.9,,,DHS 2021.,2025-09-26T14:12:09Z,2016-2021,2016-01-01,2021-12-31
9726657,WHS4_154,COUNTRY,ETH,AFR,Africa,YEAR,2011,,,,,,,,,19.1,19.1,,,DHS 2011.,2025-09-26T14:12:09Z,2005-2011,2005-01-01,2011-12-31
9728163,WHS4_154,COUNTRY,URY,AMR,Americas,YEAR,2020,,,,,,,,,96.6,96.6,,,WHO/PAHO; 2022.,2025-09-26T14:12:09Z,2020,2020-01-01,2020-12-31
9729756,WHS4_154,COUNTRY,KGZ,EUR,Europe,YEAR,2018,,,,,,,,,94.3,94.3,,,MICS 2018.,2025-09-26T14:12:09Z,2016-2018,2016-01-01,2018-12-31
9732433,WHS4_154,COUNTRY,EST,EUR,Europe,YEAR,2009,,,,,,,,,97.2,97.2,,,National Institute for Health Development [Estonia]; 2012.,2025-09-26T14:12:09Z,2009,2009-01-01,2009-12-31
9733070,WHS4_154,COUNTRY,PRK,SEAR,South-East Asia,YEAR,2004,,,,,,,,,94.9,94.9,,,"Central Bureau of Statistics (CBS), Institute of Child Nutrition, UNICEF, WFP; 2005.",2025-09-26T14:12:09Z,2002-2004,2002-01-01,2004-12-31
9734780,WHS4_154,COUNTRY,CIV,AFR,Africa,YEAR,1994,,,,,,,,,28.7,28.7,,,DHS 1994.,2025-09-26T14:12:09Z,1991-1994,1991-01-01,1994-12-31
9750485,WHS4_154,COUNTRY,ALB,EUR,Europe,YEAR,2009,,,,,,,,,66.8,66.8,,,DHS 2008-09.,2025-09-26T14:12:09Z,2003-2009,2003-01-01,2009-12-31
9751920,WHS4_154,COUNTRY,MMR,SEAR,South-East Asia,YEAR,2016,,,,,,,,,58.6,58.6,,,DHS 2015-2016.,2025-09-26T14:12:09Z,2010-2016,2010-01-01,2016-12-31
9753972,WHS4_154,COUNTRY,BRA,AMR,Americas,YEAR,2004,,,,,,,,,86.17689353,86.17689353,,,"Data updated as MOH shared slightly different values during UHC CC 2025. Previously: 86.0 DATASUS, MS/SVS/DASIS [Brazil]. Período: 2004; 2014.",2025-09-26T14:12:09Z,2004,2004-01-01,2004-12-31
9756669,WHS4_154,COUNTRY,AUS,WPR,Western Pacific,YEAR,2008,,,,,,,,,92,92,,,"Data only includes information from Queensland, South Australia and the Northern Territory. 5 or more visits. Laws PJ, Li Z, Sullivan EA. Australian Institute of Health and Welfare (AIHW); 2010.",2025-09-26T14:12:09Z,2008,2008-01-01,2008-12-31
9756764,WHS4_154,COUNTRY,NGA,AFR,Africa,YEAR,2008,,,,,,,,,44.8,44.8,,,DHS 2008.,2025-09-26T14:12:09Z,2003-2008,2003-01-01,2008-12-31
9758474,WHS4_154,COUNTRY,ECU,AMR,Americas,YEAR,2018,,,,,,,,,83.3,83.3,,,5 or more visits. ENSANUT 2018.,2025-09-26T14:12:09Z,2013-2018,2013-01-01,2018-12-31
9772502,WHS4_154,COUNTRY,BRA,AMR,Americas,YEAR,2014,,,,,,,,,90.08576776,90.08576776,,,"Data updated as MOH shared slightly different values during UHC CC 2025. Previously: 90.0 DATASUS, MS/SVS/DASIS [Brazil]. Período: 2014; 2016.",2025-09-26T14:12:09Z,2014,2014-01-01,2014-12-31
9773822,WHS4_154,COUNTRY,EST,EUR,Europe,YEAR,2021,,,,,,,,,96.7,96.7,,,5+ visits  Estonian Medical Birth Registry (EMBR) 2023,2025-09-26T14:12:09Z,2021,2021-01-01,2021-12-31
9774987,WHS4_154,COUNTRY,MMR,SEAR,South-East Asia,YEAR,2007,,,,,,,,,73.4,73.4,,,"3 or more visits. Mean number of visits: 5.2 Ministry of Immigration and Population [Myanmar], UNFPA; 2009.",2025-09-26T14:12:09Z,2002-2007,2002-01-01,2007-12-31
